// Auto-generated by gen_assets.py — do not edit (masters live in assets_src/images/)
// master: imgRpmFlash3.png  sha256:ecaaffd9c7311a0a  template:v3  target render res: 240
#if defined(__has_include)
#if __has_include("sdkconfig.h")
#include "sdkconfig.h"
#endif
#endif
#ifndef CONFIG_OBD_UI_RENDER_RES
#define CONFIG_OBD_UI_RENDER_RES 360   /* simulator / unit tests */
#endif
#if CONFIG_OBD_UI_RENDER_RES == 240

#ifdef __has_include
    #if __has_include("lvgl.h")
        #ifndef LV_LVGL_H_INCLUDE_SIMPLE
            #define LV_LVGL_H_INCLUDE_SIMPLE
        #endif
    #endif
#endif

#if defined(LV_LVGL_H_INCLUDE_SIMPLE)
#include "lvgl.h"
#else
#include "lvgl/lvgl.h"
#endif

const LV_ATTRIBUTE_MEM_ALIGN LV_ATTRIBUTE_LARGE_CONST uint8_t imgRpmFlash3_data[] = {
  0xBE, 0x18, 0xBE, 0x18, 0xBE, 0x18, 0xBE, 0x18, 0xBE, 0x18, 0xBE, 0x18, 0xBE, 0x18, 0xBE, 0x18,
  0xAE, 0x18, 0xB6, 0x18, 0xBE, 0x17, 0xBE, 0x17, 0xBE, 0x17, 0xB6, 0x17, 0xB6, 0x17, 0xB6, 0x16,
  0xB5, 0xF6, 0xB5, 0xF7, 0xB5, 0xF7, 0xB5, 0xF7, 0xB6, 0x17, 0xB6, 0x17, 0xB5, 0xF7, 0xB5, 0xF7,
  0xB5, 0xF7, 0xB5, 0xF7, 0xB5, 0xF7, 0xB5, 0xF7, 0xB5, 0xF7, 0xB5, 0xF7, 0xB5, 0xF7, 0xB5, 0xF7,
  0xB5, 0xF7, 0xB5, 0xF7, 0xB5, 0xF7, 0xB5, 0xF7, 0xB5, 0xF7, 0xB5, 0xF7, 0xAD, 0xD7, 0xAD, 0xD7,
  0xAD, 0xD6, 0xB5, 0xD5, 0xAD, 0xD5, 0xA5, 0xD5, 0xA5, 0xD6, 0xAD, 0xD6, 0xAD, 0xF7, 0xAD, 0xF7,
  0xB5, 0xF7, 0xB5, 0xF7, 0xB5, 0xF7, 0xB5, 0xF7, 0xB5, 0xF7, 0xB5, 0xF7, 0xB5, 0xF7, 0xB5, 0xF7,
  0xB5, 0xF7, 0xB5, 0xF7, 0xB5, 0xF7, 0xB5, 0xF7, 0xB6, 0x17, 0xB6, 0x17, 0xB6, 0x17, 0xB6, 0x17,
  0xB6, 0x17, 0xB6, 0x17, 0xB5, 0xF7, 0xB5, 0xF7, 0xB5, 0xF7, 0xB5, 0xF7, 0xB5, 0xF7, 0xB5, 0xF7,
  0xB5, 0xF7, 0xB5, 0xF7, 0xB5, 0xF7, 0xB5, 0xF7, 0xB5, 0xF7, 0xB5, 0xF7, 0xB5, 0xF7, 0xB5, 0xF7,
  0xB5, 0xF7, 0xB5, 0xF7, 0xAD, 0xF6, 0xAD, 0xF5, 0xAD, 0xD6, 0xAD, 0xD6, 0xAD, 0xD6, 0xAD, 0xD6,
  0xAD, 0xD6, 0xAD, 0xD6, 0xAD, 0xD6, 0xAD, 0xD6, 0xAD, 0xD6, 0xAD, 0xD6, 0xAD, 0xF6, 0xA5, 0xF5,
  0xAD, 0xF7, 0xAD, 0xF7, 0xB5, 0xF7, 0xB5, 0xF7, 0xB6, 0x17, 0xB6, 0x17, 0xB6, 0x17, 0xB6, 0x16,
  0xAE, 0x37, 0xB6, 0x38, 0xBE, 0x38, 0xBE, 0x38, 0xBE, 0x38, 0xBE, 0x38, 0xB6, 0x58, 0xBE, 0x58,
  0xBE, 0x59, 0xC6, 0x59, 0xC6, 0x79, 0xC6, 0x79, 0xC6, 0x79, 0xC6, 0x79, 0xC6, 0x79, 0xC6, 0x79,
  0xC6, 0x78, 0xC6, 0x79, 0xC6, 0x99, 0xC6, 0x99, 0xC6, 0x9A, 0xBE, 0x9A, 0xC6, 0x9A, 0xCE, 0xBA,
  0xC6, 0x9A, 0xC6, 0x9A, 0xC6, 0x9A, 0xBE, 0x59, 0xBE, 0x5A, 0xBE, 0x39, 0xB6, 0x39, 0xBE, 0x7A,
  0xC6, 0x7A, 0xBE, 0x7A, 0xC6, 0x7A, 0xCE, 0xBB, 0xCE, 0xBB, 0xCE, 0xBB, 0xCE, 0x9B, 0xCE, 0x9A,
  0xCE, 0x9A, 0xCE, 0x9A, 0xC6, 0x9A, 0xC6, 0x9A, 0xC6, 0x79, 0xC6, 0x78, 0xC6, 0x79, 0xC6, 0x79,
  0xC6, 0x79, 0xC6, 0x79, 0xC6, 0x79, 0xC6, 0x79, 0xC6, 0x59, 0xC6, 0x59, 0xC6, 0x59, 0xC6, 0x59,
  0xC6, 0x59, 0xC6, 0x59, 0xC6, 0x59, 0xC6, 0x59, 0xC6, 0x59, 0xC6, 0x58, 0xC6, 0x58, 0xC6, 0x58,
  0xC6, 0x57, 0xC6, 0x57, 0xC6, 0x57, 0xC6, 0x58, 0xC6, 0x58, 0xC6, 0x58, 0xC6, 0x58, 0xC6, 0x58,
  0xC6, 0x59, 0xC6, 0x59, 0xC6, 0x59, 0xC6, 0x59, 0xC6, 0x59, 0xC6, 0x59, 0xC6, 0x59, 0xC6, 0x59,
  0xC6, 0x59, 0xC6, 0x59, 0xC6, 0x59, 0xC6, 0x59, 0xC6, 0x59, 0xC6, 0x79, 0xC6, 0x79, 0xC6, 0x79,
  0xC6, 0x79, 0xC6, 0x79, 0xC6, 0x79, 0xC6, 0x79, 0xC6, 0x79, 0xC6, 0x79, 0xC6, 0x79, 0xC6, 0x79,
  0xC6, 0x99, 0xC6, 0x99, 0xC6, 0x99, 0xBE, 0x99, 0xC6, 0x99, 0xCE, 0x99, 0xCE, 0x98, 0xCE, 0x99,
  0xCE, 0x9A, 0xCE, 0x9A, 0xCE, 0x9A, 0xCE, 0x9A, 0xCE, 0xBA, 0xCE, 0xBA, 0xCE, 0xBA, 0xCE, 0xBA,
  0xCE, 0xB9, 0xCE, 0xDA, 0xCE, 0xDB, 0xC6, 0xDB, 0xD6, 0xDB, 0xD6, 0xDB, 0xD6, 0xFB, 0xD6, 0xFB,
  0xD6, 0xFB, 0xD6, 0xFB, 0xD6, 0xFA, 0xD6, 0xFB, 0xDF, 0x1C, 0xDF, 0x1C, 0xDF, 0x3C, 0xDF, 0x3C,
  0xE7, 0x3B, 0xE7, 0x3C, 0xE7, 0x5D, 0xE7, 0x5D, 0xE7, 0x5D, 0xE7, 0x7D, 0xDF, 0x7D, 0xE7, 0x7D,
  0xBE, 0x38, 0xBE, 0x38, 0xBE, 0x38, 0xBE, 0x38, 0xB6, 0x38, 0xBE, 0x38, 0xBE, 0x38, 0xBE, 0x38,
  0xB6, 0x18, 0xB6, 0x18, 0xBE, 0x18, 0xBE, 0x18, 0xBE, 0x18, 0xBE, 0x18, 0xB6, 0x17, 0xAE, 0x17,
  0xAE, 0x17, 0xAE, 0x17, 0xB6, 0x16, 0xB6, 0x16, 0xB6, 0x17, 0xB6, 0x17, 0xB6, 0x16, 0xB6, 0x16,
  0xB6, 0x17, 0xB6, 0x17, 0xB5, 0xF7, 0xB5, 0xF7, 0xB5, 0xF7, 0xB5, 0xF7, 0xB5, 0xF7, 0xB5, 0xF7,
  0xB5, 0xF7, 0xB5, 0xF7, 0xB5, 0xF7, 0xB5, 0xF7, 0xB5, 0xF7, 0xB5, 0xD7, 0xB5, 0xD7, 0xB5, 0xD7,
  0xAD, 0xD6, 0xAD, 0xD6, 0xAD, 0xD6, 0xA5, 0xD6, 0xAD, 0xD6, 0xAD, 0xD7, 0xAD, 0xF7, 0xB5, 0xF7,
  0xB5, 0xF7, 0xB5, 0xF7, 0xB5, 0xF7, 0xB5, 0xF7, 0xB5, 0xF7, 0xB5, 0xF7, 0xB5, 0xF7, 0xB5, 0xF7,
  0xB5, 0xF7, 0xB5, 0xF7, 0xB5, 0xF7, 0xB6, 0x17, 0xB6, 0x17, 0xB6, 0x17, 0xB6, 0x17, 0xB6, 0x17,
  0xB6, 0x17, 0xB6, 0x17, 0xB6, 0x17, 0xB6, 0x17, 0xB6, 0x17, 0xB6, 0x17, 0xB6, 0x17, 0xAD, 0xF7,
  0xAD, 0xF7, 0xB5, 0xF7, 0xB5, 0xF7, 0xB5, 0xF7, 0xB5, 0xF7, 0xB5, 0xF7, 0xB5, 0xF7, 0xB5, 0xF7,
  0xB5, 0xF7, 0xB5, 0xF7, 0xAD, 0xF7, 0xAD, 0xF6, 0xAD, 0xD5, 0xAD, 0xD6, 0xAD, 0xD6, 0xAD, 0xD6,
  0xAD, 0xD6, 0xAD, 0xD6, 0xAD, 0xD6, 0xAD, 0xD6, 0xAD, 0xD6, 0xAD, 0xD5, 0xA5, 0xF6, 0xAD, 0xF6,
  0xAD, 0xF7, 0xB5, 0xF7, 0xB6, 0x17, 0xB6, 0x17, 0xB6, 0x16, 0xB6, 0x16, 0xAE, 0x17, 0xB6, 0x37,
  0xB6, 0x37, 0xB6, 0x38, 0xBE, 0x38, 0xBE, 0x38, 0xBE, 0x38, 0xB6, 0x37, 0xBE, 0x58, 0xC6, 0x59,
  0xC6, 0x79, 0xC6, 0x79, 0xC6, 0x79, 0xC6, 0x79, 0xC6, 0x79, 0xC6, 0x79, 0xC6, 0x79, 0xC6, 0x78,
  0xC6, 0x79, 0xC6, 0x9A, 0xC6, 0x9A, 0xC6, 0x9A, 0xC6, 0x9A, 0xC6, 0x9A, 0xCE, 0xBA, 0xCE, 0xBA,
  0xCE, 0xBA, 0xCE, 0x9A, 0xC6, 0x9A, 0xBE, 0x59, 0xBE, 0x5A, 0xBE, 0x39, 0xB6, 0x3A, 0xBE, 0x7A,
  0xC6, 0x7B, 0xBE, 0x7A, 0xC6, 0x7A, 0xCE, 0xBB, 0xCE, 0xBB, 0xCE, 0xBB, 0xCE, 0x9A, 0xCE, 0x9A,
  0xCE, 0x9A, 0xCE, 0x9A, 0xCE, 0x9A, 0xCE, 0x9A, 0xC6, 0x79, 0xC6, 0x78, 0xC6, 0x79, 0xC6, 0x79,
  0xC6, 0x79, 0xC6, 0x79, 0xC6, 0x79, 0xC6, 0x79, 0xC6, 0x59, 0xC6, 0x59, 0xC6, 0x59, 0xC6, 0x59,
  0xC6, 0x59, 0xC6, 0x59, 0xC6, 0x59, 0xC6, 0x59, 0xC6, 0x59, 0xC6, 0x59, 0xC6, 0x59, 0xC6, 0x59,
  0xC6, 0x58, 0xC6, 0x58, 0xC6, 0x58, 0xC6, 0x58, 0xC6, 0x59, 0xC6, 0x59, 0xC6, 0x59, 0xC6, 0x59,
  0xC6, 0x59, 0xC6, 0x59, 0xC6, 0x59, 0xC6, 0x59, 0xC6, 0x59, 0xC6, 0x59, 0xC6, 0x59, 0xC6, 0x59,
  0xC6, 0x59, 0xC6, 0x59, 0xC6, 0x59, 0xC6, 0x59, 0xC6, 0x79, 0xC6, 0x79, 0xC6, 0x79, 0xC6, 0x79,
  0xC6, 0x79, 0xC6, 0x79, 0xC6, 0x79, 0xC6, 0x79, 0xC6, 0x79, 0xC6, 0x79, 0xC6, 0x79, 0xC6, 0x79,
  0xC6, 0x99, 0xC6, 0x99, 0xC6, 0x99, 0xC6, 0x99, 0xCE, 0x99, 0xCE, 0x99, 0xCE, 0x98, 0xCE, 0x99,
  0xCE, 0x9A, 0xCE, 0x9A, 0xCE, 0x9A, 0xCE, 0xBA, 0xCE, 0xBA, 0xCE, 0xBA, 0xCE, 0xBA, 0xCE, 0xBA,
  0xCE, 0xB9, 0xC6, 0xDA, 0xCE, 0xDB, 0xCE, 0xDB, 0xD6, 0xDB, 0xD6, 0xDB, 0xD6, 0xDB, 0xD6, 0xFB,
  0xD6, 0xFB, 0xD6, 0xFB, 0xD6, 0xFA, 0xD6, 0xFB, 0xDF, 0x1C, 0xDF, 0x1C, 0xDF, 0x3C, 0xDF, 0x3C,
  0xE7, 0x3C, 0xE7, 0x3C, 0xE7, 0x5D, 0xE7, 0x5D, 0xE7, 0x5D, 0xE7, 0x7D, 0xE7, 0x7D, 0xE7, 0x7D,
  0xB6, 0x37, 0xB6, 0x37, 0xB6, 0x38, 0xB6, 0x38, 0xBE, 0x58, 0xBE, 0x38, 0xB6, 0x38, 0xB6, 0x38,
  0xBE, 0x38, 0xB6, 0x38, 0xB6, 0x38, 0xBE, 0x38, 0xBE, 0x38, 0xBE, 0x38, 0xBE, 0x38, 0xBE, 0x38,
  0xB6, 0x18, 0xB6, 0x18, 0xB6, 0x17, 0xAE, 0x17, 0xAE, 0x18, 0xAE, 0x18, 0xAE, 0x17, 0xAE, 0x17,
  0xAE, 0x17, 0xAE, 0x16, 0xB6, 0x16, 0xB6, 0x16, 0xB6, 0x17, 0xB6, 0x17, 0xB6, 0x17, 0xB5, 0xF7,
  0xB5, 0xF7, 0xB5, 0xF7, 0xB5, 0xF7, 0xB5, 0xF7, 0xB5, 0xF7, 0xB5, 0xF7, 0xB5, 0xF7, 0xAD, 0xD7,
  0xAD, 0xD7, 0xA5, 0xD7, 0xA5, 0xD7, 0xA5, 0xD7, 0xAD, 0xD7, 0xB5, 0xF7, 0xAD, 0xF7, 0xB5, 0xF7,
  0xB5, 0xF7, 0xB5, 0xF7, 0xB5, 0xF7, 0xB5, 0xF7, 0xB5, 0xF7, 0xB5, 0xF7, 0xB5, 0xF7, 0xB5, 0xF7,
  0xB5, 0xF7, 0xB6, 0x17, 0xB6, 0x17, 0xB6, 0x17, 0xB6, 0x17, 0xB6, 0x17, 0xB6, 0x17, 0xB6, 0x17,
  0xB6, 0x17, 0xB6, 0x17, 0xB6, 0x17, 0xB6, 0x17, 0xB6, 0x17, 0xB6, 0x17, 0xB6, 0x17, 0xAD, 0xF7,
  0xA5, 0xF7, 0xAD, 0xF7, 0xB5, 0xF7, 0xB5, 0xF7, 0xB5, 0xF7, 0xB5, 0xF7, 0xB5, 0xF7, 0xB5, 0xF7,
  0xB5, 0xF7, 0xB5, 0xF7, 0xAD, 0xF7, 0xAD, 0xF6, 0xAD, 0xF5, 0xAD, 0xD6, 0xAD, 0xD6, 0xAD, 0xD6,
  0xAD, 0xD6, 0xAD, 0xD6, 0xAD, 0xD6, 0xAD, 0xD6, 0xAD, 0xD6, 0xAD, 0xF5, 0xA5, 0xF7, 0xAD, 0xF7,
  0xB5, 0xF7, 0xB6, 0x17, 0xB6, 0x17, 0xB6, 0x17, 0xAE, 0x37, 0xB6, 0x37, 0xB6, 0x37, 0xB6, 0x38,
  0xBE, 0x38, 0xBE, 0x38, 0xBE, 0x38, 0xBE, 0x37, 0xB6, 0x58, 0xBE, 0x58, 0xC6, 0x59, 0xC6, 0x79,
  0xC6, 0x79, 0xC6, 0x79, 0xC6, 0x79, 0xC6, 0x79, 0xC6, 0x79, 0xC6, 0x99, 0xC6, 0x99, 0xC6, 0x98,
  0xC6, 0x99, 0xC6, 0x9A, 0xC6, 0x9A, 0xC6, 0x9A, 0xC6, 0x9A, 0xCE, 0xBA, 0xCE, 0xBA, 0xCE, 0xBA,
  0xCE, 0xB9, 0xCE, 0xBA, 0xC6, 0x9A, 0xBE, 0x59, 0xBE, 0x3A, 0xBE, 0x3A, 0xB6, 0x39, 0xBE, 0x7A,
  0xC6, 0x7B, 0xBE, 0x7B, 0xC6, 0x7A, 0xCE, 0xBB, 0xCE, 0xBB, 0xCE, 0xBB, 0xCE, 0x9B, 0xCE, 0x9B,
  0xCE, 0x9A, 0xCE, 0x9A, 0xCE, 0x9A, 0xC6, 0x9A, 0xBE, 0x9A, 0xC6, 0x79, 0xC6, 0x78, 0xC6, 0x79,
  0xC6, 0x79, 0xC6, 0x79, 0xC6, 0x79, 0xC6, 0x79, 0xC6, 0x59, 0xC6, 0x59, 0xC6, 0x59, 0xC6, 0x59,
  0xC6, 0x59, 0xC6, 0x59, 0xC6, 0x59, 0xC6, 0x59, 0xC6, 0x59, 0xC6, 0x59, 0xC6, 0x59, 0xC6, 0x59,
  0xC6, 0x59, 0xC6, 0x59, 0xC6, 0x59, 0xC6, 0x59, 0xC6, 0x59, 0xC6, 0x59, 0xC6, 0x59, 0xC6, 0x59,
  0xC6, 0x59, 0xC6, 0x59, 0xC6, 0x59, 0xC6, 0x59, 0xC6, 0x59, 0xC6, 0x59, 0xC6, 0x59, 0xC6, 0x59,
  0xC6, 0x59, 0xC6, 0x59, 0xC6, 0x59, 0xC6, 0x79, 0xC6, 0x79, 0xC6, 0x79, 0xC6, 0x79, 0xC6, 0x79,
  0xC6, 0x79, 0xC6, 0x79, 0xC6, 0x79, 0xC6, 0x79, 0xC6, 0x79, 0xC6, 0x79, 0xC6, 0x79, 0xC6, 0x99,
  0xC6, 0x99, 0xC6, 0x99, 0xBE, 0x99, 0xC6, 0x99, 0xCE, 0x99, 0xCE, 0x99, 0xCE, 0x99, 0xCE, 0x99,
  0xCE, 0x9A, 0xCE, 0x9A, 0xCE, 0x9A, 0xCE, 0x9A, 0xCE, 0xBA, 0xCE, 0xBA, 0xCE, 0xBA, 0xCE, 0xB9,
  0xCE, 0xDA, 0xC6, 0xDB, 0xCE, 0xDB, 0xD6, 0xDB, 0xD6, 0xDB, 0xD6, 0xDB, 0xD6, 0xDB, 0xD6, 0xFB,
  0xD6, 0xFB, 0xD6, 0xFB, 0xD6, 0xFA, 0xD6, 0xFB, 0xDF, 0x1C, 0xDF, 0x1C, 0xDF, 0x3C, 0xDF, 0x3C,
  0xE7, 0x3C, 0xE7, 0x3C, 0xE7, 0x5D, 0xE7, 0x5D, 0xE7, 0x5D, 0xE7, 0x5D, 0xE7, 0x7D, 0xE7, 0x7D,
  0xBE, 0x58, 0xBE, 0x58, 0xBE, 0x58, 0xBE, 0x57, 0xC6, 0x58, 0xBE, 0x57, 0xBE, 0x58, 0xBE, 0x58,
  0xBE, 0x58, 0xBE, 0x58, 0xBE, 0x38, 0xBE, 0x57, 0xB6, 0x38, 0xB6, 0x38, 0xBE, 0x38, 0xBE, 0x38,
  0xBE, 0x38, 0xBE, 0x38, 0xB6, 0x38, 0xB6, 0x18, 0xB6, 0x18, 0xB6, 0x18, 0xB6, 0x18, 0xB6, 0x18,
  0xB6, 0x17, 0xB6, 0x17, 0xB6, 0x17, 0xB6, 0x17, 0xAE, 0x17, 0xAE, 0x16, 0xAE, 0x16, 0xAD, 0xF7,
  0xB5, 0xF7, 0xB5, 0xF7, 0xB5, 0xF7, 0xB5, 0xF7, 0xB5, 0xF7, 0xB5, 0xF7, 0xB5, 0xF7, 0xB5, 0xF7,
  0xAD, 0xD7, 0xAD, 0xD7, 0xAD, 0xD7, 0xAD, 0xD7, 0xB5, 0xF7, 0xB5, 0xF7, 0xB5, 0xF7, 0xB5, 0xF7,
  0xB5, 0xF7, 0xB5, 0xF7, 0xB5, 0xF7, 0xB5, 0xF7, 0xB5, 0xF7, 0xB5, 0xF7, 0xB6, 0x17, 0xB6, 0x17,
  0xB6, 0x17, 0xB6, 0x17, 0xB6, 0x17, 0xB6, 0x17, 0xB6, 0x17, 0xB6, 0x17, 0xB6, 0x17, 0xB6, 0x17,
  0xB6, 0x17, 0xB6, 0x17, 0xB6, 0x17, 0xB6, 0x17, 0xB6, 0x17, 0xB6, 0x17, 0xAE, 0x17, 0xAD, 0xF7,
  0xA5, 0xF7, 0xAD, 0xF7, 0xB5, 0xF7, 0xB5, 0xF7, 0xB5, 0xF7, 0xB5, 0xF7, 0xB5, 0xF7, 0xB5, 0xF7,
  0xB5, 0xF7, 0xB5, 0xF7, 0xAD, 0xF7, 0xAD, 0xF6, 0xAD, 0xF6, 0xAD, 0xD6, 0xAD, 0xD6, 0xAD, 0xD6,
  0xAD, 0xD6, 0xAD, 0xD6, 0xAD, 0xD6, 0xAD, 0xD6, 0xAD, 0xD5, 0xAD, 0xF6, 0xAD, 0xF7, 0xAD, 0xF7,
  0xB6, 0x17, 0xB6, 0x17, 0xB6, 0x16, 0xB6, 0x37, 0xB6, 0x38, 0xB6, 0x38, 0xBE, 0x38, 0xBE, 0x38,
  0xBE, 0x38, 0xBE, 0x58, 0xBE, 0x37, 0xB6, 0x58, 0xBE, 0x58, 0xC6, 0x79, 0xC6, 0x79, 0xC6, 0x79,
  0xC6, 0x79, 0xC6, 0x79, 0xBE, 0x79, 0xC6, 0x99, 0xC6, 0x99, 0xC6, 0x99, 0xC6, 0x99, 0xC6, 0x99,
  0xC6, 0x99, 0xBE, 0x9A, 0xC6, 0x9A, 0xCE, 0xBA, 0xCE, 0xBA, 0xCE, 0xBA, 0xCE, 0xBA, 0xCE, 0xBA,
  0xCE, 0xBA, 0xCE, 0xBB, 0xCE, 0x9A, 0xBE, 0x59, 0xB6, 0x3A, 0xBE, 0x3A, 0xB6, 0x39, 0xBE, 0x7A,
  0xC6, 0x7B, 0xBE, 0x7B, 0xC6, 0x7A, 0xCE, 0xBB, 0xCE, 0xBB, 0xC6, 0xBB, 0xCE, 0xBA, 0xCE, 0x9A,
  0xCE, 0x9A, 0xCE, 0x9A, 0xCE, 0x9A, 0xCE, 0x9A, 0xC6, 0x9A, 0xC6, 0x79, 0xC6, 0x79, 0xC6, 0x79,
  0xC6, 0x79, 0xC6, 0x79, 0xC6, 0x79, 0xC6, 0x79, 0xC6, 0x79, 0xC6, 0x59, 0xC6, 0x59, 0xC6, 0x59,
  0xC6, 0x59, 0xC6, 0x59, 0xC6, 0x59, 0xC6, 0x59, 0xC6, 0x59, 0xC6, 0x59, 0xC6, 0x59, 0xC6, 0x59,
  0xC6, 0x59, 0xC6, 0x59, 0xC6, 0x59, 0xC6, 0x59, 0xC6, 0x59, 0xC6, 0x59, 0xC6, 0x59, 0xC6, 0x59,
  0xC6, 0x59, 0xC6, 0x59, 0xC6, 0x59, 0xC6, 0x59, 0xC6, 0x59, 0xC6, 0x59, 0xC6, 0x59, 0xC6, 0x59,
  0xC6, 0x59, 0xC6, 0x59, 0xC6, 0x79, 0xC6, 0x79, 0xC6, 0x79, 0xC6, 0x79, 0xC6, 0x79, 0xC6, 0x79,
  0xC6, 0x79, 0xC6, 0x79, 0xC6, 0x79, 0xC6, 0x79, 0xC6, 0x79, 0xC6, 0x79, 0xC6, 0x79, 0xC6, 0x99,
  0xC6, 0x99, 0xBE, 0x99, 0xC6, 0x99, 0xCE, 0x99, 0xCE, 0x99, 0xCE, 0x98, 0xCE, 0x99, 0xCE, 0x9A,
  0xCE, 0x9A, 0xCE, 0x9A, 0xCE, 0xBA, 0xCE, 0xBA, 0xCE, 0xBA, 0xCE, 0xBA, 0xCE, 0xBA, 0xCE, 0xB9,
  0xCE, 0xDA, 0xC6, 0xDB, 0xCE, 0xDB, 0xD6, 0xDB, 0xD6, 0xDB, 0xD6, 0xDB, 0xD6, 0xDB, 0xD6, 0xFB,
  0xD6, 0xFB, 0xD6, 0xFB, 0xD6, 0xFA, 0xD6, 0xFB, 0xDF, 0x1C, 0xDF, 0x1C, 0xDF, 0x1C, 0xD7, 0x1C,
  0xDF, 0x3C, 0xE7, 0x3C, 0xE7, 0x3C, 0xE7, 0x3C, 0xE7, 0x5D, 0xE7, 0x5D, 0xE7, 0x5D, 0xE7, 0x7D,
  0xC6, 0x59, 0xC6, 0x59, 0xC6, 0x59, 0xC6, 0x58, 0xC6, 0x58, 0xC6, 0x58, 0xC6, 0x58, 0xC6, 0x59,
  0xC6, 0x59, 0xC6, 0x59, 0xC6, 0x58, 0xC6, 0x58, 0xBE, 0x58, 0xBE, 0x57, 0xBE, 0x38, 0xB6, 0x38,
  0xBE, 0x38, 0xBE, 0x38, 0xBE, 0x38, 0xBE, 0x38, 0xBE, 0x38, 0xBE, 0x38, 0xBE, 0x38, 0xBE, 0x38,
  0xBE, 0x37, 0xBE, 0x38, 0xBE, 0x38, 0xB6, 0x18, 0xB6, 0x18, 0xB6, 0x17, 0xB6, 0x17, 0xB6, 0x17,
  0xB6, 0x16, 0xB5, 0xF7, 0xB5, 0xF7, 0xB5, 0xF7, 0xB5, 0xF7, 0xB5, 0xF7, 0xB5, 0xF7, 0xB5, 0xF7,
  0xB5, 0xF7, 0xB5, 0xF7, 0xB5, 0xF7, 0xB5, 0xF7, 0xB5, 0xF7, 0xB5, 0xF7, 0xB5, 0xF7, 0xB5, 0xD7,
  0xB5, 0xF7, 0xB5, 0xF7, 0xB5, 0xF7, 0xB5, 0xF7, 0xB5, 0xF7, 0xB5, 0xF7, 0xB6, 0x17, 0xB6, 0x17,
  0xB6, 0x17, 0xB6, 0x17, 0xB6, 0x17, 0xB6, 0x17, 0xB6, 0x17, 0xB6, 0x17, 0xB6, 0x17, 0xB6, 0x17,
  0xB6, 0x17, 0xB6, 0x17, 0xB6, 0x17, 0xB6, 0x17, 0xB6, 0x17, 0xB6, 0x17, 0xA6, 0x17, 0xA5, 0xF7,
  0xA5, 0xF7, 0xAD, 0xF7, 0xB5, 0xF7, 0xB5, 0xF7, 0xB5, 0xF7, 0xB5, 0xF7, 0xB5, 0xF7, 0xB5, 0xF7,
  0xB5, 0xF7, 0xB5, 0xF7, 0xAD, 0xF7, 0xAD, 0xF7, 0xAD, 0xF7, 0xAD, 0xF6, 0xAD, 0xF5, 0xAD, 0xF6,
  0xAD, 0xD6, 0xAD, 0xD6, 0xAD, 0xD5, 0xAD, 0xD5, 0xA5, 0xF6, 0xAD, 0xF7, 0xB5, 0xF7, 0xB6, 0x17,
  0xB6, 0x16, 0xAE, 0x17, 0xB6, 0x37, 0xBE, 0x38, 0xBE, 0x38, 0xBE, 0x38, 0xBE, 0x58, 0xBE, 0x58,
  0xBE, 0x58, 0xBE, 0x58, 0xBE, 0x58, 0xBE, 0x59, 0xC6, 0x79, 0xC6, 0x79, 0xBE, 0x79, 0xC6, 0x79,
  0xBE, 0x99, 0xC6, 0x99, 0xC6, 0x99, 0xC6, 0x98, 0xC6, 0x98, 0xBE, 0x99, 0xC6, 0x99, 0xC6, 0x99,
  0xC6, 0x9A, 0xC6, 0x9A, 0xCE, 0xBA, 0xCE, 0xBA, 0xCE, 0xB9, 0xCE, 0xBA, 0xCE, 0xBB, 0xCE, 0xBB,
  0xCE, 0xBB, 0xCE, 0xBB, 0xCE, 0x9A, 0xBE, 0x5A, 0xB6, 0x3A, 0xBE, 0x3A, 0xB6, 0x3A, 0xBE, 0x5A,
  0xC6, 0x7B, 0xBE, 0x7B, 0xC6, 0x7A, 0xCE, 0xBB, 0xCE, 0xBB, 0xC6, 0xBB, 0xCE, 0xBB, 0xCE, 0xBB,
  0xCE, 0x9A, 0xCE, 0x9A, 0xCE, 0x9A, 0xCE, 0x9A, 0xC6, 0x9A, 0xC6, 0x9A, 0xC6, 0x79, 0xC6, 0x79,
  0xC6, 0x79, 0xC6, 0x79, 0xC6, 0x79, 0xC6, 0x79, 0xC6, 0x79, 0xC6, 0x79, 0xC6, 0x59, 0xC6, 0x59,
  0xC6, 0x59, 0xC6, 0x59, 0xC6, 0x59, 0xC6, 0x59, 0xC6, 0x59, 0xC6, 0x59, 0xC6, 0x59, 0xC6, 0x59,
  0xC6, 0x59, 0xC6, 0x59, 0xC6, 0x59, 0xC6, 0x59, 0xC6, 0x59, 0xC6, 0x59, 0xC6, 0x59, 0xC6, 0x59,
  0xC6, 0x59, 0xC6, 0x59, 0xC6, 0x59, 0xC6, 0x59, 0xC6, 0x59, 0xC6, 0x59, 0xC6, 0x59, 0xC6, 0x59,
  0xC6, 0x59, 0xC6, 0x79, 0xC6, 0x79, 0xC6, 0x79, 0xC6, 0x79, 0xC6, 0x79, 0xC6, 0x79, 0xC6, 0x79,
  0xC6, 0x79, 0xC6, 0x79, 0xC6, 0x79, 0xC6, 0x79, 0xC6, 0x79, 0xC6, 0x79, 0xC6, 0x99, 0xC6, 0x99,
  0xBE, 0x99, 0xC6, 0x99, 0xCE, 0x99, 0xCE, 0x99, 0xCE, 0x99, 0xCE, 0x99, 0xCE, 0x9A, 0xCE, 0x9A,
  0xCE, 0x9A, 0xCE, 0x9A, 0xCE, 0xBA, 0xCE, 0xBA, 0xCE, 0xBA, 0xCE, 0xBA, 0xCE, 0xBA, 0xCE, 0xBA,
  0xCE, 0xDB, 0xC6, 0xDB, 0xCE, 0xDB, 0xD6, 0xDB, 0xD6, 0xDB, 0xD6, 0xDB, 0xD6, 0xDB, 0xD6, 0xFB,
  0xD6, 0xFB, 0xD6, 0xFB, 0xD6, 0xFA, 0xCE, 0xFB, 0xD7, 0x1C, 0xDF, 0x1C, 0xDF, 0x1C, 0xD7, 0x1C,
  0xDF, 0x3C, 0xE7, 0x3C, 0xE7, 0x3B, 0xE7, 0x3C, 0xE7, 0x5D, 0xE7, 0x5D, 0xE7, 0x5D, 0xE7, 0x5D,
  0xC6, 0x79, 0xC6, 0x79, 0xC6, 0x79, 0xC6, 0x59, 0xC6, 0x59, 0xC6, 0x59, 0xC6, 0x59, 0xC6, 0x59,
  0xC6, 0x79, 0xC6, 0x79, 0xC6, 0x79, 0xC6, 0x59, 0xC6, 0x58, 0xC6, 0x58, 0xC6, 0x58, 0xBE, 0x58,
  0xBE, 0x37, 0xBE, 0x38, 0xB6, 0x38, 0xBE, 0x38, 0xBE, 0x38, 0xBE, 0x38, 0xBE, 0x38, 0xBE, 0x38,
  0xBE, 0x38, 0xBE, 0x38, 0xBE, 0x38, 0xBE, 0x38, 0xBE, 0x38, 0xBE, 0x38, 0xBE, 0x18, 0xB6, 0x17,
  0xAE, 0x17, 0xB6, 0x17, 0xB6, 0x17, 0xB5, 0xF7, 0xB5, 0xF7, 0xB5, 0xF7, 0xB5, 0xF7, 0xB5, 0xF7,
  0xB5, 0xF7, 0xB5, 0xF7, 0xB5, 0xF7, 0xB5, 0xF7, 0xB5, 0xF7, 0xB5, 0xF7, 0xB5, 0xF7, 0xB5, 0xF6,
  0xB5, 0xF6, 0xB5, 0xF6, 0xB5, 0xF6, 0xB5, 0xF6, 0xB5, 0xF6, 0xB5, 0xF6, 0xB6, 0x17, 0xB6, 0x17,
  0xB6, 0x17, 0xB6, 0x17, 0xB6, 0x17, 0xB6, 0x17, 0xB6, 0x17, 0xB6, 0x17, 0xB6, 0x17, 0xB6, 0x17,
  0xB6, 0x17, 0xB6, 0x17, 0xB6, 0x17, 0xB6, 0x17, 0xB6, 0x17, 0xB6, 0x17, 0xAE, 0x17, 0xAD, 0xF7,
  0xAD, 0xF7, 0xAD, 0xF7, 0xB5, 0xF7, 0xB5, 0xF7, 0xB5, 0xF7, 0xB5, 0xF7, 0xB5, 0xF7, 0xB5, 0xF7,
  0xB5, 0xF7, 0xB5, 0xF7, 0xB5, 0xF7, 0xAD, 0xF7, 0xA5, 0xF7, 0xAD, 0xF6, 0xAD, 0xF6, 0xAD, 0xD6,
  0xAD, 0xD5, 0xAD, 0xD6, 0xAD, 0xD6, 0xA5, 0xF6, 0xAD, 0xF7, 0xB5, 0xF7, 0xB6, 0x17, 0xB6, 0x17,
  0xB6, 0x17, 0xB6, 0x37, 0xB6, 0x38, 0xBE, 0x38, 0xBE, 0x38, 0xBE, 0x58, 0xBE, 0x58, 0xBE, 0x58,
  0xBE, 0x57, 0xBE, 0x58, 0xB6, 0x59, 0xBE, 0x79, 0xC6, 0x79, 0xC6, 0x79, 0xC6, 0x79, 0xC6, 0x99,
  0xC6, 0x99, 0xC6, 0x98, 0xCE, 0x99, 0xCE, 0x99, 0xC6, 0x99, 0xBE, 0x99, 0xC6, 0x99, 0xC6, 0x99,
  0xC6, 0x9A, 0xC6, 0x9A, 0xCE, 0xBA, 0xCE, 0xB9, 0xCE, 0xBA, 0xCE, 0xBB, 0xCE, 0xBB, 0xCE, 0xBB,
  0xCE, 0xBB, 0xCE, 0xBB, 0xCE, 0xBB, 0xBE, 0x7A, 0xB6, 0x39, 0xBE, 0x39, 0xB6, 0x39, 0xBE, 0x5A,
  0xC6, 0x7B, 0xBE, 0x7B, 0xC6, 0x9A, 0xCE, 0xDB, 0xCE, 0xBB, 0xC6, 0x9B, 0xCE, 0xBA, 0xCE, 0xBA,
  0xCE, 0x9A, 0xCE, 0x9A, 0xCE, 0x9A, 0xCE, 0x99, 0xCE, 0x99, 0xC6, 0x9A, 0xBE, 0x9A, 0xC6, 0x79,
  0xC6, 0x78, 0xC6, 0x79, 0xC6, 0x79, 0xC6, 0x79, 0xC6, 0x79, 0xC6, 0x79, 0xC6, 0x79, 0xC6, 0x79,
  0xC6, 0x59, 0xC6, 0x59, 0xC6, 0x59, 0xC6, 0x59, 0xC6, 0x59, 0xC6, 0x59, 0xC6, 0x59, 0xC6, 0x59,
  0xC6, 0x59, 0xC6, 0x59, 0xC6, 0x59, 0xC6, 0x59, 0xC6, 0x59, 0xC6, 0x59, 0xC6, 0x59, 0xC6, 0x59,
  0xC6, 0x59, 0xC6, 0x59, 0xC6, 0x59, 0xC6, 0x59, 0xC6, 0x59, 0xC6, 0x59, 0xC6, 0x59, 0xC6, 0x59,
  0xC6, 0x79, 0xC6, 0x79, 0xC6, 0x79, 0xC6, 0x79, 0xC6, 0x79, 0xC6, 0x79, 0xC6, 0x79, 0xC6, 0x79,
  0xC6, 0x79, 0xC6, 0x79, 0xC6, 0x79, 0xC6, 0x79, 0xC6, 0x79, 0xC6, 0x99, 0xC6, 0x99, 0xBE, 0x99,
  0xC6, 0x99, 0xCE, 0x99, 0xCE, 0x99, 0xCE, 0x99, 0xCE, 0x99, 0xCE, 0x9A, 0xCE, 0x9A, 0xCE, 0x9A,
  0xCE, 0x9A, 0xCE, 0x9A, 0xCE, 0xBA, 0xCE, 0xBA, 0xCE, 0xBA, 0xCE, 0xBA, 0xCE, 0xB9, 0xCE, 0xBA,
  0xCE, 0xDB, 0xC6, 0xDB, 0xCE, 0xDB, 0xD6, 0xDB, 0xD6, 0xDB, 0xD6, 0xDB, 0xD6, 0xDB, 0xD6, 0xFB,
  0xD6, 0xFB, 0xD6, 0xFB, 0xD6, 0xFB, 0xD6, 0xFB, 0xD7, 0x1C, 0xD7, 0x1C, 0xDF, 0x1C, 0xDF, 0x1C,
  0xDF, 0x3C, 0xDF, 0x3C, 0xE7, 0x3C, 0xE7, 0x3C, 0xE7, 0x3C, 0xE7, 0x5D, 0xE7, 0x5D, 0xE7, 0x5D,
  0xC6, 0x79, 0xC6, 0x79, 0xC6, 0x79, 0xC6, 0x79, 0xC6, 0x79, 0xC6, 0x79, 0xC6, 0x79, 0xC6, 0x79,
  0xC6, 0x79, 0xC6, 0x79, 0xC6, 0x79, 0xC6, 0x79, 0xC6, 0x79, 0xC6, 0x59, 0xC6, 0x59, 0xC6, 0x58,
  0xC6, 0x58, 0xBE, 0x58, 0xBE, 0x57, 0xBE, 0x58, 0xB6, 0x38, 0xB6, 0x38, 0xBE, 0x38, 0xBE, 0x38,
  0xBE, 0x38, 0xBE, 0x38, 0xBE, 0x38, 0xBE, 0x38, 0xBE, 0x38, 0xBE, 0x38, 0xBE, 0x38, 0xB6, 0x38,
  0xB6, 0x18, 0xB6, 0x18, 0xAE, 0x17, 0xAE, 0x16, 0xB6, 0x16, 0xB6, 0x16, 0xB5, 0xF7, 0xB5, 0xF7,
  0xB5, 0xF7, 0xB5, 0xF7, 0xB5, 0xF6, 0xB5, 0xF6, 0xB5, 0xF6, 0xB6, 0x16, 0xB6, 0x17, 0xAE, 0x17,
  0xAE, 0x17, 0xAE, 0x17, 0xAE, 0x17, 0xAD, 0xF7, 0xB6, 0x17, 0xB6, 0x17, 0xB6, 0x17, 0xB6, 0x18,
  0xAE, 0x18, 0xAE, 0x38, 0xAE, 0x17, 0xAE, 0x37, 0xB6, 0x37, 0xB6, 0x17, 0xB6, 0x17, 0xB6, 0x17,
  0xB6, 0x17, 0xB6, 0x17, 0xB6, 0x17, 0xB6, 0x17, 0xB6, 0x17, 0xB6, 0x17, 0xB6, 0x17, 0xB6, 0x17,
  0xB6, 0x17, 0xB6, 0x17, 0xB6, 0x17, 0xB6, 0x17, 0xB6, 0x17, 0xB6, 0x17, 0xB5, 0xF7, 0xB5, 0xF7,
  0xB5, 0xF7, 0xB5, 0xF7, 0xB5, 0xF7, 0xB5, 0xF7, 0xAD, 0xF7, 0xA5, 0xF7, 0xAD, 0xF7, 0xAD, 0xD7,
  0xAD, 0xD6, 0xAD, 0xD6, 0xA5, 0xF7, 0xAD, 0xF7, 0xB5, 0xF7, 0xB6, 0x17, 0xB6, 0x16, 0xB6, 0x17,
  0xB6, 0x18, 0xB6, 0x38, 0xBE, 0x38, 0xBE, 0x58, 0xBE, 0x58, 0xBE, 0x58, 0xBE, 0x58, 0xBE, 0x58,
  0xBE, 0x77, 0xBE, 0x78, 0xC6, 0x79, 0xC6, 0x79, 0xC6, 0x79, 0xC6, 0x79, 0xCE, 0x99, 0xCE, 0x99,
  0xCE, 0x99, 0xCE, 0x99, 0xCE, 0x99, 0xC6, 0x9A, 0xC6, 0x9A, 0xC6, 0x99, 0xC6, 0x98, 0xC6, 0x99,
  0xC6, 0x9A, 0xC6, 0x9A, 0xCE, 0xBA, 0xCE, 0xB9, 0xCE, 0xBA, 0xCE, 0xBB, 0xCE, 0xBB, 0xCE, 0xBB,
  0xCE, 0xBB, 0xCE, 0xBA, 0xCE, 0xBB, 0xBE, 0x7A, 0xB6, 0x39, 0xBE, 0x38, 0xB6, 0x39, 0xBE, 0x5A,
  0xC6, 0x7A, 0xBE, 0x7A, 0xC6, 0x9A, 0xCE, 0xDB, 0xCE, 0xBB, 0xC6, 0x9A, 0xCE, 0xB9, 0xCE, 0xB9,
  0xCE, 0x9A, 0xCE, 0x9A, 0xCE, 0x9A, 0xCE, 0x9A, 0xCE, 0x99, 0xC6, 0x9A, 0xBE, 0x9A, 0xC6, 0x9A,
  0xC6, 0x79, 0xC6, 0x79, 0xC6, 0x79, 0xC6, 0x79, 0xC6, 0x79, 0xC6, 0x79, 0xC6, 0x79, 0xC6, 0x79,
  0xC6, 0x59, 0xC6, 0x59, 0xC6, 0x59, 0xC6, 0x59, 0xC6, 0x59, 0xC6, 0x59, 0xC6, 0x59, 0xC6, 0x59,
  0xC6, 0x59, 0xC6, 0x59, 0xC6, 0x59, 0xC6, 0x59, 0xC6, 0x59, 0xC6, 0x59, 0xC6, 0x59, 0xC6, 0x59,
  0xC6, 0x59, 0xC6, 0x59, 0xC6, 0x59, 0xC6, 0x59, 0xC6, 0x59, 0xC6, 0x59, 0xC6, 0x59, 0xC6, 0x59,
  0xC6, 0x79, 0xC6, 0x79, 0xC6, 0x79, 0xC6, 0x79, 0xC6, 0x79, 0xC6, 0x79, 0xC6, 0x79, 0xC6, 0x79,
  0xC6, 0x79, 0xC6, 0x79, 0xC6, 0x79, 0xC6, 0x79, 0xC6, 0x99, 0xC6, 0x99, 0xC6, 0x99, 0xBE, 0x99,
  0xC6, 0x99, 0xCE, 0x99, 0xCE, 0x99, 0xCE, 0x98, 0xCE, 0x9A, 0xCE, 0x9A, 0xCE, 0x9A, 0xCE, 0x9A,
  0xCE, 0x9A, 0xCE, 0xBA, 0xCE, 0xBA, 0xCE, 0xBA, 0xCE, 0xBA, 0xCE, 0xBA, 0xCE, 0xBA, 0xCE, 0xBA,
  0xCE, 0xDB, 0xCE, 0xDB, 0xD6, 0xDB, 0xD6, 0xDB, 0xD6, 0xDB, 0xD6, 0xDB, 0xD6, 0xFB, 0xD6, 0xFB,
  0xD6, 0xFB, 0xD6, 0xFB, 0xD6, 0xFB, 0xCE, 0xDA, 0xD7, 0x1C, 0xD7, 0x1C, 0xDF, 0x1C, 0xDF, 0x1C,
  0xD7, 0x3C, 0xD7, 0x3C, 0xE7, 0x3C, 0xE7, 0x3B, 0xE7, 0x3C, 0xE7, 0x5D, 0xE7, 0x5D, 0xE7, 0x5D,
  0xC6, 0x98, 0xC6, 0x78, 0xBE, 0x79, 0xBE, 0x79, 0xBE, 0x79, 0xC6, 0x79, 0xC6, 0x79, 0xC6, 0x79,
  0xC6, 0x79, 0xC6, 0x79, 0xC6, 0x79, 0xC6, 0x79, 0xBE, 0x79, 0xC6, 0x59, 0xC6, 0x79, 0xC6, 0x59,
  0xC6, 0x59, 0xC6, 0x58, 0xC6, 0x58, 0xBE, 0x58, 0xBE, 0x58, 0xBE, 0x58, 0xBE, 0x58, 0xB6, 0x58,
  0xB6, 0x58, 0xB6, 0x37, 0xBE, 0x38, 0xBE, 0x38, 0xBE, 0x38, 0xBE, 0x38, 0xBE, 0x38, 0xBE, 0x38,
  0xBE, 0x38, 0xB6, 0x38, 0xB6, 0x17, 0xB6, 0x17, 0xB6, 0x17, 0xB6, 0x17, 0xB6, 0x17, 0xB5, 0xF7,
  0xB6, 0x17, 0xB6, 0x17, 0xB6, 0x17, 0xB6, 0x17, 0xB6, 0x17, 0xB6, 0x17, 0xB6, 0x17, 0xB6, 0x18,
  0xB6, 0x18, 0xB6, 0x18, 0xB6, 0x18, 0xB6, 0x18, 0xB6, 0x18, 0xB6, 0x38, 0xB6, 0x38, 0xB6, 0x38,
  0xB6, 0x38, 0xB6, 0x38, 0xB6, 0x38, 0xB6, 0x37, 0xB6, 0x37, 0xB6, 0x37, 0xB6, 0x37, 0xB6, 0x37,
  0xB6, 0x37, 0xB6, 0x37, 0xB6, 0x37, 0xB6, 0x37, 0xB6, 0x16, 0xB6, 0x16, 0xAE, 0x16, 0xB6, 0x16,
  0xB6, 0x17, 0xB6, 0x17, 0xB6, 0x17, 0xB6, 0x17, 0xB6, 0x17, 0xB6, 0x17, 0xB5, 0xF7, 0xB5, 0xF7,
  0xB5, 0xF7, 0xB5, 0xF7, 0xB5, 0xF7, 0xB5, 0xF7, 0xB5, 0xF7, 0xAD, 0xF7, 0xA5, 0xF7, 0xA5, 0xF7,
  0xA5, 0xF7, 0xA5, 0xF7, 0xAD, 0xF7, 0xB5, 0xF7, 0xB5, 0xF7, 0xB6, 0x17, 0xB6, 0x17, 0xAE, 0x16,
  0xB6, 0x37, 0xBE, 0x38, 0xBE, 0x58, 0xBE, 0x57, 0xBE, 0x57, 0xBE, 0x77, 0xBE, 0x77, 0xBE, 0x78,
  0xBE, 0x78, 0xC6, 0x78, 0xC6, 0x79, 0xC6, 0x79, 0xC6, 0x79, 0xC6, 0x99, 0xCE, 0x99, 0xCE, 0x99,
  0xCE, 0x98, 0xCE, 0x99, 0xCE, 0x9A, 0xC6, 0x99, 0xBE, 0x99, 0xC6, 0x98, 0xC6, 0x99, 0xC6, 0x99,
  0xC6, 0x99, 0xBE, 0x99, 0xC6, 0x9A, 0xCE, 0xBA, 0xCE, 0xB9, 0xCE, 0xBA, 0xCE, 0xBB, 0xCE, 0xBB,
  0xCE, 0xBB, 0xCE, 0xBA, 0xCE, 0xBB, 0xBE, 0x7A, 0xB6, 0x39, 0xBE, 0x38, 0xB6, 0x39, 0xBE, 0x5A,
  0xC6, 0x7A, 0xBE, 0x7A, 0xC6, 0x9A, 0xCE, 0xDB, 0xCE, 0xBB, 0xC6, 0x9B, 0xCE, 0xBA, 0xCE, 0xBA,
  0xCE, 0xB9, 0xCE, 0x9A, 0xCE, 0x9A, 0xCE, 0x9A, 0xCE, 0x9A, 0xCE, 0x9A, 0xC6, 0x9A, 0xBE, 0x9A,
  0xC6, 0x99, 0xC6, 0x78, 0xC6, 0x79, 0xC6, 0x79, 0xC6, 0x79, 0xC6, 0x79, 0xC6, 0x79, 0xC6, 0x79,
  0xC6, 0x59, 0xC6, 0x59, 0xC6, 0x59, 0xC6, 0x59, 0xC6, 0x59, 0xC6, 0x59, 0xC6, 0x59, 0xC6, 0x59,
  0xC6, 0x59, 0xC6, 0x59, 0xC6, 0x59, 0xC6, 0x59, 0xC6, 0x59, 0xC6, 0x59, 0xC6, 0x59, 0xC6, 0x59,
  0xC6, 0x59, 0xC6, 0x59, 0xC6, 0x59, 0xC6, 0x59, 0xC6, 0x59, 0xC6, 0x59, 0xC6, 0x59, 0xC6, 0x79,
  0xC6, 0x79, 0xC6, 0x79, 0xC6, 0x79, 0xC6, 0x79, 0xC6, 0x79, 0xC6, 0x79, 0xC6, 0x79, 0xC6, 0x79,
  0xC6, 0x79, 0xC6, 0x79, 0xC6, 0x79, 0xC6, 0x99, 0xC6, 0x99, 0xC6, 0x99, 0xBE, 0x99, 0xC6, 0x98,
  0xC6, 0x98, 0xCE, 0x98, 0xCE, 0x99, 0xCE, 0x99, 0xCE, 0x9A, 0xCE, 0x9A, 0xCE, 0x9A, 0xCE, 0x9A,
  0xCE, 0xBA, 0xCE, 0xBA, 0xCE, 0xBA, 0xCE, 0xBA, 0xCE, 0xBA, 0xCE, 0xBA, 0xCE, 0xB9, 0xC6, 0xBA,
  0xCE, 0xDB, 0xD6, 0xDB, 0xD6, 0xDB, 0xD6, 0xDB, 0xD6, 0xDB, 0xD6, 0xFB, 0xD6, 0xFB, 0xD6, 0xFB,
  0xD6, 0xFB, 0xCE, 0xFA, 0xD6, 0xFB, 0xD6, 0xFB, 0xD7, 0x1C, 0xDF, 0x1C, 0xDF, 0x1C, 0xD7, 0x1C,
  0xDF, 0x3C, 0xDF, 0x3C, 0xE7, 0x3C, 0xE7, 0x3B, 0xE7, 0x3C, 0xE7, 0x5D, 0xE7, 0x5D, 0xE7, 0x5D,
  0xCE, 0x99, 0xCE, 0x99, 0xC6, 0x99, 0xC6, 0x99, 0xC6, 0x99, 0xC6, 0x99, 0xBE, 0x98, 0xC6, 0x98,
  0xC6, 0x99, 0xBE, 0x98, 0xC6, 0x98, 0xC6, 0x78, 0xC6, 0x98, 0xC6, 0x78, 0xBE, 0x79, 0xC6, 0x79,
  0xC6, 0x79, 0xC6, 0x79, 0xC6, 0x79, 0xC6, 0x59, 0xC6, 0x59, 0xC6, 0x59, 0xBE, 0x59, 0xBE, 0x59,
  0xBE, 0x58, 0xBE, 0x58, 0xBE, 0x57, 0xBE, 0x58, 0xB6, 0x58, 0xBE, 0x57, 0xB6, 0x58, 0xB6, 0x58,
  0xB6, 0x38, 0xBE, 0x38, 0xBE, 0x38, 0xBE, 0x38, 0xBE, 0x38, 0xBE, 0x38, 0xBE, 0x18, 0xBE, 0x18,
  0xB6, 0x18, 0xB6, 0x17, 0xBE, 0x18, 0xBE, 0x38, 0xBE, 0x38, 0xBE, 0x38, 0xBE, 0x38, 0xBE, 0x38,
  0xBE, 0x38, 0xBE, 0x38, 0xBE, 0x38, 0xBE, 0x38, 0xBE, 0x38, 0xBE, 0x38, 0xBE, 0x38, 0xBE, 0x38,
  0xBE, 0x38, 0xBE, 0x38, 0xBE, 0x38, 0xBE, 0x38, 0xBE, 0x38, 0xBE, 0x38, 0xBE, 0x38, 0xBE, 0x38,
  0xBE, 0x38, 0xBE, 0x38, 0xBE, 0x38, 0xB6, 0x38, 0xB6, 0x37, 0xB6, 0x37, 0xB6, 0x17, 0xB6, 0x17,
  0xB6, 0x16, 0xB6, 0x16, 0xB6, 0x17, 0xB6, 0x17, 0xB6, 0x17, 0xB6, 0x17, 0xB6, 0x17, 0xB6, 0x17,
  0xB6, 0x17, 0xB6, 0x17, 0xB6, 0x17, 0xB5, 0xF7, 0xB5, 0xF7, 0xB5, 0xF7, 0xAD, 0xF7, 0xAD, 0xF7,
  0xAD, 0xF7, 0xAD, 0xF7, 0xB5, 0xF7, 0xB6, 0x17, 0xB6, 0x17, 0xB6, 0x17, 0xB6, 0x17, 0xB6, 0x17,
  0xBE, 0x37, 0xBE, 0x38, 0xBE, 0x58, 0xBE, 0x58, 0xB6, 0x78, 0xBE, 0x78, 0xC6, 0x78, 0xC6, 0x79,
  0xC6, 0x79, 0xC6, 0x99, 0xC6, 0x99, 0xC6, 0x99, 0xC6, 0x99, 0xBE, 0x99, 0xC6, 0x99, 0xC6, 0x99,
  0xC6, 0x99, 0xC6, 0x99, 0xC6, 0x99, 0xC6, 0x99, 0xC6, 0x99, 0xC6, 0x79, 0xC6, 0x79, 0xC6, 0x99,
  0xC6, 0x98, 0xBE, 0x99, 0xC6, 0x9A, 0xCE, 0x9A, 0xCE, 0xB9, 0xCE, 0xBA, 0xCE, 0xBB, 0xCE, 0xBB,
  0xCE, 0xBB, 0xCE, 0xBB, 0xCE, 0xBB, 0xBE, 0x7A, 0xB6, 0x39, 0xBE, 0x39, 0xB6, 0x39, 0xBE, 0x7A,
  0xC6, 0x7B, 0xBE, 0x7A, 0xC6, 0x9A, 0xCE, 0xDB, 0xCE, 0xDB, 0xC6, 0xDB, 0xCE, 0xBB, 0xCE, 0xBA,
  0xCE, 0xBA, 0xCE, 0x9A, 0xCE, 0x9A, 0xCE, 0x9A, 0xCE, 0x9A, 0xCE, 0x9A, 0xCE, 0x9A, 0xC6, 0x9A,
  0xC6, 0x9A, 0xC6, 0x99, 0xC6, 0x78, 0xC6, 0x78, 0xC6, 0x79, 0xC6, 0x79, 0xC6, 0x79, 0xC6, 0x79,
  0xC6, 0x79, 0xC6, 0x79, 0xC6, 0x59, 0xC6, 0x59, 0xC6, 0x59, 0xC6, 0x59, 0xC6, 0x59, 0xC6, 0x59,
  0xC6, 0x59, 0xC6, 0x59, 0xC6, 0x59, 0xC6, 0x59, 0xC6, 0x59, 0xC6, 0x59, 0xC6, 0x59, 0xC6, 0x59,
  0xC6, 0x59, 0xC6, 0x59, 0xC6, 0x79, 0xC6, 0x79, 0xC6, 0x79, 0xC6, 0x79, 0xC6, 0x79, 0xC6, 0x79,
  0xC6, 0x79, 0xC6, 0x79, 0xC6, 0x79, 0xC6, 0x79, 0xC6, 0x79, 0xC6, 0x79, 0xC6, 0x79, 0xC6, 0x79,
  0xC6, 0x79, 0xC6, 0x79, 0xC6, 0x99, 0xC6, 0x99, 0xC6, 0x99, 0xBE, 0x99, 0xC6, 0x99, 0xCE, 0x99,
  0xCE, 0x99, 0xCE, 0x99, 0xCE, 0x9A, 0xCE, 0x9A, 0xCE, 0x9A, 0xCE, 0x9A, 0xCE, 0x9A, 0xCE, 0x9A,
  0xCE, 0xBA, 0xCE, 0xBA, 0xCE, 0xBA, 0xCE, 0xBA, 0xCE, 0xBA, 0xCE, 0xBA, 0xCE, 0xB9, 0xC6, 0xDA,
  0xCE, 0xDB, 0xD6, 0xDB, 0xD6, 0xDB, 0xD6, 0xDB, 0xD6, 0xDB, 0xD6, 0xFB, 0xD6, 0xFB, 0xD6, 0xFB,
  0xD6, 0xFB, 0xD6, 0xFA, 0xD6, 0xFB, 0xDF, 0x1C, 0xD7, 0x1C, 0xDF, 0x1C, 0xDF, 0x1C, 0xD7, 0x1C,
  0xDF, 0x3C, 0xDF, 0x3C, 0xDF, 0x3C, 0xDF, 0x3B, 0xE7, 0x3C, 0xE7, 0x5D, 0xE7, 0x5D, 0xE7, 0x5D,
  0xCE, 0x9A, 0xCE, 0x9A, 0xCE, 0x99, 0xCE, 0x99, 0xCE, 0x99, 0xC6, 0x99, 0xC6, 0x99, 0xCE, 0x99,
  0xCE, 0x99, 0xC6, 0x99, 0xC6, 0x99, 0xCE, 0x99, 0xCE, 0x99, 0xC6, 0x99, 0xC6, 0x78, 0xBE, 0x78,
  0xBE, 0x79, 0xBE, 0x79, 0xBE, 0x79, 0xC6, 0x79, 0xC6, 0x79, 0xC6, 0x59, 0xC6, 0x59, 0xC6, 0x59,
  0xC6, 0x59, 0xC6, 0x59, 0xBE, 0x58, 0xBE, 0x58, 0xBE, 0x58, 0xBE, 0x58, 0xBE, 0x58, 0xBE, 0x57,
  0xBE, 0x37, 0xBE, 0x37, 0xB6, 0x38, 0xBE, 0x38, 0xBE, 0x38, 0xBE, 0x38, 0xBE, 0x38, 0xBE, 0x38,
  0xBE, 0x18, 0xBE, 0x18, 0xBE, 0x38, 0xBE, 0x38, 0xBE, 0x38, 0xBE, 0x38, 0xBE, 0x38, 0xBE, 0x38,
  0xBE, 0x38, 0xBE, 0x38, 0xBE, 0x38, 0xBE, 0x38, 0xBE, 0x38, 0xBE, 0x38, 0xBE, 0x38, 0xBE, 0x38,
  0xBE, 0x38, 0xBE, 0x38, 0xBE, 0x38, 0xBE, 0x58, 0xBE, 0x38, 0xBE, 0x38, 0xBE, 0x38, 0xBE, 0x38,
  0xBE, 0x38, 0xBE, 0x38, 0xBE, 0x38, 0xBE, 0x38, 0xBE, 0x38, 0xB6, 0x38, 0xBE, 0x38, 0xB6, 0x18,
  0xBE, 0x17, 0xB6, 0x17, 0xAE, 0x16, 0xB6, 0x16, 0xB6, 0x17, 0xB6, 0x17, 0xB6, 0x17, 0xB6, 0x17,
  0xB6, 0x17, 0xB6, 0x17, 0xB6, 0x17, 0xB6, 0x17, 0xB6, 0x17, 0xB5, 0xF7, 0xB5, 0xF7, 0xB6, 0x17,
  0xB5, 0xF7, 0xB6, 0x17, 0xB6, 0x17, 0xB6, 0x17, 0xB6, 0x17, 0xB6, 0x16, 0xAE, 0x17, 0xB6, 0x38,
  0xBE, 0x38, 0xBE, 0x57, 0xBE, 0x58, 0xBE, 0x79, 0xB6, 0x78, 0xBE, 0x78, 0xC6, 0x79, 0xC6, 0x79,
  0xC6, 0x99, 0xC6, 0x99, 0xC6, 0x99, 0xC6, 0x99, 0xC6, 0x99, 0xC6, 0x99, 0xC6, 0x99, 0xBE, 0x99,
  0xBE, 0x99, 0xBE, 0x99, 0xC6, 0x99, 0xC6, 0x79, 0xC6, 0x79, 0xC6, 0x79, 0xC6, 0x59, 0xC6, 0x79,
  0xC6, 0x99, 0xC6, 0x98, 0xBE, 0x99, 0xC6, 0x9A, 0xCE, 0xBA, 0xCE, 0xB9, 0xCE, 0xBA, 0xCE, 0xBB,
  0xCE, 0xBB, 0xCE, 0xBB, 0xCE, 0xDB, 0xBE, 0x5A, 0xB6, 0x19, 0xBE, 0x3A, 0xB6, 0x39, 0xBE, 0x7A,
  0xC6, 0x7B, 0xBE, 0x7B, 0xC6, 0x9A, 0xCE, 0xDB, 0xCE, 0xDB, 0xC6, 0xDA, 0xCE, 0xBB, 0xCE, 0xBA,
  0xCE, 0xB9, 0xCE, 0xBA, 0xCE, 0x9A, 0xCE, 0x9A, 0xCE, 0x9A, 0xCE, 0x9A, 0xCE, 0x9A, 0xCE, 0x9A,
  0xC6, 0x9A, 0xBE, 0x99, 0xC6, 0x99, 0xC6, 0x79, 0xC6, 0x79, 0xC6, 0x79, 0xC6, 0x79, 0xC6, 0x79,
  0xC6, 0x79, 0xC6, 0x79, 0xC6, 0x79, 0xC6, 0x59, 0xC6, 0x59, 0xC6, 0x59, 0xC6, 0x59, 0xC6, 0x59,
  0xC6, 0x59, 0xC6, 0x59, 0xC6, 0x59, 0xC6, 0x59, 0xC6, 0x59, 0xC6, 0x59, 0xC6, 0x59, 0xC6, 0x59,
  0xC6, 0x79, 0xC6, 0x79, 0xC6, 0x79, 0xC6, 0x79, 0xC6, 0x79, 0xC6, 0x79, 0xC6, 0x79, 0xC6, 0x79,
  0xC6, 0x79, 0xC6, 0x79, 0xC6, 0x79, 0xC6, 0x79, 0xC6, 0x79, 0xC6, 0x79, 0xC6, 0x79, 0xC6, 0x79,
  0xBE, 0x79, 0xC6, 0x99, 0xC6, 0x99, 0xC6, 0x99, 0xBE, 0x99, 0xC6, 0x98, 0xCE, 0x99, 0xCE, 0x9A,
  0xCE, 0x9A, 0xCE, 0x99, 0xCE, 0x9A, 0xCE, 0x9A, 0xCE, 0x9A, 0xCE, 0x9A, 0xCE, 0x9A, 0xCE, 0xBA,
  0xCE, 0xBA, 0xCE, 0xBA, 0xCE, 0xBA, 0xCE, 0xBA, 0xCE, 0xBA, 0xCE, 0xBA, 0xCE, 0xD9, 0xCE, 0xDA,
  0xCE, 0xDB, 0xD6, 0xDB, 0xD6, 0xDB, 0xD6, 0xDB, 0xD6, 0xDB, 0xD6, 0xFB, 0xD6, 0xFB, 0xD6, 0xFB,
  0xD6, 0xFB, 0xD6, 0xFA, 0xCE, 0xFB, 0xD7, 0x1C, 0xD7, 0x1C, 0xDF, 0x1C, 0xDF, 0x1C, 0xDF, 0x1C,
  0xDF, 0x3C, 0xDF, 0x3C, 0xD7, 0x3C, 0xD7, 0x3C, 0xE7, 0x5D, 0xE7, 0x5D, 0xDF, 0x5D, 0xE7, 0x5D,
  0xC6, 0xB9, 0xC6, 0xBA, 0xCE, 0xBA, 0xCE, 0xBA, 0xCE, 0xBA, 0xCE, 0xBA, 0xCE, 0xBA, 0xCE, 0x9A,
  0xCE, 0xBA, 0xCE, 0xBA, 0xCE, 0x9A, 0xCE, 0x9A, 0xCE, 0x9A, 0xCE, 0x9A, 0xCE, 0x99, 0xC6, 0x99,
  0xC6, 0x79, 0xC6, 0x78, 0xC6, 0x78, 0xC6, 0x78, 0xBE, 0x79, 0xBE, 0x79, 0xC6, 0x79, 0xC6, 0x79,
  0xC6, 0x59, 0xC6, 0x59, 0xBE, 0x79, 0xC6, 0x79, 0xC6, 0x79, 0xC6, 0x59, 0xC6, 0x58, 0xC6, 0x58,
  0xC6, 0x58, 0xC6, 0x58, 0xBE, 0x57, 0xBE, 0x57, 0xBE, 0x57, 0xBE, 0x37, 0xBE, 0x38, 0xBE, 0x38,
  0xBE, 0x38, 0xB6, 0x38, 0xBE, 0x38, 0xBE, 0x38, 0xBE, 0x58, 0xBE, 0x58, 0xBE, 0x58, 0xBE, 0x58,
  0xBE, 0x58, 0xBE, 0x58, 0xBE, 0x58, 0xBE, 0x38, 0xBE, 0x38, 0xBE, 0x38, 0xBE, 0x58, 0xBE, 0x58,
  0xBE, 0x58, 0xBE, 0x57, 0xBE, 0x57, 0xBE, 0x58, 0xBE, 0x58, 0xBE, 0x38, 0xBE, 0x38, 0xBE, 0x38,
  0xBE, 0x38, 0xBE, 0x38, 0xBE, 0x38, 0xBE, 0x38, 0xBE, 0x38, 0xBE, 0x38, 0xBE, 0x38, 0xBE, 0x37,
  0xBE, 0x17, 0xB6, 0x18, 0xAE, 0x17, 0xB6, 0x17, 0xB6, 0x16, 0xB6, 0x17, 0xB6, 0x17, 0xB6, 0x17,
  0xB6, 0x17, 0xB6, 0x17, 0xB6, 0x17, 0xB6, 0x17, 0xB6, 0x17, 0xB6, 0x17, 0xB6, 0x17, 0xB6, 0x17,
  0xB6, 0x17, 0xB6, 0x17, 0xB6, 0x17, 0xB6, 0x17, 0xB6, 0x17, 0xB6, 0x16, 0xAE, 0x17, 0xB6, 0x38,
  0xBE, 0x38, 0xBE, 0x58, 0xBE, 0x78, 0xB6, 0x78, 0xBE, 0x78, 0xBE, 0x78, 0xC6, 0x99, 0xC6, 0x99,
  0xC6, 0x99, 0xC6, 0x99, 0xC6, 0x99, 0xC6, 0x99, 0xC6, 0x99, 0xC6, 0x99, 0xC6, 0x99, 0xC6, 0x79,
  0xC6, 0x99, 0xC6, 0x99, 0xC6, 0x99, 0xC6, 0x99, 0xC6, 0x79, 0xC6, 0x79, 0xC6, 0x79, 0xC6, 0x79,
  0xC6, 0x79, 0xC6, 0x98, 0xC6, 0x99, 0xBE, 0x99, 0xC6, 0x9A, 0xC6, 0x9A, 0xC6, 0xBA, 0xC6, 0xBA,
  0xCE, 0xBA, 0xC6, 0x9A, 0xCE, 0xBB, 0xBE, 0x7A, 0xB6, 0x39, 0xBE, 0x3A, 0xB6, 0x19, 0xBE, 0x7A,
  0xC6, 0x9B, 0xBE, 0x5B, 0xC6, 0x9A, 0xCE, 0xDB, 0xCE, 0xDB, 0xC6, 0xDA, 0xCE, 0xBB, 0xCE, 0xBA,
  0xCE, 0xB9, 0xCE, 0xBA, 0xCE, 0xBA, 0xCE, 0x9A, 0xCE, 0x9A, 0xCE, 0x9A, 0xCE, 0x9A, 0xCE, 0x9A,
  0xC6, 0x9A, 0xC6, 0x9A, 0xC6, 0x9A, 0xC6, 0x9A, 0xC6, 0x79, 0xC6, 0x79, 0xC6, 0x79, 0xC6, 0x78,
  0xC6, 0x79, 0xC6, 0x79, 0xC6, 0x79, 0xC6, 0x79, 0xC6, 0x59, 0xC6, 0x59, 0xC6, 0x59, 0xC6, 0x59,
  0xC6, 0x59, 0xC6, 0x59, 0xC6, 0x59, 0xC6, 0x59, 0xC6, 0x59, 0xC6, 0x59, 0xC6, 0x59, 0xC6, 0x79,
  0xC6, 0x79, 0xC6, 0x79, 0xC6, 0x79, 0xC6, 0x79, 0xC6, 0x79, 0xC6, 0x79, 0xC6, 0x79, 0xC6, 0x79,
  0xC6, 0x79, 0xC6, 0x79, 0xC6, 0x79, 0xC6, 0x79, 0xC6, 0x79, 0xC6, 0x79, 0xC6, 0x79, 0xC6, 0x79,
  0xC6, 0x79, 0xC6, 0x99, 0xC6, 0x99, 0xBE, 0x99, 0xC6, 0x99, 0xCE, 0x98, 0xCE, 0x99, 0xCE, 0x9A,
  0xCE, 0x9A, 0xCE, 0x9A, 0xCE, 0x9A, 0xCE, 0x9A, 0xCE, 0x9A, 0xCE, 0x9A, 0xCE, 0x9A, 0xCE, 0xBA,
  0xCE, 0xBA, 0xCE, 0xBA, 0xCE, 0xBA, 0xCE, 0xBA, 0xCE, 0xBA, 0xCE, 0xBA, 0xCE, 0xD9, 0xCE, 0xDA,
  0xD6, 0xDB, 0xD6, 0xDB, 0xD6, 0xDB, 0xD6, 0xDB, 0xD6, 0xDB, 0xD6, 0xFB, 0xD6, 0xFB, 0xD6, 0xFB,
  0xD6, 0xFB, 0xD6, 0xFA, 0xD6, 0xFB, 0xCF, 0x1C, 0xD7, 0x1C, 0xDF, 0x1C, 0xDF, 0x1C, 0xDF, 0x1C,
  0xDF, 0x3C, 0xDF, 0x3C, 0xDF, 0x3C, 0xDF, 0x3C, 0xE7, 0x5D, 0xE7, 0x5D, 0xDF, 0x5D, 0xE7, 0x5D,
  0xCE, 0xDA, 0xCE, 0xBA, 0xCE, 0xB9, 0xCE, 0xBA, 0xC6, 0xBA, 0xC6, 0xBA, 0xC6, 0xBA, 0xC6, 0xBA,
  0xC6, 0xB9, 0xC6, 0xB9, 0xC6, 0xB9, 0xC6, 0xB9, 0xC6, 0xB9, 0xCE, 0xBA, 0xCE, 0xBA, 0xCE, 0x9A,
  0xCE, 0x99, 0xCE, 0x99, 0xCE, 0x99, 0xC6, 0x99, 0xC6, 0x99, 0xC6, 0x99, 0xC6, 0x78, 0xC6, 0x78,
  0xBE, 0x79, 0xBE, 0x79, 0xC6, 0x78, 0xC6, 0x79, 0xC6, 0x79, 0xBE, 0x79, 0xC6, 0x79, 0xC6, 0x79,
  0xC6, 0x79, 0xC6, 0x59, 0xC6, 0x58, 0xBE, 0x58, 0xB6, 0x58, 0xBE, 0x58, 0xBE, 0x58, 0xB6, 0x58,
  0xBE, 0x57, 0xBE, 0x57, 0xBE, 0x58, 0xB6, 0x58, 0xBE, 0x58, 0xBE, 0x58, 0xBE, 0x58, 0xBE, 0x58,
  0xBE, 0x58, 0xBE, 0x58, 0xBE, 0x58, 0xBE, 0x58, 0xB6, 0x57, 0xB6, 0x57, 0xBE, 0x58, 0xBE, 0x58,
  0xBE, 0x58, 0xBE, 0x58, 0xBE, 0x58, 0xBE, 0x58, 0xBE, 0x57, 0xBE, 0x38, 0xBE, 0x38, 0xBE, 0x38,
  0xBE, 0x38, 0xBE, 0x38, 0xBE, 0x38, 0xBE, 0x38, 0xBE, 0x38, 0xBE, 0x38, 0xBE, 0x38, 0xBE, 0x38,
  0xB6, 0x37, 0xB6, 0x38, 0xB6, 0x38, 0xB6, 0x38, 0xB6, 0x17, 0xB6, 0x17, 0xAE, 0x16, 0xB6, 0x16,
  0xB6, 0x17, 0xB6, 0x17, 0xB6, 0x17, 0xB6, 0x17, 0xB6, 0x17, 0xB6, 0x16, 0xB6, 0x17, 0xB6, 0x17,
  0xB6, 0x17, 0xB6, 0x17, 0xB6, 0x17, 0xB6, 0x17, 0xB6, 0x17, 0xAE, 0x17, 0xB6, 0x38, 0xBE, 0x38,
  0xBE, 0x37, 0xBE, 0x58, 0xBE, 0x79, 0xBE, 0x78, 0xBE, 0x78, 0xC6, 0x79, 0xC6, 0x99, 0xC6, 0x99,
  0xC6, 0x99, 0xC6, 0x99, 0xC6, 0x99, 0xC6, 0x99, 0xC6, 0x79, 0xC6, 0x79, 0xC6, 0x79, 0xC6, 0x79,
  0xC6, 0x79, 0xC6, 0x99, 0xC6, 0x99, 0xC6, 0x99, 0xC6, 0x79, 0xC6, 0x79, 0xC6, 0x79, 0xC6, 0x79,
  0xC6, 0x79, 0xC6, 0x79, 0xC6, 0x79, 0xC6, 0x78, 0xC6, 0x99, 0xBE, 0x99, 0xBE, 0x9A, 0xBE, 0x9A,
  0xC6, 0x9A, 0xC6, 0x9A, 0xC6, 0xBB, 0xBE, 0x7A, 0xBE, 0x39, 0xBE, 0x3A, 0xB6, 0x19, 0xBE, 0x7A,
  0xC6, 0x9B, 0xBE, 0x5B, 0xC6, 0x9A, 0xCE, 0xDB, 0xCE, 0xDB, 0xC6, 0xDA, 0xCE, 0xBB, 0xCE, 0xBA,
  0xCE, 0xBA, 0xCE, 0xB9, 0xCE, 0xBA, 0xCE, 0x9A, 0xCE, 0x9A, 0xCE, 0x9A, 0xCE, 0x9A, 0xCE, 0x9A,
  0xCE, 0x9A, 0xCE, 0x9A, 0xC6, 0x9A, 0xBE, 0x9A, 0xC6, 0x7A, 0xC6, 0x79, 0xBE, 0x78, 0xC6, 0x79,
  0xC6, 0x79, 0xC6, 0x79, 0xC6, 0x79, 0xC6, 0x79, 0xC6, 0x79, 0xC6, 0x59, 0xC6, 0x59, 0xC6, 0x59,
  0xC6, 0x79, 0xC6, 0x59, 0xC6, 0x59, 0xC6, 0x59, 0xC6, 0x59, 0xC6, 0x59, 0xC6, 0x59, 0xC6, 0x79,
  0xC6, 0x79, 0xC6, 0x79, 0xC6, 0x79, 0xC6, 0x79, 0xC6, 0x79, 0xC6, 0x79, 0xC6, 0x79, 0xC6, 0x79,
  0xC6, 0x79, 0xC6, 0x79, 0xC6, 0x79, 0xC6, 0x79, 0xC6, 0x79, 0xC6, 0x79, 0xC6, 0x79, 0xBE, 0x79,
  0xC6, 0x99, 0xC6, 0x99, 0xBE, 0x99, 0xC6, 0x99, 0xCE, 0x99, 0xCE, 0x98, 0xCE, 0x99, 0xCE, 0x9A,
  0xCE, 0x9A, 0xCE, 0x9A, 0xCE, 0x9A, 0xCE, 0x9A, 0xCE, 0x9A, 0xCE, 0x9A, 0xCE, 0x9A, 0xCE, 0xBA,
  0xCE, 0xBA, 0xCE, 0xBA, 0xCE, 0xBA, 0xCE, 0xBA, 0xCE, 0xB9, 0xCE, 0xB9, 0xC6, 0xD9, 0xCE, 0xDA,
  0xD6, 0xDB, 0xD6, 0xDB, 0xD6, 0xDB, 0xD6, 0xDB, 0xD6, 0xDB, 0xD6, 0xFB, 0xD6, 0xFB, 0xD6, 0xFB,
  0xD6, 0xFA, 0xCE, 0xFA, 0xD6, 0xFB, 0xD7, 0x1C, 0xD7, 0x1C, 0xDF, 0x1C, 0xDF, 0x1C, 0xDF, 0x1C,
  0xDF, 0x3C, 0xD7, 0x3C, 0xD7, 0x3C, 0xDF, 0x3C, 0xE7, 0x5D, 0xE7, 0x5D, 0xDF, 0x5D, 0xE7, 0x5D,
  0xD6, 0xDB, 0xD6, 0xDB, 0xD6, 0xDA, 0xCE, 0xDA, 0xCE, 0xD9, 0xCE, 0xD9, 0xCE, 0xD9, 0xCE, 0xDA,
  0xCE, 0xDA, 0xCE, 0xDA, 0xCE, 0xBA, 0xCE, 0xBA, 0xCE, 0xDA, 0xCE, 0xDA, 0xCE, 0xB9, 0xCE, 0xBA,
  0xCE, 0xBA, 0xC6, 0xBA, 0xC6, 0x9A, 0xCE, 0x9A, 0xCE, 0x9A, 0xCE, 0x9A, 0xCE, 0x79, 0xCE, 0x99,
  0xC6, 0x79, 0xC6, 0x78, 0xC6, 0x79, 0xC6, 0x79, 0xC6, 0x78, 0xC6, 0x78, 0xBE, 0x78, 0xBE, 0x79,
  0xC6, 0x79, 0xC6, 0x79, 0xC6, 0x79, 0xC6, 0x79, 0xC6, 0x59, 0xC6, 0x59, 0xC6, 0x59, 0xBE, 0x59,
  0xBE, 0x58, 0xC6, 0x58, 0xBE, 0x59, 0xBE, 0x59, 0xC6, 0x79, 0xC6, 0x79, 0xC6, 0x59, 0xC6, 0x59,
  0xC6, 0x59, 0xC6, 0x59, 0xC6, 0x59, 0xBE, 0x58, 0xBE, 0x58, 0xBE, 0x58, 0xBE, 0x58, 0xC6, 0x59,
  0xC6, 0x59, 0xC6, 0x59, 0xBE, 0x59, 0xB6, 0x59, 0xBE, 0x58, 0xBE, 0x58, 0xBE, 0x57, 0xBE, 0x38,
  0xBE, 0x58, 0xBE, 0x58, 0xBE, 0x38, 0xBE, 0x38, 0xBE, 0x38, 0xBE, 0x38, 0xBE, 0x38, 0xBE, 0x38,
  0xBE, 0x38, 0xBE, 0x38, 0xBE, 0x38, 0xB6, 0x38, 0xB6, 0x38, 0xB6, 0x38, 0xB6, 0x17, 0xB6, 0x17,
  0xAE, 0x16, 0xB6, 0x17, 0xB6, 0x16, 0xB6, 0x16, 0xB6, 0x17, 0xB6, 0x17, 0xAE, 0x18, 0xAE, 0x18,
  0xAE, 0x38, 0xAE, 0x38, 0xAE, 0x18, 0xAE, 0x38, 0xAE, 0x18, 0xB6, 0x18, 0xBE, 0x38, 0xBE, 0x38,
  0xBE, 0x57, 0xB6, 0x58, 0xBE, 0x79, 0xC6, 0x79, 0xC6, 0x79, 0xC6, 0x79, 0xC6, 0x99, 0xC6, 0x99,
  0xC6, 0x99, 0xC6, 0x79, 0xC6, 0x79, 0xC6, 0x79, 0xC6, 0x79, 0xC6, 0x79, 0xC6, 0x79, 0xC6, 0x79,
  0xC6, 0x99, 0xC6, 0x99, 0xC6, 0x99, 0xC6, 0x99, 0xC6, 0x99, 0xC6, 0x79, 0xC6, 0x79, 0xC6, 0x79,
  0xC6, 0x79, 0xC6, 0x79, 0xC6, 0x79, 0xC6, 0x79, 0xC6, 0x98, 0xC6, 0x99, 0xC6, 0x99, 0xC6, 0x99,
  0xBE, 0x9A, 0xC6, 0x7A, 0xC6, 0x9B, 0xBE, 0x5A, 0xBE, 0x39, 0xBE, 0x3A, 0xB6, 0x19, 0xBE, 0x7A,
  0xC6, 0x9B, 0xBE, 0x5A, 0xC6, 0x9A, 0xCE, 0xDB, 0xCE, 0xDB, 0xCE, 0xDA, 0xCE, 0xBB, 0xCE, 0xBB,
  0xCE, 0xBB, 0xCE, 0xBA, 0xCE, 0xB9, 0xCE, 0xBA, 0xCE, 0x9A, 0xCE, 0x9A, 0xCE, 0x9A, 0xCE, 0x9A,
  0xCE, 0x9A, 0xCE, 0x9A, 0xC6, 0x9A, 0xC6, 0x9A, 0xCE, 0x9A, 0xCE, 0x9A, 0xC6, 0x79, 0xBE, 0x78,
  0xC6, 0x79, 0xC6, 0x79, 0xC6, 0x79, 0xC6, 0x79, 0xC6, 0x79, 0xC6, 0x79, 0xC6, 0x79, 0xC6, 0x79,
  0xC6, 0x79, 0xC6, 0x79, 0xC6, 0x79, 0xC6, 0x79, 0xC6, 0x79, 0xC6, 0x79, 0xC6, 0x79, 0xC6, 0x79,
  0xC6, 0x79, 0xC6, 0x79, 0xC6, 0x79, 0xC6, 0x79, 0xC6, 0x79, 0xC6, 0x79, 0xC6, 0x79, 0xC6, 0x79,
  0xC6, 0x79, 0xC6, 0x79, 0xC6, 0x79, 0xC6, 0x79, 0xC6, 0x79, 0xC6, 0x79, 0xC6, 0x79, 0xC6, 0x79,
  0xC6, 0x99, 0xC6, 0x99, 0xBE, 0x99, 0xC6, 0x99, 0xCE, 0x98, 0xCE, 0x99, 0xCE, 0x9A, 0xCE, 0x9A,
  0xCE, 0x9A, 0xCE, 0x9A, 0xCE, 0x9A, 0xCE, 0x9A, 0xCE, 0x9A, 0xCE, 0x9A, 0xCE, 0xBA, 0xCE, 0xBA,
  0xCE, 0xBA, 0xCE, 0xBA, 0xCE, 0xBA, 0xCE, 0xBA, 0xCE, 0xDA, 0xCE, 0xDA, 0xC6, 0xDA, 0xCE, 0xDB,
  0xD6, 0xDB, 0xD6, 0xDB, 0xD6, 0xDB, 0xD6, 0xDB, 0xD6, 0xDB, 0xD6, 0xFB, 0xD6, 0xFB, 0xD6, 0xFB,
  0xD6, 0xFB, 0xD6, 0xFB, 0xD7, 0x1C, 0xDF, 0x1C, 0xDF, 0x1C, 0xDF, 0x1C, 0xDF, 0x1C, 0xDF, 0x1B,
  0xDF, 0x3C, 0xDF, 0x3C, 0xDF, 0x3C, 0xDF, 0x3C, 0xE7, 0x5D, 0xE7, 0x5D, 0xE7, 0x5D, 0xE7, 0x7D,
  0xD6, 0xFB, 0xD6, 0xFB, 0xCE, 0xFB, 0xD6, 0xDA, 0xD6, 0xDA, 0xD6, 0xDA, 0xD6, 0xDA, 0xD6, 0xDA,
  0xD6, 0xDB, 0xD6, 0xDB, 0xD6, 0xDB, 0xD6, 0xDB, 0xD6, 0xDB, 0xCE, 0xDA, 0xCE, 0xDA, 0xD6, 0xD9,
  0xD6, 0xDA, 0xCE, 0xDA, 0xCE, 0xB9, 0xCE, 0xB9, 0xCE, 0xB9, 0xCE, 0xBA, 0xCE, 0x9A, 0xCE, 0x9A,
  0xCE, 0x99, 0xCE, 0x99, 0xCE, 0x9A, 0xCE, 0x99, 0xCE, 0x99, 0xCE, 0x99, 0xC6, 0x99, 0xC6, 0x79,
  0xC6, 0x79, 0xBE, 0x78, 0xBE, 0x79, 0xC6, 0x79, 0xC6, 0x79, 0xC6, 0x79, 0xC6, 0x79, 0xC6, 0x79,
  0xC6, 0x79, 0xC6, 0x79, 0xC6, 0x79, 0xC6, 0x79, 0xC6, 0x79, 0xC6, 0x79, 0xC6, 0x79, 0xC6, 0x79,
  0xC6, 0x79, 0xC6, 0x79, 0xC6, 0x79, 0xC6, 0x59, 0xC6, 0x59, 0xC6, 0x59, 0xC6, 0x59, 0xC6, 0x59,
  0xC6, 0x59, 0xC6, 0x59, 0xBE, 0x59, 0xBE, 0x59, 0xBE, 0x59, 0xBE, 0x58, 0xBE, 0x58, 0xB6, 0x57,
  0xBE, 0x57, 0xBE, 0x58, 0xBE, 0x38, 0xBE, 0x38, 0xBE, 0x38, 0xBE, 0x38, 0xBE, 0x38, 0xBE, 0x38,
  0xBE, 0x38, 0xBE, 0x38, 0xBE, 0x38, 0xBE, 0x38, 0xBE, 0x38, 0xBE, 0x38, 0xBE, 0x38, 0xB6, 0x18,
  0xB6, 0x17, 0xB6, 0x17, 0xB6, 0x17, 0xB6, 0x17, 0xB6, 0x17, 0xB6, 0x38, 0xB6, 0x38, 0xB6, 0x38,
  0xB6, 0x38, 0xB6, 0x38, 0xB6, 0x38, 0xB6, 0x38, 0xB6, 0x38, 0xB6, 0x38, 0xBE, 0x38, 0xBE, 0x58,
  0xBE, 0x58, 0xBE, 0x58, 0xBE, 0x79, 0xC6, 0x79, 0xC6, 0x79, 0xC6, 0x79, 0xC6, 0x79, 0xC6, 0x79,
  0xC6, 0x79, 0xC6, 0x79, 0xBE, 0x79, 0xBE, 0x79, 0xBE, 0x79, 0xBE, 0x79, 0xC6, 0x79, 0xC6, 0x79,
  0xC6, 0x79, 0xC6, 0x99, 0xC6, 0x99, 0xC6, 0x99, 0xC6, 0x99, 0xC6, 0x99, 0xC6, 0x79, 0xC6, 0x79,
  0xC6, 0x79, 0xC6, 0x79, 0xC6, 0x79, 0xC6, 0x79, 0xC6, 0x79, 0xC6, 0x79, 0xC6, 0x98, 0xC6, 0x98,
  0xC6, 0x9A, 0xC6, 0x7A, 0xC6, 0x9B, 0xBE, 0x5A, 0xBE, 0x19, 0xBE, 0x39, 0xB6, 0x1A, 0xBE, 0x7A,
  0xC6, 0x9B, 0xBE, 0x7B, 0xC6, 0x9A, 0xCE, 0xFB, 0xD6, 0xDB, 0xCE, 0xDA, 0xC6, 0xBB, 0xCE, 0xBB,
  0xCE, 0xBB, 0xCE, 0xBA, 0xCE, 0xB9, 0xCE, 0xBA, 0xCE, 0xBA, 0xCE, 0x9A, 0xCE, 0x9A, 0xCE, 0x9A,
  0xCE, 0x9A, 0xCE, 0x9A, 0xCE, 0x9A, 0xCE, 0x9A, 0xCE, 0x9A, 0xCE, 0x9A, 0xCE, 0x7A, 0xC6, 0x79,
  0xBE, 0x78, 0xC6, 0x79, 0xC6, 0x79, 0xC6, 0x79, 0xC6, 0x79, 0xC6, 0x79, 0xC6, 0x79, 0xC6, 0x79,
  0xC6, 0x79, 0xC6, 0x79, 0xC6, 0x79, 0xC6, 0x79, 0xC6, 0x79, 0xC6, 0x79, 0xC6, 0x79, 0xC6, 0x79,
  0xC6, 0x79, 0xC6, 0x79, 0xC6, 0x79, 0xC6, 0x79, 0xC6, 0x79, 0xC6, 0x79, 0xC6, 0x79, 0xC6, 0x79,
  0xC6, 0x79, 0xC6, 0x79, 0xC6, 0x79, 0xC6, 0x79, 0xC6, 0x79, 0xC6, 0x79, 0xC6, 0x99, 0xC6, 0x99,
  0xC6, 0x99, 0xBE, 0x99, 0xC6, 0x99, 0xCE, 0x99, 0xCE, 0x99, 0xCE, 0x9A, 0xCE, 0x9A, 0xCE, 0x9A,
  0xCE, 0x9A, 0xCE, 0x9A, 0xCE, 0x9A, 0xCE, 0x9A, 0xCE, 0x9A, 0xCE, 0xBA, 0xCE, 0xBA, 0xCE, 0xBA,
  0xCE, 0xBA, 0xCE, 0xBA, 0xC6, 0xBA, 0xCE, 0xBA, 0xCE, 0xDB, 0xCE, 0xDB, 0xCE, 0xDB, 0xCE, 0xDB,
  0xD6, 0xDB, 0xD6, 0xDB, 0xD6, 0xDB, 0xD6, 0xFB, 0xD6, 0xFB, 0xCE, 0xFB, 0xD6, 0xFB, 0xD6, 0xFB,
  0xDF, 0x1C, 0xDF, 0x1C, 0xDF, 0x1C, 0xDF, 0x1C, 0xDF, 0x1C, 0xDF, 0x1C, 0xDF, 0x1C, 0xDF, 0x1C,
  0xDF, 0x3C, 0xE7, 0x3C, 0xE7, 0x3B, 0xE7, 0x3C, 0xE7, 0x5D, 0xE7, 0x5D, 0xE7, 0x5D, 0xE7, 0x7D,
  0xDE, 0xFB, 0xDE, 0xFB, 0xD6, 0xFA, 0xD6, 0xFB, 0xD6, 0xFB, 0xD6, 0xFB, 0xD6, 0xFB, 0xD6, 0xFB,
  0xD6, 0xFB, 0xD6, 0xFB, 0xD6, 0xFB, 0xD6, 0xFB, 0xD6, 0xFB, 0xD6, 0xFB, 0xD6, 0xFB, 0xD6, 0xDA,
  0xD6, 0xDA, 0xD6, 0xD9, 0xD6, 0xDA, 0xD6, 0xDA, 0xD6, 0xDA, 0xD6, 0xDA, 0xCE, 0xB9, 0xC6, 0xB9,
  0xCE, 0xBA, 0xCE, 0xBA, 0xCE, 0x99, 0xCE, 0x9A, 0xC6, 0x9A, 0xC6, 0x9A, 0xCE, 0x9A, 0xCE, 0x9A,
  0xCE, 0x99, 0xC6, 0x99, 0xC6, 0x78, 0xC6, 0x78, 0xBE, 0x79, 0xC6, 0x79, 0xC6, 0x79, 0xC6, 0x79,
  0xC6, 0x79, 0xC6, 0x79, 0xC6, 0x79, 0xBE, 0x79, 0xC6, 0x79, 0xC6, 0x79, 0xBE, 0x79, 0xBE, 0x79,
  0xC6, 0x79, 0xC6, 0x79, 0xBE, 0x79, 0xC6, 0x79, 0xC6, 0x79, 0xC6, 0x79, 0xC6, 0x79, 0xC6, 0x79,
  0xC6, 0x79, 0xC6, 0x79, 0xC6, 0x79, 0xC6, 0x79, 0xC6, 0x79, 0xC6, 0x59, 0xBE, 0x59, 0xBE, 0x58,
  0xB6, 0x58, 0xBE, 0x58, 0xBE, 0x57, 0xBE, 0x58, 0xBE, 0x58, 0xBE, 0x38, 0xBE, 0x38, 0xBE, 0x38,
  0xBE, 0x38, 0xBE, 0x38, 0xBE, 0x38, 0xBE, 0x38, 0xBE, 0x38, 0xBE, 0x38, 0xBE, 0x38, 0xBE, 0x38,
  0xBE, 0x18, 0xBE, 0x18, 0xBE, 0x38, 0xBE, 0x38, 0xBE, 0x38, 0xBE, 0x38, 0xBE, 0x38, 0xBE, 0x38,
  0xBE, 0x38, 0xBE, 0x38, 0xBE, 0x38, 0xBE, 0x38, 0xBE, 0x38, 0xBE, 0x38, 0xBE, 0x38, 0xBE, 0x38,
  0xBE, 0x58, 0xBE, 0x58, 0xBE, 0x58, 0xBE, 0x79, 0xBE, 0x79, 0xBE, 0x79, 0xBE, 0x79, 0xC6, 0x79,
  0xBE, 0x79, 0xBE, 0x79, 0xBE, 0x79, 0xB6, 0x58, 0xBE, 0x59, 0xBE, 0x79, 0xC6, 0x79, 0xC6, 0x79,
  0xC6, 0x79, 0xC6, 0x99, 0xC6, 0x99, 0xC6, 0x99, 0xC6, 0x99, 0xC6, 0x99, 0xC6, 0x79, 0xC6, 0x79,
  0xC6, 0x79, 0xC6, 0x79, 0xC6, 0x79, 0xC6, 0x79, 0xC6, 0x79, 0xC6, 0x79, 0xC6, 0x79, 0xC6, 0x79,
  0xC6, 0x9A, 0xC6, 0x79, 0xC6, 0x9B, 0xBE, 0x5A, 0xBE, 0x19, 0xBE, 0x39, 0xB6, 0x19, 0xBE, 0x7A,
  0xC6, 0x9B, 0xBE, 0x5B, 0xC6, 0x9A, 0xCE, 0xFB, 0xD6, 0xFB, 0xD6, 0xBA, 0xCE, 0xDB, 0xC6, 0xDB,
  0xCE, 0xDB, 0xCE, 0xBA, 0xCE, 0xB9, 0xCE, 0xBA, 0xCE, 0xBA, 0xCE, 0xBA, 0xCE, 0xBA, 0xCE, 0x9A,
  0xCE, 0x9A, 0xCE, 0x9A, 0xCE, 0x9A, 0xCE, 0x9A, 0xCE, 0x9A, 0xCE, 0x9A, 0xCE, 0x9A, 0xCE, 0x7A,
  0xC6, 0x78, 0xBE, 0x79, 0xC6, 0x79, 0xC6, 0x79, 0xC6, 0x79, 0xC6, 0x79, 0xC6, 0x79, 0xC6, 0x79,
  0xC6, 0x79, 0xC6, 0x79, 0xC6, 0x79, 0xC6, 0x79, 0xC6, 0x79, 0xC6, 0x79, 0xC6, 0x79, 0xC6, 0x79,
  0xC6, 0x79, 0xC6, 0x79, 0xC6, 0x79, 0xC6, 0x79, 0xC6, 0x79, 0xC6, 0x79, 0xC6, 0x79, 0xC6, 0x79,
  0xC6, 0x79, 0xC6, 0x79, 0xC6, 0x79, 0xBE, 0x79, 0xC6, 0x99, 0xC6, 0x99, 0xC6, 0x99, 0xBE, 0x99,
  0xC6, 0x99, 0xC6, 0x99, 0xC6, 0x99, 0xCE, 0x98, 0xCE, 0x9A, 0xCE, 0x9A, 0xCE, 0x9A, 0xCE, 0x9A,
  0xCE, 0x9A, 0xCE, 0x9A, 0xCE, 0x9A, 0xCE, 0x9A, 0xCE, 0xBA, 0xCE, 0xBA, 0xCE, 0xBA, 0xCE, 0xBA,
  0xCE, 0xBA, 0xCE, 0xB9, 0xC6, 0xBA, 0xCE, 0xDB, 0xCE, 0xDB, 0xCE, 0xDB, 0xD6, 0xDB, 0xD6, 0xDB,
  0xD6, 0xDB, 0xD6, 0xDB, 0xD6, 0xFB, 0xD6, 0xFB, 0xCE, 0xFB, 0xD6, 0xFA, 0xDE, 0xFB, 0xDE, 0xFB,
  0xDF, 0x1C, 0xDF, 0x1C, 0xDF, 0x1C, 0xDF, 0x1C, 0xDF, 0x1C, 0xDF, 0x1C, 0xD7, 0x1C, 0xDF, 0x3C,
  0xE7, 0x3C, 0xE7, 0x3C, 0xE7, 0x3C, 0xE7, 0x3C, 0xE7, 0x5D, 0xE7, 0x5D, 0xE7, 0x7D, 0xE7, 0x7D,
  0xDE, 0xFC, 0xDE, 0xFB, 0xDE, 0xFB, 0xDE, 0xFB, 0xDE, 0xFA, 0xDE, 0xFA, 0xDE, 0xFA, 0xDE, 0xFA,
  0xDE, 0xFB, 0xDE, 0xFB, 0xDE, 0xFB, 0xDE, 0xFB, 0xDE, 0xFB, 0xD6, 0xFB, 0xD6, 0xFB, 0xD6, 0xFB,
  0xD6, 0xDB, 0xD6, 0xFA, 0xCE, 0xFB, 0xD6, 0xFB, 0xD6, 0xDB, 0xD6, 0xDA, 0xCE, 0xDA, 0xCE, 0xDA,
  0xD6, 0xDA, 0xD6, 0xBA, 0xD6, 0xBA, 0xD6, 0xBA, 0xCE, 0xBA, 0xCE, 0xBA, 0xCE, 0xBA, 0xC6, 0xB9,
  0xC6, 0xBA, 0xCE, 0x9A, 0xCE, 0x99, 0xCE, 0x99, 0xC6, 0x99, 0xC6, 0x99, 0xC6, 0x99, 0xC6, 0x99,
  0xC6, 0x99, 0xC6, 0x99, 0xC6, 0x99, 0xC6, 0x99, 0xC6, 0x99, 0xC6, 0x99, 0xC6, 0x99, 0xC6, 0x99,
  0xC6, 0x99, 0xC6, 0x79, 0xC6, 0x79, 0xC6, 0x79, 0xC6, 0x78, 0xC6, 0x79, 0xC6, 0x79, 0xC6, 0x79,
  0xC6, 0x79, 0xC6, 0x79, 0xC6, 0x79, 0xC6, 0x79, 0xBE, 0x79, 0xC6, 0x79, 0xC6, 0x79, 0xC6, 0x59,
  0xBE, 0x59, 0xBE, 0x58, 0xC6, 0x58, 0xBE, 0x58, 0xB6, 0x58, 0xBE, 0x58, 0xBE, 0x57, 0xBE, 0x57,
  0xBE, 0x57, 0xBE, 0x58, 0xBE, 0x58, 0xBE, 0x58, 0xBE, 0x58, 0xBE, 0x38, 0xBE, 0x38, 0xBE, 0x38,
  0xBE, 0x38, 0xBE, 0x38, 0xBE, 0x38, 0xBE, 0x38, 0xBE, 0x38, 0xBE, 0x38, 0xBE, 0x38, 0xBE, 0x38,
  0xBE, 0x38, 0xBE, 0x38, 0xBE, 0x37, 0xBE, 0x38, 0xBE, 0x37, 0xBE, 0x38, 0xBE, 0x38, 0xBE, 0x57,
  0xBE, 0x58, 0xBE, 0x58, 0xBE, 0x58, 0xBE, 0x58, 0xB6, 0x59, 0xB6, 0x59, 0xBE, 0x59, 0xBE, 0x59,
  0xB6, 0x79, 0xBE, 0x79, 0xBE, 0x79, 0xB6, 0x58, 0xBE, 0x58, 0xC6, 0x79, 0xC6, 0x79, 0xC6, 0x79,
  0xC6, 0x79, 0xC6, 0x79, 0xC6, 0x99, 0xC6, 0x99, 0xC6, 0x79, 0xC6, 0x79, 0xC6, 0x79, 0xC6, 0x79,
  0xC6, 0x79, 0xC6, 0x79, 0xC6, 0x79, 0xC6, 0x79, 0xC6, 0x79, 0xC6, 0x79, 0xC6, 0x79, 0xC6, 0x79,
  0xC6, 0x9A, 0xC6, 0x79, 0xC6, 0xBB, 0xBE, 0x59, 0xBE, 0x18, 0xBE, 0x39, 0xB6, 0x19, 0xBE, 0x7A,
  0xC6, 0x9B, 0xBE, 0x5A, 0xC6, 0x9A, 0xCE, 0xFB, 0xD6, 0xFB, 0xD6, 0xBA, 0xD6, 0xDB, 0xCE, 0xDB,
  0xCE, 0xDB, 0xCE, 0xBA, 0xCE, 0xBA, 0xCE, 0xBA, 0xCE, 0xBA, 0xCE, 0xBA, 0xCE, 0xBA, 0xCE, 0xBA,
  0xCE, 0x9A, 0xCE, 0x9A, 0xCE, 0x9A, 0xCE, 0x9A, 0xCE, 0x9A, 0xCE, 0x9A, 0xCE, 0x9A, 0xCE, 0x9A,
  0xC6, 0x79, 0xC6, 0x78, 0xC6, 0x79, 0xC6, 0x79, 0xC6, 0x79, 0xC6, 0x79, 0xC6, 0x79, 0xC6, 0x79,
  0xC6, 0x79, 0xC6, 0x79, 0xC6, 0x79, 0xC6, 0x79, 0xC6, 0x79, 0xC6, 0x79, 0xC6, 0x79, 0xC6, 0x79,
  0xC6, 0x79, 0xC6, 0x79, 0xC6, 0x79, 0xC6, 0x79, 0xC6, 0x79, 0xC6, 0x79, 0xC6, 0x79, 0xC6, 0x79,
  0xC6, 0x79, 0xC6, 0x79, 0xC6, 0x79, 0xC6, 0x99, 0xC6, 0x99, 0xBE, 0x99, 0xC6, 0x99, 0xBE, 0x99,
  0xC6, 0x99, 0xCE, 0x98, 0xCE, 0x99, 0xCE, 0x99, 0xCE, 0x9A, 0xCE, 0x9A, 0xCE, 0x9A, 0xCE, 0x9A,
  0xCE, 0x9A, 0xCE, 0x9A, 0xCE, 0x9A, 0xCE, 0xBA, 0xCE, 0xBA, 0xCE, 0xBA, 0xCE, 0xBA, 0xCE, 0xBA,
  0xCE, 0xBA, 0xCE, 0xBA, 0xCE, 0xDB, 0xCE, 0xDA, 0xCE, 0xDA, 0xCE, 0xDB, 0xD6, 0xDB, 0xD6, 0xDB,
  0xD6, 0xDB, 0xD6, 0xFB, 0xD6, 0xFB, 0xCE, 0xFB, 0xD6, 0xFB, 0xDE, 0xFB, 0xDE, 0xFB, 0xDF, 0x1C,
  0xDF, 0x1C, 0xDF, 0x1C, 0xDF, 0x1C, 0xDF, 0x1C, 0xDF, 0x1C, 0xD7, 0x1C, 0xDF, 0x3C, 0xDF, 0x3C,
  0xE7, 0x3C, 0xDF, 0x3C, 0xDF, 0x5D, 0xE7, 0x5D, 0xE7, 0x5D, 0xE7, 0x5D, 0xE7, 0x7D, 0xE7, 0x7D,
  0xDF, 0x1C, 0xDF, 0x1C, 0xDF, 0x1C, 0xDE, 0xFC, 0xDE, 0xFB, 0xDE, 0xFB, 0xDE, 0xFB, 0xDF, 0x1B,
  0xDE, 0xFA, 0xDE, 0xFA, 0xDE, 0xFA, 0xDE, 0xFA, 0xDE, 0xFA, 0xDE, 0xFA, 0xDE, 0xFA, 0xDE, 0xFA,
  0xDE, 0xFB, 0xDE, 0xFB, 0xD6, 0xFB, 0xD6, 0xFB, 0xD6, 0xFB, 0xD6, 0xFB, 0xD6, 0xFB, 0xD6, 0xFB,
  0xD6, 0xFB, 0xD6, 0xFB, 0xD6, 0xFB, 0xD6, 0xFB, 0xD6, 0xDB, 0xD6, 0xDB, 0xD6, 0xDA, 0xCE, 0xBA,
  0xCE, 0xBA, 0xC6, 0xB9, 0xCE, 0x9A, 0xC6, 0x9A, 0xCE, 0x9A, 0xCE, 0x9A, 0xCE, 0x9A, 0xCE, 0x9A,
  0xCE, 0x9A, 0xCE, 0x9A, 0xCE, 0x9A, 0xCE, 0x9A, 0xCE, 0x9A, 0xCE, 0x9A, 0xCE, 0x9A, 0xCE, 0x9A,
  0xCE, 0x9A, 0xCE, 0x9A, 0xCE, 0x9A, 0xCE, 0x99, 0xCE, 0x99, 0xC6, 0x99, 0xBE, 0x98, 0xBE, 0x99,
  0xBE, 0x99, 0xBE, 0x78, 0xBE, 0x78, 0xBE, 0x78, 0xC6, 0x79, 0xC6, 0x79, 0xBE, 0x79, 0xC6, 0x79,
  0xC6, 0x79, 0xC6, 0x79, 0xBE, 0x79, 0xBE, 0x79, 0xBE, 0x59, 0xB6, 0x59, 0xBE, 0x58, 0xBE, 0x58,
  0xBE, 0x58, 0xBE, 0x58, 0xBE, 0x59, 0xBE, 0x59, 0xBE, 0x59, 0xBE, 0x58, 0xBE, 0x58, 0xBE, 0x57,
  0xBE, 0x57, 0xBE, 0x57, 0xBE, 0x57, 0xBE, 0x57, 0xBE, 0x58, 0xBE, 0x58, 0xBE, 0x58, 0xBE, 0x58,
  0xBE, 0x38, 0xBE, 0x38, 0xBE, 0x38, 0xBE, 0x38, 0xBE, 0x38, 0xBE, 0x38, 0xBE, 0x38, 0xBE, 0x38,
  0xBE, 0x58, 0xBE, 0x58, 0xBE, 0x57, 0xBE, 0x58, 0xBE, 0x58, 0xBE, 0x58, 0xBE, 0x59, 0xB6, 0x59,
  0xBE, 0x59, 0xBE, 0x59, 0xBE, 0x79, 0xBE, 0x79, 0xB6, 0x79, 0xBE, 0x79, 0xC6, 0x79, 0xC6, 0x79,
  0xC6, 0x79, 0xC6, 0x79, 0xC6, 0x79, 0xC6, 0x79, 0xC6, 0x79, 0xC6, 0x79, 0xC6, 0x79, 0xC6, 0x79,
  0xC6, 0x79, 0xC6, 0x79, 0xC6, 0x79, 0xC6, 0x79, 0xC6, 0x79, 0xC6, 0x79, 0xC6, 0x79, 0xC6, 0x99,
  0xC6, 0x9A, 0xC6, 0x9A, 0xCE, 0xDB, 0xBE, 0x59, 0xB6, 0x18, 0xBE, 0x39, 0xB6, 0x19, 0xBE, 0x7A,
  0xC6, 0x9B, 0xBE, 0x7A, 0xC6, 0x9B, 0xCE, 0xFC, 0xD6, 0xFB, 0xD6, 0xBA, 0xD6, 0xDB, 0xD6, 0xDB,
  0xC6, 0xDB, 0xC6, 0xDB, 0xCE, 0xBA, 0xCE, 0xBA, 0xCE, 0xBA, 0xCE, 0xBA, 0xCE, 0xBA, 0xCE, 0xBA,
  0xCE, 0xBA, 0xCE, 0x9A, 0xCE, 0x9A, 0xCE, 0x9A, 0xCE, 0x9A, 0xCE, 0x9A, 0xCE, 0x9A, 0xCE, 0x9A,
  0xCE, 0x99, 0xCE, 0x98, 0xCE, 0x99, 0xC6, 0x79, 0xBE, 0x79, 0xC6, 0x79, 0xC6, 0x79, 0xC6, 0x79,
  0xC6, 0x79, 0xC6, 0x79, 0xC6, 0x79, 0xC6, 0x79, 0xC6, 0x79, 0xC6, 0x79, 0xC6, 0x79, 0xC6, 0x79,
  0xC6, 0x79, 0xC6, 0x79, 0xC6, 0x79, 0xC6, 0x79, 0xC6, 0x79, 0xC6, 0x79, 0xC6, 0x79, 0xC6, 0x79,
  0xC6, 0x79, 0xBE, 0x79, 0xC6, 0x99, 0xC6, 0x99, 0xC6, 0x99, 0xC6, 0x99, 0xBE, 0x99, 0xC6, 0x99,
  0xCE, 0x99, 0xCE, 0x98, 0xCE, 0x99, 0xCE, 0x9A, 0xCE, 0x9A, 0xCE, 0x9A, 0xCE, 0x9A, 0xCE, 0x9A,
  0xCE, 0x9A, 0xCE, 0xBA, 0xCE, 0xBA, 0xCE, 0xBA, 0xCE, 0xBA, 0xCE, 0xBA, 0xCE, 0xBA, 0xCE, 0xBA,
  0xCE, 0xBA, 0xC6, 0xB9, 0xCE, 0xDA, 0xCE, 0xDB, 0xCE, 0xDB, 0xD6, 0xDB, 0xD6, 0xDB, 0xD6, 0xDB,
  0xD6, 0xFB, 0xD6, 0xFB, 0xD6, 0xFB, 0xD6, 0xFA, 0xD6, 0xFB, 0xDF, 0x1C, 0xDF, 0x1C, 0xDF, 0x1C,
  0xDF, 0x1C, 0xDF, 0x1C, 0xDF, 0x1C, 0xDF, 0x1C, 0xDF, 0x1C, 0xD7, 0x1C, 0xDF, 0x3C, 0xE7, 0x3C,
  0xE7, 0x3C, 0xDF, 0x3C, 0xE7, 0x5D, 0xE7, 0x5D, 0xE7, 0x5D, 0xE7, 0x7D, 0xDF, 0x7D, 0xE7, 0x7D,
  0xDF, 0x3C, 0xDF, 0x3C, 0xDF, 0x1C, 0xDF, 0x1C, 0xDF, 0x1C, 0xDF, 0x1C, 0xDF, 0x1C, 0xDF, 0x1C,
  0xDF, 0x1B, 0xDF, 0x1B, 0xD7, 0x1B, 0xDF, 0x1B, 0xDF, 0x1B, 0xDF, 0x1B, 0xDF, 0x1B, 0xDF, 0x1B,
  0xDF, 0x1B, 0xDE, 0xFB, 0xDE, 0xFB, 0xD6, 0xFA, 0xCE, 0xFA, 0xCE, 0xFB, 0xCE, 0xFB, 0xD6, 0xFB,
  0xD6, 0xFB, 0xCE, 0xFB, 0xD6, 0xFB, 0xD6, 0xFB, 0xD6, 0xFB, 0xD6, 0xFB, 0xD6, 0xFB, 0xD6, 0xDB,
  0xD6, 0xDA, 0xCE, 0xDA, 0xCE, 0xBA, 0xCE, 0xB9, 0xCE, 0xB9, 0xCE, 0xB9, 0xC6, 0xBA, 0xCE, 0xBA,
  0xC6, 0xBA, 0xCE, 0xBA, 0xCE, 0xB9, 0xCE, 0xBA, 0xCE, 0xBA, 0xCE, 0xBA, 0xCE, 0xBA, 0xCE, 0xBA,
  0xCE, 0xBA, 0xC6, 0xB9, 0xC6, 0xB9, 0xCE, 0x9A, 0xCE, 0x9A, 0xC6, 0x99, 0xC6, 0x99, 0xC6, 0x9A,
  0xC6, 0x9A, 0xC6, 0x99, 0xC6, 0x99, 0xC6, 0x99, 0xCE, 0x99, 0xC6, 0x79, 0xC6, 0x78, 0xBE, 0x78,
  0xBE, 0x79, 0xBE, 0x79, 0xC6, 0x79, 0xC6, 0x79, 0xBE, 0x79, 0xBE, 0x79, 0xBE, 0x59, 0xBE, 0x59,
  0xBE, 0x59, 0xBE, 0x79, 0xBE, 0x79, 0xB6, 0x59, 0xBE, 0x59, 0xBE, 0x59, 0xBE, 0x59, 0xBE, 0x58,
  0xBE, 0x58, 0xBE, 0x58, 0xBE, 0x58, 0xBE, 0x58, 0xBE, 0x58, 0xBE, 0x58, 0xBE, 0x58, 0xBE, 0x57,
  0xBE, 0x58, 0xBE, 0x58, 0xBE, 0x59, 0xBE, 0x38, 0xBE, 0x37, 0xBE, 0x38, 0xBE, 0x38, 0xBE, 0x38,
  0xBE, 0x38, 0xBE, 0x38, 0xBE, 0x58, 0xBE, 0x58, 0xBE, 0x57, 0xBE, 0x57, 0xBE, 0x58, 0xBE, 0x58,
  0xBE, 0x59, 0xBE, 0x79, 0xBE, 0x79, 0xBE, 0x79, 0xB6, 0x79, 0xBE, 0x79, 0xC6, 0x79, 0xC6, 0x79,
  0xC6, 0x79, 0xC6, 0x79, 0xC6, 0x79, 0xC6, 0x79, 0xC6, 0x79, 0xC6, 0x79, 0xC6, 0x79, 0xC6, 0x79,
  0xC6, 0x79, 0xC6, 0x79, 0xC6, 0x79, 0xC6, 0x79, 0xC6, 0x79, 0xC6, 0x79, 0xC6, 0x79, 0xC6, 0x79,
  0xC6, 0x9A, 0xC6, 0x9A, 0xCE, 0xDB, 0xBE, 0x59, 0xB6, 0x19, 0xBE, 0x39, 0xB6, 0x19, 0xBE, 0x7A,
  0xC6, 0x9B, 0xBE, 0x7B, 0xC6, 0x9B, 0xD6, 0xFC, 0xD6, 0xFC, 0xD6, 0xBB, 0xD6, 0xDB, 0xD6, 0xDB,
  0xCE, 0xDB, 0xCE, 0xDB, 0xCE, 0xBA, 0xCE, 0xB9, 0xCE, 0xBA, 0xCE, 0xBA, 0xCE, 0xBA, 0xCE, 0xBA,
  0xCE, 0xBA, 0xCE, 0xBA, 0xCE, 0x9A, 0xCE, 0x9A, 0xCE, 0x9A, 0xCE, 0x9A, 0xCE, 0x9A, 0xCE, 0x9A,
  0xCE, 0x99, 0xCE, 0x98, 0xCE, 0x99, 0xC6, 0x79, 0xBE, 0x79, 0xC6, 0x79, 0xC6, 0x79, 0xC6, 0x79,
  0xC6, 0x79, 0xC6, 0x79, 0xC6, 0x79, 0xC6, 0x79, 0xC6, 0x79, 0xC6, 0x79, 0xC6, 0x79, 0xC6, 0x79,
  0xC6, 0x79, 0xC6, 0x79, 0xC6, 0x79, 0xC6, 0x79, 0xC6, 0x79, 0xC6, 0x79, 0xC6, 0x79, 0xC6, 0x79,
  0xC6, 0x79, 0xC6, 0x99, 0xC6, 0x99, 0xC6, 0x99, 0xC6, 0x99, 0xC6, 0x99, 0xBE, 0x99, 0xC6, 0x99,
  0xCE, 0x99, 0xCE, 0x98, 0xCE, 0x99, 0xCE, 0x9A, 0xCE, 0x9A, 0xCE, 0x9A, 0xCE, 0x9A, 0xCE, 0x9A,
  0xCE, 0x9A, 0xCE, 0xBA, 0xCE, 0xBA, 0xCE, 0xBA, 0xCE, 0xBA, 0xCE, 0xBA, 0xCE, 0xBA, 0xCE, 0xBA,
  0xCE, 0xB9, 0xC6, 0xB9, 0xCE, 0xDA, 0xD6, 0xDB, 0xD6, 0xDB, 0xD6, 0xDB, 0xD6, 0xDB, 0xD6, 0xDB,
  0xD6, 0xFB, 0xD6, 0xFB, 0xCE, 0xFA, 0xD6, 0xFB, 0xDF, 0x1C, 0xDF, 0x1C, 0xDF, 0x1C, 0xDF, 0x1C,
  0xDF, 0x1C, 0xDF, 0x1C, 0xDF, 0x1C, 0xDF, 0x1C, 0xDF, 0x1C, 0xDF, 0x3C, 0xE7, 0x3C, 0xE7, 0x3B,
  0xE7, 0x3C, 0xE7, 0x5D, 0xE7, 0x5D, 0xE7, 0x5D, 0xE7, 0x5D, 0xE7, 0x7D, 0xE7, 0x7C, 0xE7, 0x7D,
  0xDF, 0x3C, 0xD7, 0x3C, 0xD7, 0x3C, 0xD7, 0x3C, 0xD7, 0x3C, 0xD7, 0x3C, 0xD7, 0x3C, 0xDF, 0x3C,
  0xE7, 0x1C, 0xDF, 0x1C, 0xDF, 0x3C, 0xDF, 0x3C, 0xD7, 0x3C, 0xD7, 0x3C, 0xD7, 0x1C, 0xDF, 0x1C,
  0xDF, 0x1C, 0xDF, 0x1C, 0xDF, 0x1B, 0xDF, 0x1B, 0xD7, 0x1B, 0xD7, 0x1B, 0xD7, 0x1A, 0xD6, 0xFA,
  0xD6, 0xFA, 0xD7, 0x1A, 0xD7, 0x1A, 0xDF, 0x1A, 0xD7, 0x1B, 0xCF, 0x1B, 0xD6, 0xFB, 0xD6, 0xFB,
  0xD6, 0xFB, 0xD6, 0xFB, 0xD6, 0xDA, 0xD6, 0xDA, 0xD6, 0xDA, 0xCE, 0xBA, 0xCE, 0xBA, 0xCE, 0xB9,
  0xCE, 0xB9, 0xCE, 0xBA, 0xD6, 0xDA, 0xD6, 0xDA, 0xD6, 0xDB, 0xD6, 0xDB, 0xD6, 0xDB, 0xD6, 0xDB,
  0xCE, 0xDA, 0xCE, 0xBA, 0xCE, 0xBA, 0xCE, 0xBA, 0xC6, 0xB9, 0xCE, 0xBA, 0xCE, 0xBA, 0xCE, 0xBA,
  0xCE, 0xBA, 0xCE, 0xBA, 0xCE, 0xBA, 0xCE, 0xBA, 0xCE, 0x9A, 0xCE, 0x9A, 0xCE, 0x99, 0xC6, 0x99,
  0xC6, 0x98, 0xC6, 0x98, 0xC6, 0x78, 0xC6, 0x79, 0xC6, 0x79, 0xC6, 0x79, 0xC6, 0x79, 0xC6, 0x79,
  0xC6, 0x79, 0xC6, 0x79, 0xC6, 0x79, 0xC6, 0x79, 0xC6, 0x79, 0xC6, 0x79, 0xC6, 0x79, 0xC6, 0x79,
  0xC6, 0x79, 0xC6, 0x79, 0xC6, 0x79, 0xC6, 0x79, 0xC6, 0x79, 0xBE, 0x59, 0xB6, 0x58, 0xB6, 0x58,
  0xB6, 0x58, 0xB6, 0x58, 0xBE, 0x59, 0xBE, 0x58, 0xBE, 0x57, 0xBE, 0x58, 0xBE, 0x58, 0xBE, 0x58,
  0xBE, 0x58, 0xBE, 0x58, 0xBE, 0x58, 0xBE, 0x58, 0xBE, 0x58, 0xBE, 0x58, 0xBE, 0x57, 0xBE, 0x57,
  0xB6, 0x59, 0xBE, 0x59, 0xC6, 0x79, 0xC6, 0x79, 0xC6, 0x79, 0xC6, 0x79, 0xC6, 0x79, 0xBE, 0x59,
  0xBE, 0x59, 0xBE, 0x59, 0xBE, 0x59, 0xBE, 0x59, 0xBE, 0x59, 0xBE, 0x59, 0xBE, 0x59, 0xBE, 0x59,
  0xBE, 0x59, 0xB6, 0x59, 0xBE, 0x59, 0xBE, 0x79, 0xC6, 0x79, 0xC6, 0x79, 0xC6, 0x79, 0xC6, 0x79,
  0xC6, 0x99, 0xC6, 0x9A, 0xCE, 0xDB, 0xBE, 0x5A, 0xB6, 0x19, 0xBE, 0x39, 0xB6, 0x19, 0xBE, 0x5A,
  0xC6, 0x7B, 0xBE, 0x7B, 0xC6, 0x9A, 0xD6, 0xFC, 0xD6, 0xFB, 0xD6, 0xDB, 0xD6, 0xDB, 0xD6, 0xDA,
  0xD6, 0xDB, 0xD6, 0xDB, 0xCE, 0xDB, 0xCE, 0xBA, 0xCE, 0xB9, 0xCE, 0xBA, 0xCE, 0xBA, 0xCE, 0xBA,
  0xCE, 0xBA, 0xCE, 0x9A, 0xCE, 0x9A, 0xCE, 0x9A, 0xCE, 0x9A, 0xCE, 0x9A, 0xCE, 0x9A, 0xCE, 0x9A,
  0xCE, 0x9A, 0xCE, 0x9A, 0xC6, 0x79, 0xBE, 0x78, 0xC6, 0x79, 0xC6, 0x79, 0xC6, 0x79, 0xC6, 0x79,
  0xC6, 0x79, 0xC6, 0x79, 0xC6, 0x79, 0xC6, 0x78, 0xC6, 0x79, 0xC6, 0x79, 0xC6, 0x78, 0xC6, 0x79,
  0xC6, 0x79, 0xC6, 0x79, 0xC6, 0x79, 0xC6, 0x79, 0xC6, 0x79, 0xC6, 0x79, 0xC6, 0x79, 0xC6, 0x79,
  0xC6, 0x99, 0xC6, 0x99, 0xC6, 0x99, 0xC6, 0x99, 0xBE, 0x99, 0xC6, 0x99, 0xCE, 0x98, 0xCE, 0x98,
  0xCE, 0x98, 0xCE, 0x99, 0xCE, 0x99, 0xCE, 0x9A, 0xCE, 0x9A, 0xCE, 0x9A, 0xCE, 0x9A, 0xCE, 0x9A,
  0xCE, 0xBA, 0xCE, 0xBA, 0xCE, 0xBA, 0xCE, 0xBA, 0xCE, 0xBA, 0xCE, 0xBA, 0xCE, 0xBA, 0xCE, 0xBA,
  0xCE, 0xBA, 0xC6, 0xDA, 0xCE, 0xDB, 0xD6, 0xDB, 0xD6, 0xDB, 0xD6, 0xDB, 0xD6, 0xDB, 0xD6, 0xFB,
  0xD6, 0xFB, 0xCE, 0xFA, 0xD6, 0xFB, 0xDF, 0x1C, 0xDF, 0x1C, 0xDF, 0x1C, 0xDF, 0x1C, 0xDF, 0x1C,
  0xDF, 0x1C, 0xDF, 0x1C, 0xDF, 0x1C, 0xD7, 0x1C, 0xDF, 0x3C, 0xDF, 0x3C, 0xE7, 0x3C, 0xE7, 0x3C,
  0xE7, 0x5D, 0xE7, 0x5D, 0xE7, 0x5D, 0xE7, 0x5D, 0xE7, 0x7D, 0xE7, 0x7C, 0xE7, 0x7D, 0xEF, 0x9E,
  0xDF, 0x3B, 0xDF, 0x3B, 0xDF, 0x3C, 0xDF, 0x3C, 0xDF, 0x3C, 0xDF, 0x3C, 0xDF, 0x3C, 0xDF, 0x3C,
  0xE7, 0x3C, 0xE7, 0x3C, 0xE7, 0x3C, 0xDF, 0x3C, 0xDF, 0x3C, 0xDF, 0x3C, 0xDF, 0x3B, 0xDF, 0x3B,
  0xDF, 0x3C, 0xDF, 0x1C, 0xDF, 0x1C, 0xDF, 0x1C, 0xDF, 0x1C, 0xDF, 0x1B, 0xDF, 0x1B, 0xD7, 0x1B,
  0xD7, 0x1B, 0xDF, 0x1B, 0xDF, 0x1B, 0xDF, 0x1B, 0xD7, 0x1B, 0xD7, 0x1B, 0xD7, 0x1B, 0xD6, 0xFA,
  0xD6, 0xFB, 0xCE, 0xFB, 0xCE, 0xFB, 0xD6, 0xDB, 0xD6, 0xDB, 0xD6, 0xDB, 0xD6, 0xDA, 0xD6, 0xDA,
  0xD6, 0xDA, 0xD6, 0xDA, 0xD6, 0xFB, 0xD6, 0xFB, 0xD6, 0xFA, 0xD6, 0xFB, 0xD6, 0xFB, 0xD6, 0xFA,
  0xD6, 0xFB, 0xD6, 0xDB, 0xD6, 0xDB, 0xCE, 0xDA, 0xCE, 0xD9, 0xCE, 0xDA, 0xCE, 0xDA, 0xCE, 0xDA,
  0xCE, 0xDA, 0xCE, 0xBA, 0xCE, 0xB9, 0xCE, 0xB9, 0xC6, 0xBA, 0xCE, 0xBA, 0xCE, 0x9A, 0xCE, 0x9A,
  0xCE, 0x99, 0xCE, 0x99, 0xC6, 0x99, 0xC6, 0x99, 0xC6, 0x79, 0xC6, 0x79, 0xC6, 0x79, 0xC6, 0x79,
  0xC6, 0x79, 0xC6, 0x79, 0xC6, 0x79, 0xC6, 0x79, 0xC6, 0x79, 0xC6, 0x79, 0xC6, 0x79, 0xC6, 0x79,
  0xC6, 0x79, 0xC6, 0x79, 0xC6, 0x79, 0xC6, 0x79, 0xC6, 0x79, 0xBE, 0x59, 0xBE, 0x59, 0xBE, 0x59,
  0xBE, 0x58, 0xBE, 0x59, 0xBE, 0x59, 0xBE, 0x59, 0xBE, 0x58, 0xBE, 0x58, 0xB6, 0x58, 0xBE, 0x58,
  0xBE, 0x58, 0xBE, 0x58, 0xBE, 0x58, 0xBE, 0x58, 0xBE, 0x58, 0xBE, 0x58, 0xBE, 0x58, 0xBE, 0x58,
  0xB6, 0x59, 0xBE, 0x59, 0xC6, 0x79, 0xC6, 0x79, 0xC6, 0x79, 0xC6, 0x79, 0xC6, 0x79, 0xBE, 0x59,
  0xB6, 0x59, 0xB6, 0x59, 0xB6, 0x59, 0xB6, 0x59, 0xB6, 0x59, 0xB6, 0x59, 0xB6, 0x59, 0xBE, 0x59,
  0xBE, 0x59, 0xBE, 0x59, 0xBE, 0x59, 0xBE, 0x79, 0xC6, 0x79, 0xC6, 0x79, 0xC6, 0x79, 0xC6, 0x79,
  0xC6, 0x99, 0xC6, 0x9A, 0xCE, 0xDB, 0xBE, 0x5A, 0xB6, 0x19, 0xBE, 0x19, 0xB6, 0x1A, 0xBE, 0x7A,
  0xC6, 0x9B, 0xC6, 0x7B, 0xC6, 0x9A, 0xD6, 0xFC, 0xD6, 0xFC, 0xD6, 0xFC, 0xD6, 0xFB, 0xD6, 0xDA,
  0xD6, 0xDB, 0xD6, 0xDB, 0xCE, 0xDB, 0xC6, 0xDB, 0xCE, 0xBA, 0xCE, 0xBA, 0xCE, 0xBA, 0xCE, 0xBA,
  0xC6, 0xBA, 0xCE, 0x9A, 0xCE, 0x9A, 0xCE, 0x9A, 0xCE, 0x9A, 0xCE, 0x7A, 0xCE, 0x9A, 0xCE, 0x9A,
  0xCE, 0x9A, 0xCE, 0x9A, 0xCE, 0x79, 0xC6, 0x78, 0xC6, 0x79, 0xC6, 0x79, 0xC6, 0x79, 0xC6, 0x79,
  0xC6, 0x79, 0xC6, 0x79, 0xC6, 0x79, 0xC6, 0x79, 0xC6, 0x79, 0xC6, 0x79, 0xC6, 0x79, 0xC6, 0x79,
  0xC6, 0x79, 0xC6, 0x79, 0xC6, 0x79, 0xC6, 0x79, 0xC6, 0x79, 0xC6, 0x79, 0xC6, 0x79, 0xC6, 0x79,
  0xC6, 0x99, 0xC6, 0x99, 0xC6, 0x99, 0xC6, 0x99, 0xBE, 0x99, 0xC6, 0x99, 0xCE, 0x99, 0xCE, 0x99,
  0xCE, 0x99, 0xCE, 0x9A, 0xCE, 0x9A, 0xCE, 0x9A, 0xCE, 0x9A, 0xCE, 0x9A, 0xCE, 0x9A, 0xCE, 0xBA,
  0xCE, 0xBA, 0xCE, 0xBA, 0xCE, 0xBA, 0xCE, 0xBA, 0xCE, 0xBA, 0xCE, 0xBA, 0xCE, 0xBA, 0xCE, 0xBA,
  0xCE, 0xDB, 0xCE, 0xDB, 0xD6, 0xDB, 0xD6, 0xDB, 0xD6, 0xDB, 0xD6, 0xFB, 0xD6, 0xFB, 0xD6, 0xFB,
  0xD6, 0xFB, 0xCE, 0xFA, 0xD6, 0xFB, 0xDF, 0x1C, 0xDF, 0x1C, 0xDF, 0x1C, 0xDF, 0x1C, 0xDF, 0x1C,
  0xDF, 0x1C, 0xDF, 0x1C, 0xDF, 0x1C, 0xDF, 0x3C, 0xDF, 0x3C, 0xE7, 0x3C, 0xE7, 0x3C, 0xE7, 0x5D,
  0xE7, 0x5D, 0xE7, 0x5D, 0xE7, 0x5D, 0xDF, 0x7D, 0xE7, 0x7D, 0xE7, 0x7D, 0xE7, 0x9E, 0xEF, 0x9E,
  0xE7, 0x5C, 0xE7, 0x5C, 0xE7, 0x5C, 0xE7, 0x5D, 0xE7, 0x5D, 0xE7, 0x5D, 0xE7, 0x5D, 0xE7, 0x5D,
  0xE7, 0x5D, 0xE7, 0x5D, 0xE7, 0x5D, 0xE7, 0x5D, 0xE7, 0x5D, 0xE7, 0x5C, 0xE7, 0x5C, 0xE7, 0x3C,
  0xE7, 0x3C, 0xDF, 0x3B, 0xDF, 0x3C, 0xD7, 0x3C, 0xD7, 0x3C, 0xDF, 0x3C, 0xDF, 0x1C, 0xDF, 0x1C,
  0xDF, 0x1C, 0xDF, 0x1C, 0xDF, 0x1C, 0xDF, 0x1C, 0xDF, 0x1C, 0xDF, 0x1C, 0xDF, 0x1B, 0xDF, 0x1B,
  0xD7, 0x1B, 0xD7, 0x1A, 0xD7, 0x1A, 0xD6, 0xFA, 0xCE, 0xFB, 0xD6, 0xFB, 0xD6, 0xFB, 0xD6, 0xFB,
  0xD6, 0xFB, 0xCE, 0xFB, 0xD6, 0xFA, 0xD7, 0x1A, 0xD7, 0x1B, 0xDF, 0x1B, 0xDF, 0x1B, 0xDF, 0x1B,
  0xD6, 0xFB, 0xD6, 0xFA, 0xCE, 0xFB, 0xD6, 0xFB, 0xD6, 0xDB, 0xD6, 0xDB, 0xD6, 0xDB, 0xD6, 0xDB,
  0xD6, 0xDB, 0xD6, 0xDB, 0xD6, 0xDA, 0xCE, 0xDA, 0xCE, 0xBA, 0xCE, 0xB9, 0xC6, 0xB9, 0xCE, 0xBA,
  0xCE, 0xBA, 0xCE, 0xBA, 0xCE, 0x9A, 0xCE, 0xBA, 0xC6, 0x9A, 0xC6, 0x99, 0xBE, 0x99, 0xC6, 0x98,
  0xC6, 0x79, 0xC6, 0x79, 0xC6, 0x79, 0xC6, 0x79, 0xC6, 0x79, 0xC6, 0x79, 0xC6, 0x79, 0xC6, 0x79,
  0xC6, 0x79, 0xC6, 0x79, 0xC6, 0x79, 0xC6, 0x79, 0xC6, 0x79, 0xC6, 0x79, 0xC6, 0x59, 0xC6, 0x59,
  0xC6, 0x79, 0xC6, 0x79, 0xC6, 0x79, 0xC6, 0x79, 0xC6, 0x79, 0xC6, 0x59, 0xBE, 0x59, 0xBE, 0x59,
  0xB6, 0x59, 0xB6, 0x59, 0xB6, 0x59, 0xB6, 0x59, 0xB6, 0x59, 0xB6, 0x59, 0xB6, 0x59, 0xB6, 0x59,
  0xC6, 0x79, 0xC6, 0x79, 0xC6, 0x79, 0xC6, 0x79, 0xC6, 0x79, 0xC6, 0x79, 0xBE, 0x59, 0xB6, 0x59,
  0xBE, 0x59, 0xBE, 0x59, 0xBE, 0x59, 0xBE, 0x58, 0xBE, 0x58, 0xBE, 0x58, 0xB6, 0x58, 0xBE, 0x59,
  0xC6, 0x59, 0xC6, 0x59, 0xC6, 0x79, 0xC6, 0x79, 0xC6, 0x79, 0xC6, 0x79, 0xC6, 0x79, 0xC6, 0x79,
  0xC6, 0x99, 0xC6, 0x9A, 0xCE, 0xDB, 0xBE, 0x5A, 0xB6, 0x19, 0xBE, 0x39, 0xB6, 0x19, 0xBE, 0x7A,
  0xC6, 0x9B, 0xC6, 0x7A, 0xC6, 0x9B, 0xD6, 0xFC, 0xD6, 0xFC, 0xD6, 0xFB, 0xD6, 0xFB, 0xD6, 0xFA,
  0xD6, 0xDB, 0xD6, 0xDB, 0xCE, 0xDB, 0xCE, 0xDB, 0xC6, 0xDB, 0xC6, 0xDB, 0xC6, 0xBA, 0xCE, 0xBA,
  0xCE, 0xBA, 0xCE, 0xB9, 0xCE, 0x9A, 0xCE, 0x9A, 0xCE, 0x9A, 0xC6, 0x59, 0xBE, 0x18, 0xC6, 0x79,
  0xCE, 0x9A, 0xCE, 0x9A, 0xCE, 0x79, 0xC6, 0x79, 0xBE, 0x78, 0xBE, 0x78, 0xC6, 0x79, 0xC6, 0x79,
  0xC6, 0x79, 0xC6, 0x79, 0xC6, 0x79, 0xC6, 0x79, 0xC6, 0x79, 0xC6, 0x79, 0xC6, 0x79, 0xC6, 0x79,
  0xC6, 0x79, 0xC6, 0x79, 0xC6, 0x79, 0xC6, 0x99, 0xC6, 0x99, 0xC6, 0x99, 0xC6, 0x99, 0xC6, 0x99,
  0xC6, 0x99, 0xC6, 0x99, 0xC6, 0x99, 0xC6, 0x99, 0xCE, 0x98, 0xCE, 0x99, 0xCE, 0x9A, 0xCE, 0x9A,
  0xCE, 0x9A, 0xCE, 0x9A, 0xCE, 0x9A, 0xCE, 0x9A, 0xCE, 0x9A, 0xCE, 0x9A, 0xCE, 0x9A, 0xCE, 0xBA,
  0xCE, 0xBA, 0xCE, 0xBA, 0xCE, 0xBA, 0xCE, 0xBA, 0xCE, 0xBA, 0xCE, 0xBA, 0xCE, 0xBA, 0xC6, 0xBA,
  0xCE, 0xDB, 0xD6, 0xDB, 0xD6, 0xDB, 0xD6, 0xDB, 0xD6, 0xDB, 0xD6, 0xFB, 0xD6, 0xFB, 0xD6, 0xFB,
  0xD6, 0xFB, 0xCE, 0xFA, 0xD7, 0x1B, 0xDF, 0x1C, 0xDF, 0x1C, 0xDF, 0x1C, 0xDF, 0x1C, 0xDF, 0x1C,
  0xDF, 0x1C, 0xDF, 0x3C, 0xDF, 0x3C, 0xE7, 0x3C, 0xE7, 0x3C, 0xE7, 0x3C, 0xE7, 0x5D, 0xE7, 0x5D,
  0xE7, 0x5D, 0xE7, 0x5D, 0xE7, 0x7D, 0xDF, 0x7D, 0xE7, 0x7C, 0xEF, 0x7D, 0xE7, 0x9E, 0xEF, 0x9E,
  0xE7, 0x5C, 0xDF, 0x5C, 0xE7, 0x5D, 0xE7, 0x5D, 0xE7, 0x5D, 0xE7, 0x5D, 0xEF, 0x7D, 0xEF, 0x7D,
  0xEF, 0x7D, 0xEF, 0x7D, 0xEF, 0x7C, 0xE7, 0x7D, 0xE7, 0x7D, 0xE7, 0x7D, 0xE7, 0x7D, 0xE7, 0x5D,
  0xE7, 0x5D, 0xE7, 0x5C, 0xDF, 0x5B, 0xDF, 0x3C, 0xDF, 0x3C, 0xDF, 0x3C, 0xDF, 0x3C, 0xDF, 0x3C,
  0xDF, 0x3C, 0xDF, 0x3C, 0xDF, 0x3C, 0xDF, 0x3C, 0xDF, 0x3C, 0xDF, 0x1C, 0xDF, 0x1C, 0xDF, 0x1C,
  0xDF, 0x1C, 0xDF, 0x1B, 0xDF, 0x1B, 0xD7, 0x1B, 0xD7, 0x1B, 0xD6, 0xFB, 0xD6, 0xFA, 0xD6, 0xFA,
  0xD6, 0xFB, 0xD7, 0x1B, 0xD7, 0x1B, 0xDF, 0x1B, 0xDF, 0x1C, 0xDF, 0x3C, 0xDF, 0x3C, 0xDF, 0x3C,
  0xDF, 0x1B, 0xD7, 0x1B, 0xD7, 0x1B, 0xD6, 0xFB, 0xD6, 0xFB, 0xD6, 0xFB, 0xD6, 0xFB, 0xD6, 0xFB,
  0xD6, 0xFA, 0xD6, 0xFB, 0xCE, 0xFB, 0xD6, 0xDB, 0xD6, 0xDA, 0xCE, 0xDA, 0xCE, 0xDA, 0xCE, 0xBA,
  0xCE, 0xBA, 0xCE, 0xBA, 0xCE, 0xBA, 0xC6, 0xB9, 0xCE, 0xBA, 0xC6, 0x9A, 0xC6, 0x9A, 0xC6, 0x99,
  0xBE, 0x99, 0xBE, 0x78, 0xBE, 0x78, 0xBE, 0x78, 0xBE, 0x78, 0xC6, 0x78, 0xC6, 0x78, 0xC6, 0x79,
  0xC6, 0x79, 0xC6, 0x79, 0xC6, 0x79, 0xC6, 0x79, 0xC6, 0x79, 0xC6, 0x79, 0xC6, 0x79, 0xC6, 0x79,
  0xC6, 0x79, 0xBE, 0x78, 0xC6, 0x78, 0xC6, 0x78, 0xC6, 0x78, 0xC6, 0x78, 0xC6, 0x58, 0xBE, 0x59,
  0xBE, 0x59, 0xBE, 0x59, 0xBE, 0x59, 0xBE, 0x59, 0xBE, 0x59, 0xBE, 0x59, 0xBE, 0x59, 0xBE, 0x59,
  0xC6, 0x79, 0xC6, 0x79, 0xC6, 0x79, 0xC6, 0x79, 0xC6, 0x79, 0xC6, 0x79, 0xBE, 0x79, 0xBE, 0x59,
  0xBE, 0x59, 0xBE, 0x58, 0xBE, 0x58, 0xBE, 0x58, 0xBE, 0x57, 0xBE, 0x58, 0xBE, 0x57, 0xBE, 0x58,
  0xBE, 0x58, 0xC6, 0x58, 0xC6, 0x79, 0xC6, 0x79, 0xC6, 0x79, 0xC6, 0x79, 0xC6, 0x78, 0xBE, 0x99,
  0xC6, 0x9A, 0xC6, 0x9A, 0xCE, 0xDB, 0xBE, 0x5A, 0xB6, 0x19, 0xBE, 0x19, 0xB6, 0x1A, 0xBE, 0x7A,
  0xC6, 0x9B, 0xC6, 0x7A, 0xC6, 0x9B, 0xD6, 0xFC, 0xD6, 0xFC, 0xD6, 0xFB, 0xD6, 0xFB, 0xD6, 0xFB,
  0xD6, 0xDB, 0xD6, 0xDB, 0xD6, 0xDB, 0xD6, 0xDB, 0xCE, 0xDB, 0xCE, 0xDB, 0xCE, 0xDB, 0xCE, 0xDB,
  0xD6, 0xBB, 0xCE, 0x9A, 0xC6, 0x9A, 0xCE, 0x99, 0xCE, 0x79, 0xBD, 0xD7, 0xBD, 0x14, 0xC5, 0x96,
  0xCE, 0x79, 0xCE, 0x79, 0xC6, 0x79, 0xC6, 0x79, 0xC6, 0x79, 0xC6, 0x79, 0xC6, 0x79, 0xBE, 0x78,
  0xC6, 0x79, 0xC6, 0x79, 0xC6, 0x79, 0xC6, 0x79, 0xC6, 0x79, 0xC6, 0x79, 0xC6, 0x79, 0xC6, 0x79,
  0xC6, 0x79, 0xC6, 0x99, 0xC6, 0x99, 0xC6, 0x99, 0xC6, 0x99, 0xC6, 0x99, 0xC6, 0x99, 0xC6, 0x99,
  0xC6, 0x99, 0xC6, 0x99, 0xC6, 0x99, 0xC6, 0x98, 0xCE, 0x98, 0xCE, 0x99, 0xCE, 0x9A, 0xCE, 0x9A,
  0xCE, 0x9A, 0xCE, 0x9A, 0xCE, 0x9A, 0xCE, 0x9A, 0xCE, 0x9A, 0xCE, 0x9A, 0xCE, 0xBA, 0xCE, 0xBA,
  0xCE, 0xBA, 0xCE, 0xBA, 0xCE, 0xBA, 0xCE, 0xBA, 0xCE, 0xBA, 0xCE, 0xB9, 0xCE, 0xBA, 0xCE, 0xDA,
  0xCE, 0xDB, 0xD6, 0xDB, 0xD6, 0xDB, 0xD6, 0xDB, 0xD6, 0xFB, 0xD6, 0xFB, 0xD6, 0xFB, 0xD6, 0xFA,
  0xD6, 0xFB, 0xD6, 0xFB, 0xD7, 0x1C, 0xDF, 0x1C, 0xDF, 0x1C, 0xDF, 0x1C, 0xDF, 0x1C, 0xD7, 0x1C,
  0xDF, 0x3C, 0xDF, 0x3C, 0xDF, 0x3B, 0xE7, 0x3B, 0xE7, 0x3C, 0xE7, 0x3C, 0xE7, 0x5D, 0xE7, 0x5D,
  0xE7, 0x5D, 0xE7, 0x7D, 0xE7, 0x7D, 0xE7, 0x7C, 0xE7, 0x7D, 0xEF, 0x7E, 0xEF, 0x9E, 0xEF, 0x9E,
  0xE7, 0x5D, 0xE7, 0x5C, 0xEF, 0x7D, 0xEF, 0x7D, 0xEF, 0x9C, 0xEF, 0x9C, 0xE7, 0x7D, 0xE7, 0x7D,
  0xE7, 0x7D, 0xE7, 0x7D, 0xE7, 0x7D, 0xEF, 0x9D, 0xEF, 0x9D, 0xE7, 0x7D, 0xEF, 0x9D, 0xEF, 0x7C,
  0xDF, 0x7D, 0xE7, 0x5C, 0xE7, 0x5B, 0xE7, 0x5C, 0xE7, 0x3C, 0xE7, 0x3C, 0xE7, 0x3C, 0xE7, 0x3C,
  0xDF, 0x3C, 0xDF, 0x3C, 0xD7, 0x3C, 0xD7, 0x3C, 0xD7, 0x3C, 0xD7, 0x3C, 0xD7, 0x3B, 0xD7, 0x3B,
  0xD7, 0x3C, 0xD7, 0x3C, 0xD7, 0x1C, 0xDF, 0x3C, 0xDF, 0x3C, 0xDF, 0x1B, 0xDF, 0x1B, 0xDF, 0x1B,
  0xDF, 0x1C, 0xDF, 0x1C, 0xDF, 0x1C, 0xDF, 0x3C, 0xDF, 0x3C, 0xD7, 0x3C, 0xDF, 0x3C, 0xDF, 0x3C,
  0xD7, 0x3C, 0xDF, 0x1C, 0xDF, 0x3C, 0xDF, 0x1C, 0xDF, 0x1C, 0xDF, 0x1C, 0xDF, 0x1C, 0xDF, 0x1B,
  0xDF, 0x1B, 0xD7, 0x1B, 0xD6, 0xFA, 0xD6, 0xFA, 0xCE, 0xFB, 0xD6, 0xFB, 0xD6, 0xDB, 0xCE, 0xDA,
  0xCE, 0xDB, 0xD6, 0xDA, 0xCE, 0xDA, 0xCE, 0xDA, 0xC6, 0xB9, 0xCE, 0xB9, 0xCE, 0xBA, 0xCE, 0xBA,
  0xC6, 0x99, 0xC6, 0x99, 0xC6, 0x99, 0xC6, 0x99, 0xC6, 0x99, 0xC6, 0x99, 0xBE, 0x99, 0xBE, 0x99,
  0xC6, 0x98, 0xC6, 0x79, 0xC6, 0x99, 0xC6, 0x79, 0xC6, 0x79, 0xC6, 0x79, 0xC6, 0x79, 0xC6, 0x78,
  0xC6, 0x99, 0xC6, 0x99, 0xC6, 0x99, 0xBE, 0x99, 0xBE, 0x99, 0xC6, 0x99, 0xC6, 0x79, 0xC6, 0x79,
  0xC6, 0x79, 0xC6, 0x79, 0xC6, 0x79, 0xC6, 0x79, 0xC6, 0x79, 0xC6, 0x79, 0xC6, 0x79, 0xC6, 0x79,
  0xC6, 0x79, 0xC6, 0x79, 0xC6, 0x79, 0xC6, 0x79, 0xC6, 0x79, 0xC6, 0x79, 0xC6, 0x79, 0xBE, 0x59,
  0xBE, 0x39, 0xBE, 0x58, 0xBE, 0x57, 0xBE, 0x58, 0xBE, 0x58, 0xBE, 0x58, 0xBE, 0x58, 0xB6, 0x58,
  0xBE, 0x57, 0xC6, 0x58, 0xC6, 0x79, 0xC6, 0x79, 0xC6, 0x79, 0xC6, 0x79, 0xC6, 0x98, 0xBE, 0x99,
  0xC6, 0x9A, 0xCE, 0xBA, 0xCE, 0xDB, 0xBE, 0x59, 0xB6, 0x19, 0xBE, 0x18, 0xB6, 0x19, 0xBE, 0x5A,
  0xC6, 0x7B, 0xBE, 0x7A, 0xC6, 0x9B, 0xD6, 0xFC, 0xD6, 0xFC, 0xD6, 0xFC, 0xD6, 0xFC, 0xD6, 0xFB,
  0xD6, 0xDA, 0xD6, 0xDB, 0xD6, 0xDB, 0xD6, 0xDB, 0xD6, 0xDB, 0xD6, 0xDB, 0xCE, 0xDB, 0xCE, 0xDB,
  0xD6, 0xBB, 0xCE, 0xBA, 0xC6, 0x99, 0xCE, 0x7A, 0xC6, 0x38, 0xBD, 0x35, 0xE5, 0x35, 0xD4, 0xF4,
  0xC5, 0x97, 0xCE, 0x79, 0xC6, 0x58, 0xC6, 0x78, 0xCE, 0x7A, 0xCE, 0x9A, 0xCE, 0x7A, 0xC6, 0x79,
  0xBE, 0x78, 0xBE, 0x78, 0xC6, 0x79, 0xC6, 0x79, 0xC6, 0x79, 0xC6, 0x79, 0xC6, 0x79, 0xC6, 0x79,
  0xC6, 0x99, 0xC6, 0x99, 0xC6, 0x99, 0xC6, 0x99, 0xC6, 0x99, 0xC6, 0x99, 0xC6, 0x99, 0xC6, 0x99,
  0xBE, 0x99, 0xC6, 0x99, 0xCE, 0x99, 0xCE, 0x99, 0xCE, 0x99, 0xCE, 0x99, 0xCE, 0x9A, 0xCE, 0x9A,
  0xCE, 0x9A, 0xCE, 0x9A, 0xCE, 0x9A, 0xCE, 0x9A, 0xCE, 0x9A, 0xCE, 0x9A, 0xCE, 0xBA, 0xCE, 0xBA,
  0xCE, 0xBA, 0xCE, 0xBA, 0xCE, 0xBA, 0xCE, 0xB9, 0xCE, 0xDA, 0xCE, 0xDA, 0xC6, 0xD9, 0xCE, 0xDA,
  0xD6, 0xDB, 0xD6, 0xDB, 0xD6, 0xDB, 0xD6, 0xFB, 0xCE, 0xFB, 0xD6, 0xFB, 0xDE, 0xFA, 0xDE, 0xFB,
  0xDF, 0x1C, 0xDF, 0x1C, 0xDF, 0x1C, 0xDF, 0x1C, 0xDF, 0x1C, 0xDF, 0x1C, 0xDF, 0x3C, 0xDF, 0x3C,
  0xE7, 0x3C, 0xE7, 0x3B, 0xE7, 0x3C, 0xE7, 0x3C, 0xE7, 0x5D, 0xE7, 0x5D, 0xE7, 0x5D, 0xE7, 0x7D,
  0xE7, 0x7D, 0xE7, 0x7D, 0xDF, 0x7D, 0xE7, 0x7D, 0xEF, 0x9E, 0xEF, 0x9E, 0xEF, 0x9E, 0xEF, 0x9E,
  0xE7, 0x7D, 0xEF, 0x7D, 0xE7, 0x7C, 0xEF, 0x9D, 0xEF, 0x9D, 0xEF, 0x9D, 0xEF, 0x9E, 0xEF, 0x9E,
  0xEF, 0x9E, 0xEF, 0x9E, 0xEF, 0x9E, 0xEF, 0xBE, 0xEF, 0xBE, 0xEF, 0x9E, 0xEF, 0x9E, 0xE7, 0x9D,
  0xE7, 0x7C, 0xE7, 0x7D, 0xDF, 0x5C, 0xE7, 0x5C, 0xE7, 0x5C, 0xE7, 0x5C, 0xE7, 0x3C, 0xE7, 0x3B,
  0xDF, 0x5C, 0xDF, 0x5C, 0xDF, 0x5B, 0xDF, 0x5B, 0xDF, 0x5B, 0xDF, 0x5C, 0xDF, 0x5C, 0xDF, 0x5C,
  0xDF, 0x5C, 0xDF, 0x3C, 0xDF, 0x3C, 0xD7, 0x3C, 0xDF, 0x3C, 0xDF, 0x3C, 0xDF, 0x3C, 0xDF, 0x3C,
  0xDF, 0x3C, 0xDF, 0x3C, 0xDF, 0x3C, 0xD7, 0x3C, 0xDF, 0x3C, 0xDF, 0x3C, 0xE7, 0x3C, 0xE7, 0x3C,
  0xDF, 0x3C, 0xDF, 0x3C, 0xDF, 0x3C, 0xDF, 0x3B, 0xDF, 0x3C, 0xDF, 0x3C, 0xDF, 0x3C, 0xDF, 0x3C,
  0xD7, 0x3C, 0xDF, 0x1C, 0xDF, 0x1B, 0xD7, 0x1B, 0xD6, 0xFB, 0xD6, 0xFB, 0xD6, 0xFB, 0xD6, 0xFB,
  0xD6, 0xFB, 0xD6, 0xFB, 0xD6, 0xFB, 0xD6, 0xDB, 0xCE, 0xDA, 0xCE, 0xDA, 0xCE, 0xB9, 0xCE, 0xB9,
  0xCE, 0xBA, 0xCE, 0xBA, 0xCE, 0xBA, 0xCE, 0xBA, 0xCE, 0xBA, 0xC6, 0x9A, 0xC6, 0x9A, 0xC6, 0x99,
  0xC6, 0x99, 0xC6, 0x99, 0xBE, 0x79, 0xBE, 0x79, 0xBE, 0x79, 0xBE, 0x79, 0xBE, 0x79, 0xBE, 0x99,
  0xC6, 0x99, 0xCE, 0x9A, 0xC6, 0x9A, 0xC6, 0x9A, 0xC6, 0x9A, 0xC6, 0x9A, 0xC6, 0x9A, 0xC6, 0x99,
  0xC6, 0x78, 0xC6, 0x78, 0xBE, 0x78, 0xBE, 0x78, 0xC6, 0x78, 0xC6, 0x78, 0xC6, 0x79, 0xC6, 0x79,
  0xC6, 0x79, 0xC6, 0x79, 0xC6, 0x79, 0xC6, 0x79, 0xC6, 0x79, 0xC6, 0x79, 0xC6, 0x79, 0xBE, 0x59,
  0xB6, 0x59, 0xBE, 0x58, 0xBE, 0x57, 0xBE, 0x58, 0xBE, 0x58, 0xBE, 0x58, 0xBE, 0x58, 0xBE, 0x58,
  0xB6, 0x57, 0xBE, 0x58, 0xC6, 0x79, 0xC6, 0x79, 0xC6, 0x79, 0xC6, 0x79, 0xC6, 0x98, 0xBE, 0x99,
  0xC6, 0x9A, 0xCE, 0xBA, 0xCE, 0xDB, 0xBE, 0x59, 0xBE, 0x19, 0xB6, 0x19, 0xB6, 0x19, 0xBE, 0x5A,
  0xC6, 0x7B, 0xC6, 0x7A, 0xC6, 0x9B, 0xD6, 0xFC, 0xD6, 0xFC, 0xCE, 0xDB, 0xD6, 0xFC, 0xD6, 0xFB,
  0xD6, 0xFB, 0xD6, 0xDB, 0xD6, 0xDB, 0xD6, 0xDB, 0xD6, 0xDB, 0xD6, 0xDB, 0xCE, 0xDB, 0xCE, 0xDB,
  0xD6, 0xDB, 0xCE, 0xBA, 0xC6, 0x99, 0xCE, 0x9A, 0xBD, 0xB7, 0xCC, 0xD3, 0xF4, 0xF5, 0xEC, 0xF4,
  0xCC, 0xF4, 0xC5, 0xF7, 0xCE, 0x59, 0xC6, 0x79, 0xC6, 0x9A, 0xCE, 0x9A, 0xCE, 0x9A, 0xCE, 0x7A,
  0xC6, 0x79, 0xC6, 0x79, 0xC6, 0x79, 0xC6, 0x79, 0xBE, 0x78, 0xC6, 0x78, 0xC6, 0x79, 0xC6, 0x79,
  0xC6, 0x79, 0xC6, 0x99, 0xC6, 0x99, 0xC6, 0x99, 0xC6, 0x99, 0xC6, 0x99, 0xC6, 0x99, 0xC6, 0x99,
  0xBE, 0x99, 0xC6, 0x98, 0xCE, 0x99, 0xCE, 0x9A, 0xCE, 0x9A, 0xCE, 0x9A, 0xCE, 0x9A, 0xCE, 0x9A,
  0xCE, 0x9A, 0xCE, 0x9A, 0xCE, 0x9A, 0xCE, 0x9A, 0xCE, 0x9A, 0xCE, 0xBA, 0xCE, 0xBA, 0xCE, 0xBA,
  0xCE, 0xBA, 0xCE, 0xBA, 0xCE, 0xBA, 0xC6, 0xBA, 0xCE, 0xDA, 0xCE, 0xDA, 0xCE, 0xDA, 0xD6, 0xDA,
  0xD6, 0xDB, 0xD6, 0xDB, 0xD6, 0xFB, 0xCE, 0xFB, 0xD6, 0xFB, 0xDE, 0xFA, 0xDE, 0xFB, 0xDE, 0xFC,
  0xDF, 0x1C, 0xDF, 0x1C, 0xDF, 0x1C, 0xDF, 0x1C, 0xDF, 0x1C, 0xD7, 0x3C, 0xDF, 0x3C, 0xE7, 0x3B,
  0xE7, 0x3C, 0xE7, 0x3C, 0xE7, 0x5D, 0xE7, 0x5D, 0xE7, 0x5D, 0xE7, 0x5D, 0xE7, 0x5D, 0xE7, 0x7D,
  0xDF, 0x7D, 0xE7, 0x7C, 0xE7, 0x7D, 0xE7, 0x9E, 0xEF, 0x9E, 0xEF, 0x9E, 0xEF, 0x9E, 0xE7, 0xBE,
  0xEF, 0x7D, 0xE7, 0x7C, 0xEF, 0x9D, 0xF7, 0xBE, 0xF7, 0xDE, 0xF7, 0xDE, 0xF7, 0xDF, 0xF7, 0xDF,
  0xF7, 0xDF, 0xF7, 0xDF, 0xFF, 0xDF, 0xFF, 0xDF, 0xFF, 0xDF, 0xF7, 0xDE, 0xEF, 0xBE, 0xEF, 0x9E,
  0xEF, 0x9D, 0xEF, 0x7C, 0xE7, 0x7D, 0xDF, 0x7D, 0xE7, 0x5D, 0xE7, 0x5D, 0xE7, 0x5C, 0xE7, 0x5C,
  0xDF, 0x5B, 0xDF, 0x5C, 0xE7, 0x5C, 0xE7, 0x5C, 0xE7, 0x5C, 0xE7, 0x5C, 0xE7, 0x5D, 0xE7, 0x7D,
  0xE7, 0x7D, 0xE7, 0x7D, 0xE7, 0x5C, 0xDF, 0x5C, 0xD7, 0x3C, 0xDF, 0x3C, 0xDF, 0x3C, 0xDF, 0x3C,
  0xDF, 0x3C, 0xDF, 0x3C, 0xDF, 0x3C, 0xD7, 0x3C, 0xDF, 0x3C, 0xE7, 0x3C, 0xE7, 0x3C, 0xE7, 0x5C,
  0xE7, 0x5D, 0xDF, 0x5D, 0xDF, 0x3C, 0xE7, 0x5C, 0xDF, 0x5C, 0xE7, 0x5D, 0xE7, 0x5D, 0xDF, 0x5D,
  0xDF, 0x3C, 0xDF, 0x3B, 0xD7, 0x3C, 0xDF, 0x3C, 0xDF, 0x1C, 0xDF, 0x1C, 0xDF, 0x1C, 0xDF, 0x1C,
  0xDF, 0x1B, 0xD7, 0x1B, 0xDF, 0x1B, 0xD6, 0xFB, 0xD6, 0xFB, 0xD6, 0xDB, 0xD6, 0xDA, 0xCE, 0xDA,
  0xCE, 0xB9, 0xC6, 0xB9, 0xC6, 0xBA, 0xCE, 0xBA, 0xCE, 0xBA, 0xCE, 0xBA, 0xCE, 0xBA, 0xCE, 0xBA,
  0xCE, 0xBA, 0xC6, 0x9A, 0xC6, 0x9A, 0xC6, 0x9A, 0xC6, 0x7A, 0xC6, 0x9A, 0xC6, 0x9A, 0xC6, 0x9A,
  0xCE, 0x9A, 0xCE, 0xBA, 0xCE, 0xBA, 0xCE, 0xBA, 0xCE, 0xBA, 0xCE, 0x9A, 0xC6, 0x9A, 0xC6, 0x9A,
  0xC6, 0x99, 0xC6, 0x99, 0xC6, 0x99, 0xC6, 0x99, 0xC6, 0x99, 0xC6, 0x99, 0xC6, 0x78, 0xC6, 0x78,
  0xC6, 0x78, 0xC6, 0x78, 0xC6, 0x79, 0xC6, 0x79, 0xC6, 0x79, 0xC6, 0x79, 0xC6, 0x79, 0xBE, 0x59,
  0xB6, 0x59, 0xBE, 0x58, 0xBE, 0x57, 0xBE, 0x58, 0xBE, 0x38, 0xBE, 0x58, 0xBE, 0x58, 0xBE, 0x58,
  0xBE, 0x57, 0xBE, 0x58, 0xBE, 0x79, 0xC6, 0x79, 0xC6, 0x79, 0xC6, 0x98, 0xC6, 0x99, 0xC6, 0x9A,
  0xC6, 0x99, 0xCE, 0xBA, 0xCE, 0xDB, 0xBE, 0x39, 0xB5, 0xF8, 0xB6, 0x19, 0xB5, 0xF9, 0xBE, 0x5A,
  0xC6, 0x7B, 0xC6, 0x5A, 0xC6, 0x9B, 0xD6, 0xFC, 0xD7, 0x1C, 0xCE, 0xDB, 0xD6, 0xFC, 0xD6, 0xFC,
  0xD6, 0xFA, 0xD6, 0xFA, 0xD6, 0xFB, 0xD6, 0xFB, 0xD6, 0xDB, 0xD6, 0xDB, 0xCE, 0xDB, 0xC6, 0xDB,
  0xD6, 0xDB, 0xCE, 0xBA, 0xC6, 0x99, 0xCE, 0x79, 0xB5, 0x14, 0xD4, 0xB3, 0xF4, 0xD4, 0xF4, 0xB4,
  0xDC, 0x93, 0xC5, 0x75, 0xCE, 0x59, 0xCE, 0x79, 0xCE, 0x7A, 0xCE, 0x9A, 0xCE, 0x9A, 0xCE, 0x9A,
  0xCE, 0x9A, 0xCE, 0x9A, 0xC6, 0x79, 0xC6, 0x79, 0xC6, 0x79, 0xC6, 0x79, 0xBE, 0x79, 0xC6, 0x79,
  0xC6, 0x79, 0xC6, 0x79, 0xC6, 0x99, 0xC6, 0x99, 0xC6, 0x99, 0xC6, 0x99, 0xC6, 0x99, 0xC6, 0x99,
  0xBE, 0x99, 0xC6, 0x98, 0xCE, 0x99, 0xCE, 0x9A, 0xCE, 0x9A, 0xCE, 0x9A, 0xCE, 0x9A, 0xCE, 0x9A,
  0xCE, 0x9A, 0xCE, 0x9A, 0xCE, 0xBA, 0xCE, 0xBA, 0xCE, 0xBA, 0xCE, 0xBA, 0xCE, 0xBA, 0xCE, 0xBA,
  0xCE, 0xBA, 0xCE, 0xD9, 0xCE, 0xDA, 0xCE, 0xDB, 0xC6, 0xDA, 0xCE, 0xDA, 0xD6, 0xDB, 0xD6, 0xDB,
  0xD6, 0xDB, 0xD6, 0xFB, 0xD6, 0xFB, 0xD6, 0xFB, 0xDE, 0xFB, 0xDE, 0xFB, 0xDF, 0x1C, 0xDF, 0x1B,
  0xDF, 0x1B, 0xDF, 0x1C, 0xDF, 0x1C, 0xD7, 0x1C, 0xDF, 0x3C, 0xDF, 0x3C, 0xE7, 0x3C, 0xE7, 0x3C,
  0xE7, 0x3C, 0xE7, 0x5D, 0xE7, 0x5D, 0xE7, 0x5D, 0xE7, 0x5D, 0xE7, 0x7D, 0xDF, 0x7D, 0xE7, 0x7C,
  0xE7, 0x7D, 0xEF, 0x7D, 0xEF, 0x9E, 0xEF, 0x9E, 0xE7, 0x9E, 0xEF, 0x9E, 0xEF, 0xBE, 0xEF, 0xBD,
  0xEF, 0x7D, 0xEF, 0x9D, 0xF7, 0x9E, 0xF7, 0xDE, 0xF7, 0xDE, 0xF7, 0xDE, 0xF7, 0xDF, 0xFF, 0xFF,
  0xFF, 0xFF, 0xFF, 0xFF, 0xFF, 0xFF, 0xFF, 0xFF, 0xFF, 0xFF, 0xFF, 0xFF, 0xF7, 0xDF, 0xF7, 0xDE,
  0xEF, 0x9D, 0xEF, 0x9D, 0xEF, 0x7D, 0xE7, 0x7D, 0xDF, 0x7D, 0xE7, 0x5D, 0xE7, 0x5D, 0xE7, 0x5D,
  0xE7, 0x5C, 0xE7, 0x5C, 0xE7, 0x5D, 0xE7, 0x5D, 0xE7, 0x5D, 0xE7, 0x7D, 0xDF, 0x7C, 0xE7, 0x9D,
  0xEF, 0x9D, 0xEF, 0x9E, 0xE7, 0x7D, 0xE7, 0x5C, 0xDF, 0x3C, 0xD7, 0x3C, 0xD7, 0x3C, 0xD7, 0x3C,
  0xD7, 0x3B, 0xD7, 0x3B, 0xDF, 0x3B, 0xDF, 0x3B, 0xDF, 0x3C, 0xE7, 0x5C, 0xE7, 0x5B, 0xE7, 0x5C,
  0xDF, 0x5D, 0xE7, 0x5D, 0xE7, 0x5D, 0xE7, 0x7D, 0xE7, 0x7D, 0xE7, 0x7D, 0xE7, 0x7C, 0xE7, 0x5D,
  0xE7, 0x5D, 0xDF, 0x5C, 0xDF, 0x3B, 0xD7, 0x3B, 0xDF, 0x3C, 0xDF, 0x3C, 0xDF, 0x3C, 0xDF, 0x3C,
  0xDF, 0x3C, 0xDF, 0x3C, 0xDF, 0x3C, 0xDF, 0x1B, 0xDF, 0x1B, 0xD6, 0xFB, 0xD6, 0xFB, 0xD6, 0xDB,
  0xD6, 0xDA, 0xCE, 0xDA, 0xCE, 0xB9, 0xCE, 0xB9, 0xC6, 0xB9, 0xC6, 0xBA, 0xC6, 0xBA, 0xC6, 0xB9,
  0xC6, 0xBA, 0xCE, 0xBA, 0xCE, 0xBA, 0xCE, 0x9A, 0xCE, 0x9A, 0xCE, 0x9A, 0xCE, 0xBA, 0xCE, 0xBA,
  0xCE, 0xBA, 0xCE, 0xBA, 0xCE, 0xBA, 0xCE, 0xBA, 0xCE, 0xBA, 0xCE, 0xBA, 0xCE, 0xBA, 0xCE, 0x9A,
  0xC6, 0x9A, 0xC6, 0x9A, 0xCE, 0x9A, 0xCE, 0x9A, 0xC6, 0x9A, 0xC6, 0x9A, 0xC6, 0x99, 0xC6, 0x99,
  0xC6, 0x99, 0xBE, 0x99, 0xC6, 0x99, 0xC6, 0x79, 0xC6, 0x79, 0xC6, 0x79, 0xC6, 0x79, 0xBE, 0x59,
  0xB6, 0x58, 0xBE, 0x57, 0xBE, 0x38, 0xBE, 0x38, 0xB6, 0x38, 0xBE, 0x37, 0xB6, 0x37, 0xB6, 0x37,
  0xBE, 0x38, 0xB6, 0x38, 0xBE, 0x59, 0xBE, 0x58, 0xBE, 0x79, 0xC6, 0x79, 0xC6, 0x99, 0xC6, 0x99,
  0xC6, 0x9A, 0xC6, 0x9A, 0xCE, 0xDB, 0xBE, 0x39, 0xB5, 0xF8, 0xB6, 0x19, 0xAD, 0xF8, 0xB6, 0x39,
  0xC6, 0x7A, 0xC6, 0x5A, 0xC6, 0x9B, 0xD6, 0xFC, 0xD6, 0xFC, 0xCE, 0xDB, 0xD6, 0xFC, 0xD6, 0xFC,
  0xD6, 0xFB, 0xD6, 0xFB, 0xD6, 0xFB, 0xD6, 0xFB, 0xD6, 0xDB, 0xD6, 0xDB, 0xCE, 0xDB, 0xCE, 0xDB,
  0xD6, 0xDB, 0xCE, 0xBA, 0xC6, 0x9A, 0xC6, 0x38, 0xBC, 0xB3, 0xE4, 0x93, 0xF4, 0x93, 0xFC, 0x73,
  0xF4, 0x93, 0xC4, 0xB3, 0xCE, 0x18, 0xCE, 0x59, 0xC6, 0x79, 0xC6, 0x79, 0xC6, 0x79, 0xC6, 0x79,
  0xC6, 0x79, 0xC6, 0x79, 0xBE, 0x79, 0xC6, 0x79, 0xCE, 0x7A, 0xC6, 0x7A, 0xC6, 0x79, 0xC6, 0x78,
  0xC6, 0x79, 0xC6, 0x79, 0xC6, 0x99, 0xC6, 0x99, 0xC6, 0x99, 0xBE, 0x99, 0xBE, 0x99, 0xBE, 0x99,
  0xBE, 0x99, 0xC6, 0x98, 0xCE, 0x99, 0xCE, 0x9A, 0xCE, 0x9A, 0xCE, 0x9A, 0xCE, 0x9A, 0xCE, 0x9A,
  0xCE, 0x9A, 0xCE, 0x9A, 0xCE, 0xBA, 0xCE, 0xBA, 0xCE, 0xBA, 0xCE, 0xBA, 0xCE, 0xBA, 0xCE, 0xBA,
  0xCE, 0xBA, 0xCE, 0xD9, 0xCE, 0xDA, 0xC6, 0xDB, 0xCE, 0xDA, 0xD6, 0xDA, 0xD6, 0xDB, 0xD6, 0xDB,
  0xD6, 0xDB, 0xD6, 0xFB, 0xD6, 0xFB, 0xD6, 0xFB, 0xDE, 0xFA, 0xDE, 0xFB, 0xDE, 0xFC, 0xDF, 0x1C,
  0xDF, 0x1C, 0xDF, 0x1C, 0xDF, 0x3C, 0xDF, 0x3C, 0xDF, 0x3C, 0xE7, 0x3B, 0xE7, 0x3C, 0xE7, 0x3D,
  0xE7, 0x5D, 0xE7, 0x5D, 0xE7, 0x5D, 0xE7, 0x5D, 0xE7, 0x7D, 0xE7, 0x7D, 0xE7, 0x7C, 0xEF, 0x7D,
  0xEF, 0x7D, 0xEF, 0x9E, 0xE7, 0x9E, 0xE7, 0x9E, 0xE7, 0xBD, 0xEF, 0xBD, 0xF7, 0xBE, 0xF7, 0xBE,
  0xEF, 0x9E, 0xF7, 0xBE, 0xF7, 0xBE, 0xF7, 0xDE, 0xFF, 0xFF, 0xFF, 0xFF, 0xFF, 0xFF, 0xFF, 0xFF,
  0xFF, 0xFF, 0xFF, 0xFF, 0xFF, 0xFF, 0xFF, 0xFF, 0xFF, 0xFF, 0xFF, 0xFF, 0xFF, 0xFF, 0xFF, 0xDF,
  0xF7, 0xDE, 0xF7, 0xBE, 0xEF, 0x9D, 0xEF, 0x9C, 0xE7, 0x7D, 0xDF, 0x7D, 0xE7, 0x5D, 0xE7, 0x5D,
  0xE7, 0x5D, 0xE7, 0x5D, 0xE7, 0x7D, 0xE7, 0x7D, 0xE7, 0x7D, 0xE7, 0x7D, 0xDF, 0x7C, 0xE7, 0x7D,
  0xEF, 0xBE, 0xEF, 0xBE, 0xE7, 0x9D, 0xE7, 0x7D, 0xDF, 0x5C, 0xDF, 0x5B, 0xDF, 0x5C, 0xDF, 0x5C,
  0xDF, 0x5C, 0xDF, 0x5C, 0xE7, 0x5C, 0xE7, 0x5C, 0xE7, 0x5D, 0xE7, 0x5C, 0xE7, 0x5C, 0xE7, 0x7D,
  0xE7, 0x7C, 0xE7, 0x7C, 0xEF, 0x9D, 0xEF, 0x9D, 0xEF, 0x9E, 0xEF, 0x9E, 0xEF, 0x7D, 0xE7, 0x7D,
  0xDF, 0x7D, 0xE7, 0x5D, 0xDF, 0x5C, 0xDF, 0x3C, 0xDF, 0x3C, 0xE7, 0x3C, 0xE7, 0x5D, 0xE7, 0x5C,
  0xE7, 0x7C, 0xE7, 0x7C, 0xDF, 0x5C, 0xE7, 0x5C, 0xDF, 0x3C, 0xDF, 0x1C, 0xD7, 0x1B, 0xCE, 0xFA,
  0xD6, 0xDB, 0xD6, 0xDB, 0xD6, 0xDA, 0xD6, 0xDA, 0xCE, 0xDA, 0xCE, 0xDA, 0xCE, 0xDA, 0xCE, 0xDA,
  0xCE, 0xBA, 0xCE, 0xB9, 0xCE, 0xBA, 0xCE, 0xB9, 0xC6, 0xB9, 0xC6, 0xB9, 0xCE, 0xB9, 0xCE, 0xB9,
  0xC6, 0xBA, 0xCE, 0xBA, 0xCE, 0xBA, 0xCE, 0xBA, 0xCE, 0xBA, 0xCE, 0xBA, 0xCE, 0xBA, 0xCE, 0xBA,
  0xCE, 0xBA, 0xCE, 0xBA, 0xCE, 0xB9, 0xCE, 0xB9, 0xCE, 0xB9, 0xCE, 0xBA, 0xCE, 0xBA, 0xCE, 0xBA,
  0xC6, 0x9A, 0xBE, 0x9A, 0xC6, 0x99, 0xC6, 0x79, 0xC6, 0x79, 0xC6, 0x59, 0xBE, 0x58, 0xB6, 0x38,
  0xB6, 0x38, 0xB6, 0x17, 0xB6, 0x17, 0xB5, 0xF7, 0xB5, 0xF7, 0xB6, 0x17, 0xB6, 0x17, 0xB6, 0x17,
  0xB6, 0x17, 0xB6, 0x17, 0xB6, 0x38, 0xBE, 0x38, 0xBE, 0x58, 0xBE, 0x58, 0xBE, 0x78, 0xBE, 0x58,
  0xBE, 0x59, 0xBE, 0x59, 0xC6, 0x9A, 0xB6, 0x18, 0xAD, 0xD8, 0xB5, 0xD8, 0xAD, 0xF8, 0xB6, 0x39,
  0xBE, 0x7A, 0xBE, 0x59, 0xC6, 0x7B, 0xD6, 0xFC, 0xD7, 0x1C, 0xCE, 0xDB, 0xD6, 0xFC, 0xD6, 0xFC,
  0xD6, 0xFC, 0xD6, 0xFC, 0xD6, 0xFB, 0xD6, 0xFA, 0xD6, 0xFB, 0xD6, 0xDB, 0xD6, 0xDB, 0xD6, 0xDB,
  0xD6, 0xDB, 0xD6, 0xBA, 0xCE, 0x9A, 0xC5, 0xD7, 0xC4, 0x73, 0xEC, 0x93, 0xF4, 0x52, 0xFC, 0x53,
  0xFC, 0x73, 0xD4, 0x52, 0xC5, 0x55, 0xCE, 0x39, 0xC6, 0x38, 0xCE, 0x58, 0xC6, 0x59, 0xBE, 0x59,
  0xBE, 0x38, 0xBE, 0x38, 0xC6, 0x38, 0xC6, 0x38, 0xBE, 0x59, 0xC6, 0x59, 0xC6, 0x79, 0xC6, 0x78,
  0xC6, 0x79, 0xC6, 0x79, 0xC6, 0x79, 0xC6, 0x99, 0xC6, 0x99, 0xC6, 0x99, 0xC6, 0x99, 0xC6, 0x99,
  0xC6, 0x99, 0xC6, 0x99, 0xCE, 0x99, 0xCE, 0x9A, 0xCE, 0x9A, 0xCE, 0x9A, 0xCE, 0x9A, 0xCE, 0x9A,
  0xCE, 0x9A, 0xCE, 0x9A, 0xCE, 0xBA, 0xCE, 0xBA, 0xCE, 0xBA, 0xCE, 0xBA, 0xCE, 0xBA, 0xCE, 0xBA,
  0xCE, 0xBA, 0xCE, 0xD9, 0xC6, 0xDA, 0xCE, 0xDB, 0xD6, 0xDB, 0xD6, 0xDB, 0xD6, 0xDB, 0xD6, 0xFB,
  0xCE, 0xFB, 0xCE, 0xFB, 0xCE, 0xFB, 0xD6, 0xFB, 0xDF, 0x1B, 0xDF, 0x1B, 0xDF, 0x1C, 0xDF, 0x1C,
  0xD7, 0x1C, 0xDF, 0x3C, 0xE7, 0x3C, 0xE7, 0x3B, 0xE7, 0x3C, 0xE7, 0x3C, 0xE7, 0x5D, 0xE7, 0x5D,
  0xE7, 0x5D, 0xE7, 0x5D, 0xE7, 0x7D, 0xE7, 0x7D, 0xE7, 0x7C, 0xE7, 0x7D, 0xEF, 0x7D, 0xEF, 0x9E,
  0xEF, 0x9E, 0xEF, 0x9E, 0xEF, 0x9E, 0xEF, 0xBE, 0xEF, 0xBE, 0xF7, 0xBE, 0xF7, 0xBF, 0xF7, 0xDF,
  0xF7, 0x9E, 0xF7, 0xBE, 0xEF, 0xDD, 0xF7, 0xDE, 0xFF, 0xFF, 0xFF, 0xFF, 0xFF, 0xFF, 0xFF, 0xFF,
  0xFF, 0xFF, 0xFF, 0xFF, 0xFF, 0xFF, 0xFF, 0xFF, 0xFF, 0xFF, 0xFF, 0xFF, 0xFF, 0xFF, 0xFF, 0xFF,
  0xFF, 0xFF, 0xF7, 0xDE, 0xEF, 0x9D, 0xE7, 0x9D, 0xEF, 0x7C, 0xE7, 0x7D, 0xDF, 0x7D, 0xE7, 0x7D,
  0xE7, 0x7D, 0xE7, 0x7D, 0xE7, 0x7D, 0xE7, 0x7D, 0xDF, 0x7D, 0xE7, 0x7D, 0xE7, 0x7D, 0xE7, 0x7D,
  0xEF, 0x9E, 0xEF, 0x9D, 0xEF, 0x9D, 0xE7, 0x7C, 0xDF, 0x5D, 0xE7, 0x5C, 0xE7, 0x5C, 0xE7, 0x5C,
  0xE7, 0x5D, 0xE7, 0x5D, 0xE7, 0x5D, 0xE7, 0x5D, 0xE7, 0x5D, 0xE7, 0x5D, 0xE7, 0x7D, 0xE7, 0x7D,
  0xEF, 0x7D, 0xEF, 0x9D, 0xEF, 0x9D, 0xEF, 0x9E, 0xEF, 0xBE, 0xEF, 0x9E, 0xEF, 0x9E, 0xEF, 0x7D,
  0xE7, 0x7C, 0xDF, 0x7C, 0xE7, 0x7D, 0xE7, 0x5D, 0xE7, 0x5D, 0xE7, 0x5D, 0xE7, 0x7D, 0xE7, 0x7D,
  0xEF, 0x7D, 0xE7, 0x7D, 0xE7, 0x7D, 0xE7, 0x7D, 0xDF, 0x5C, 0xDF, 0x3C, 0xD7, 0x1B, 0xD6, 0xFA,
  0xCE, 0xFA, 0xD6, 0xDA, 0xD6, 0xDB, 0xD6, 0xDB, 0xD6, 0xDB, 0xD6, 0xDB, 0xD6, 0xDA, 0xD6, 0xDB,
  0xD6, 0xDA, 0xD6, 0xDA, 0xD6, 0xDB, 0xD6, 0xDA, 0xCE, 0xDA, 0xCE, 0xDA, 0xD6, 0xDA, 0xD6, 0xDA,
  0xCE, 0xDA, 0xCE, 0xDA, 0xCE, 0xD9, 0xCE, 0xDA, 0xC6, 0xBA, 0xCE, 0xBA, 0xCE, 0xBA, 0xC6, 0xBA,
  0xCE, 0xBA, 0xCE, 0xDA, 0xCE, 0xDA, 0xCE, 0xDA, 0xCE, 0xDA, 0xC6, 0xBA, 0xCE, 0xBA, 0xCE, 0xBA,
  0xC6, 0x99, 0xBE, 0x99, 0xC6, 0x79, 0xC6, 0x79, 0xBE, 0x58, 0xBE, 0x38, 0xBE, 0x38, 0xB6, 0x37,
  0xB6, 0x17, 0xB5, 0xF7, 0xB5, 0xF7, 0xB5, 0xF7, 0xAD, 0xD6, 0xAD, 0xB6, 0xAD, 0x96, 0xA5, 0x96,
  0xA5, 0x96, 0xAD, 0x96, 0xAD, 0x96, 0xAD, 0xB6, 0xAD, 0xD6, 0xB5, 0xF6, 0xB5, 0xF7, 0xB6, 0x17,
  0xBE, 0x38, 0xBE, 0x38, 0xC6, 0x7A, 0xB5, 0xF8, 0xAD, 0xB7, 0xAD, 0xB7, 0xAD, 0xB7, 0xB6, 0x39,
  0xBE, 0x5A, 0xBE, 0x3A, 0xC6, 0x7B, 0xD6, 0xFC, 0xD6, 0xFC, 0xCE, 0xFC, 0xD6, 0xFC, 0xD6, 0xFC,
  0xD6, 0xFC, 0xD6, 0xFC, 0xD6, 0xFC, 0xD6, 0xFB, 0xD6, 0xDA, 0xD6, 0xDB, 0xD6, 0xDB, 0xD6, 0xDB,
  0xD6, 0xDB, 0xD6, 0xBA, 0xD6, 0x9A, 0xBD, 0x56, 0xCC, 0x52, 0xF4, 0x53, 0xF4, 0x32, 0xF4, 0x32,
  0xF4, 0x32, 0xE4, 0x32, 0xC4, 0x92, 0xC5, 0xF8, 0xC6, 0x18, 0xCE, 0x39, 0xC6, 0x38, 0xBE, 0x38,
  0xBE, 0x38, 0xBE, 0x18, 0xC6, 0x38, 0xC6, 0x38, 0xC6, 0x38, 0xBE, 0x38, 0xBE, 0x38, 0xBE, 0x58,
  0xC6, 0x78, 0xC6, 0x79, 0xC6, 0x79, 0xBE, 0x79, 0xC6, 0x79, 0xCE, 0x99, 0xCE, 0x99, 0xCE, 0x99,
  0xCE, 0x98, 0xCE, 0x99, 0xC6, 0x59, 0xBD, 0xF7, 0xC6, 0x59, 0xCE, 0x9A, 0xCE, 0x9A, 0xCE, 0x9A,
  0xCE, 0xBA, 0xCE, 0xBA, 0xCE, 0xBA, 0xCE, 0xBA, 0xCE, 0xBA, 0xCE, 0xBA, 0xCE, 0xBA, 0xCE, 0xBA,
  0xCE, 0xBA, 0xC6, 0xD9, 0xCE, 0xDA, 0xD6, 0xDB, 0xD6, 0xDB, 0xD6, 0xDB, 0xD6, 0xDB, 0xCE, 0xFB,
  0xD6, 0xFB, 0xD6, 0xFB, 0xD6, 0xFA, 0xD7, 0x1B, 0xDF, 0x1C, 0xDF, 0x1C, 0xDF, 0x1C, 0xD7, 0x1C,
  0xDF, 0x1C, 0xE7, 0x3C, 0xE7, 0x3B, 0xE7, 0x3C, 0xE7, 0x3C, 0xE7, 0x5C, 0xE7, 0x5D, 0xE7, 0x5D,
  0xE7, 0x5D, 0xE7, 0x7D, 0xDF, 0x7D, 0xE7, 0x7C, 0xE7, 0x7D, 0xE7, 0x7E, 0xEF, 0x9E, 0xEF, 0x9E,
  0xEF, 0x9E, 0xEF, 0xBE, 0xF7, 0xBD, 0xF7, 0xBE, 0xF7, 0xDF, 0xF7, 0xDF, 0xF7, 0xDF, 0xEF, 0xDF,
  0xF7, 0xBE, 0xEF, 0xDD, 0xF7, 0xDE, 0xFF, 0xFF, 0xFF, 0xFF, 0xFF, 0xFF, 0xFF, 0xFF, 0xFF, 0xFF,
  0xFF, 0xFF, 0xFF, 0xFF, 0xFF, 0xFF, 0xFF, 0xFF, 0xFF, 0xFF, 0xFF, 0xFF, 0xFF, 0xFF, 0xFF, 0xFF,
  0xFF, 0xFF, 0xF7, 0xDE, 0xEF, 0xBE, 0xEF, 0x9E, 0xEF, 0x7D, 0xEF, 0x7D, 0xDF, 0x7D, 0xE7, 0x7D,
  0xE7, 0x7D, 0xE7, 0x7D, 0xE7, 0x7D, 0xE7, 0x7D, 0xE7, 0x7D, 0xE7, 0x7D, 0xE7, 0x7D, 0xE7, 0x7D,
  0xE7, 0x7D, 0xE7, 0x9D, 0xEF, 0x9D, 0xEF, 0x7D, 0xE7, 0x7D, 0xDF, 0x7D, 0xE7, 0x7D, 0xE7, 0x7C,
  0xE7, 0x7C, 0xE7, 0x7D, 0xE7, 0x7D, 0xE7, 0x7D, 0xE7, 0x7D, 0xE7, 0x7D, 0xEF, 0x7D, 0xEF, 0x7D,
  0xEF, 0x9E, 0xEF, 0x9E, 0xEF, 0xBE, 0xEF, 0xBE, 0xE7, 0xBE, 0xEF, 0xBE, 0xEF, 0x9E, 0xEF, 0x7E,
  0xE7, 0x7D, 0xE7, 0x7D, 0xE7, 0x7D, 0xEF, 0x7D, 0xEF, 0x9D, 0xEF, 0x9D, 0xEF, 0x9E, 0xEF, 0x9E,
  0xE7, 0x9E, 0xEF, 0x9E, 0xEF, 0xBE, 0xEF, 0x9D, 0xE7, 0x5D, 0xE7, 0x5C, 0xDF, 0x3C, 0xDF, 0x1C,
  0xD6, 0xFB, 0xD6, 0xFB, 0xDE, 0xFB, 0xD6, 0xFB, 0xD6, 0xFB, 0xD6, 0xFB, 0xD6, 0xFB, 0xD6, 0xFB,
  0xD6, 0xFB, 0xD6, 0xFB, 0xD6, 0xFB, 0xD6, 0xFB, 0xD6, 0xFB, 0xD6, 0xFB, 0xD6, 0xFB, 0xD6, 0xFB,
  0xD6, 0xFA, 0xD6, 0xDB, 0xD6, 0xDA, 0xCE, 0xDA, 0xCE, 0xD9, 0xC6, 0xBA, 0xCE, 0xB9, 0xCE, 0xD9,
  0xD6, 0xDA, 0xD6, 0xDB, 0xCE, 0xDB, 0xD6, 0xDB, 0xCE, 0xDB, 0xCE, 0xDB, 0xCE, 0xBA, 0xCE, 0xBA,
  0xCE, 0x99, 0xC6, 0x79, 0xBE, 0x58, 0xBE, 0x58, 0xBE, 0x38, 0xBE, 0x18, 0xB5, 0xF7, 0xA5, 0x95,
  0x9D, 0x54, 0x94, 0xF3, 0x8C, 0xD2, 0x8C, 0x91, 0x84, 0x51, 0x7C, 0x30, 0x7C, 0x31, 0x7C, 0x10,
  0x7C, 0x10, 0x7C, 0x10, 0x7C, 0x10, 0x7C, 0x10, 0x7C, 0x30, 0x84, 0x30, 0x84, 0x50, 0x8C, 0x91,
  0x94, 0xB3, 0x94, 0xF4, 0xA5, 0x55, 0x9D, 0x35, 0x9D, 0x35, 0xA5, 0x76, 0xAD, 0x97, 0xB5, 0xF8,
  0xBE, 0x39, 0xB6, 0x19, 0xBE, 0x59, 0xCE, 0xDB, 0xD6, 0xFC, 0xD6, 0xFC, 0xD6, 0xFC, 0xD6, 0xFC,
  0xD6, 0xFC, 0xD6, 0xFC, 0xD6, 0xFC, 0xD6, 0xFB, 0xD6, 0xFA, 0xD6, 0xFB, 0xD6, 0xDB, 0xD6, 0xDB,
  0xD6, 0xDB, 0xD6, 0xBA, 0xCE, 0x79, 0xB4, 0xF4, 0xDC, 0x52, 0xF4, 0x32, 0xF4, 0x11, 0xEB, 0xF1,
  0xF4, 0x11, 0xF4, 0x31, 0xCC, 0x11, 0xC5, 0x76, 0xC5, 0xF8, 0xC5, 0xF8, 0xBD, 0xF7, 0xB5, 0x95,
  0xA5, 0x34, 0xA5, 0x14, 0xA5, 0x13, 0xA5, 0x34, 0xAD, 0x75, 0xB5, 0xD7, 0xBE, 0x18, 0xBE, 0x38,
  0xBE, 0x38, 0xBE, 0x58, 0xC6, 0x58, 0xC6, 0x79, 0xBE, 0x79, 0xC6, 0x99, 0xC6, 0x99, 0xCE, 0x98,
  0xCE, 0x99, 0xC6, 0x59, 0xB5, 0xD7, 0xDE, 0xDB, 0xC6, 0x58, 0xCE, 0x79, 0xCE, 0xBA, 0xCE, 0xBA,
  0xCE, 0xBA, 0xCE, 0xBA, 0xCE, 0xBA, 0xCE, 0xBA, 0xCE, 0xBA, 0xCE, 0xBA, 0xCE, 0xBA, 0xCE, 0xBA,
  0xCE, 0xDA, 0xCE, 0xD9, 0xCE, 0xDA, 0xD6, 0xDB, 0xD6, 0xDB, 0xD6, 0xDA, 0xD6, 0xFB, 0xD6, 0xFB,
  0xDE, 0xFA, 0xDE, 0xFB, 0xDF, 0x1B, 0xDF, 0x1B, 0xDF, 0x1C, 0xDF, 0x1B, 0xDF, 0x1C, 0xDF, 0x3C,
  0xE7, 0x3B, 0xE7, 0x3C, 0xE7, 0x3C, 0xE7, 0x5D, 0xE7, 0x5D, 0xE7, 0x5C, 0xE7, 0x5D, 0xDF, 0x5D,
  0xDF, 0x7D, 0xE7, 0x7D, 0xE7, 0x7C, 0xE7, 0x7D, 0xEF, 0x9E, 0xEF, 0x9E, 0xEF, 0x9E, 0xEF, 0x9E,
  0xE7, 0xBE, 0xEF, 0xBD, 0xF7, 0xBE, 0xF7, 0xDF, 0xF7, 0xDF, 0xF7, 0xDF, 0xF7, 0xDF, 0xF7, 0xDF,
  0xF7, 0xBD, 0xF7, 0xDE, 0xFF, 0xDF, 0xFF, 0xFF, 0xFF, 0xFF, 0xFF, 0xFF, 0xFF, 0xDE, 0xFF, 0xDE,
  0xFF, 0xDF, 0xFF, 0xDF, 0xFF, 0xDF, 0xFF, 0xDF, 0xFF, 0xFF, 0xFF, 0xFF, 0xFF, 0xFF, 0xFF, 0xFF,
  0xF7, 0xDE, 0xEF, 0xBE, 0xF7, 0xBE, 0xEF, 0x9E, 0xE7, 0x9D, 0xEF, 0x7D, 0xE7, 0x7D, 0xDF, 0x7D,
  0xE7, 0x7D, 0xE7, 0x7D, 0xDF, 0x7D, 0xE7, 0x7D, 0xEF, 0x7D, 0xE7, 0x7D, 0xE7, 0x7D, 0xE7, 0x7D,
  0xDF, 0x7D, 0xE7, 0x7D, 0xEF, 0x9D, 0xEF, 0x7D, 0xE7, 0x7D, 0xE7, 0x7D, 0xE7, 0x7D, 0xE7, 0x7D,
  0xE7, 0x7D, 0xE7, 0x7D, 0xE7, 0x7D, 0xDF, 0x7D, 0xE7, 0x7D, 0xEF, 0x7D, 0xEF, 0x9E, 0xEF, 0x9E,
  0xEF, 0x9E, 0xEF, 0xBE, 0xE7, 0xBE, 0xEF, 0xBE, 0xEF, 0xBE, 0xEF, 0xBE, 0xE7, 0xBE, 0xEF, 0x9E,
  0xEF, 0x9E, 0xEF, 0x9E, 0xEF, 0x9E, 0xEF, 0x9E, 0xEF, 0x9E, 0xEF, 0xBE, 0xEF, 0xBE, 0xEF, 0xBE,
  0xEF, 0xBE, 0xEF, 0xBE, 0xEF, 0xBE, 0xEF, 0x9E, 0xE7, 0x7D, 0xE7, 0x5D, 0xDF, 0x3C, 0xD7, 0x1C,
  0xDF, 0x1C, 0xDF, 0x1C, 0xDF, 0x1B, 0xDF, 0x1B, 0xDF, 0x1C, 0xDF, 0x1C, 0xDF, 0x1C, 0xDF, 0x1C,
  0xDF, 0x1C, 0xDF, 0x1C, 0xDF, 0x1B, 0xDF, 0x1B, 0xDF, 0x1B, 0xDF, 0x1C, 0xDF, 0x1C, 0xDF, 0x1B,
  0xD7, 0x1B, 0xD6, 0xFA, 0xD6, 0xFB, 0xD6, 0xDA, 0xD6, 0xDA, 0xCE, 0xDA, 0xCE, 0xDA, 0xD6, 0xDA,
  0xD6, 0xFB, 0xD6, 0xFB, 0xD6, 0xFB, 0xD6, 0xFB, 0xD6, 0xFB, 0xD6, 0xDB, 0xCE, 0xBA, 0xC6, 0x9A,
  0xC6, 0x79, 0xC6, 0x58, 0xBE, 0x38, 0xAD, 0xD6, 0xA5, 0x54, 0x94, 0xD3, 0x84, 0x71, 0x7C, 0x0F,
  0x7B, 0xEF, 0x73, 0xCE, 0x73, 0xCE, 0x73, 0xAE, 0x73, 0xAF, 0x73, 0xAE, 0x73, 0xAE, 0x73, 0xAF,
  0x73, 0xAE, 0x73, 0x8E, 0x73, 0xAE, 0x73, 0xAE, 0x73, 0xAE, 0x73, 0xAE, 0x73, 0xCE, 0x73, 0xCF,
  0x73, 0xCF, 0x73, 0xCF, 0x73, 0xEF, 0x7B, 0xF0, 0x7C, 0x10, 0x84, 0x31, 0x8C, 0x92, 0x9D, 0x35,
  0xAD, 0xB7, 0xB5, 0xD8, 0xBE, 0x19, 0xCE, 0xDB, 0xD6, 0xDC, 0xCE, 0xDB, 0xD6, 0xFB, 0xD6, 0xFB,
  0xD6, 0xFC, 0xD6, 0xFC, 0xD6, 0xFC, 0xD6, 0xFB, 0xCE, 0xFA, 0xD6, 0xFB, 0xD6, 0xFB, 0xD6, 0xDB,
  0xD6, 0xDB, 0xD6, 0xBA, 0xCE, 0x18, 0xB4, 0x72, 0xE4, 0x32, 0xF4, 0x11, 0xF3, 0xF1, 0xF3, 0xD0,
  0xF3, 0xD0, 0xFB, 0xF1, 0xDB, 0xB0, 0xBC, 0x72, 0xC5, 0xD7, 0xB5, 0x34, 0x94, 0x50, 0x8B, 0xEF,
  0x83, 0xCE, 0x83, 0xCE, 0x83, 0xCF, 0x83, 0xF0, 0x84, 0x10, 0x8C, 0x51, 0x94, 0xB3, 0xAD, 0x55,
  0xBD, 0xF7, 0xBE, 0x18, 0xBE, 0x38, 0xC6, 0x58, 0xBE, 0x79, 0xC6, 0x99, 0xC6, 0x99, 0xC6, 0x99,
  0xCE, 0x99, 0xBD, 0xD7, 0xE6, 0xFB, 0xF7, 0x9D, 0xCE, 0x58, 0xC6, 0x58, 0xCE, 0xBA, 0xCE, 0xBA,
  0xCE, 0xBA, 0xCE, 0xBA, 0xCE, 0xBA, 0xCE, 0xBA, 0xCE, 0xBA, 0xCE, 0xBA, 0xCE, 0xBA, 0xCE, 0xD9,
  0xC6, 0xD9, 0xCE, 0xDA, 0xD6, 0xDA, 0xD6, 0xDB, 0xD6, 0xDB, 0xCE, 0xDB, 0xD6, 0xFB, 0xDE, 0xFB,
  0xDE, 0xFA, 0xDF, 0x1B, 0xDF, 0x1C, 0xDF, 0x1C, 0xDF, 0x1C, 0xDF, 0x3C, 0xDF, 0x3B, 0xE7, 0x3B,
  0xE7, 0x3C, 0xE7, 0x5D, 0xE7, 0x5D, 0xE7, 0x5D, 0xE7, 0x5D, 0xE7, 0x5D, 0xDF, 0x7D, 0xE7, 0x7C,
  0xE7, 0x7D, 0xE7, 0x7D, 0xEF, 0x7D, 0xEF, 0x9E, 0xEF, 0x9E, 0xE7, 0x9E, 0xEF, 0xBE, 0xEF, 0xBE,
  0xEF, 0xBE, 0xEF, 0xBE, 0xF7, 0xDF, 0xEF, 0xDF, 0xF7, 0xDF, 0xF7, 0xDF, 0xF7, 0xDF, 0xFF, 0xFF,
  0xF7, 0xDE, 0xF7, 0xDE, 0xFF, 0xFF, 0xFF, 0xFF, 0xFF, 0xFF, 0xFF, 0xFF, 0xF7, 0xDE, 0xF7, 0xBE,
  0xF7, 0xBD, 0xF7, 0xBE, 0xF7, 0xBE, 0xF7, 0xDE, 0xF7, 0xDE, 0xF7, 0xDE, 0xF7, 0xDE, 0xF7, 0xDE,
  0xF7, 0xDD, 0xF7, 0xBE, 0xF7, 0xBE, 0xF7, 0xBE, 0xE7, 0x9D, 0xEF, 0x9D, 0xEF, 0x7D, 0xE7, 0x7D,
  0xDF, 0x7D, 0xDF, 0x7D, 0xEF, 0x7D, 0xEF, 0x7D, 0xEF, 0x9D, 0xEF, 0x9D, 0xE7, 0x7D, 0xDF, 0x7D,
  0xE7, 0x5C, 0xE7, 0x5C, 0xE7, 0x7D, 0xE7, 0x7D, 0xE7, 0x7D, 0xE7, 0x7D, 0xE7, 0x7D, 0xE7, 0x7D,
  0xE7, 0x7D, 0xE7, 0x7D, 0xE7, 0x7D, 0xDF, 0x7D, 0xE7, 0x7D, 0xEF, 0x7D, 0xEF, 0x7D, 0xEF, 0x9E,
  0xEF, 0xBE, 0xEF, 0xBE, 0xEF, 0xBD, 0xEF, 0xBE, 0xF7, 0xBF, 0xF7, 0xBF, 0xEF, 0xBE, 0xEF, 0xBD,
  0xEF, 0xBD, 0xEF, 0xBE, 0xEF, 0xBE, 0xF7, 0xDE, 0xF7, 0xBE, 0xF7, 0xDE, 0xF7, 0xDF, 0xF7, 0xDF,
  0xF7, 0xDF, 0xF7, 0xDF, 0xF7, 0xDF, 0xF7, 0xDE, 0xEF, 0x9D, 0xE7, 0x7D, 0xE7, 0x5C, 0xDF, 0x3C,
  0xE7, 0x3B, 0xDF, 0x3B, 0xDF, 0x3C, 0xE7, 0x5C, 0xDF, 0x5C, 0xDF, 0x5C, 0xDF, 0x5C, 0xDF, 0x5C,
  0xDF, 0x5C, 0xE7, 0x5C, 0xDF, 0x5C, 0xE7, 0x5C, 0xDF, 0x5D, 0xDF, 0x5C, 0xDF, 0x5D, 0xDF, 0x5C,
  0xDF, 0x3C, 0xD7, 0x1B, 0xD6, 0xFB, 0xCE, 0xFB, 0xD6, 0xFB, 0xD6, 0xDB, 0xD6, 0xDB, 0xD6, 0xFB,
  0xD6, 0xFA, 0xD6, 0xFB, 0xDF, 0x1C, 0xD7, 0x1B, 0xD6, 0xFA, 0xD6, 0xDA, 0xCE, 0xDA, 0xC6, 0x99,
  0xB5, 0xF7, 0xA5, 0x33, 0x8C, 0x91, 0x7C, 0x10, 0x7B, 0xCE, 0x73, 0xCE, 0x73, 0xCE, 0x73, 0xCE,
  0x73, 0xAE, 0x6B, 0x8D, 0x73, 0x8D, 0x6B, 0x6D, 0x63, 0x6D, 0x63, 0x4D, 0x63, 0x4C, 0x63, 0x4D,
  0x63, 0x4D, 0x63, 0x2D, 0x63, 0x2D, 0x63, 0x4D, 0x63, 0x4D, 0x63, 0x4D, 0x6B, 0x4C, 0x73, 0x6D,
  0x6B, 0x6D, 0x6B, 0x8E, 0x6B, 0xAE, 0x6B, 0xAE, 0x73, 0xAE, 0x73, 0xAE, 0x73, 0xCF, 0x73, 0xEF,
  0x84, 0x31, 0x8C, 0x72, 0x95, 0x14, 0xB5, 0xF8, 0xCE, 0x9A, 0xCE, 0xDB, 0xD6, 0xDA, 0xD6, 0xBA,
  0xD6, 0xDB, 0xD6, 0xFB, 0xD6, 0xFB, 0xD6, 0xFC, 0xD6, 0xFB, 0xD6, 0xFB, 0xD6, 0xFB, 0xD6, 0xDB,
  0xD6, 0xBB, 0xD6, 0xBA, 0xBD, 0xB6, 0xC4, 0x31, 0xEC, 0x32, 0xF3, 0xF1, 0xF3, 0xD0, 0xFB, 0xB1,
  0xF3, 0x91, 0xF3, 0xB0, 0xEB, 0xB0, 0xBB, 0x8F, 0xA3, 0xF0, 0x83, 0x8E, 0x7B, 0x6D, 0x7B, 0x6D,
  0x7B, 0x6D, 0x7B, 0x6D, 0x7B, 0x8E, 0x73, 0x8E, 0x73, 0xAE, 0x7B, 0xAE, 0x73, 0xAE, 0x7B, 0xEF,
  0x94, 0x72, 0xAD, 0x75, 0xBE, 0x17, 0xBE, 0x38, 0xC6, 0x58, 0xC6, 0x79, 0xC6, 0x78, 0xCE, 0x99,
  0xBD, 0xF7, 0xCE, 0x58, 0xFF, 0x9D, 0xF7, 0x5C, 0xD6, 0x99, 0xCE, 0x78, 0xCE, 0xBA, 0xCE, 0xBA,
  0xCE, 0xBA, 0xCE, 0xBA, 0xCE, 0xBA, 0xCE, 0xBA, 0xCE, 0xBA, 0xCE, 0xDA, 0xC6, 0xDA, 0xCE, 0xDA,
  0xD6, 0xDA, 0xD6, 0xDB, 0xD6, 0xDB, 0xD6, 0xDB, 0xD6, 0xDB, 0xCE, 0xFB, 0xD6, 0xFB, 0xDE, 0xFB,
  0xDE, 0xFA, 0xDE, 0xFB, 0xDF, 0x1C, 0xDF, 0x1C, 0xDF, 0x3C, 0xDF, 0x3C, 0xE7, 0x3C, 0xE7, 0x3C,
  0xE7, 0x5D, 0xE7, 0x5D, 0xE7, 0x5D, 0xDF, 0x5D, 0xDF, 0x5D, 0xE7, 0x7D, 0xDF, 0x7D, 0xE7, 0x7D,
  0xE7, 0x7E, 0xEF, 0x7E, 0xEF, 0x9E, 0xEF, 0x9E, 0xEF, 0x9E, 0xEF, 0xBD, 0xEF, 0xBE, 0xF7, 0xDF,
  0xF7, 0xDF, 0xEF, 0xDF, 0xF7, 0xDF, 0xF7, 0xDF, 0xFF, 0xFF, 0xFF, 0xFF, 0xFF, 0xFF, 0xFF, 0xFF,
  0xF7, 0xDF, 0xFF, 0xDF, 0xFF, 0xFF, 0xFF, 0xFF, 0xFF, 0xFF, 0xFF, 0xFF, 0xF7, 0xBE, 0xF7, 0xBE,
  0xEF, 0xBE, 0xEF, 0xBD, 0xF7, 0xBD, 0xF7, 0xBD, 0xF7, 0xBE, 0xEF, 0xDD, 0xF7, 0xDD, 0xF7, 0xDE,
  0xF7, 0xDE, 0xF7, 0xBE, 0xF7, 0xBE, 0xF7, 0xBE, 0xEF, 0xBE, 0xE7, 0x9D, 0xEF, 0x7C, 0xE7, 0x7D,
  0xDF, 0x7D, 0xE7, 0x7D, 0xEF, 0x7D, 0xEF, 0x7D, 0xEF, 0x9D, 0xEF, 0x9D, 0xEF, 0x7D, 0xE7, 0x7D,
  0xDF, 0x5C, 0xE7, 0x7C, 0xE7, 0x7D, 0xE7, 0x7D, 0xDF, 0x7D, 0xDF, 0x7D, 0xE7, 0x7D, 0xE7, 0x7D,
  0xE7, 0x7D, 0xE7, 0x7D, 0xE7, 0x7D, 0xE7, 0x7D, 0xDF, 0x7D, 0xE7, 0x7C, 0xEF, 0x7D, 0xEF, 0x9E,
  0xEF, 0xBE, 0xEF, 0xBE, 0xEF, 0xBD, 0xF7, 0xBE, 0xF7, 0xBF, 0xF7, 0xBF, 0xF7, 0xBE, 0xEF, 0xBD,
  0xF7, 0xBE, 0xF7, 0xDF, 0xF7, 0xDF, 0xF7, 0xDF, 0xF7, 0xDF, 0xF7, 0xDF, 0xF7, 0xDF, 0xF7, 0xDF,
  0xF7, 0xDF, 0xF7, 0xDF, 0xEF, 0xDF, 0xF7, 0xDE, 0xEF, 0x9E, 0xE7, 0x7D, 0xDF, 0x7C, 0xE7, 0x5C,
  0xE7, 0x3C, 0xE7, 0x5C, 0xE7, 0x5C, 0xE7, 0x7D, 0xE7, 0x7D, 0xE7, 0x7D, 0xE7, 0x7D, 0xE7, 0x7D,
  0xE7, 0x7D, 0xE7, 0x7D, 0xE7, 0x7D, 0xE7, 0x7D, 0xE7, 0x7D, 0xE7, 0x7D, 0xE7, 0x7D, 0xE7, 0x7D,
  0xE7, 0x5D, 0xDF, 0x3C, 0xDF, 0x1B, 0xD6, 0xFB, 0xD6, 0xFB, 0xD6, 0xFB, 0xD6, 0xFB, 0xD6, 0xDB,
  0xD6, 0xDB, 0xCE, 0xDB, 0xD6, 0xFB, 0xD6, 0xFB, 0xD7, 0x1B, 0xCE, 0x99, 0xB5, 0xD6, 0x94, 0xD3,
  0x84, 0x10, 0x73, 0xCF, 0x73, 0xCE, 0x73, 0xAE, 0x73, 0xAE, 0x6B, 0x8E, 0x6B, 0x6D, 0x63, 0x4D,
  0x63, 0x2C, 0x63, 0x2C, 0x63, 0x2C, 0x63, 0x2C, 0x5B, 0x0C, 0x5B, 0x0C, 0x5B, 0x0C, 0x5B, 0x0C,
  0x5A, 0xEC, 0x5A, 0xEC, 0x5A, 0xEC, 0x5A, 0xEC, 0x63, 0x0C, 0x5B, 0x0C, 0x63, 0x0B, 0x63, 0x0C,
  0x63, 0x0C, 0x63, 0x2D, 0x63, 0x2D, 0x63, 0x2D, 0x6B, 0x2D, 0x6B, 0x6D, 0x6B, 0x8E, 0x6B, 0x8E,
  0x73, 0xAF, 0x73, 0xCF, 0x7B, 0xEF, 0x84, 0x10, 0x94, 0x92, 0xAD, 0x75, 0xC6, 0x58, 0xD6, 0xBA,
  0xCE, 0xBA, 0xCE, 0xDA, 0xCE, 0xDB, 0xD6, 0xFB, 0xD6, 0xFB, 0xD6, 0xFB, 0xD6, 0xFB, 0xD6, 0xDB,
  0xD6, 0xBA, 0xD6, 0xBA, 0xBD, 0x55, 0xD4, 0x11, 0xF4, 0x12, 0xFB, 0xD1, 0xFB, 0xB1, 0xFB, 0x91,
  0xF3, 0x90, 0xEB, 0x8F, 0xF3, 0x8F, 0xE3, 0x6F, 0xBB, 0x0D, 0x92, 0xEC, 0x7B, 0x0D, 0x73, 0x2D,
  0x73, 0x0C, 0x6B, 0x2C, 0x6B, 0x2C, 0x6B, 0x2D, 0x6B, 0x4D, 0x73, 0x6D, 0x73, 0x8E, 0x7B, 0xAF,
  0x7B, 0xAF, 0x7B, 0xCF, 0x94, 0xB3, 0xB5, 0xD7, 0xBE, 0x17, 0xBE, 0x58, 0xC6, 0x79, 0xC6, 0x59,
  0xB5, 0xB6, 0xEF, 0x3B, 0xFF, 0x7C, 0xFF, 0x7C, 0xD6, 0x99, 0xCE, 0x79, 0xCE, 0xBA, 0xCE, 0xBA,
  0xCE, 0xBA, 0xCE, 0xBA, 0xCE, 0xBA, 0xCE, 0xBA, 0xCE, 0xDA, 0xC6, 0xD9, 0xCE, 0xDA, 0xD6, 0xDB,
  0xD6, 0xDB, 0xD6, 0xDB, 0xD6, 0xDB, 0xCE, 0xFB, 0xCE, 0xDB, 0xD6, 0xFB, 0xDE, 0xFB, 0xDE, 0xFA,
  0xDE, 0xFB, 0xDE, 0xFC, 0xDF, 0x1C, 0xD7, 0x3C, 0xDF, 0x3C, 0xE7, 0x3B, 0xE7, 0x3D, 0xE7, 0x5D,
  0xE7, 0x5D, 0xE7, 0x5D, 0xE7, 0x5D, 0xE7, 0x7D, 0xE7, 0x7D, 0xE7, 0x7C, 0xE7, 0x7D, 0xE7, 0x7E,
  0xE7, 0x7E, 0xEF, 0x9E, 0xEF, 0x9E, 0xE7, 0x9E, 0xEF, 0xBE, 0xF7, 0xBE, 0xF7, 0xDF, 0xF7, 0xDF,
  0xF7, 0xDF, 0xF7, 0xDF, 0xF7, 0xDF, 0xFF, 0xFF, 0xFF, 0xFF, 0xFF, 0xFF, 0xFF, 0xFF, 0xFF, 0xFF,
  0xFF, 0xDF, 0xF7, 0xFF, 0xFF, 0xFF, 0xFF, 0xFF, 0xFF, 0xFF, 0xF7, 0xDF, 0xF7, 0xDE, 0xEF, 0xBD,
  0xEF, 0x9D, 0xEF, 0x9D, 0xEF, 0x9D, 0xEF, 0x9D, 0xEF, 0xBD, 0xF7, 0xBE, 0xF7, 0xBE, 0xF7, 0xBE,
  0xF7, 0xDE, 0xF7, 0xBE, 0xF7, 0xBD, 0xF7, 0xBE, 0xF7, 0xBE, 0xEF, 0x9E, 0xEF, 0x7D, 0xE7, 0x7D,
  0xE7, 0x7D, 0xEF, 0x7D, 0xEF, 0x9C, 0xEF, 0x9D, 0xEF, 0x9D, 0xEF, 0x9D, 0xEF, 0x9C, 0xE7, 0x7D,
  0xDF, 0x7D, 0xE7, 0x7D, 0xE7, 0x7D, 0xE7, 0x7D, 0xE7, 0x7D, 0xE7, 0x7D, 0xE7, 0x7D, 0xE7, 0x7D,
  0xE7, 0x7D, 0xE7, 0x7D, 0xE7, 0x7D, 0xE7, 0x7D, 0xE7, 0x7D, 0xE7, 0x7C, 0xEF, 0x7D, 0xEF, 0x9E,
  0xEF, 0xBE, 0xEF, 0xBE, 0xEF, 0xBE, 0xEF, 0xBE, 0xEF, 0xBE, 0xEF, 0xBE, 0xEF, 0xBE, 0xF7, 0xBE,
  0xF7, 0xBE, 0xF7, 0xDF, 0xF7, 0xDF, 0xF7, 0xDF, 0xF7, 0xDF, 0xF7, 0xDF, 0xF7, 0xDF, 0xF7, 0xDF,
  0xF7, 0xDF, 0xF7, 0xDF, 0xF7, 0xDF, 0xF7, 0xDF, 0xF7, 0xBE, 0xEF, 0x9E, 0xE7, 0x7D, 0xE7, 0x7C,
  0xE7, 0x7D, 0xE7, 0x7D, 0xEF, 0x7D, 0xE7, 0x9D, 0xEF, 0xBD, 0xEF, 0xBD, 0xEF, 0xBE, 0xEF, 0xBD,
  0xEF, 0xBD, 0xEF, 0xBD, 0xEF, 0x9D, 0xEF, 0x9D, 0xEF, 0xBD, 0xEF, 0xBD, 0xEF, 0x9E, 0xEF, 0x9E,
  0xE7, 0x7D, 0xE7, 0x7C, 0xDF, 0x5C, 0xDF, 0x1C, 0xDF, 0x1C, 0xD6, 0xFB, 0xCE, 0xDA, 0xCE, 0xBA,
  0xCE, 0xBA, 0xCE, 0xDB, 0xCE, 0xFB, 0xCE, 0xBA, 0xAD, 0xB6, 0x8C, 0x92, 0x7B, 0xEF, 0x73, 0xCF,
  0x73, 0xAE, 0x73, 0xAE, 0x6B, 0x8D, 0x63, 0x6D, 0x63, 0x4C, 0x5B, 0x2C, 0x5B, 0x0C, 0x5B, 0x0C,
  0x5A, 0xEB, 0x5A, 0xEB, 0x5A, 0xEB, 0x52, 0xCB, 0x52, 0xCB, 0x52, 0xCB, 0x52, 0xCB, 0x52, 0xCB,
  0x52, 0xAB, 0x52, 0xAB, 0x52, 0xAB, 0x52, 0xAB, 0x52, 0xCB, 0x52, 0xCB, 0x5A, 0xCB, 0x5A, 0xCB,
  0x5A, 0xCB, 0x5A, 0xCB, 0x5A, 0xEB, 0x5A, 0xEC, 0x5A, 0xEC, 0x5B, 0x0C, 0x63, 0x0C, 0x63, 0x2C,
  0x63, 0x6D, 0x63, 0x6D, 0x73, 0x8E, 0x73, 0xCF, 0x7B, 0xAF, 0x7B, 0xCF, 0x8C, 0x51, 0xA5, 0x34,
  0xBE, 0x18, 0xCE, 0xBA, 0xCE, 0xBA, 0xCE, 0xBA, 0xD6, 0xDB, 0xD6, 0xDB, 0xD6, 0xDB, 0xD6, 0xDB,
  0xD6, 0xBA, 0xD6, 0xBA, 0xBD, 0x14, 0xDC, 0x11, 0xF3, 0xF1, 0xF3, 0xB0, 0xFB, 0x90, 0xFB, 0x70,
  0xF3, 0x50, 0xEB, 0x4F, 0xF3, 0x4F, 0xF3, 0x4F, 0xEB, 0x4F, 0xCB, 0x0D, 0x8A, 0xAB, 0x72, 0xCB,
  0x6A, 0xCB, 0x62, 0xCB, 0x62, 0xEB, 0x62, 0xEB, 0x62, 0xEC, 0x63, 0x0C, 0x6B, 0x2C, 0x6B, 0x4D,
  0x73, 0x6E, 0x73, 0x8E, 0x73, 0xAE, 0x8C, 0x51, 0xAD, 0x75, 0xBE, 0x17, 0xC6, 0x58, 0xB5, 0xD6,
  0xC6, 0x17, 0xFF, 0x7C, 0xFF, 0x7C, 0xF7, 0x7C, 0xCE, 0x58, 0xCE, 0x79, 0xCE, 0xBA, 0xCE, 0xBA,
  0xCE, 0xBA, 0xCE, 0xBA, 0xCE, 0xBA, 0xCE, 0xBA, 0xCE, 0xDA, 0xCE, 0xD9, 0xD6, 0xDA, 0xD6, 0xDB,
  0xD6, 0xDB, 0xD6, 0xDB, 0xD6, 0xDB, 0xD6, 0xFB, 0xD6, 0xFB, 0xDE, 0xFB, 0xDE, 0xFB, 0xDE, 0xFA,
  0xDF, 0x1B, 0xDF, 0x1C, 0xD7, 0x3C, 0xDF, 0x3B, 0xE7, 0x3C, 0xE7, 0x3C, 0xE7, 0x5C, 0xE7, 0x5D,
  0xE7, 0x7D, 0xDF, 0x7D, 0xE7, 0x7D, 0xEF, 0x7D, 0xEF, 0x7E, 0xEF, 0x7E, 0xEF, 0x7E, 0xEF, 0x9E,
  0xEF, 0x9E, 0xE7, 0x9E, 0xEF, 0x9E, 0xEF, 0xBE, 0xEF, 0xBF, 0xF7, 0xDF, 0xEF, 0xDF, 0xF7, 0xDF,
  0xFF, 0xDF, 0xFF, 0xFF, 0xFF, 0xFF, 0xFF, 0xFF, 0xFF, 0xFF, 0xFF, 0xFF, 0xFF, 0xFF, 0xFF, 0xFF,
  0xF7, 0xDF, 0xF7, 0xFF, 0xFF, 0xFF, 0xFF, 0xFF, 0xF7, 0xDF, 0xF7, 0xDF, 0xF7, 0xDE, 0xEF, 0x9E,
  0xE7, 0x9D, 0xEF, 0x9D, 0xEF, 0x9D, 0xE7, 0x9D, 0xEF, 0x9C, 0xEF, 0xBD, 0xF7, 0xBE, 0xF7, 0xBE,
  0xF7, 0xBD, 0xF7, 0xDE, 0xF7, 0xDE, 0xEF, 0xDE, 0xF7, 0xBE, 0xEF, 0x9E, 0xE7, 0x9D, 0xEF, 0x7D,
  0xEF, 0x7D, 0xEF, 0x9C, 0xEF, 0x9D, 0xEF, 0xBE, 0xEF, 0xBE, 0xEF, 0x9D, 0xEF, 0x9D, 0xE7, 0x7D,
  0xE7, 0x7D, 0xDF, 0x7D, 0xE7, 0x7D, 0xE7, 0x7D, 0xE7, 0x7D, 0xE7, 0x7D, 0xE7, 0x7D, 0xE7, 0x7D,
  0xE7, 0x7D, 0xE7, 0x5C, 0xE7, 0x5C, 0xE7, 0x5C, 0xE7, 0x7D, 0xE7, 0x7C, 0xEF, 0x7D, 0xEF, 0x9E,
  0xEF, 0xBE, 0xEF, 0xBE, 0xE7, 0xBE, 0xEF, 0xBE, 0xEF, 0xBE, 0xEF, 0xBE, 0xE7, 0xBE, 0xEF, 0xBE,
  0xEF, 0xBE, 0xF7, 0xDE, 0xF7, 0xDF, 0xF7, 0xDF, 0xF7, 0xDF, 0xF7, 0xDF, 0xF7, 0xDF, 0xF7, 0xDF,
  0xF7, 0xDF, 0xF7, 0xDF, 0xF7, 0xDF, 0xF7, 0xDF, 0xF7, 0xBE, 0xEF, 0xBD, 0xE7, 0x9E, 0xEF, 0x7D,
  0xE7, 0x7D, 0xEF, 0x9D, 0xEF, 0x9E, 0xEF, 0xBE, 0xEF, 0xBE, 0xF7, 0xDE, 0xF7, 0xDE, 0xF7, 0xDE,
  0xF7, 0xDE, 0xEF, 0xBE, 0xEF, 0xBE, 0xEF, 0xBE, 0xF7, 0xBE, 0xF7, 0xBE, 0xEF, 0xBE, 0xEF, 0xBE,
  0xEF, 0x9E, 0xE7, 0x9D, 0xE7, 0x7D, 0xDF, 0x5C, 0xD7, 0x1B, 0xD6, 0xFB, 0xD6, 0xDA, 0xD6, 0xBA,
  0xC6, 0x79, 0xBE, 0x17, 0xA5, 0x75, 0x8C, 0x71, 0x73, 0xCF, 0x73, 0xCF, 0x73, 0xAE, 0x6B, 0x8E,
  0x6B, 0x4D, 0x63, 0x4C, 0x63, 0x2C, 0x5B, 0x0C, 0x5B, 0x0C, 0x52, 0xEB, 0x52, 0xCB, 0x52, 0xCB,
  0x5A, 0xCB, 0x52, 0xAA, 0x52, 0xAA, 0x52, 0xAA, 0x4A, 0xAB, 0x4A, 0xAA, 0x4A, 0xAA, 0x52, 0xAA,
  0x52, 0xAA, 0x52, 0xAA, 0x4A, 0xAA, 0x52, 0xAA, 0x4A, 0xAA, 0x52, 0xAA, 0x52, 0xAA, 0x52, 0xAA,
  0x52, 0xAA, 0x52, 0xAA, 0x52, 0xAB, 0x52, 0xCB, 0x52, 0xCB, 0x5A, 0xCB, 0x5A, 0xEB, 0x5A, 0xEB,
  0x62, 0xEC, 0x5B, 0x2C, 0x63, 0x2C, 0x63, 0x4D, 0x6B, 0x8E, 0x73, 0xAF, 0x7B, 0xCF, 0x7B, 0xCF,
  0x84, 0x10, 0x9D, 0x14, 0xBE, 0x38, 0xCE, 0xBA, 0xCE, 0xBA, 0xCE, 0xBA, 0xD6, 0xDB, 0xD6, 0xDA,
  0xCE, 0xBA, 0xCE, 0x79, 0xBC, 0xD3, 0xDB, 0xF1, 0xF3, 0xD1, 0xF3, 0x90, 0xFB, 0x6F, 0xFB, 0x70,
  0xFB, 0x50, 0xF3, 0x4F, 0xEB, 0x4E, 0xF3, 0x4F, 0xEB, 0x2F, 0xE3, 0x2E, 0xBA, 0xCC, 0x82, 0x8A,
  0x62, 0xAA, 0x62, 0xAA, 0x5A, 0xAA, 0x62, 0xCA, 0x62, 0xCB, 0x62, 0xCB, 0x6A, 0xEC, 0x63, 0x0C,
  0x6B, 0x2D, 0x6B, 0x4D, 0x73, 0x6E, 0x73, 0x8E, 0x83, 0xEF, 0xAD, 0x55, 0xBE, 0x38, 0xAD, 0x74,
  0xDE, 0xB9, 0xFF, 0x7C, 0xFF, 0x7D, 0xF7, 0x5C, 0xCE, 0x58, 0xCE, 0x99, 0xCE, 0xBA, 0xCE, 0xBA,
  0xCE, 0xBA, 0xCE, 0xBA, 0xCE, 0xBA, 0xC6, 0xBA, 0xCE, 0xDA, 0xD6, 0xDA, 0xD6, 0xDA, 0xD6, 0xDB,
  0xD6, 0xDB, 0xD6, 0xDB, 0xD6, 0xDB, 0xD6, 0xFB, 0xDE, 0xFB, 0xDE, 0xFB, 0xDE, 0xFB, 0xDF, 0x1A,
  0xDF, 0x1B, 0xD7, 0x1C, 0xDF, 0x3C, 0xE7, 0x3C, 0xE7, 0x3C, 0xE7, 0x3D, 0xE7, 0x5D, 0xE7, 0x7D,
  0xE7, 0x7D, 0xE7, 0x7C, 0xE7, 0x7D, 0xEF, 0x9E, 0xEF, 0x7E, 0xEF, 0x7E, 0xEF, 0x9E, 0xEF, 0x9E,
  0xEF, 0x9D, 0xEF, 0x9E, 0xEF, 0xBE, 0xF7, 0xBE, 0xF7, 0xDF, 0xF7, 0xDF, 0xF7, 0xDF, 0xF7, 0xFF,
  0xFF, 0xFF, 0xFF, 0xFF, 0xFF, 0xFF, 0xFF, 0xFF, 0xFF, 0xFF, 0xFF, 0xFF, 0xFF, 0xFF, 0xFF, 0xFF,
  0xF7, 0xBE, 0xF7, 0xBE, 0xF7, 0xBE, 0xF7, 0xBE, 0xF7, 0xDE, 0xF7, 0xBE, 0xEF, 0x9E, 0xEF, 0x9D,
  0xEF, 0x9D, 0xEF, 0x7D, 0xEF, 0x7D, 0xEF, 0x7D, 0xE7, 0x9D, 0xEF, 0x9D, 0xEF, 0x9C, 0xEF, 0x9D,
  0xF7, 0xBE, 0xF7, 0xBE, 0xF7, 0xDE, 0xF7, 0xDE, 0xF7, 0xBE, 0xEF, 0x9D, 0xE7, 0x9D, 0xEF, 0x9D,
  0xEF, 0x9D, 0xEF, 0x9D, 0xE7, 0xBE, 0xE7, 0xBE, 0xEF, 0xBE, 0xEF, 0xBE, 0xEF, 0x9D, 0xEF, 0x9C,
  0xE7, 0x7D, 0xE7, 0x7D, 0xE7, 0x7D, 0xDF, 0x7D, 0xE7, 0x7D, 0xE7, 0x7D, 0xE7, 0x7D, 0xE7, 0x7D,
  0xE7, 0x7D, 0xE7, 0x5C, 0xE7, 0x5C, 0xE7, 0x5D, 0xE7, 0x7D, 0xE7, 0x7C, 0xEF, 0x7D, 0xEF, 0x9E,
  0xEF, 0xBE, 0xEF, 0x9E, 0xEF, 0x9E, 0xEF, 0x9E, 0xEF, 0x9E, 0xEF, 0x9E, 0xEF, 0x9E, 0xEF, 0x9E,
  0xF7, 0xBE, 0xF7, 0xBE, 0xF7, 0xDF, 0xF7, 0xDF, 0xF7, 0xDF, 0xF7, 0xDF, 0xF7, 0xDF, 0xF7, 0xDF,
  0xF7, 0xDF, 0xF7, 0xDF, 0xF7, 0xDF, 0xF7, 0xDF, 0xF7, 0xDF, 0xF7, 0xBE, 0xEF, 0xBD, 0xEF, 0xBE,
  0xE7, 0xBE, 0xEF, 0xBE, 0xF7, 0xBE, 0xF7, 0xDE, 0xF7, 0xDF, 0xF7, 0xDF, 0xF7, 0xDF, 0xF7, 0xDF,
  0xF7, 0xDF, 0xF7, 0xDF, 0xF7, 0xDF, 0xF7, 0xFF, 0xF7, 0xFF, 0xF7, 0xFF, 0xF7, 0xDF, 0xF7, 0xDF,
  0xF7, 0xDE, 0xEF, 0x9E, 0xE7, 0x7D, 0xE7, 0x5D, 0xDF, 0x5C, 0xD6, 0xDA, 0xBE, 0x17, 0xA5, 0x34,
  0x8C, 0x50, 0x7B, 0xEF, 0x73, 0xAE, 0x73, 0xAF, 0x73, 0xAE, 0x6B, 0x8D, 0x6B, 0x4D, 0x63, 0x2C,
  0x5B, 0x0B, 0x5A, 0xEB, 0x5A, 0xCB, 0x5A, 0xCA, 0x5A, 0xAB, 0x52, 0xAB, 0x52, 0xAA, 0x52, 0xAA,
  0x52, 0x8A, 0x52, 0x8A, 0x4A, 0x8A, 0x52, 0x8A, 0x52, 0x8A, 0x52, 0x8A, 0x52, 0x89, 0x4A, 0x69,
  0x4A, 0x6A, 0x4A, 0x6A, 0x52, 0x8A, 0x4A, 0x8A, 0x4A, 0x6A, 0x4A, 0x6A, 0x52, 0x8A, 0x52, 0x8A,
  0x52, 0x8A, 0x52, 0x8A, 0x52, 0x8A, 0x52, 0x8A, 0x52, 0x8A, 0x52, 0xAA, 0x52, 0xAA, 0x52, 0xAB,
  0x5A, 0xCB, 0x5A, 0xEB, 0x5A, 0xEC, 0x63, 0x0C, 0x63, 0x0C, 0x63, 0x4D, 0x6B, 0x6D, 0x73, 0xAE,
  0x73, 0xCF, 0x73, 0xCF, 0x84, 0x31, 0xA5, 0x55, 0xC6, 0x38, 0xCE, 0x9A, 0xCE, 0xBA, 0xCE, 0x9A,
  0xCE, 0x9A, 0xC6, 0x39, 0xBC, 0x52, 0xEB, 0xF1, 0xF3, 0xB0, 0xF3, 0x70, 0xFB, 0x50, 0xFB, 0x2F,
  0xFB, 0x2F, 0xF3, 0x4F, 0xF3, 0x2F, 0xF3, 0x2F, 0xF3, 0x0E, 0xEB, 0x0E, 0xDB, 0x0E, 0xB2, 0xAC,
  0x7A, 0x6A, 0x62, 0x8A, 0x5A, 0x8A, 0x5A, 0x8A, 0x5A, 0x8B, 0x5A, 0xAB, 0x5A, 0xCB, 0x62, 0xCB,
  0x62, 0xEB, 0x62, 0xEC, 0x63, 0x2C, 0x6B, 0x4D, 0x6B, 0x4D, 0x83, 0xEF, 0xAD, 0x55, 0xAD, 0x54,
  0xEF, 0x1B, 0xF7, 0x7C, 0xFF, 0x7C, 0xEF, 0x3B, 0xCE, 0x38, 0xD6, 0xBA, 0xCE, 0xBA, 0xCE, 0xBA,
  0xCE, 0xBA, 0xCE, 0xBA, 0xCE, 0xDA, 0xCE, 0xDA, 0xD6, 0xDB, 0xD6, 0xDB, 0xD6, 0xDB, 0xD6, 0xDB,
  0xD6, 0xDB, 0xCE, 0xDB, 0xD6, 0xFB, 0xDE, 0xFB, 0xDE, 0xFB, 0xDE, 0xFB, 0xDF, 0x1B, 0xDF, 0x1A,
  0xDF, 0x1B, 0xDF, 0x3C, 0xD7, 0x3C, 0xDF, 0x3C, 0xE7, 0x5D, 0xE7, 0x5D, 0xE7, 0x5D, 0xDF, 0x7C,
  0xE7, 0x7D, 0xE7, 0x9E, 0xEF, 0x9E, 0xEF, 0x9E, 0xEF, 0x9E, 0xEF, 0x9E, 0xEF, 0x9E, 0xEF, 0x9E,
  0xEF, 0x9E, 0xEF, 0xBE, 0xF7, 0xBE, 0xEF, 0xBF, 0xF7, 0xDF, 0xF7, 0xDF, 0xF7, 0xFF, 0xF7, 0xFF,
  0xFF, 0xFF, 0xFF, 0xFF, 0xFF, 0xFF, 0xFF, 0xFF, 0xFF, 0xFF, 0xFF, 0xFF, 0xFF, 0xFF, 0xFF, 0xFF,
  0xEF, 0x9D, 0xEF, 0x9D, 0xEF, 0x9D, 0xEF, 0x9D, 0xEF, 0x9D, 0xEF, 0x9D, 0xE7, 0x7D, 0xEF, 0x7D,
  0xE7, 0x7D, 0xE7, 0x5C, 0xE7, 0x5C, 0xE7, 0x7D, 0xEF, 0x7D, 0xEF, 0x7D, 0xE7, 0x9D, 0xE7, 0x9D,
  0xEF, 0x9E, 0xF7, 0xBE, 0xF7, 0xBD, 0xF7, 0xBE, 0xF7, 0xBE, 0xEF, 0x9D, 0xE7, 0x9D, 0xEF, 0x9D,
  0xE7, 0x9D, 0xEF, 0xBE, 0xEF, 0xBE, 0xEF, 0xBE, 0xEF, 0xBE, 0xE7, 0xBE, 0xEF, 0x9D, 0xEF, 0x9D,
  0xEF, 0x9D, 0xEF, 0x7D, 0xE7, 0x7C, 0xE7, 0x7D, 0xE7, 0x7D, 0xE7, 0x7D, 0xE7, 0x7D, 0xE7, 0x7C,
  0xE7, 0x7D, 0xDF, 0x7D, 0xE7, 0x7D, 0xE7, 0x7D, 0xE7, 0x7D, 0xE7, 0x7C, 0xEF, 0x7D, 0xEF, 0x9E,
  0xEF, 0x9E, 0xEF, 0x9E, 0xEF, 0x9E, 0xEF, 0x9E, 0xEF, 0x9E, 0xEF, 0x9E, 0xEF, 0x9E, 0xE7, 0x9E,
  0xEF, 0x9E, 0xF7, 0xBD, 0xF7, 0xDE, 0xF7, 0xDF, 0xF7, 0xDF, 0xF7, 0xDF, 0xF7, 0xDF, 0xF7, 0xDF,
  0xF7, 0xDF, 0xF7, 0xDF, 0xEF, 0xDF, 0xF7, 0xDF, 0xF7, 0xDF, 0xEF, 0xDF, 0xF7, 0xDE, 0xEF, 0xBE,
  0xEF, 0xBE, 0xF7, 0xBE, 0xF7, 0xDE, 0xEF, 0xDF, 0xF7, 0xDF, 0xFF, 0xFF, 0xFF, 0xFF, 0xFF, 0xFF,
  0xFF, 0xFF, 0xFF, 0xFF, 0xFF, 0xFF, 0xFF, 0xFF, 0xFF, 0xFF, 0xFF, 0xFF, 0xFF, 0xDF, 0xF7, 0xDF,
  0xEF, 0xBE, 0xF7, 0xBE, 0xEF, 0xBE, 0xDF, 0x3B, 0xBD, 0xF8, 0x94, 0xD2, 0x84, 0x10, 0x73, 0x8E,
  0x6B, 0x6D, 0x73, 0x8E, 0x73, 0x8E, 0x6B, 0x6D, 0x6B, 0x4D, 0x63, 0x0C, 0x63, 0x0C, 0x62, 0xEC,
  0x5A, 0xCB, 0x52, 0xCA, 0x52, 0xAA, 0x52, 0xAB, 0x52, 0x8A, 0x52, 0x8A, 0x52, 0x89, 0x4A, 0x89,
  0x4A, 0x6A, 0x4A, 0x6A, 0x4A, 0x6A, 0x4A, 0x6A, 0x4A, 0x6A, 0x4A, 0x6A, 0x4A, 0x6A, 0x4A, 0x6A,
  0x42, 0x49, 0x42, 0x49, 0x4A, 0x69, 0x4A, 0x69, 0x4A, 0x69, 0x42, 0x69, 0x4A, 0x6A, 0x4A, 0x69,
  0x4A, 0x69, 0x4A, 0x6A, 0x4A, 0x6A, 0x52, 0x6A, 0x52, 0x8A, 0x4A, 0x8A, 0x4A, 0x8A, 0x52, 0x8A,
  0x52, 0xAB, 0x52, 0xAB, 0x5A, 0xCB, 0x5A, 0xCB, 0x5A, 0xEB, 0x5A, 0xEC, 0x63, 0x0C, 0x6B, 0x2C,
  0x6B, 0x4D, 0x73, 0x8E, 0x73, 0xAE, 0x73, 0xAE, 0x84, 0x30, 0xA5, 0x55, 0xC6, 0x58, 0xCE, 0x79,
  0xC6, 0x59, 0xBD, 0xD7, 0xB3, 0xD0, 0xEB, 0xD0, 0xF3, 0x90, 0xF3, 0x50, 0xFB, 0x4F, 0xFB, 0x2E,
  0xFB, 0x2F, 0xFB, 0x2F, 0xF3, 0x2F, 0xF3, 0x2F, 0xF3, 0x0E, 0xF3, 0x0E, 0xEB, 0x0E, 0xDA, 0xED,
  0xA2, 0x6B, 0x6A, 0x69, 0x5A, 0x8A, 0x5A, 0x8A, 0x5A, 0x8A, 0x5A, 0x8A, 0x5A, 0xAB, 0x5A, 0xAA,
  0x5A, 0xCB, 0x5A, 0xCB, 0x62, 0xEB, 0x63, 0x0C, 0x6B, 0x2C, 0x73, 0x8D, 0x7B, 0xCE, 0xB5, 0x54,
  0xF7, 0x5C, 0xF7, 0x5B, 0xFF, 0x9C, 0xE6, 0xFA, 0xC6, 0x37, 0xCE, 0xBA, 0xC6, 0x9A, 0xCE, 0xBA,
  0xCE, 0xBA, 0xCE, 0xB9, 0xCE, 0xDA, 0xD6, 0xDB, 0xD6, 0xDB, 0xD6, 0xDB, 0xD6, 0xDB, 0xD6, 0xDB,
  0xD6, 0xFB, 0xCE, 0xFB, 0xD6, 0xFB, 0xDE, 0xFB, 0xDE, 0xFB, 0xDE, 0xFB, 0xDF, 0x1A, 0xDF, 0x1B,
  0xDF, 0x1C, 0xDF, 0x3C, 0xDF, 0x3B, 0xDF, 0x3C, 0xE7, 0x5D, 0xDF, 0x5D, 0xE7, 0x7C, 0xE7, 0x7D,
  0xE7, 0x9E, 0xEF, 0x9E, 0xEF, 0x9E, 0xEF, 0x9E, 0xEF, 0x9E, 0xEF, 0x9E, 0xEF, 0x9E, 0xEF, 0x9E,
  0xEF, 0x9E, 0xEF, 0xBD, 0xF7, 0xBE, 0xEF, 0xBF, 0xF7, 0xDF, 0xF7, 0xDF, 0xF7, 0xFF, 0xFF, 0xFF,
  0xFF, 0xFF, 0xFF, 0xFF, 0xFF, 0xFF, 0xFF, 0xFF, 0xFF, 0xFF, 0xFF, 0xFF, 0xFF, 0xFF, 0xFF, 0xFF,
  0xE7, 0x5D, 0xE7, 0x5D, 0xE7, 0x5D, 0xE7, 0x5D, 0xE7, 0x7D, 0xE7, 0x7D, 0xE7, 0x7C, 0xE7, 0x7D,
  0xE7, 0x5C, 0xDF, 0x5B, 0xDF, 0x5C, 0xDF, 0x5C, 0xE7, 0x5C, 0xEF, 0x7D, 0xEF, 0x7D, 0xEF, 0x7D,
  0xEF, 0x9D, 0xEF, 0x9D, 0xF7, 0xBE, 0xF7, 0xBE, 0xEF, 0x9E, 0xE7, 0x9D, 0xEF, 0x9D, 0xEF, 0x9C,
  0xE7, 0x9D, 0xEF, 0xBE, 0xF7, 0xDE, 0xF7, 0xDE, 0xEF, 0xBE, 0xEF, 0xBE, 0xEF, 0xBE, 0xEF, 0x9D,
  0xEF, 0x9C, 0xEF, 0x9C, 0xEF, 0x9D, 0xEF, 0x9D, 0xEF, 0x7D, 0xEF, 0x7D, 0xEF, 0x9D, 0xEF, 0x9D,
  0xE7, 0x7D, 0xE7, 0x7D, 0xE7, 0x7D, 0xE7, 0x7D, 0xE7, 0x7D, 0xE7, 0x7D, 0xEF, 0x7C, 0xEF, 0x9D,
  0xEF, 0x9E, 0xEF, 0x9D, 0xEF, 0x7D, 0xEF, 0x7D, 0xE7, 0x7D, 0xE7, 0x7D, 0xEF, 0x7C, 0xE7, 0x9D,
  0xEF, 0x9E, 0xF7, 0xBE, 0xEF, 0xBD, 0xEF, 0xBE, 0xF7, 0xDF, 0xF7, 0xDF, 0xF7, 0xDF, 0xF7, 0xDF,
  0xF7, 0xDF, 0xF7, 0xDF, 0xF7, 0xDF, 0xF7, 0xDF, 0xF7, 0xDF, 0xF7, 0xDF, 0xF7, 0xDF, 0xF7, 0xDF,
  0xF7, 0xDF, 0xF7, 0xDF, 0xF7, 0xDF, 0xF7, 0xFF, 0xFF, 0xFF, 0xFF, 0xFF, 0xFF, 0xFF, 0xFF, 0xFF,
  0xFF, 0xFF, 0xFF, 0xFF, 0xFF, 0xFF, 0xFF, 0xFF, 0xFF, 0xFF, 0xFF, 0xFF, 0xF7, 0xDE, 0xF7, 0xDE,
  0xF7, 0xDE, 0xF7, 0xBE, 0xCE, 0x99, 0x94, 0xD2, 0x7B, 0xEF, 0x73, 0xCF, 0x6B, 0x8D, 0x6B, 0x6D,
  0x6B, 0x6D, 0x63, 0x4C, 0x63, 0x2C, 0x5B, 0x0C, 0x5A, 0xEB, 0x5A, 0xEB, 0x52, 0xCB, 0x52, 0xAB,
  0x52, 0xAA, 0x52, 0x8A, 0x52, 0x8A, 0x52, 0x8A, 0x4A, 0x8A, 0x4A, 0x6A, 0x4A, 0x6A, 0x4A, 0x6A,
  0x42, 0x69, 0x4A, 0x49, 0x4A, 0x49, 0x42, 0x49, 0x42, 0x49, 0x42, 0x49, 0x42, 0x49, 0x4A, 0x49,
  0x4A, 0x49, 0x4A, 0x48, 0x42, 0x49, 0x4A, 0x48, 0x4A, 0x49, 0x4A, 0x48, 0x42, 0x49, 0x42, 0x49,
  0x42, 0x49, 0x42, 0x49, 0x4A, 0x49, 0x4A, 0x69, 0x4A, 0x69, 0x4A, 0x49, 0x4A, 0x69, 0x4A, 0x6A,
  0x52, 0x8A, 0x52, 0x8A, 0x52, 0x8A, 0x52, 0x8A, 0x52, 0xAB, 0x5A, 0xAB, 0x5A, 0xCB, 0x5A, 0xEB,
  0x5B, 0x0C, 0x63, 0x2C, 0x6B, 0x4D, 0x73, 0x8E, 0x73, 0x8E, 0x73, 0xAE, 0x8C, 0x51, 0xAD, 0x75,
  0xC6, 0x38, 0xBD, 0x55, 0xB3, 0x6E, 0xEB, 0x90, 0xF3, 0x6F, 0xF3, 0x4F, 0xF3, 0x2F, 0xFB, 0x2F,
  0xFB, 0x2F, 0xFB, 0x2F, 0xF3, 0x2F, 0xEB, 0x0E, 0xF3, 0x0E, 0xF3, 0x0E, 0xEA, 0xEE, 0xEA, 0xCD,
  0xCA, 0x8C, 0x72, 0x4A, 0x5A, 0x6A, 0x5A, 0x6A, 0x52, 0x69, 0x5A, 0x8A, 0x5A, 0x8A, 0x52, 0x8A,
  0x52, 0x8B, 0x52, 0xAB, 0x5A, 0xAB, 0x62, 0xCB, 0x63, 0x0C, 0x6B, 0x4C, 0x73, 0x8D, 0xBD, 0xB5,
  0xF7, 0x5C, 0xF7, 0x5B, 0xFF, 0x9C, 0xDE, 0xBA, 0xC6, 0x37, 0xD6, 0xDA, 0xC6, 0x9A, 0xCE, 0xBA,
  0xC6, 0xD9, 0xCE, 0xDA, 0xD6, 0xDB, 0xD6, 0xDB, 0xD6, 0xDB, 0xD6, 0xDB, 0xCE, 0xDB, 0xCE, 0xFB,
  0xD6, 0xFB, 0xCE, 0xFB, 0xD6, 0xFB, 0xDE, 0xFB, 0xDE, 0xFB, 0xDE, 0xFB, 0xDF, 0x1A, 0xDF, 0x1B,
  0xDF, 0x3C, 0xDF, 0x3C, 0xDF, 0x3C, 0xE7, 0x3C, 0xE7, 0x5D, 0xDF, 0x5D, 0xE7, 0x7D, 0xEF, 0x9E,
  0xEF, 0x9E, 0xEF, 0xBE, 0xEF, 0xBE, 0xEF, 0xBE, 0xEF, 0xBE, 0xEF, 0x9E, 0xEF, 0x9E, 0xEF, 0x9E,
  0xEF, 0xBE, 0xEF, 0xBE, 0xF7, 0xBF, 0xF7, 0xDF, 0xF7, 0xDF, 0xFF, 0xFF, 0xFF, 0xFF, 0xFF, 0xFF,
  0xFF, 0xFF, 0xFF, 0xFF, 0xFF, 0xFF, 0xFF, 0xFF, 0xFF, 0xFF, 0xFF, 0xFF, 0xFF, 0xFF, 0xFF, 0xFF,
  0xDF, 0x5C, 0xDF, 0x5C, 0xE7, 0x5D, 0xE7, 0x5D, 0xDF, 0x5C, 0xE7, 0x5C, 0xE7, 0x5D, 0xE7, 0x5D,
  0xE7, 0x5C, 0xE7, 0x5B, 0xE7, 0x5C, 0xE7, 0x5B, 0xDF, 0x5C, 0xE7, 0x5C, 0xEF, 0x7D, 0xEF, 0x7D,
  0xEF, 0x9D, 0xEF, 0x9C, 0xF7, 0xBD, 0xF7, 0xBE, 0xEF, 0x9E, 0xE7, 0x9D, 0xEF, 0x9D, 0xEF, 0x9D,
  0xE7, 0x9D, 0xEF, 0xBE, 0xF7, 0xDE, 0xEF, 0xDE, 0xEF, 0xBE, 0xEF, 0xBE, 0xE7, 0xBE, 0xEF, 0x9D,
  0xEF, 0x9D, 0xEF, 0x9D, 0xEF, 0xBE, 0xEF, 0x9D, 0xEF, 0x9D, 0xEF, 0x7D, 0xEF, 0x7D, 0xEF, 0x9E,
  0xEF, 0x9D, 0xEF, 0x7D, 0xE7, 0x7D, 0xE7, 0x7D, 0xE7, 0x7D, 0xE7, 0x7D, 0xEF, 0x7D, 0xEF, 0x9D,
  0xEF, 0x9D, 0xEF, 0x7D, 0xEF, 0x7C, 0xE7, 0x7D, 0xE7, 0x7D, 0xE7, 0x7D, 0xEF, 0x7D, 0xEF, 0x7D,
  0xE7, 0x9D, 0xEF, 0x9E, 0xEF, 0xBD, 0xEF, 0xBE, 0xF7, 0xDF, 0xF7, 0xDF, 0xF7, 0xDF, 0xF7, 0xDF,
  0xF7, 0xDF, 0xF7, 0xDF, 0xF7, 0xDF, 0xF7, 0xDF, 0xF7, 0xDF, 0xF7, 0xDF, 0xF7, 0xDF, 0xF7, 0xDF,
  0xF7, 0xDF, 0xEF, 0xDF, 0xF7, 0xDF, 0xFF, 0xFF, 0xFF, 0xFF, 0xFF, 0xFF, 0xFF, 0xFF, 0xFF, 0xFF,
  0xFF, 0xFF, 0xFF, 0xFF, 0xFF, 0xFF, 0xFF, 0xFF, 0xFF, 0xFF, 0xF7, 0xDE, 0xFF, 0xDF, 0xFF, 0xDF,
  0xD6, 0xFB, 0xA5, 0x54, 0x84, 0x30, 0x7B, 0xEF, 0x73, 0x8E, 0x6B, 0x6D, 0x6B, 0x4D, 0x63, 0x2C,
  0x63, 0x0C, 0x5A, 0xEC, 0x5A, 0xEC, 0x5A, 0xEB, 0x52, 0xCA, 0x52, 0xAB, 0x52, 0xAA, 0x4A, 0x8A,
  0x52, 0x89, 0x52, 0x89, 0x52, 0x6A, 0x4A, 0x6A, 0x4A, 0x69, 0x42, 0x69, 0x4A, 0x69, 0x4A, 0x49,
  0x4A, 0x49, 0x4A, 0x49, 0x4A, 0x49, 0x4A, 0x49, 0x4A, 0x49, 0x4A, 0x49, 0x4A, 0x49, 0x4A, 0x49,
  0x4A, 0x49, 0x4A, 0x49, 0x4A, 0x49, 0x4A, 0x49, 0x4A, 0x49, 0x4A, 0x49, 0x4A, 0x49, 0x4A, 0x49,
  0x4A, 0x49, 0x4A, 0x49, 0x4A, 0x48, 0x4A, 0x48, 0x4A, 0x48, 0x4A, 0x48, 0x4A, 0x49, 0x42, 0x49,
  0x4A, 0x6A, 0x4A, 0x69, 0x4A, 0x6A, 0x52, 0x69, 0x4A, 0x8A, 0x52, 0x8B, 0x52, 0xAB, 0x5A, 0xAB,
  0x5A, 0xCB, 0x5A, 0xEC, 0x62, 0xEC, 0x63, 0x0C, 0x6B, 0x2D, 0x73, 0x4D, 0x73, 0x6D, 0x73, 0x4D,
  0x9C, 0x92, 0xA4, 0x92, 0xAB, 0x2D, 0xEB, 0x4F, 0xF3, 0x4F, 0xEB, 0x2F, 0xF3, 0x2F, 0xFB, 0x2F,
  0xFB, 0x2F, 0xF3, 0x2F, 0xF3, 0x0E, 0xF3, 0x0E, 0xF3, 0x0E, 0xF3, 0x0E, 0xEA, 0xED, 0xEA, 0xCD,
  0xDA, 0xAC, 0x8A, 0x4A, 0x5A, 0x4A, 0x5A, 0x6A, 0x52, 0x6A, 0x5A, 0x6A, 0x5A, 0x89, 0x5A, 0x89,
  0x5A, 0x8A, 0x52, 0x8A, 0x5A, 0xAA, 0x62, 0xCA, 0x62, 0xEB, 0x6B, 0x4C, 0x7B, 0xAE, 0xD6, 0x37,
  0xF7, 0x5C, 0xF7, 0x5B, 0xFF, 0x9C, 0xD6, 0x79, 0xCE, 0x37, 0xD6, 0xDA, 0xC6, 0x9A, 0xCE, 0xBA,
  0xCE, 0xD9, 0xCE, 0xDA, 0xD6, 0xDB, 0xD6, 0xDB, 0xD6, 0xDB, 0xD6, 0xDB, 0xD6, 0xFB, 0xD6, 0xFB,
  0xD6, 0xFB, 0xCE, 0xFB, 0xD6, 0xFB, 0xDE, 0xFB, 0xDE, 0xFB, 0xDF, 0x1B, 0xDF, 0x1B, 0xDF, 0x1B,
  0xD7, 0x3C, 0xDF, 0x3C, 0xE7, 0x3B, 0xE7, 0x5C, 0xE7, 0x5D, 0xE7, 0x7D, 0xE7, 0x9E, 0xEF, 0x9E,
  0xEF, 0xBE, 0xF7, 0xBE, 0xEF, 0xBE, 0xEF, 0xBE, 0xEF, 0xBE, 0xEF, 0xBE, 0xEF, 0x9E, 0xEF, 0x9E,
  0xEF, 0xBE, 0xEF, 0xBE, 0xF7, 0xBF, 0xF7, 0xDF, 0xF7, 0xDF, 0xFF, 0xFF, 0xFF, 0xFF, 0xFF, 0xFF,
  0xFF, 0xFF, 0xFF, 0xFF, 0xFF, 0xFF, 0xFF, 0xFF, 0xFF, 0xFF, 0xFF, 0xFF, 0xFF, 0xFF, 0xFF, 0xFF,
  0xE7, 0x3C, 0xE7, 0x3B, 0xE7, 0x3C, 0xE7, 0x3C, 0xE7, 0x5C, 0xE7, 0x3B, 0xE7, 0x3C, 0xE7, 0x3C,
  0xE7, 0x3C, 0xE7, 0x5C, 0xE7, 0x5C, 0xE7, 0x5C, 0xE7, 0x5B, 0xDF, 0x5C, 0xE7, 0x5C, 0xEF, 0x7D,
  0xEF, 0x9C, 0xEF, 0x9D, 0xF7, 0xBD, 0xF7, 0xBD, 0xEF, 0xBD, 0xEF, 0xBD, 0xEF, 0x9D, 0xE7, 0x9D,
  0xEF, 0xBE, 0xF7, 0xBE, 0xF7, 0xDE, 0xF7, 0xDE, 0xF7, 0xBE, 0xF7, 0xBE, 0xEF, 0xBE, 0xEF, 0xBE,
  0xEF, 0xBE, 0xEF, 0xBE, 0xEF, 0x9E, 0xEF, 0x9D, 0xEF, 0x7D, 0xEF, 0x7E, 0xEF, 0x9D, 0xEF, 0x9D,
  0xEF, 0xBE, 0xEF, 0x9E, 0xEF, 0x7D, 0xE7, 0x7C, 0xDF, 0x7D, 0xE7, 0x7D, 0xE7, 0x7D, 0xE7, 0x7D,
  0xE7, 0x7C, 0xDF, 0x7D, 0xE7, 0x7D, 0xEF, 0x7D, 0xEF, 0x7D, 0xE7, 0x7D, 0xE7, 0x7D, 0xEF, 0x7C,
  0xEF, 0x7D, 0xEF, 0x9E, 0xEF, 0xBD, 0xEF, 0xBE, 0xF7, 0xDF, 0xF7, 0xDF, 0xF7, 0xDF, 0xF7, 0xDF,
  0xF7, 0xDF, 0xF7, 0xDF, 0xF7, 0xDF, 0xF7, 0xDF, 0xF7, 0xDF, 0xF7, 0xDF, 0xF7, 0xDF, 0xF7, 0xDF,
  0xF7, 0xDF, 0xEF, 0xDF, 0xF7, 0xDF, 0xFF, 0xFF, 0xFF, 0xFF, 0xFF, 0xFF, 0xFF, 0xFF, 0xFF, 0xFF,
  0xFF, 0xFF, 0xFF, 0xFF, 0xFF, 0xFF, 0xFF, 0xFE, 0xF7, 0xDF, 0xF7, 0xFF, 0xE7, 0x5D, 0xB5, 0xB6,
  0x84, 0x50, 0x7C, 0x10, 0x7B, 0xCE, 0x6B, 0x4D, 0x6B, 0x2D, 0x63, 0x2C, 0x63, 0x0C, 0x5A, 0xEB,
  0x5A, 0xEB, 0x52, 0xCB, 0x52, 0xAA, 0x52, 0xAA, 0x52, 0x8A, 0x52, 0x8A, 0x52, 0x8A, 0x52, 0x8A,
  0x4A, 0x6A, 0x4A, 0x6A, 0x4A, 0x69, 0x4A, 0x69, 0x4A, 0x49, 0x4A, 0x48, 0x4A, 0x48, 0x4A, 0x48,
  0x4A, 0x49, 0x4A, 0x49, 0x4A, 0x49, 0x4A, 0x49, 0x4A, 0x49, 0x4A, 0x49, 0x4A, 0x49, 0x4A, 0x49,
  0x4A, 0x49, 0x4A, 0x49, 0x4A, 0x49, 0x4A, 0x49, 0x4A, 0x49, 0x4A, 0x49, 0x4A, 0x49, 0x4A, 0x49,
  0x4A, 0x49, 0x4A, 0x49, 0x4A, 0x49, 0x4A, 0x49, 0x4A, 0x49, 0x4A, 0x49, 0x4A, 0x49, 0x4A, 0x49,
  0x42, 0x49, 0x42, 0x49, 0x4A, 0x49, 0x4A, 0x6A, 0x4A, 0x6A, 0x52, 0x6A, 0x52, 0x8A, 0x52, 0x8A,
  0x52, 0x8B, 0x5A, 0xAB, 0x5A, 0xAB, 0x5A, 0xAB, 0x5A, 0xCB, 0x62, 0xEB, 0x62, 0xEC, 0x63, 0x0C,
  0x6A, 0xEC, 0x72, 0xCB, 0xA2, 0xEC, 0xE3, 0x4F, 0xEB, 0x2E, 0xEB, 0x0F, 0xF3, 0x0F, 0xF3, 0x0E,
  0xF3, 0x0E, 0xF3, 0x0E, 0xEA, 0xEE, 0xF3, 0x0E, 0xF3, 0x0E, 0xF2, 0xEE, 0xF2, 0xEE, 0xEA, 0xCD,
  0xE2, 0xAC, 0xA2, 0x4B, 0x62, 0x49, 0x62, 0x69, 0x5A, 0x69, 0x5A, 0x69, 0x5A, 0x6A, 0x5A, 0x6A,
  0x52, 0x6A, 0x52, 0x8A, 0x5A, 0xAB, 0x5A, 0xAB, 0x62, 0xEB, 0x6B, 0x2C, 0x83, 0xEF, 0xE6, 0xB9,
  0xF7, 0x5B, 0xF7, 0x5B, 0xFF, 0x9C, 0xD6, 0x57, 0xC6, 0x58, 0xCE, 0xDA, 0xCE, 0xBA, 0xD6, 0xDB,
  0xD6, 0xDB, 0xD6, 0xDB, 0xD6, 0xDB, 0xCE, 0xDB, 0xD6, 0xFB, 0xD6, 0xFB, 0xDE, 0xFB, 0xDE, 0xFB,
  0xDE, 0xFB, 0xDE, 0xFA, 0xDE, 0xFB, 0xDF, 0x1C, 0xDF, 0x1C, 0xDF, 0x1C, 0xDF, 0x1C, 0xDF, 0x1C,
  0xDF, 0x3C, 0xDF, 0x3C, 0xE7, 0x3B, 0xE7, 0x3C, 0xDF, 0x5D, 0xE7, 0x5D, 0xEF, 0x9E, 0xEF, 0x9E,
  0xEF, 0xBE, 0xE7, 0xBE, 0xEF, 0xBE, 0xF7, 0xBE, 0xF7, 0xBE, 0xF7, 0xBE, 0xEF, 0x9E, 0xE7, 0x9E,
  0xEF, 0x9E, 0xF7, 0xBD, 0xF7, 0xBE, 0xEF, 0xBF, 0xF7, 0xBF, 0xF7, 0xDF, 0xF7, 0xDF, 0xFF, 0xFF,
  0xFF, 0xFF, 0xFF, 0xFF, 0xFF, 0xFF, 0xFF, 0xFF, 0xFF, 0xFF, 0xFF, 0xFF, 0xFF, 0xFF, 0xFF, 0xFF,
  0xDF, 0x1C, 0xDF, 0x1C, 0xDF, 0x3C, 0xDF, 0x3C, 0xDF, 0x3C, 0xDF, 0x3C, 0xE7, 0x3C, 0xE7, 0x3C,
  0xE7, 0x1C, 0xE7, 0x3C, 0xE7, 0x3C, 0xE7, 0x3C, 0xE7, 0x3C, 0xE7, 0x5B, 0xDF, 0x5C, 0xE7, 0x5C,
  0xEF, 0x7C, 0xEF, 0x9D, 0xEF, 0xBE, 0xF7, 0xBD, 0xEF, 0xBD, 0xE7, 0xBD, 0xEF, 0xBD, 0xEF, 0xBD,
  0xF7, 0xBE, 0xF7, 0xBE, 0xF7, 0xDE, 0xF7, 0xDD, 0xF7, 0xDE, 0xF7, 0xBE, 0xF7, 0xBE, 0xEF, 0x9E,
  0xE7, 0x9E, 0xEF, 0x9E, 0xEF, 0x9E, 0xEF, 0x9D, 0xEF, 0x9D, 0xEF, 0x7D, 0xEF, 0x9D, 0xEF, 0x9D,
  0xEF, 0xBE, 0xEF, 0x9E, 0xEF, 0x7D, 0xE7, 0x7C, 0xDF, 0x7D, 0xE7, 0x7D, 0xDF, 0x7D, 0xE7, 0x7D,
  0xE7, 0x7D, 0xDF, 0x7D, 0xE7, 0x7D, 0xE7, 0x7D, 0xE7, 0x7D, 0xDF, 0x7D, 0xDF, 0x7D, 0xE7, 0x7D,
  0xEF, 0x7D, 0xEF, 0x9D, 0xEF, 0xBE, 0xEF, 0xBE, 0xF7, 0xDF, 0xF7, 0xDF, 0xF7, 0xDF, 0xF7, 0xDF,
  0xF7, 0xDF, 0xF7, 0xDF, 0xF7, 0xDF, 0xF7, 0xDF, 0xF7, 0xDF, 0xF7, 0xDF, 0xF7, 0xDF, 0xF7, 0xDF,
  0xF7, 0xDF, 0xF7, 0xDF, 0xF7, 0xDF, 0xF7, 0xFF, 0xFF, 0xFF, 0xFF, 0xFF, 0xFF, 0xFF, 0xFF, 0xFF,
  0xFF, 0xFF, 0xFF, 0xFF, 0xF7, 0xDE, 0xFF, 0xDF, 0xF7, 0xDF, 0xCE, 0x9A, 0x94, 0xB2, 0x7C, 0x10,
  0x7B, 0xEF, 0x73, 0x8D, 0x6B, 0x2C, 0x63, 0x2D, 0x63, 0x0C, 0x62, 0xEC, 0x5A, 0xCB, 0x5A, 0xCB,
  0x52, 0xAB, 0x52, 0xAA, 0x52, 0x8A, 0x52, 0x89, 0x52, 0x6A, 0x4A, 0x6A, 0x4A, 0x6A, 0x4A, 0x69,
  0x42, 0x69, 0x4A, 0x49, 0x4A, 0x48, 0x4A, 0x48, 0x4A, 0x49, 0x4A, 0x49, 0x4A, 0x49, 0x4A, 0x49,
  0x4A, 0x49, 0x4A, 0x49, 0x4A, 0x49, 0x4A, 0x49, 0x42, 0x29, 0x42, 0x29, 0x42, 0x29, 0x42, 0x29,
  0x42, 0x29, 0x42, 0x29, 0x42, 0x29, 0x42, 0x29, 0x42, 0x29, 0x42, 0x29, 0x42, 0x29, 0x42, 0x29,
  0x42, 0x29, 0x42, 0x29, 0x4A, 0x49, 0x4A, 0x49, 0x4A, 0x49, 0x42, 0x29, 0x42, 0x49, 0x4A, 0x49,
  0x4A, 0x49, 0x4A, 0x49, 0x4A, 0x48, 0x4A, 0x49, 0x42, 0x49, 0x4A, 0x49, 0x4A, 0x69, 0x52, 0x69,
  0x52, 0x8A, 0x52, 0x8A, 0x52, 0x8A, 0x52, 0x8A, 0x5A, 0xAA, 0x5A, 0xAA, 0x5A, 0xAB, 0x62, 0xAB,
  0x62, 0xCB, 0x62, 0xAA, 0x7A, 0x8A, 0xC2, 0xED, 0xE3, 0x0E, 0xEB, 0x0E, 0xF2, 0xEE, 0xF3, 0x0D,
  0xF3, 0x0E, 0xF2, 0xEE, 0xF2, 0xCE, 0xF2, 0xEE, 0xF3, 0x0E, 0xF2, 0xEE, 0xF2, 0xEE, 0xEA, 0xCD,
  0xE2, 0xAD, 0xAA, 0x4B, 0x62, 0x29, 0x5A, 0x49, 0x5A, 0x48, 0x5A, 0x48, 0x5A, 0x69, 0x5A, 0x6A,
  0x52, 0x6A, 0x52, 0x8A, 0x5A, 0x8A, 0x5A, 0xAA, 0x62, 0xEB, 0x6B, 0x0C, 0x8C, 0x50, 0xEE, 0xFA,
  0xFF, 0x3B, 0xF7, 0x3B, 0xFF, 0x7C, 0xD6, 0x37, 0xCE, 0x78, 0xD6, 0xBA, 0xD6, 0xBA, 0xD6, 0xBB,
  0xD6, 0xDB, 0xD6, 0xDB, 0xD6, 0xDB, 0xCE, 0xDB, 0xD6, 0xFB, 0xDE, 0xFB, 0xDE, 0xFB, 0xDE, 0xFB,
  0xDE, 0xFB, 0xDF, 0x1A, 0xDF, 0x1B, 0xDF, 0x1C, 0xDF, 0x1C, 0xDF, 0x1C, 0xDF, 0x1C, 0xD7, 0x1C,
  0xD7, 0x1C, 0xDF, 0x3C, 0xE7, 0x3C, 0xE7, 0x3C, 0xDF, 0x5D, 0xE7, 0x5D, 0xEF, 0x9E, 0xEF, 0x9E,
  0xF7, 0xBE, 0xEF, 0xBE, 0xEF, 0xBE, 0xF7, 0xBE, 0xF7, 0xBE, 0xF7, 0xBE, 0xEF, 0x9E, 0xEF, 0x9E,
  0xE7, 0x9E, 0xEF, 0x9E, 0xEF, 0xBE, 0xF7, 0xBE, 0xF7, 0xBE, 0xEF, 0xBF, 0xF7, 0xDF, 0xF7, 0xDF,
  0xF7, 0xDF, 0xF7, 0xDF, 0xFF, 0xFF, 0xFF, 0xFF, 0xFF, 0xFF, 0xFF, 0xFF, 0xFF, 0xFF, 0xFF, 0xFF,
  0xDF, 0x1B, 0xD7, 0x1B, 0xDF, 0x1B, 0xDF, 0x3C, 0xD7, 0x3C, 0xD7, 0x3C, 0xDF, 0x3C, 0xDF, 0x3C,
  0xE7, 0x3C, 0xDF, 0x3C, 0xDF, 0x3C, 0xE7, 0x3C, 0xE7, 0x3C, 0xE7, 0x5C, 0xE7, 0x5B, 0xDF, 0x5C,
  0xE7, 0x5D, 0xEF, 0x7D, 0xE7, 0x9D, 0xEF, 0x9D, 0xEF, 0x9D, 0xEF, 0x9D, 0xEF, 0xBD, 0xEF, 0xBD,
  0xF7, 0xBE, 0xF7, 0xBE, 0xF7, 0xDE, 0xF7, 0xDE, 0xF7, 0xDE, 0xF7, 0xBE, 0xF7, 0xBE, 0xEF, 0x9E,
  0xE7, 0x9E, 0xEF, 0x9E, 0xEF, 0x9D, 0xEF, 0x9D, 0xEF, 0x7C, 0xEF, 0x7C, 0xEF, 0x7D, 0xE7, 0x7D,
  0xEF, 0x9D, 0xEF, 0x9D, 0xEF, 0x7D, 0xE7, 0x7D, 0xDF, 0x7D, 0xE7, 0x7D, 0xE7, 0x7D, 0xE7, 0x7D,
  0xE7, 0x7D, 0xE7, 0x7D, 0xDF, 0x7D, 0xE7, 0x7D, 0xE7, 0x7D, 0xE7, 0x7D, 0xE7, 0x7D, 0xE7, 0x7D,
  0xEF, 0x7C, 0xEF, 0x9D, 0xEF, 0x9E, 0xEF, 0xBE, 0xF7, 0xBE, 0xF7, 0xDF, 0xF7, 0xDF, 0xF7, 0xDF,
  0xF7, 0xDF, 0xF7, 0xDF, 0xF7, 0xDF, 0xF7, 0xDF, 0xF7, 0xDF, 0xF7, 0xDF, 0xF7, 0xDF, 0xF7, 0xDF,
  0xF7, 0xDF, 0xF7, 0xDF, 0xEF, 0xDF, 0xF7, 0xDF, 0xF7, 0xFF, 0xF7, 0xFF, 0xFF, 0xFF, 0xFF, 0xFF,
  0xFF, 0xDF, 0xF7, 0xBE, 0xFF, 0xDF, 0xEF, 0x7D, 0xB5, 0xB6, 0x8C, 0x50, 0x84, 0x10, 0x7B, 0xCF,
  0x6B, 0x4C, 0x63, 0x0B, 0x63, 0x0C, 0x5A, 0xEB, 0x5A, 0xEB, 0x52, 0xCB, 0x52, 0xCA, 0x52, 0xAA,
  0x52, 0x8A, 0x52, 0x89, 0x4A, 0x69, 0x4A, 0x6A, 0x4A, 0x69, 0x4A, 0x69, 0x42, 0x69, 0x42, 0x49,
  0x4A, 0x49, 0x4A, 0x48, 0x4A, 0x49, 0x4A, 0x49, 0x4A, 0x49, 0x4A, 0x49, 0x42, 0x29, 0x42, 0x29,
  0x42, 0x29, 0x42, 0x29, 0x42, 0x29, 0x42, 0x29, 0x42, 0x28, 0x3A, 0x28, 0x3A, 0x28, 0x3A, 0x28,
  0x3A, 0x28, 0x3A, 0x28, 0x3A, 0x28, 0x3A, 0x29, 0x3A, 0x29, 0x3A, 0x29, 0x3A, 0x29, 0x3A, 0x29,
  0x3A, 0x29, 0x3A, 0x29, 0x42, 0x29, 0x42, 0x29, 0x42, 0x29, 0x42, 0x29, 0x42, 0x29, 0x42, 0x29,
  0x42, 0x29, 0x42, 0x29, 0x4A, 0x49, 0x4A, 0x49, 0x4A, 0x48, 0x42, 0x48, 0x4A, 0x49, 0x4A, 0x4A,
  0x4A, 0x6A, 0x4A, 0x6A, 0x52, 0x69, 0x52, 0x69, 0x52, 0x6A, 0x52, 0x6A, 0x5A, 0x6A, 0x5A, 0x6A,
  0x5A, 0x8A, 0x62, 0x8A, 0x5A, 0x69, 0x7A, 0x6A, 0xCA, 0xED, 0xE2, 0xED, 0xEA, 0xEE, 0xF2, 0xEE,
  0xF2, 0xEE, 0xEB, 0x0E, 0xF2, 0xEE, 0xF2, 0xEE, 0xEA, 0xEE, 0xF2, 0xEE, 0xEA, 0xED, 0xE2, 0xCD,
  0xE2, 0xAD, 0xB2, 0x4A, 0x6A, 0x29, 0x5A, 0x49, 0x5A, 0x49, 0x52, 0x49, 0x52, 0x68, 0x52, 0x69,
  0x5A, 0x6A, 0x5A, 0x8A, 0x5A, 0x89, 0x5A, 0xA9, 0x62, 0xEB, 0x6B, 0x2C, 0x9C, 0xB1, 0xEF, 0x1A,
  0xFF, 0x3A, 0xF7, 0x5B, 0xFF, 0x7C, 0xCE, 0x37, 0xCE, 0x79, 0xCE, 0xBA, 0xCE, 0xBA, 0xD6, 0xB9,
  0xD6, 0xDA, 0xD6, 0xDB, 0xD6, 0xDB, 0xCE, 0xDB, 0xD6, 0xFB, 0xDE, 0xFB, 0xDE, 0xFB, 0xDE, 0xFB,
  0xDF, 0x1B, 0xDF, 0x1A, 0xDF, 0x1B, 0xDF, 0x1C, 0xDF, 0x1C, 0xDF, 0x1C, 0xD6, 0xFC, 0xDF, 0x1C,
  0xDF, 0x3C, 0xDE, 0xDB, 0xD6, 0xBA, 0xDF, 0x1B, 0xE7, 0x5D, 0xE7, 0x5D, 0xEF, 0x7D, 0xEF, 0x9E,
  0xEF, 0x9E, 0xEF, 0xBE, 0xE7, 0xBE, 0xEF, 0x9E, 0xEF, 0x9E, 0xEF, 0x7E, 0xEF, 0x7D, 0xEF, 0x7D,
  0xEF, 0x7E, 0xEF, 0x9E, 0xE7, 0x9E, 0xEF, 0x9D, 0xF7, 0xBE, 0xEF, 0xBE, 0xEF, 0xBE, 0xEF, 0xBE,
  0xF7, 0xBF, 0xF7, 0xDF, 0xF7, 0xDF, 0xF7, 0xDF, 0xF7, 0xDF, 0xF7, 0xDF, 0xF7, 0xDF, 0xF7, 0xDF,
  0xDF, 0x1B, 0xDF, 0x1B, 0xDF, 0x1B, 0xDF, 0x1B, 0xDF, 0x1C, 0xDF, 0x3C, 0xDF, 0x3C, 0xDF, 0x3C,
  0xDF, 0x3C, 0xD7, 0x3C, 0xD7, 0x3C, 0xDF, 0x3C, 0xDF, 0x3C, 0xE7, 0x3C, 0xE7, 0x5C, 0xE7, 0x5C,
  0xE7, 0x5C, 0xE7, 0x7D, 0xEF, 0x7D, 0xEF, 0x9C, 0xEF, 0x9D, 0xEF, 0x9D, 0xEF, 0x9D, 0xEF, 0x9D,
  0xF7, 0xBE, 0xF7, 0xDE, 0xF7, 0xFE, 0xF7, 0xFF, 0xEF, 0xDE, 0xF7, 0xBE, 0xF7, 0xBE, 0xEF, 0x9E,
  0xE7, 0x9D, 0xEF, 0x9D, 0xEF, 0x9C, 0xEF, 0x7D, 0xEF, 0x7D, 0xEF, 0x7D, 0xE7, 0x7D, 0xE7, 0x7D,
  0xE7, 0x7D, 0xE7, 0x7D, 0xE7, 0x7D, 0xDF, 0x7D, 0xE7, 0x7D, 0xE7, 0x7D, 0xE7, 0x7D, 0xE7, 0x7D,
  0xE7, 0x7D, 0xE7, 0x7D, 0xDF, 0x7D, 0xE7, 0x7D, 0xEF, 0x7D, 0xE7, 0x7D, 0xDF, 0x7D, 0xE7, 0x7D,
  0xEF, 0x7C, 0xEF, 0x9D, 0xEF, 0x9E, 0xEF, 0xBD, 0xF7, 0xBE, 0xF7, 0xBF, 0xF7, 0xDE, 0xF7, 0xDE,
  0xF7, 0xDF, 0xF7, 0xDF, 0xF7, 0xDF, 0xF7, 0xDF, 0xF7, 0xDF, 0xF7, 0xDF, 0xF7, 0xDF, 0xF7, 0xDF,
  0xF7, 0xDF, 0xF7, 0xDF, 0xF7, 0xDF, 0xF7, 0xDF, 0xEF, 0xDF, 0xEF, 0xDF, 0xF7, 0xDF, 0xF7, 0xDF,
  0xF7, 0xBE, 0xF7, 0xDE, 0xDE, 0xFB, 0x9C, 0xD3, 0x84, 0x30, 0x7B, 0xEF, 0x73, 0x8E, 0x63, 0x2C,
  0x63, 0x0C, 0x5B, 0x0C, 0x5A, 0xEB, 0x5A, 0xCA, 0x5A, 0xAA, 0x52, 0xAB, 0x4A, 0xAA, 0x52, 0x89,
  0x4A, 0x8A, 0x4A, 0x6A, 0x42, 0x6A, 0x42, 0x69, 0x4A, 0x48, 0x4A, 0x49, 0x4A, 0x49, 0x4A, 0x49,
  0x4A, 0x49, 0x4A, 0x49, 0x4A, 0x49, 0x42, 0x29, 0x42, 0x29, 0x42, 0x29, 0x3A, 0x29, 0x3A, 0x29,
  0x3A, 0x29, 0x3A, 0x29, 0x42, 0x29, 0x42, 0x29, 0x42, 0x28, 0x42, 0x27, 0x42, 0x27, 0x42, 0x27,
  0x42, 0x27, 0x42, 0x27, 0x42, 0x28, 0x42, 0x28, 0x42, 0x28, 0x42, 0x28, 0x42, 0x28, 0x42, 0x28,
  0x42, 0x28, 0x42, 0x28, 0x42, 0x28, 0x42, 0x28, 0x42, 0x28, 0x42, 0x28, 0x42, 0x29, 0x42, 0x29,
  0x3A, 0x29, 0x3A, 0x29, 0x42, 0x29, 0x4A, 0x49, 0x4A, 0x49, 0x4A, 0x49, 0x4A, 0x49, 0x4A, 0x49,
  0x42, 0x49, 0x4A, 0x49, 0x4A, 0x4A, 0x4A, 0x4A, 0x52, 0x4A, 0x4A, 0x4A, 0x52, 0x6A, 0x52, 0x69,
  0x5A, 0x6A, 0x5A, 0x6A, 0x5A, 0x6A, 0x5A, 0x49, 0x82, 0x4A, 0xCA, 0xAC, 0xEA, 0xCD, 0xEA, 0xCD,
  0xF2, 0xEE, 0xF2, 0xEE, 0xF2, 0xEE, 0xF2, 0xEE, 0xF2, 0xEE, 0xF2, 0xEE, 0xEA, 0xCE, 0xE2, 0xCD,
  0xE2, 0xAD, 0xAA, 0x4A, 0x62, 0x29, 0x5A, 0x49, 0x5A, 0x48, 0x52, 0x49, 0x4A, 0x68, 0x52, 0x69,
  0x5A, 0x6A, 0x5A, 0x8A, 0x5A, 0x8A, 0x5A, 0xAA, 0x62, 0xEB, 0x6B, 0x2C, 0xAD, 0x13, 0xF7, 0x3B,
  0xF7, 0x3B, 0xFF, 0x5C, 0xF7, 0x5B, 0xCE, 0x37, 0xD6, 0x79, 0xCE, 0xBA, 0xD6, 0xBA, 0xD6, 0xB9,
  0xD6, 0xDA, 0xD6, 0xDB, 0xD6, 0xDB, 0xCE, 0xDB, 0xD6, 0xFB, 0xDE, 0xFB, 0xDE, 0xFB, 0xDE, 0xFA,
  0xDF, 0x1B, 0xDF, 0x1B, 0xDF, 0x1C, 0xDF, 0x1C, 0xDF, 0x1C, 0xD6, 0xFB, 0xDF, 0x1C, 0xDF, 0x1B,
  0xCE, 0x78, 0xD6, 0x79, 0xDE, 0xBA, 0xD6, 0xBA, 0xDF, 0x3D, 0xE7, 0x5D, 0xEF, 0x7D, 0xEF, 0x9E,
  0xE7, 0x9E, 0xEF, 0xBE, 0xEF, 0x9E, 0xE7, 0x9E, 0xE7, 0x7E, 0xE7, 0x7D, 0xEF, 0x7D, 0xEF, 0x7D,
  0xEF, 0x7D, 0xEF, 0x7E, 0xEF, 0x9E, 0xEF, 0x9E, 0xEF, 0x9E, 0xEF, 0x9E, 0xE7, 0xBD, 0xEF, 0xBD,
  0xF7, 0xBE, 0xF7, 0xBE, 0xF7, 0xDF, 0xEF, 0xDF, 0xF7, 0xDF, 0xF7, 0xDF, 0xF7, 0xDF, 0xF7, 0xDF,
  0xDF, 0x1B, 0xDF, 0x1B, 0xDF, 0x1B, 0xDF, 0x1A, 0xDF, 0x1B, 0xDF, 0x1B, 0xDF, 0x1B, 0xDF, 0x1B,
  0xDF, 0x1C, 0xDF, 0x1C, 0xDF, 0x1C, 0xD7, 0x1C, 0xDF, 0x3C, 0xDF, 0x3C, 0xE7, 0x3C, 0xE7, 0x3B,
  0xDF, 0x5B, 0xE7, 0x5C, 0xE7, 0x7D, 0xEF, 0x7D, 0xEF, 0x7D, 0xEF, 0x9D, 0xE7, 0x9C, 0xEF, 0x9D,
  0xF7, 0xBE, 0xF7, 0xDE, 0xFF, 0xFF, 0xFF, 0xFF, 0xEF, 0xDE, 0xF7, 0xBD, 0xEF, 0xBE, 0xE7, 0x9D,
  0xEF, 0x9C, 0xEF, 0x7C, 0xEF, 0x7D, 0xEF, 0x7D, 0xEF, 0x7D, 0xEF, 0x7D, 0xE7, 0x7D, 0xE7, 0x7D,
  0xE7, 0x7D, 0xDF, 0x7D, 0xE7, 0x7D, 0xE7, 0x7D, 0xE7, 0x7D, 0xE7, 0x7D, 0xE7, 0x5C, 0xE7, 0x7C,
  0xE7, 0x7D, 0xE7, 0x7D, 0xDF, 0x7D, 0xE7, 0x7D, 0xEF, 0x7D, 0xE7, 0x7D, 0xDF, 0x7D, 0xE7, 0x7D,
  0xEF, 0x7C, 0xEF, 0x7D, 0xEF, 0x9E, 0xEF, 0xBE, 0xEF, 0xBE, 0xEF, 0xBE, 0xEF, 0xBE, 0xEF, 0xBE,
  0xF7, 0xBE, 0xF7, 0xDE, 0xF7, 0xDF, 0xF7, 0xDF, 0xF7, 0xDF, 0xF7, 0xDF, 0xF7, 0xDF, 0xF7, 0xDF,
  0xF7, 0xDF, 0xF7, 0xDF, 0xF7, 0xDF, 0xF7, 0xDF, 0xF7, 0xDF, 0xF7, 0xDF, 0xEF, 0xBE, 0xF7, 0xBE,
  0xF7, 0xBE, 0xC6, 0x38, 0x8C, 0x71, 0x84, 0x30, 0x7B, 0xEF, 0x73, 0x6D, 0x63, 0x0C, 0x5A, 0xEB,
  0x5A, 0xEB, 0x5A, 0xCB, 0x52, 0xCA, 0x52, 0xAA, 0x52, 0x8A, 0x4A, 0x8A, 0x4A, 0x6A, 0x4A, 0x6A,
  0x42, 0x69, 0x42, 0x69, 0x4A, 0x49, 0x4A, 0x49, 0x4A, 0x49, 0x4A, 0x49, 0x4A, 0x49, 0x4A, 0x49,
  0x42, 0x29, 0x42, 0x29, 0x42, 0x29, 0x42, 0x29, 0x3A, 0x29, 0x3A, 0x28, 0x42, 0x28, 0x42, 0x28,
  0x42, 0x28, 0x42, 0x28, 0x42, 0x28, 0x42, 0x28, 0x42, 0x28, 0x42, 0x08, 0x42, 0x08, 0x42, 0x08,
  0x42, 0x08, 0x42, 0x08, 0x42, 0x08, 0x42, 0x07, 0x42, 0x07, 0x42, 0x07, 0x42, 0x07, 0x42, 0x07,
  0x42, 0x07, 0x42, 0x07, 0x42, 0x07, 0x42, 0x07, 0x42, 0x07, 0x42, 0x07, 0x42, 0x08, 0x42, 0x28,
  0x42, 0x28, 0x42, 0x28, 0x42, 0x28, 0x42, 0x29, 0x42, 0x29, 0x42, 0x29, 0x42, 0x29, 0x42, 0x28,
  0x4A, 0x28, 0x4A, 0x48, 0x42, 0x49, 0x4A, 0x49, 0x52, 0x49, 0x52, 0x49, 0x4A, 0x49, 0x52, 0x4A,
  0x52, 0x4A, 0x52, 0x49, 0x52, 0x49, 0x5A, 0x49, 0x5A, 0x29, 0x8A, 0x4A, 0xDA, 0xAC, 0xE2, 0xAC,
  0xEA, 0xCD, 0xF2, 0xEE, 0xF2, 0xEE, 0xF2, 0xEE, 0xF2, 0xEE, 0xF2, 0xEE, 0xF2, 0xCE, 0xEA, 0xCD,
  0xE2, 0xAC, 0xA2, 0x4A, 0x62, 0x28, 0x5A, 0x48, 0x5A, 0x49, 0x52, 0x49, 0x4A, 0x68, 0x52, 0x69,
  0x5A, 0x6A, 0x5A, 0x89, 0x5A, 0x8A, 0x5A, 0xAB, 0x63, 0x2C, 0x73, 0x2C, 0xB5, 0x54, 0xF7, 0x5B,
  0xF7, 0x3B, 0xFF, 0x5C, 0xF7, 0x3B, 0xC5, 0xB5, 0xCE, 0x58, 0xCE, 0x99, 0xCE, 0xBA, 0xD6, 0xB9,
  0xD6, 0xBA, 0xD6, 0xDB, 0xD6, 0xDB, 0xCE, 0xDB, 0xD6, 0xFB, 0xDE, 0xFB, 0xDE, 0xFB, 0xDE, 0xFB,
  0xDF, 0x1B, 0xDF, 0x1B, 0xDF, 0x1C, 0xDF, 0x1C, 0xD6, 0xFB, 0xDF, 0x1B, 0xDE, 0xFB, 0xC6, 0x18,
  0xDE, 0xDA, 0xF7, 0x7D, 0xEF, 0x5C, 0xCE, 0x99, 0xDF, 0x3C, 0xE7, 0x5D, 0xEF, 0x7D, 0xEF, 0x7D,
  0xEF, 0x7D, 0xEF, 0x7D, 0xEF, 0x7D, 0xEF, 0x7D, 0xE7, 0x7D, 0xE7, 0x7D, 0xE7, 0x7D, 0xE7, 0x7D,
  0xE7, 0x7C, 0xE7, 0x7D, 0xEF, 0x7E, 0xEF, 0x7D, 0xE7, 0x7D, 0xEF, 0x9E, 0xEF, 0x9E, 0xEF, 0x9E,
  0xF7, 0xBD, 0xF7, 0xBE, 0xF7, 0xBE, 0xF7, 0xBE, 0xF7, 0xBF, 0xF7, 0xDE, 0xF7, 0xDE, 0xF7, 0xDE,
  0xDF, 0x1A, 0xDF, 0x1A, 0xDF, 0x1B, 0xDF, 0x1B, 0xDF, 0x1B, 0xDF, 0x1B, 0xDF, 0x1A, 0xDF, 0x1A,
  0xDF, 0x1B, 0xDF, 0x1C, 0xDF, 0x1C, 0xDF, 0x1C, 0xD7, 0x3C, 0xDF, 0x3C, 0xE7, 0x3C, 0xE7, 0x1C,
  0xE7, 0x3C, 0xDF, 0x5C, 0xE7, 0x5D, 0xEF, 0x7D, 0xEF, 0x7D, 0xEF, 0x7D, 0xE7, 0x9C, 0xEF, 0x9D,
  0xF7, 0xDE, 0xFF, 0xFF, 0xFF, 0xFF, 0xFF, 0xFF, 0xF7, 0xDF, 0xF7, 0xBE, 0xEF, 0xBE, 0xEF, 0x9D,
  0xE7, 0x9C, 0xEF, 0x7D, 0xEF, 0x7D, 0xEF, 0x7D, 0xEF, 0x7D, 0xEF, 0x7D, 0xEF, 0x7D, 0xEF, 0x7D,
  0xE7, 0x7D, 0xE7, 0x7D, 0xE7, 0x7D, 0xE7, 0x7D, 0xE7, 0x7D, 0xE7, 0x7D, 0xE7, 0x5B, 0xE7, 0x5C,
  0xE7, 0x5C, 0xE7, 0x5C, 0xE7, 0x5D, 0xE7, 0x5C, 0xE7, 0x7D, 0xE7, 0x7D, 0xE7, 0x7D, 0xDF, 0x7D,
  0xE7, 0x7D, 0xEF, 0x7D, 0xEF, 0x9D, 0xEF, 0x9D, 0xE7, 0xBE, 0xE7, 0xBD, 0xEF, 0xBE, 0xEF, 0xBE,
  0xEF, 0xBE, 0xF7, 0xBE, 0xF7, 0xDE, 0xF7, 0xDF, 0xF7, 0xDF, 0xF7, 0xDF, 0xF7, 0xDF, 0xF7, 0xDF,
  0xF7, 0xDF, 0xF7, 0xDF, 0xF7, 0xDF, 0xF7, 0xDF, 0xF7, 0xDF, 0xEF, 0xBE, 0xEF, 0xBE, 0xEF, 0x9E,
  0xB5, 0xD6, 0x84, 0x30, 0x84, 0x10, 0x73, 0xCE, 0x63, 0x4C, 0x62, 0xEC, 0x62, 0xEC, 0x5A, 0xEB,
  0x52, 0xCB, 0x52, 0xAA, 0x52, 0x8A, 0x52, 0x89, 0x4A, 0x6A, 0x4A, 0x6A, 0x42, 0x69, 0x4A, 0x69,
  0x4A, 0x48, 0x4A, 0x49, 0x4A, 0x49, 0x4A, 0x49, 0x4A, 0x49, 0x4A, 0x49, 0x42, 0x29, 0x42, 0x29,
  0x3A, 0x29, 0x3A, 0x29, 0x42, 0x29, 0x42, 0x29, 0x42, 0x28, 0x42, 0x28, 0x42, 0x27, 0x42, 0x27,
  0x42, 0x27, 0x42, 0x27, 0x42, 0x28, 0x42, 0x28, 0x42, 0x08, 0x42, 0x08, 0x42, 0x08, 0x42, 0x08,
  0x42, 0x08, 0x42, 0x08, 0x42, 0x08, 0x42, 0x08, 0x42, 0x08, 0x42, 0x08, 0x42, 0x08, 0x42, 0x08,
  0x42, 0x08, 0x42, 0x08, 0x42, 0x08, 0x42, 0x08, 0x42, 0x08, 0x42, 0x08, 0x42, 0x08, 0x42, 0x08,
  0x42, 0x28, 0x42, 0x27, 0x42, 0x28, 0x42, 0x29, 0x42, 0x28, 0x3A, 0x28, 0x3A, 0x29, 0x3A, 0x29,
  0x4A, 0x29, 0x4A, 0x29, 0x4A, 0x49, 0x42, 0x48, 0x4A, 0x28, 0x4A, 0x48, 0x4A, 0x49, 0x52, 0x49,
  0x52, 0x49, 0x4A, 0x28, 0x4A, 0x29, 0x52, 0x28, 0x5A, 0x49, 0x62, 0x28, 0xA2, 0x6B, 0xDA, 0xAC,
  0xEA, 0xCD, 0xF2, 0xCE, 0xF2, 0xCE, 0xF2, 0xEE, 0xF2, 0xEE, 0xF2, 0xEE, 0xF2, 0xCE, 0xEA, 0xAD,
  0xDA, 0x8C, 0x92, 0x49, 0x5A, 0x29, 0x5A, 0x49, 0x5A, 0x48, 0x52, 0x49, 0x52, 0x49, 0x52, 0x69,
  0x52, 0x6A, 0x5A, 0x8A, 0x52, 0x8A, 0x5A, 0xAA, 0x6B, 0x4C, 0x73, 0x6D, 0xB5, 0x54, 0xFF, 0x5B,
  0xF7, 0x3B, 0xFF, 0x5C, 0xF7, 0x3B, 0xB5, 0x34, 0xB5, 0x95, 0xCE, 0x99, 0xC6, 0x99, 0xCE, 0xBA,
  0xD6, 0xBA, 0xD6, 0xDA, 0xD6, 0xDB, 0xD6, 0xDB, 0xD6, 0xFB, 0xD6, 0xFB, 0xDE, 0xFB, 0xDE, 0xFB,
  0xDF, 0x1B, 0xDF, 0x1B, 0xDF, 0x1C, 0xDE, 0xFB, 0xDF, 0x1B, 0xDE, 0xFA, 0xC6, 0x17, 0xE7, 0x1B,
  0xFF, 0x9D, 0xF7, 0x7D, 0xE7, 0x3B, 0xCE, 0x99, 0xE7, 0x3C, 0xE7, 0x3C, 0xE7, 0x5D, 0xEF, 0x7D,
  0xEF, 0x7C, 0xEF, 0x7C, 0xE7, 0x7C, 0xE7, 0x7C, 0xE7, 0x7D, 0xE7, 0x7D, 0xDF, 0x5D, 0xE7, 0x5D,
  0xDF, 0x7D, 0xE7, 0x7C, 0xEF, 0x7D, 0xEF, 0x7C, 0xEF, 0x7D, 0xEF, 0x7E, 0xEF, 0x9E, 0xEF, 0x9E,
  0xEF, 0x9E, 0xEF, 0x9E, 0xEF, 0x9D, 0xEF, 0x9E, 0xF7, 0xBE, 0xF7, 0xBD, 0xF7, 0xBE, 0xF7, 0xBE,
  0xDF, 0x1B, 0xDF, 0x1B, 0xDF, 0x1B, 0xDF, 0x1B, 0xDF, 0x1B, 0xDF, 0x1B, 0xDF, 0x1B, 0xD7, 0x1B,
  0xDF, 0x1B, 0xE7, 0x3C, 0xE7, 0x3C, 0xDF, 0x3C, 0xDF, 0x3C, 0xE7, 0x3C, 0xE7, 0x3C, 0xE7, 0x3C,
  0xE7, 0x3C, 0xE7, 0x5B, 0xDF, 0x5C, 0xE7, 0x5D, 0xEF, 0x7D, 0xE7, 0x7C, 0xEF, 0x9D, 0xF7, 0xBE,
  0xF7, 0xFF, 0xFF, 0xFF, 0xFF, 0xFF, 0xFF, 0xFF, 0xFF, 0xFF, 0xFF, 0xFF, 0xF7, 0xDE, 0xF7, 0xBE,
  0xEF, 0x9D, 0xEF, 0x9C, 0xEF, 0x7D, 0xEF, 0x7D, 0xEF, 0x7D, 0xEF, 0x7D, 0xEF, 0x7D, 0xEF, 0x7D,
  0xE7, 0x7D, 0xDF, 0x7D, 0xE7, 0x7D, 0xE7, 0x7D, 0xE7, 0x7D, 0xE7, 0x7D, 0xE7, 0x5C, 0xE7, 0x5C,
  0xE7, 0x5B, 0xE7, 0x5B, 0xE7, 0x5C, 0xE7, 0x5C, 0xDF, 0x5C, 0xE7, 0x5C, 0xE7, 0x5C, 0xDF, 0x5C,
  0xE7, 0x7D, 0xEF, 0x7D, 0xEF, 0x7C, 0xEF, 0x9D, 0xEF, 0xBE, 0xEF, 0xBE, 0xE7, 0xBE, 0xE7, 0xBD,
  0xEF, 0xBE, 0xF7, 0xBF, 0xF7, 0xBE, 0xF7, 0xDE, 0xF7, 0xDF, 0xF7, 0xDF, 0xF7, 0xDF, 0xF7, 0xDF,
  0xF7, 0xDF, 0xF7, 0xDE, 0xF7, 0xDE, 0xF7, 0xBE, 0xEF, 0xBD, 0xF7, 0xBE, 0xEF, 0x7D, 0xA5, 0x54,
  0x84, 0x10, 0x84, 0x10, 0x73, 0xAE, 0x63, 0x4C, 0x62, 0xEC, 0x5A, 0xEB, 0x5A, 0xCB, 0x52, 0xAA,
  0x52, 0x8A, 0x4A, 0x8A, 0x4A, 0x8A, 0x52, 0x6A, 0x4A, 0x69, 0x4A, 0x69, 0x4A, 0x48, 0x4A, 0x48,
  0x4A, 0x49, 0x4A, 0x49, 0x42, 0x49, 0x42, 0x29, 0x42, 0x29, 0x42, 0x29, 0x42, 0x29, 0x3A, 0x28,
  0x42, 0x28, 0x42, 0x28, 0x42, 0x28, 0x42, 0x28, 0x42, 0x28, 0x42, 0x28, 0x42, 0x28, 0x42, 0x28,
  0x42, 0x28, 0x42, 0x28, 0x42, 0x28, 0x42, 0x28, 0x42, 0x08, 0x42, 0x08, 0x42, 0x08, 0x42, 0x08,
  0x42, 0x08, 0x42, 0x08, 0x42, 0x08, 0x42, 0x08, 0x42, 0x08, 0x42, 0x08, 0x42, 0x08, 0x42, 0x08,
  0x42, 0x08, 0x42, 0x08, 0x42, 0x08, 0x42, 0x08, 0x42, 0x08, 0x42, 0x08, 0x42, 0x08, 0x42, 0x08,
  0x42, 0x08, 0x42, 0x08, 0x42, 0x08, 0x42, 0x08, 0x42, 0x08, 0x42, 0x27, 0x42, 0x28, 0x42, 0x28,
  0x42, 0x29, 0x42, 0x29, 0x4A, 0x28, 0x4A, 0x29, 0x4A, 0x29, 0x42, 0x29, 0x4A, 0x29, 0x4A, 0x28,
  0x4A, 0x29, 0x52, 0x29, 0x52, 0x29, 0x52, 0x29, 0x5A, 0x29, 0x5A, 0x49, 0x6A, 0x29, 0xAA, 0x6B,
  0xE2, 0xCD, 0xEA, 0xCD, 0xF2, 0xCD, 0xF2, 0xEE, 0xF2, 0xEE, 0xF2, 0xEE, 0xF2, 0xCE, 0xEA, 0xAD,
  0xD2, 0x8C, 0x82, 0x29, 0x5A, 0x2A, 0x5A, 0x49, 0x5A, 0x48, 0x52, 0x49, 0x52, 0x49, 0x52, 0x69,
  0x52, 0x6A, 0x4A, 0x8A, 0x5A, 0xAA, 0x62, 0xEB, 0x6B, 0x2D, 0x7B, 0xAE, 0xC5, 0x95, 0xF7, 0x3B,
  0xF7, 0x1B, 0xFF, 0x5B, 0xEF, 0x1B, 0xAD, 0x13, 0x9C, 0xB2, 0xBD, 0xF7, 0xCE, 0x79, 0xCE, 0x99,
  0xCE, 0xB9, 0xD6, 0xDA, 0xD6, 0xDB, 0xD6, 0xDB, 0xCE, 0xDB, 0xD6, 0xFB, 0xDE, 0xFB, 0xDE, 0xFB,
  0xDF, 0x1A, 0xDF, 0x1B, 0xD7, 0x1C, 0xDF, 0x1C, 0xDE, 0xFB, 0xC5, 0xF7, 0xE7, 0x1B, 0xFF, 0x9D,
  0xF7, 0x5C, 0xFF, 0x7D, 0xDE, 0xBA, 0xD6, 0xBA, 0xE7, 0x3C, 0xE7, 0x3C, 0xE7, 0x5D, 0xE7, 0x5D,
  0xE7, 0x5D, 0xE7, 0x5D, 0xE7, 0x5D, 0xDF, 0x5D, 0xDF, 0x5D, 0xE7, 0x5D, 0xE7, 0x5D, 0xE7, 0x5D,
  0xE7, 0x5D, 0xDF, 0x5D, 0xE7, 0x7C, 0xEF, 0x7C, 0xEF, 0x7D, 0xEF, 0x7D, 0xEF, 0x7E, 0xEF, 0x7D,
  0xE7, 0x9E, 0xE7, 0x9E, 0xE7, 0x9E, 0xEF, 0x9E, 0xEF, 0x9E, 0xEF, 0x9E, 0xF7, 0xBE, 0xF7, 0xBE,
  0xDF, 0x1B, 0xDF, 0x1B, 0xDF, 0x1B, 0xDF, 0x1B, 0xDF, 0x1B, 0xDF, 0x1B, 0xDF, 0x1B, 0xD7, 0x1B,
  0xDF, 0x1C, 0xE7, 0x3C, 0xE7, 0x3C, 0xE7, 0x3C, 0xE7, 0x3C, 0xE7, 0x3C, 0xE7, 0x3C, 0xE7, 0x3C,
  0xE7, 0x3C, 0xE7, 0x5C, 0xDF, 0x5C, 0xE7, 0x5C, 0xEF, 0x7D, 0xE7, 0x7C, 0xEF, 0x9D, 0xF7, 0xDE,
  0xFF, 0xFF, 0xFF, 0xFF, 0xFF, 0xFF, 0xFF, 0xFF, 0xFF, 0xFF, 0xFF, 0xFF, 0xFF, 0xFF, 0xF7, 0xDE,
  0xEF, 0xBD, 0xE7, 0x7D, 0xEF, 0x7C, 0xEF, 0x7D, 0xEF, 0x7D, 0xEF, 0x7D, 0xEF, 0x7D, 0xEF, 0x7D,
  0xE7, 0x7D, 0xE7, 0x7D, 0xE7, 0x7D, 0xE7, 0x7D, 0xE7, 0x5D, 0xE7, 0x5D, 0xE7, 0x5C, 0xE7, 0x5C,
  0xE7, 0x5C, 0xE7, 0x5C, 0xE7, 0x5B, 0xE7, 0x3C, 0xE7, 0x5C, 0xE7, 0x5B, 0xE7, 0x5B, 0xDF, 0x5B,
  0xE7, 0x7D, 0xEF, 0x7D, 0xEF, 0x9C, 0xE7, 0x9D, 0xEF, 0x9E, 0xEF, 0xBE, 0xEF, 0xBE, 0xEF, 0xBE,
  0xEF, 0xBD, 0xF7, 0xBE, 0xF7, 0xBE, 0xF7, 0xBD, 0xF7, 0xDE, 0xF7, 0xDE, 0xF7, 0xBF, 0xF7, 0xBE,
  0xEF, 0xBE, 0xEF, 0xBD, 0xF7, 0x9D, 0xEF, 0x7D, 0xEF, 0x9E, 0xE7, 0x3C, 0x9C, 0xF3, 0x83, 0xEF,
  0x83, 0xEF, 0x73, 0x8E, 0x63, 0x2C, 0x62, 0xEC, 0x5A, 0xCB, 0x5A, 0xCB, 0x52, 0xAA, 0x4A, 0x8A,
  0x52, 0x89, 0x4A, 0x6A, 0x4A, 0x69, 0x4A, 0x69, 0x4A, 0x49, 0x4A, 0x49, 0x4A, 0x49, 0x4A, 0x49,
  0x4A, 0x49, 0x4A, 0x49, 0x42, 0x29, 0x3A, 0x29, 0x42, 0x29, 0x3A, 0x29, 0x42, 0x28, 0x42, 0x28,
  0x42, 0x27, 0x42, 0x28, 0x42, 0x27, 0x42, 0x07, 0x42, 0x08, 0x42, 0x08, 0x42, 0x08, 0x42, 0x08,
  0x42, 0x08, 0x42, 0x08, 0x42, 0x28, 0x42, 0x28, 0x42, 0x08, 0x42, 0x08, 0x42, 0x08, 0x42, 0x08,
  0x42, 0x08, 0x42, 0x08, 0x42, 0x08, 0x42, 0x08, 0x42, 0x08, 0x42, 0x08, 0x42, 0x08, 0x42, 0x08,
  0x42, 0x08, 0x42, 0x08, 0x42, 0x08, 0x42, 0x08, 0x42, 0x08, 0x42, 0x08, 0x42, 0x08, 0x42, 0x08,
  0x42, 0x08, 0x42, 0x08, 0x42, 0x08, 0x42, 0x08, 0x42, 0x08, 0x42, 0x08, 0x42, 0x07, 0x42, 0x07,
  0x42, 0x28, 0x3A, 0x28, 0x42, 0x28, 0x42, 0x29, 0x42, 0x28, 0x4A, 0x28, 0x4A, 0x29, 0x42, 0x29,
  0x42, 0x29, 0x4A, 0x29, 0x52, 0x28, 0x52, 0x28, 0x52, 0x29, 0x5A, 0x29, 0x62, 0x28, 0x6A, 0x09,
  0xB2, 0x6B, 0xE2, 0xAD, 0xEA, 0xCD, 0xF2, 0xEE, 0xF2, 0xEE, 0xF2, 0xEE, 0xEA, 0xCD, 0xE2, 0xAD,
  0xCA, 0x8B, 0x7A, 0x29, 0x5A, 0x49, 0x5A, 0x49, 0x5A, 0x49, 0x52, 0x49, 0x52, 0x49, 0x52, 0x69,
  0x52, 0x6A, 0x52, 0x8A, 0x5A, 0x8A, 0x63, 0x0C, 0x6B, 0x4D, 0x73, 0x6D, 0xC5, 0xB5, 0xF7, 0x3B,
  0xF7, 0x1A, 0xF7, 0x3B, 0xEE, 0xFA, 0xA4, 0xD2, 0x94, 0x71, 0x9C, 0xF2, 0xC6, 0x38, 0xCE, 0x99,
  0xCE, 0xBA, 0xD6, 0xBA, 0xD6, 0xDA, 0xD6, 0xDA, 0xD6, 0xDB, 0xD6, 0xFB, 0xDE, 0xFB, 0xDE, 0xFA,
  0xDE, 0xFB, 0xD7, 0x1B, 0xDE, 0xFB, 0xE7, 0x1B, 0xC6, 0x17, 0xDE, 0xDA, 0xFF, 0x9D, 0xF7, 0x5C,
  0xFF, 0x7D, 0xF7, 0x7C, 0xCE, 0x58, 0xDF, 0x1B, 0xDF, 0x3C, 0xE7, 0x3C, 0xE7, 0x5C, 0xE7, 0x5C,
  0xE7, 0x3D, 0xE7, 0x3D, 0xE7, 0x5C, 0xE7, 0x5C, 0xE7, 0x5C, 0xE7, 0x5C, 0xE7, 0x5C, 0xE7, 0x5C,
  0xE7, 0x5C, 0xE7, 0x5C, 0xE7, 0x5D, 0xE7, 0x5D, 0xE7, 0x7D, 0xEF, 0x7C, 0xEF, 0x7D, 0xEF, 0x7D,
  0xEF, 0x7E, 0xEF, 0x9E, 0xEF, 0x9E, 0xEF, 0x9E, 0xEF, 0x9E, 0xE7, 0x9E, 0xEF, 0x9E, 0xF7, 0xBE,
  0xDF, 0x1B, 0xDF, 0x1B, 0xDF, 0x1B, 0xDF, 0x1B, 0xDF, 0x1B, 0xDF, 0x1B, 0xE7, 0x1B, 0xE7, 0x1C,
  0xE7, 0x3C, 0xE7, 0x3C, 0xDF, 0x3C, 0xDF, 0x3C, 0xDF, 0x3C, 0xDF, 0x3C, 0xE7, 0x3C, 0xE7, 0x3C,
  0xE7, 0x3C, 0xE7, 0x5C, 0xDF, 0x5B, 0xE7, 0x5C, 0xEF, 0x7D, 0xEF, 0x7D, 0xF7, 0xBD, 0xF7, 0xDE,
  0xFF, 0xFF, 0xFF, 0xFF, 0xFF, 0xFF, 0xFF, 0xFF, 0xFF, 0xFF, 0xFF, 0xFF, 0xFF, 0xFF, 0xF7, 0xDF,
  0xF7, 0xBE, 0xEF, 0x7E, 0xE7, 0x7D, 0xEF, 0x7D, 0xEF, 0x7D, 0xEF, 0x7D, 0xEF, 0x7D, 0xEF, 0x7D,
  0xEF, 0x7D, 0xE7, 0x7D, 0xE7, 0x7D, 0xE7, 0x7D, 0xEF, 0x7D, 0xE7, 0x5D, 0xDF, 0x5C, 0xE7, 0x5C,
  0xE7, 0x5C, 0xE7, 0x5C, 0xE7, 0x5B, 0xE7, 0x3C, 0xE7, 0x5C, 0xE7, 0x5B, 0xE7, 0x5C, 0xDF, 0x5C,
  0xE7, 0x7D, 0xEF, 0x7D, 0xEF, 0x9C, 0xEF, 0x7D, 0xEF, 0x9D, 0xEF, 0x9E, 0xEF, 0x9D, 0xEF, 0x9E,
  0xEF, 0xBE, 0xF7, 0xBE, 0xF7, 0xBE, 0xF7, 0xBE, 0xEF, 0xBD, 0xEF, 0xBE, 0xEF, 0x9E, 0xEF, 0x9E,
  0xEF, 0x9E, 0xEF, 0xBE, 0xEF, 0x7D, 0xEF, 0x7D, 0xD6, 0xDA, 0x94, 0x92, 0x7B, 0xEF, 0x7B, 0xCF,
  0x6B, 0x4D, 0x6B, 0x2C, 0x5A, 0xEC, 0x5A, 0xCB, 0x5A, 0xCB, 0x52, 0xAA, 0x52, 0x8A, 0x52, 0x8A,
  0x4A, 0x6A, 0x4A, 0x69, 0x4A, 0x49, 0x4A, 0x49, 0x4A, 0x49, 0x4A, 0x49, 0x42, 0x49, 0x42, 0x29,
  0x42, 0x29, 0x42, 0x29, 0x42, 0x28, 0x42, 0x28, 0x42, 0x28, 0x42, 0x28, 0x42, 0x28, 0x42, 0x28,
  0x42, 0x28, 0x42, 0x28, 0x42, 0x08, 0x42, 0x08, 0x42, 0x08, 0x42, 0x08, 0x42, 0x08, 0x42, 0x08,
  0x42, 0x08, 0x42, 0x08, 0x42, 0x08, 0x42, 0x08, 0x42, 0x08, 0x42, 0x08, 0x42, 0x08, 0x42, 0x08,
  0x42, 0x08, 0x42, 0x08, 0x42, 0x08, 0x42, 0x08, 0x42, 0x08, 0x42, 0x08, 0x42, 0x08, 0x42, 0x08,
  0x42, 0x08, 0x42, 0x08, 0x42, 0x08, 0x42, 0x08, 0x42, 0x08, 0x42, 0x08, 0x42, 0x08, 0x42, 0x08,
  0x42, 0x08, 0x42, 0x08, 0x42, 0x08, 0x42, 0x08, 0x42, 0x08, 0x42, 0x08, 0x42, 0x08, 0x42, 0x08,
  0x42, 0x07, 0x42, 0x07, 0x42, 0x08, 0x42, 0x08, 0x3A, 0x08, 0x42, 0x28, 0x4A, 0x29, 0x4A, 0x29,
  0x4A, 0x29, 0x4A, 0x29, 0x42, 0x28, 0x4A, 0x27, 0x52, 0x29, 0x52, 0x29, 0x5A, 0x29, 0x5A, 0x08,
  0x7A, 0x09, 0xC2, 0xAC, 0xE2, 0xCD, 0xEA, 0xCD, 0xF2, 0xED, 0xF2, 0xEE, 0xEA, 0xCD, 0xE2, 0xAD,
  0xBA, 0x6B, 0x6A, 0x29, 0x5A, 0x48, 0x5A, 0x49, 0x5A, 0x49, 0x5A, 0x49, 0x52, 0x48, 0x52, 0x69,
  0x52, 0x6A, 0x52, 0x89, 0x5A, 0x8A, 0x5A, 0xCB, 0x6B, 0x4D, 0x73, 0x6D, 0xBD, 0x54, 0xF7, 0x3A,
  0xF7, 0x1A, 0xF7, 0x3B, 0xF7, 0x3B, 0xA4, 0xD2, 0x8C, 0x50, 0x8C, 0x50, 0xAD, 0x74, 0xCE, 0x79,
  0xCE, 0x99, 0xD6, 0xBA, 0xD6, 0xB9, 0xD6, 0xDA, 0xD6, 0xDA, 0xCE, 0xDB, 0xD6, 0xFB, 0xDE, 0xFB,
  0xDE, 0xFB, 0xD6, 0xFB, 0xDF, 0x1B, 0xCE, 0x58, 0xD6, 0x99, 0xFF, 0x9D, 0xFF, 0x5C, 0xF7, 0x5C,
  0xFF, 0x9D, 0xE6, 0xFB, 0xD6, 0x79, 0xE7, 0x3C, 0xDF, 0x1B, 0xE7, 0x3C, 0xE7, 0x3B, 0xE7, 0x3C,
  0xE7, 0x3C, 0xDF, 0x3C, 0xDF, 0x3C, 0xDF, 0x3B, 0xE7, 0x3B, 0xE7, 0x3B, 0xE7, 0x3B, 0xE7, 0x3B,
  0xE7, 0x3B, 0xE7, 0x5C, 0xE7, 0x5D, 0xDF, 0x5D, 0xE7, 0x5D, 0xE7, 0x5D, 0xEF, 0x7C, 0xEF, 0x7D,
  0xEF, 0x7D, 0xEF, 0x7D, 0xEF, 0x9D, 0xEF, 0x9E, 0xEF, 0x9E, 0xE7, 0x9E, 0xEF, 0x9E, 0xF7, 0xBE,
  0xDF, 0x1B, 0xDF, 0x1B, 0xDF, 0x1B, 0xDF, 0x1B, 0xDF, 0x1A, 0xDF, 0x1B, 0xE7, 0x1C, 0xE7, 0x3C,
  0xE7, 0x3C, 0xE7, 0x3C, 0xE7, 0x3C, 0xE7, 0x3C, 0xE7, 0x3C, 0xE7, 0x3C, 0xE7, 0x3C, 0xDF, 0x3C,
  0xE7, 0x3C, 0xDF, 0x5C, 0xE7, 0x5B, 0xE7, 0x7C, 0xEF, 0x7D, 0xEF, 0x9D, 0xF7, 0xDE, 0xFF, 0xFF,
  0xFF, 0xFF, 0xFF, 0xFF, 0xFF, 0xFF, 0xFF, 0xFF, 0xFF, 0xFF, 0xFF, 0xFF, 0xFF, 0xFF, 0xF7, 0xDF,
  0xEF, 0xBE, 0xEF, 0x7E, 0xEF, 0x7D, 0xEF, 0x7D, 0xE7, 0x7D, 0xE7, 0x5D, 0xEF, 0x7D, 0xEF, 0x7D,
  0xEF, 0x7D, 0xEF, 0x7D, 0xE7, 0x7D, 0xDF, 0x7D, 0xEF, 0x7D, 0xE7, 0x7D, 0xE7, 0x5C, 0xE7, 0x5B,
  0xE7, 0x5C, 0xE7, 0x5C, 0xE7, 0x5C, 0xE7, 0x5C, 0xE7, 0x5C, 0xE7, 0x5C, 0xE7, 0x7D, 0xDF, 0x7D,
  0xE7, 0x7D, 0xEF, 0x7D, 0xEF, 0x7D, 0xEF, 0x7D, 0xEF, 0x9D, 0xEF, 0x9E, 0xEF, 0x9E, 0xE7, 0x9E,
  0xEF, 0x9D, 0xEF, 0x9D, 0xEF, 0x9D, 0xEF, 0x9D, 0xE7, 0x9D, 0xEF, 0x9E, 0xEF, 0x9E, 0xEF, 0x7E,
  0xE7, 0x1C, 0xD6, 0x38, 0xC5, 0x96, 0xB5, 0x75, 0x8C, 0x30, 0x7B, 0xAE, 0x7B, 0xAE, 0x6B, 0x4D,
  0x63, 0x0C, 0x5A, 0xCB, 0x5A, 0xCB, 0x5A, 0xAA, 0x52, 0x8A, 0x52, 0x8A, 0x4A, 0x6A, 0x4A, 0x6A,
  0x4A, 0x69, 0x4A, 0x49, 0x4A, 0x49, 0x4A, 0x49, 0x42, 0x29, 0x42, 0x29, 0x42, 0x29, 0x3A, 0x29,
  0x42, 0x29, 0x42, 0x29, 0x42, 0x28, 0x42, 0x27, 0x42, 0x08, 0x42, 0x08, 0x42, 0x08, 0x42, 0x08,
  0x42, 0x08, 0x42, 0x08, 0x42, 0x08, 0x42, 0x08, 0x42, 0x08, 0x42, 0x08, 0x42, 0x08, 0x42, 0x08,
  0x42, 0x08, 0x42, 0x08, 0x42, 0x08, 0x42, 0x08, 0x42, 0x08, 0x42, 0x08, 0x42, 0x08, 0x42, 0x08,
  0x42, 0x08, 0x42, 0x08, 0x42, 0x08, 0x42, 0x08, 0x42, 0x08, 0x42, 0x08, 0x42, 0x08, 0x42, 0x08,
  0x42, 0x08, 0x42, 0x08, 0x42, 0x08, 0x42, 0x08, 0x42, 0x08, 0x42, 0x08, 0x42, 0x08, 0x42, 0x08,
  0x42, 0x08, 0x42, 0x08, 0x42, 0x08, 0x42, 0x08, 0x42, 0x08, 0x42, 0x08, 0x42, 0x08, 0x42, 0x08,
  0x42, 0x08, 0x42, 0x08, 0x42, 0x08, 0x42, 0x08, 0x42, 0x08, 0x42, 0x07, 0x42, 0x08, 0x42, 0x08,
  0x4A, 0x08, 0x4A, 0x28, 0x4A, 0x28, 0x4A, 0x28, 0x52, 0x08, 0x52, 0x08, 0x52, 0x08, 0x5A, 0x29,
  0x62, 0x08, 0x8A, 0x2A, 0xD2, 0xAC, 0xEA, 0xAD, 0xEA, 0xCC, 0xEA, 0xED, 0xE2, 0xCD, 0xE2, 0xCD,
  0xAA, 0x4A, 0x62, 0x28, 0x5A, 0x49, 0x5A, 0x49, 0x5A, 0x49, 0x52, 0x49, 0x52, 0x48, 0x52, 0x69,
  0x52, 0x6A, 0x52, 0x8A, 0x5A, 0xAA, 0x5A, 0xAA, 0x6B, 0x2C, 0x73, 0x4D, 0xB5, 0x54, 0xF7, 0x1A,
  0xF7, 0x1A, 0xFF, 0x3B, 0xE6, 0x98, 0x9C, 0x70, 0x8C, 0x0F, 0x94, 0x51, 0x94, 0x92, 0xC6, 0x17,
  0xCE, 0x99, 0xD6, 0x9A, 0xD6, 0xBA, 0xD6, 0xDA, 0xD6, 0xDA, 0xCE, 0xDA, 0xCE, 0xDA, 0xD6, 0xFB,
  0xDE, 0xDA, 0xDF, 0x1B, 0xD6, 0xBA, 0xC6, 0x37, 0xF7, 0x7C, 0xFF, 0x7D, 0xFF, 0x7D, 0xFF, 0x7D,
  0xFF, 0x7D, 0xD6, 0x58, 0xD6, 0xB9, 0xDF, 0x1C, 0xD7, 0x1C, 0xDF, 0x3C, 0xDF, 0x3C, 0xDF, 0x3C,
  0xDF, 0x3C, 0xDF, 0x3C, 0xDF, 0x3C, 0xDF, 0x3C, 0xDF, 0x3C, 0xDF, 0x3C, 0xDF, 0x3C, 0xDF, 0x3C,
  0xE7, 0x3C, 0xE7, 0x3C, 0xE7, 0x3C, 0xE7, 0x5C, 0xE7, 0x5D, 0xDF, 0x5D, 0xE7, 0x5D, 0xEF, 0x7D,
  0xEF, 0x7D, 0xEF, 0x7C, 0xEF, 0x7D, 0xEF, 0x9D, 0xEF, 0x9E, 0xEF, 0x9E, 0xEF, 0xBE, 0xEF, 0x9E,
  0xDE, 0xFB, 0xDF, 0x1B, 0xDF, 0x1B, 0xDF, 0x1A, 0xE7, 0x1B, 0xDF, 0x1C, 0xE7, 0x3C, 0xE7, 0x5C,
  0xE7, 0x5B, 0xE7, 0x5B, 0xEF, 0x5C, 0xEF, 0x5C, 0xEF, 0x5B, 0xEF, 0x5B, 0xEF, 0x5B, 0xE7, 0x5C,
  0xDF, 0x5C, 0xDF, 0x5C, 0xE7, 0x5B, 0xEF, 0x7C, 0xE7, 0x7D, 0xEF, 0x9D, 0xF7, 0xDE, 0xFF, 0xFF,
  0xFF, 0xFF, 0xFF, 0xFF, 0xFF, 0xFF, 0xFF, 0xFF, 0xFF, 0xFF, 0xFF, 0xFF, 0xFF, 0xFF, 0xF7, 0xDF,
  0xEF, 0xBE, 0xE7, 0x7E, 0xEF, 0x7D, 0xE7, 0x5D, 0xDF, 0x5C, 0xDF, 0x5C, 0xE7, 0x5C, 0xE7, 0x5C,
  0xE7, 0x7D, 0xEF, 0x7D, 0xE7, 0x7D, 0xE7, 0x7D, 0xEF, 0x7D, 0xEF, 0x7D, 0xE7, 0x7D, 0xE7, 0x5C,
  0xE7, 0x5B, 0xE7, 0x5B, 0xE7, 0x5B, 0xE7, 0x5C, 0xE7, 0x5C, 0xE7, 0x5D, 0xE7, 0x7D, 0xDF, 0x7D,
  0xE7, 0x7D, 0xEF, 0x7D, 0xEF, 0x7D, 0xE6, 0xFB, 0xDE, 0x79, 0xDE, 0xBA, 0xE7, 0x1C, 0xEF, 0x5D,
  0xEF, 0x9D, 0xEF, 0x7D, 0xEF, 0x9D, 0xEF, 0x7D, 0xEF, 0x7D, 0xEF, 0x5C, 0xDE, 0x79, 0xD5, 0x76,
  0xD4, 0xB3, 0xD4, 0x52, 0xBB, 0xF0, 0x83, 0x6D, 0x73, 0x8E, 0x73, 0x6E, 0x6B, 0x2C, 0x62, 0xEC,
  0x5A, 0xAB, 0x5A, 0xAB, 0x5A, 0xAB, 0x52, 0x8A, 0x4A, 0x89, 0x4A, 0x6A, 0x42, 0x69, 0x42, 0x49,
  0x4A, 0x48, 0x4A, 0x49, 0x42, 0x49, 0x42, 0x29, 0x42, 0x29, 0x3A, 0x29, 0x42, 0x28, 0x42, 0x08,
  0x42, 0x08, 0x42, 0x08, 0x42, 0x08, 0x42, 0x08, 0x42, 0x08, 0x42, 0x08, 0x42, 0x08, 0x42, 0x08,
  0x42, 0x08, 0x42, 0x08, 0x42, 0x08, 0x42, 0x08, 0x42, 0x08, 0x42, 0x08, 0x42, 0x08, 0x42, 0x08,
  0x42, 0x08, 0x42, 0x08, 0x42, 0x08, 0x42, 0x08, 0x42, 0x08, 0x42, 0x08, 0x42, 0x08, 0x42, 0x08,
  0x42, 0x08, 0x42, 0x08, 0x42, 0x08, 0x42, 0x08, 0x42, 0x08, 0x42, 0x08, 0x42, 0x08, 0x42, 0x08,
  0x42, 0x08, 0x42, 0x08, 0x42, 0x08, 0x42, 0x08, 0x42, 0x08, 0x42, 0x08, 0x42, 0x08, 0x42, 0x08,
  0x42, 0x08, 0x42, 0x08, 0x42, 0x08, 0x42, 0x08, 0x42, 0x08, 0x42, 0x08, 0x42, 0x08, 0x42, 0x08,
  0x42, 0x08, 0x42, 0x08, 0x42, 0x08, 0x42, 0x08, 0x42, 0x08, 0x42, 0x08, 0x3A, 0x07, 0x3A, 0x07,
  0x42, 0x07, 0x4A, 0x08, 0x4A, 0x09, 0x42, 0x09, 0x4A, 0x27, 0x52, 0x08, 0x4A, 0x09, 0x52, 0x29,
  0x5A, 0x29, 0x62, 0x08, 0xA2, 0x6B, 0xDA, 0xAD, 0xE2, 0xAD, 0xE2, 0xCD, 0xE2, 0xCD, 0xD2, 0xAC,
  0x8A, 0x29, 0x5A, 0x28, 0x5A, 0x49, 0x5A, 0x4A, 0x5A, 0x4A, 0x5A, 0x6A, 0x5A, 0x69, 0x5A, 0x69,
  0x5A, 0x8A, 0x5A, 0x8A, 0x5A, 0xAA, 0x5A, 0xCA, 0x62, 0xEB, 0x6B, 0x2C, 0xAD, 0x13, 0xF7, 0x1A,
  0xF7, 0x1A, 0xC5, 0xB5, 0xBD, 0x53, 0xB5, 0x53, 0x8C, 0x2F, 0x94, 0x50, 0x8C, 0x50, 0xA5, 0x34,
  0xCE, 0x99, 0xD6, 0x99, 0xD6, 0xBA, 0xD6, 0xD9, 0xD6, 0xD9, 0xD6, 0xDA, 0xD6, 0xDA, 0xD6, 0xFB,
  0xDE, 0xFB, 0xDE, 0xFB, 0xBE, 0x17, 0xDE, 0xDA, 0xFF, 0x9D, 0xF7, 0x7C, 0xF7, 0x9C, 0xFF, 0x9D,
  0xEF, 0x1B, 0xCE, 0x38, 0xDF, 0x1A, 0xDF, 0x1B, 0xDF, 0x1C, 0xDF, 0x1C, 0xDF, 0x1C, 0xDF, 0x1C,
  0xD7, 0x1C, 0xDF, 0x1C, 0xDF, 0x1C, 0xDF, 0x1C, 0xDF, 0x3C, 0xD7, 0x3C, 0xD7, 0x3C, 0xDF, 0x3C,
  0xDF, 0x3C, 0xDF, 0x3C, 0xE7, 0x3B, 0xE7, 0x3C, 0xE7, 0x5C, 0xE7, 0x5C, 0xDF, 0x5D, 0xE7, 0x5D,
  0xE7, 0x7D, 0xEF, 0x7D, 0xEF, 0x7D, 0xEF, 0x7D, 0xEF, 0x9D, 0xEF, 0x9E, 0xEF, 0x9E, 0xE7, 0x9E,
  0xDE, 0xFB, 0xDF, 0x1B, 0xD7, 0x1A, 0xDF, 0x1B, 0xE7, 0x1B, 0xE7, 0x3C, 0xE7, 0x3B, 0xEF, 0x5C,
  0xEF, 0x5C, 0xEF, 0x5C, 0xEF, 0x5C, 0xEF, 0x5C, 0xE7, 0x5C, 0xE7, 0x5C, 0xE7, 0x5C, 0xEF, 0x5C,
  0xE7, 0x5C, 0xE7, 0x5C, 0xE7, 0x5C, 0xEF, 0x7C, 0xEF, 0x9D, 0xEF, 0xBE, 0xF7, 0xDE, 0xFF, 0xFF,
  0xFF, 0xFF, 0xFF, 0xFF, 0xFF, 0xFF, 0xFF, 0xFF, 0xFF, 0xFF, 0xFF, 0xFF, 0xFF, 0xFF, 0xF7, 0xDF,
  0xEF, 0xBE, 0xE7, 0x7D, 0xEF, 0x7D, 0xE7, 0x5C, 0xDF, 0x5B, 0xE7, 0x5C, 0xE7, 0x5B, 0xDF, 0x5C,
  0xE7, 0x5D, 0xE7, 0x5D, 0xEF, 0x7D, 0xEF, 0x7D, 0xEF, 0x7D, 0xEF, 0x7D, 0xE7, 0x7D, 0xDF, 0x7D,
  0xE7, 0x7C, 0xE7, 0x5C, 0xE7, 0x5C, 0xE7, 0x5C, 0xE7, 0x5D, 0xE7, 0x7D, 0xE7, 0x7D, 0xE7, 0x7D,
  0xE7, 0x7D, 0xE7, 0x5D, 0xE7, 0x5C, 0xCD, 0xF8, 0xE5, 0x76, 0xDD, 0x56, 0xD5, 0x56, 0xD5, 0x96,
  0xDE, 0x39, 0xE6, 0xBB, 0xE6, 0xBB, 0xE6, 0x79, 0xDD, 0xF8, 0xCD, 0x35, 0xD4, 0x92, 0xE4, 0x52,
  0xEC, 0x52, 0xDB, 0xF1, 0x93, 0x4D, 0x73, 0x4D, 0x73, 0x2D, 0x62, 0xEC, 0x5A, 0xCB, 0x52, 0xAA,
  0x52, 0xAA, 0x5A, 0x8A, 0x52, 0x6A, 0x52, 0x6A, 0x4A, 0x69, 0x42, 0x49, 0x4A, 0x49, 0x4A, 0x49,
  0x4A, 0x49, 0x4A, 0x49, 0x42, 0x29, 0x42, 0x29, 0x42, 0x29, 0x42, 0x29, 0x42, 0x27, 0x42, 0x08,
  0x42, 0x07, 0x42, 0x08, 0x42, 0x08, 0x42, 0x08, 0x42, 0x08, 0x42, 0x08, 0x42, 0x08, 0x42, 0x08,
  0x42, 0x08, 0x42, 0x08, 0x42, 0x08, 0x42, 0x08, 0x42, 0x08, 0x42, 0x08, 0x42, 0x08, 0x42, 0x08,
  0x42, 0x08, 0x42, 0x08, 0x42, 0x08, 0x42, 0x08, 0x42, 0x08, 0x42, 0x08, 0x42, 0x08, 0x42, 0x08,
  0x42, 0x08, 0x42, 0x08, 0x42, 0x08, 0x42, 0x08, 0x42, 0x08, 0x42, 0x08, 0x42, 0x08, 0x42, 0x08,
  0x42, 0x08, 0x42, 0x08, 0x42, 0x08, 0x42, 0x08, 0x42, 0x08, 0x42, 0x08, 0x42, 0x08, 0x42, 0x08,
  0x42, 0x08, 0x42, 0x08, 0x42, 0x08, 0x42, 0x08, 0x42, 0x08, 0x42, 0x08, 0x42, 0x08, 0x42, 0x08,
  0x42, 0x08, 0x42, 0x08, 0x42, 0x08, 0x42, 0x08, 0x42, 0x08, 0x42, 0x08, 0x42, 0x08, 0x42, 0x08,
  0x42, 0x07, 0x42, 0x08, 0x4A, 0x09, 0x4A, 0x09, 0x42, 0x08, 0x4A, 0x08, 0x52, 0x08, 0x52, 0x28,
  0x5A, 0x29, 0x52, 0x29, 0x72, 0x08, 0xBA, 0xAB, 0xDA, 0xAC, 0xE2, 0xAC, 0xE2, 0xCD, 0xBA, 0x6A,
  0x62, 0x08, 0x5A, 0x29, 0x5A, 0x49, 0x5A, 0x6A, 0x5A, 0x8A, 0x5A, 0x89, 0x5A, 0xAA, 0x5A, 0xAA,
  0x5A, 0x8A, 0x5A, 0x89, 0x52, 0xA9, 0x5A, 0xAA, 0x62, 0xEB, 0x63, 0x0B, 0xA4, 0xB1, 0xF6, 0xFA,
  0xD6, 0x16, 0xC5, 0x94, 0xF7, 0x3A, 0xF7, 0x3B, 0xC5, 0xD6, 0x8C, 0x30, 0x94, 0x91, 0x94, 0x92,
  0xBD, 0xD6, 0xD6, 0xBA, 0xCE, 0xBA, 0xD6, 0xBA, 0xCE, 0xD9, 0xD6, 0xDA, 0xDE, 0xFB, 0xDE, 0xDB,
  0xDE, 0xFB, 0xD6, 0x99, 0xC6, 0x37, 0xFF, 0x7D, 0xFF, 0x7D, 0xFF, 0x7C, 0xFF, 0x7C, 0xFF, 0x9C,
  0xD6, 0x79, 0xD6, 0x79, 0xDF, 0x1B, 0xD6, 0xFA, 0xDF, 0x1B, 0xDF, 0x1C, 0xDF, 0x1C, 0xDF, 0x1B,
  0xDF, 0x1B, 0xDF, 0x1C, 0xDF, 0x1C, 0xDF, 0x1C, 0xDF, 0x1C, 0xDF, 0x1C, 0xDF, 0x3C, 0xDF, 0x3C,
  0xDF, 0x3C, 0xDF, 0x3C, 0xDF, 0x3C, 0xDF, 0x3C, 0xE7, 0x3B, 0xE7, 0x5C, 0xE7, 0x5D, 0xDF, 0x5D,
  0xE7, 0x7D, 0xEF, 0x7D, 0xE7, 0x7D, 0xE7, 0x7C, 0xEF, 0x9D, 0xEF, 0x9E, 0xEF, 0x9E, 0xEF, 0x9E,
  0xD7, 0x1B, 0xDF, 0x1B, 0xDF, 0x1B, 0xE7, 0x1B, 0xDF, 0x3C, 0xE7, 0x3C, 0xEF, 0x5C, 0xEF, 0x5C,
  0xF7, 0x7D, 0xF7, 0x7D, 0xF7, 0x7D, 0xF7, 0x7D, 0xEF, 0x7D, 0xEF, 0x7D, 0xEF, 0x7D, 0xEF, 0x7D,
  0xEF, 0x7C, 0xE7, 0x7C, 0xEF, 0x7D, 0xEF, 0x9D, 0xF7, 0xBD, 0xF7, 0xDE, 0xFF, 0xFF, 0xFF, 0xFF,
  0xFF, 0xFF, 0xFF, 0xFF, 0xFF, 0xFF, 0xFF, 0xFF, 0xFF, 0xFF, 0xFF, 0xFF, 0xFF, 0xFF, 0xF7, 0xDE,
  0xF7, 0x9E, 0xEF, 0x7D, 0xEF, 0x7D, 0xE7, 0x5C, 0xDF, 0x5C, 0xE7, 0x5C, 0xE7, 0x5C, 0xE7, 0x5C,
  0xE7, 0x5C, 0xE7, 0x5C, 0xE7, 0x5D, 0xEF, 0x7D, 0xEF, 0x7D, 0xEF, 0x7D, 0xEF, 0x7D, 0xE7, 0x7D,
  0xDF, 0x7D, 0xE7, 0x7D, 0xE7, 0x5D, 0xE7, 0x5D, 0xE7, 0x7D, 0xE7, 0x7D, 0xE7, 0x7D, 0xE7, 0x7D,
  0xDF, 0x7D, 0xE7, 0x5D, 0xE7, 0x3C, 0xCD, 0xB7, 0xF5, 0x56, 0xFD, 0x36, 0xF5, 0x15, 0xE4, 0xD4,
  0xDC, 0xB3, 0xD4, 0xB3, 0xD4, 0x93, 0xD4, 0x93, 0xDC, 0x72, 0xE4, 0x52, 0xEC, 0x32, 0xEB, 0xF1,
  0xD3, 0xB0, 0x9B, 0x2D, 0x73, 0x0B, 0x6B, 0x0C, 0x62, 0xCB, 0x5A, 0xAB, 0x52, 0x8A, 0x52, 0x89,
  0x52, 0x8A, 0x52, 0x6A, 0x52, 0x6A, 0x4A, 0x49, 0x42, 0x48, 0x4A, 0x48, 0x4A, 0x49, 0x4A, 0x49,
  0x42, 0x29, 0x42, 0x29, 0x3A, 0x29, 0x42, 0x28, 0x42, 0x28, 0x42, 0x08, 0x42, 0x07, 0x42, 0x08,
  0x42, 0x08, 0x42, 0x08, 0x42, 0x08, 0x42, 0x08, 0x42, 0x08, 0x42, 0x08, 0x42, 0x08, 0x42, 0x08,
  0x42, 0x08, 0x42, 0x08, 0x42, 0x08, 0x42, 0x08, 0x42, 0x08, 0x42, 0x08, 0x42, 0x08, 0x42, 0x08,
  0x42, 0x08, 0x42, 0x08, 0x42, 0x08, 0x42, 0x49, 0x42, 0x28, 0x42, 0x27, 0x42, 0x08, 0x42, 0x08,
  0x42, 0x08, 0x42, 0x08, 0x42, 0x08, 0x42, 0x08, 0x42, 0x08, 0x42, 0x08, 0x42, 0x08, 0x42, 0x08,
  0x42, 0x08, 0x42, 0x08, 0x42, 0x08, 0x42, 0x08, 0x42, 0x08, 0x42, 0x08, 0x42, 0x08, 0x42, 0x08,
  0x42, 0x08, 0x42, 0x08, 0x42, 0x08, 0x42, 0x08, 0x42, 0x08, 0x42, 0x08, 0x42, 0x08, 0x42, 0x08,
  0x42, 0x08, 0x42, 0x08, 0x42, 0x08, 0x42, 0x08, 0x42, 0x08, 0x42, 0x08, 0x42, 0x08, 0x42, 0x08,
  0x3A, 0x08, 0x42, 0x08, 0x4A, 0x08, 0x4A, 0x08, 0x4A, 0x09, 0x42, 0x09, 0x4A, 0x09, 0x4A, 0x09,
  0x52, 0x29, 0x5A, 0x29, 0x5A, 0x08, 0x82, 0x29, 0xCA, 0xAC, 0xDA, 0x8C, 0xD2, 0x8C, 0x92, 0x29,
  0x51, 0xE8, 0x5A, 0x29, 0x5A, 0x49, 0x5A, 0x69, 0x62, 0x8A, 0x6A, 0xEB, 0x62, 0xAA, 0x62, 0xAA,
  0x62, 0xCB, 0x5A, 0xAA, 0x5A, 0xAA, 0x5A, 0xAA, 0x62, 0xEB, 0x62, 0xEB, 0x94, 0x50, 0xEE, 0xDA,
  0xBD, 0x74, 0xE6, 0x98, 0xFF, 0x5B, 0xF7, 0x1A, 0xF7, 0x3B, 0xBD, 0x74, 0x94, 0x50, 0x9C, 0xB2,
  0xAD, 0x54, 0xC6, 0x17, 0xD6, 0x99, 0xD6, 0xBA, 0xCE, 0xDA, 0xD6, 0xDA, 0xDE, 0xDB, 0xD6, 0xBB,
  0xDE, 0xFB, 0xC6, 0x37, 0xDE, 0xB9, 0xFF, 0x9D, 0xF7, 0x7C, 0xFF, 0x7B, 0xFF, 0x7C, 0xF7, 0x5B,
  0xC6, 0x17, 0xD6, 0xBA, 0xD6, 0xFB, 0xD6, 0xDB, 0xDE, 0xFB, 0xDE, 0xFB, 0xDF, 0x1B, 0xDF, 0x1B,
  0xDF, 0x1B, 0xDF, 0x1B, 0xDF, 0x1B, 0xDF, 0x1B, 0xDF, 0x1C, 0xDF, 0x1C, 0xDF, 0x1C, 0xDF, 0x3C,
  0xDF, 0x3C, 0xDF, 0x3C, 0xD7, 0x3C, 0xDF, 0x3C, 0xDF, 0x3C, 0xE7, 0x3B, 0xE7, 0x3C, 0xE7, 0x5D,
  0xE7, 0x5D, 0xE7, 0x7D, 0xE7, 0x7D, 0xE7, 0x7C, 0xEF, 0x9D, 0xEF, 0x9E, 0xEF, 0x9E, 0xEF, 0x9E,
  0xDF, 0x1A, 0xE7, 0x1B, 0xE7, 0x3C, 0xE7, 0x3C, 0xDF, 0x3C, 0xE7, 0x5C, 0xEF, 0x5C, 0xEF, 0x7C,
  0xF7, 0x7C, 0xF7, 0x7D, 0xF7, 0x7D, 0xF7, 0x7D, 0xF7, 0x7D, 0xF7, 0x7D, 0xF7, 0x7C, 0xF7, 0x7D,
  0xF7, 0x7C, 0xEF, 0x7C, 0xEF, 0x7D, 0xF7, 0x9D, 0xF7, 0xBD, 0xFF, 0xFE, 0xFF, 0xFF, 0xFF, 0xFF,
  0xFF, 0xFF, 0xFF, 0xFF, 0xFF, 0xFF, 0xFF, 0xFF, 0xFF, 0xFF, 0xFF, 0xFF, 0xFF, 0xFF, 0xF7, 0xDE,
  0xF7, 0xDE, 0xEF, 0x9D, 0xEF, 0x7D, 0xE7, 0x5C, 0xDF, 0x3B, 0xE7, 0x5C, 0xE7, 0x5C, 0xE7, 0x5C,
  0xE7, 0x5C, 0xDF, 0x5B, 0xE7, 0x5C, 0xEF, 0x7D, 0xEF, 0x7D, 0xEF, 0x7D, 0xEF, 0x9D, 0xEF, 0x7D,
  0xE7, 0x7D, 0xE7, 0x7D, 0xE7, 0x7D, 0xE7, 0x7D, 0xDF, 0x7C, 0xE7, 0x7D, 0xE7, 0x7D, 0xDF, 0x7D,
  0xE7, 0x7D, 0xE7, 0x5D, 0xE7, 0x3C, 0xCD, 0xB7, 0xED, 0x15, 0xFC, 0xD5, 0xF4, 0xB4, 0xF4, 0x94,
  0xFC, 0x93, 0xFC, 0x53, 0xFC, 0x52, 0xF4, 0x32, 0xEC, 0x12, 0xF3, 0xF1, 0xEB, 0xB0, 0xDB, 0x8F,
  0xA3, 0x0D, 0x72, 0xCB, 0x6A, 0xEB, 0x62, 0xAB, 0x5A, 0xAA, 0x52, 0x69, 0x52, 0x69, 0x52, 0x6A,
  0x52, 0x49, 0x52, 0x69, 0x4A, 0x49, 0x42, 0x48, 0x4A, 0x49, 0x4A, 0x49, 0x4A, 0x29, 0x42, 0x29,
  0x3A, 0x29, 0x42, 0x29, 0x42, 0x28, 0x42, 0x08, 0x42, 0x07, 0x42, 0x08, 0x42, 0x08, 0x42, 0x08,
  0x42, 0x08, 0x42, 0x08, 0x42, 0x08, 0x42, 0x08, 0x42, 0x08, 0x42, 0x08, 0x42, 0x08, 0x42, 0x08,
  0x42, 0x08, 0x42, 0x08, 0x42, 0x08, 0x42, 0x08, 0x42, 0x08, 0x42, 0x08, 0x42, 0x08, 0x42, 0x08,
  0x42, 0x07, 0x42, 0x08, 0x42, 0x29, 0x4A, 0x6A, 0x42, 0x09, 0x42, 0x28, 0x3A, 0x28, 0x42, 0x08,
  0x42, 0x08, 0x42, 0x08, 0x42, 0x08, 0x42, 0x08, 0x42, 0x08, 0x42, 0x08, 0x42, 0x08, 0x42, 0x08,
  0x42, 0x08, 0x42, 0x08, 0x42, 0x08, 0x42, 0x08, 0x42, 0x08, 0x42, 0x08, 0x42, 0x08, 0x42, 0x08,
  0x42, 0x08, 0x42, 0x08, 0x42, 0x08, 0x42, 0x08, 0x42, 0x08, 0x42, 0x08, 0x42, 0x08, 0x42, 0x08,
  0x42, 0x08, 0x42, 0x08, 0x42, 0x08, 0x42, 0x08, 0x42, 0x08, 0x42, 0x08, 0x42, 0x08, 0x42, 0x08,
  0x3A, 0x08, 0x42, 0x08, 0x4A, 0x08, 0x4A, 0x08, 0x4A, 0x08, 0x4A, 0x08, 0x4A, 0x09, 0x4A, 0x29,
  0x52, 0x28, 0x52, 0x28, 0x5A, 0x29, 0x5A, 0x08, 0x92, 0x49, 0xCA, 0x8C, 0xBA, 0x6B, 0x69, 0xE8,
  0x49, 0xE8, 0x52, 0x08, 0x5A, 0x69, 0x5A, 0x69, 0x7B, 0x4C, 0xCD, 0xD6, 0xB5, 0x33, 0x73, 0x0B,
  0x62, 0xCA, 0x62, 0xCB, 0x62, 0xAB, 0x62, 0xAA, 0x62, 0xCB, 0x6B, 0x0B, 0x83, 0xEE, 0xE6, 0x58,
  0xC5, 0x94, 0xEE, 0xD9, 0xF7, 0x5B, 0xF7, 0x3A, 0xF7, 0x3B, 0xE6, 0xB9, 0x9C, 0x91, 0xCE, 0x17,
  0xEF, 0x3B, 0xD6, 0x58, 0xBD, 0xD6, 0xD6, 0xD9, 0xD6, 0xDA, 0xCE, 0xDB, 0xD6, 0xDB, 0xDE, 0xDB,
  0xD6, 0xBA, 0xC6, 0x17, 0xF7, 0x5C, 0xFF, 0x9C, 0xFF, 0x9C, 0xF7, 0x7C, 0xFF, 0x9D, 0xDE, 0xB9,
  0xCE, 0x37, 0xDE, 0xFB, 0xD6, 0xDA, 0xD6, 0xFB, 0xDE, 0xFB, 0xDE, 0xFB, 0xDE, 0xFB, 0xDE, 0xFB,
  0xDE, 0xFB, 0xDE, 0xFA, 0xDF, 0x1A, 0xDF, 0x1A, 0xDF, 0x1B, 0xDF, 0x1C, 0xDF, 0x1C, 0xDF, 0x3C,
  0xDF, 0x3C, 0xDF, 0x3C, 0xDF, 0x3C, 0xD7, 0x3C, 0xDF, 0x3C, 0xE7, 0x3B, 0xE7, 0x3C, 0xE7, 0x5D,
  0xE7, 0x5D, 0xE7, 0x5D, 0xEF, 0x7D, 0xEF, 0x7D, 0xEF, 0x9C, 0xEF, 0x9D, 0xEF, 0x9E, 0xEF, 0x9E,
  0xDF, 0x1B, 0xE7, 0x1C, 0xE7, 0x3B, 0xE7, 0x3B, 0xDF, 0x3C, 0xE7, 0x3C, 0xEF, 0x5C, 0xEF, 0x5B,
  0xEF, 0x5C, 0xEF, 0x7D, 0xF7, 0x7D, 0xF7, 0x7D, 0xF7, 0x9D, 0xFF, 0x9D, 0xFF, 0x9D, 0xF7, 0x9C,
  0xEF, 0x7D, 0xF7, 0x9D, 0xF7, 0x9D, 0xEF, 0x9D, 0xF7, 0xBE, 0xFF, 0xDE, 0xFF, 0xFF, 0xFF, 0xFF,
  0xFF, 0xFF, 0xFF, 0xFF, 0xFF, 0xFF, 0xFF, 0xFF, 0xFF, 0xFF, 0xFF, 0xFF, 0xFF, 0xFF, 0xFF, 0xFF,
  0xEF, 0x9D, 0xDF, 0x1B, 0xD6, 0xDA, 0xDF, 0x1B, 0xE7, 0x5C, 0xDF, 0x3C, 0xE7, 0x3C, 0xE7, 0x5C,
  0xE7, 0x5C, 0xE7, 0x5B, 0xE7, 0x5C, 0xE7, 0x5D, 0xE7, 0x5D, 0xEF, 0x7D, 0xEF, 0x7D, 0xEF, 0x7D,
  0xE7, 0x7D, 0xE7, 0x7D, 0xE7, 0x7D, 0xE7, 0x7D, 0xE7, 0x7D, 0xE7, 0x7D, 0xE7, 0x7C, 0xE7, 0x7D,
  0xE7, 0x7D, 0xE7, 0x5D, 0xE7, 0x5D, 0xCD, 0xD7, 0xEC, 0xF4, 0xFC, 0xB4, 0xF4, 0x73, 0xF4, 0x32,
  0xFC, 0x12, 0xFC, 0x12, 0xFB, 0xD1, 0xF3, 0xB1, 0xEB, 0xB0, 0xEB, 0x70, 0xE3, 0x6F, 0xB2, 0xED,
  0x72, 0xAA, 0x6A, 0xAB, 0x62, 0x8A, 0x5A, 0x8A, 0x52, 0x6A, 0x52, 0x6A, 0x52, 0x6A, 0x52, 0x69,
  0x52, 0x49, 0x4A, 0x48, 0x42, 0x49, 0x4A, 0x49, 0x4A, 0x49, 0x42, 0x29, 0x4A, 0x29, 0x42, 0x29,
  0x3A, 0x29, 0x42, 0x28, 0x42, 0x07, 0x42, 0x08, 0x42, 0x08, 0x42, 0x08, 0x42, 0x08, 0x42, 0x08,
  0x42, 0x08, 0x42, 0x08, 0x42, 0x08, 0x42, 0x08, 0x42, 0x08, 0x42, 0x08, 0x42, 0x08, 0x42, 0x08,
  0x42, 0x08, 0x42, 0x08, 0x42, 0x08, 0x42, 0x08, 0x42, 0x08, 0x42, 0x08, 0x42, 0x08, 0x42, 0x08,
  0x42, 0x07, 0x42, 0x08, 0x42, 0x09, 0x4A, 0x69, 0x42, 0x29, 0x3A, 0x28, 0x42, 0x29, 0x42, 0x28,
  0x3A, 0x07, 0x42, 0x08, 0x42, 0x08, 0x42, 0x08, 0x42, 0x08, 0x42, 0x08, 0x42, 0x08, 0x42, 0x08,
  0x42, 0x08, 0x42, 0x08, 0x42, 0x08, 0x42, 0x08, 0x42, 0x08, 0x42, 0x08, 0x42, 0x08, 0x42, 0x08,
  0x42, 0x08, 0x42, 0x08, 0x42, 0x08, 0x42, 0x08, 0x42, 0x08, 0x42, 0x08, 0x42, 0x08, 0x42, 0x08,
  0x42, 0x08, 0x42, 0x08, 0x42, 0x08, 0x42, 0x08, 0x42, 0x08, 0x42, 0x08, 0x42, 0x08, 0x42, 0x08,
  0x3A, 0x08, 0x42, 0x08, 0x4A, 0x08, 0x4A, 0x08, 0x4A, 0x07, 0x4A, 0x08, 0x4A, 0x29, 0x4A, 0x29,
  0x4A, 0x28, 0x4A, 0x28, 0x52, 0x29, 0x52, 0x28, 0x5A, 0x08, 0x9A, 0x4A, 0x9A, 0x2A, 0x51, 0xC8,
  0x49, 0xE8, 0x49, 0xE7, 0x52, 0x49, 0x5A, 0x49, 0x9C, 0x2F, 0xEE, 0x99, 0xEE, 0xB9, 0xBD, 0x53,
  0x6A, 0xEA, 0x6A, 0xEC, 0x5A, 0xCB, 0x5A, 0xCB, 0x62, 0xCA, 0x6B, 0x0B, 0x73, 0x2C, 0xAC, 0x91,
  0xC5, 0x74, 0xF7, 0x1A, 0xFF, 0x3B, 0xF7, 0x3A, 0xFF, 0x5B, 0xDE, 0x99, 0xC5, 0xD5, 0xF7, 0x5B,
  0xF7, 0x3B, 0xF7, 0x5C, 0xC6, 0x17, 0xCE, 0x58, 0xD6, 0xDA, 0xD6, 0xBA, 0xD6, 0xBA, 0xDE, 0xFB,
  0xCE, 0x58, 0xD6, 0x58, 0xFF, 0x7D, 0xFF, 0x7B, 0xFF, 0x9B, 0xFF, 0x7C, 0xF7, 0x7C, 0xC6, 0x16,
  0xD6, 0x99, 0xDE, 0xDB, 0xD6, 0xFB, 0xD6, 0xFB, 0xDE, 0xFB, 0xDE, 0xFB, 0xDE, 0xFB, 0xDE, 0xFB,
  0xDE, 0xFB, 0xDE, 0xFB, 0xDF, 0x1B, 0xDF, 0x1B, 0xDF, 0x1B, 0xDF, 0x1A, 0xDF, 0x1B, 0xDF, 0x1C,
  0xDF, 0x3C, 0xDF, 0x3C, 0xDF, 0x3C, 0xDF, 0x3C, 0xE7, 0x3C, 0xE7, 0x3B, 0xE7, 0x3C, 0xE7, 0x5D,
  0xE7, 0x5D, 0xE7, 0x5D, 0xE7, 0x7D, 0xE7, 0x7D, 0xEF, 0x7C, 0xEF, 0x9D, 0xEF, 0x9E, 0xEF, 0x9E,
  0xD7, 0x1B, 0xDF, 0x1C, 0xE7, 0x3B, 0xE7, 0x3B, 0xE7, 0x3C, 0xE7, 0x3C, 0xEF, 0x5C, 0xEF, 0x5C,
  0xEF, 0x5C, 0xE7, 0x5C, 0xEF, 0x5C, 0xF7, 0x5D, 0xEF, 0x7D, 0xF7, 0x9D, 0xF7, 0x9D, 0xF7, 0x9D,
  0xF7, 0x7D, 0xEF, 0x7D, 0xF7, 0x7C, 0xF7, 0x9D, 0xEF, 0x9E, 0xF7, 0xBE, 0xFF, 0xDE, 0xFF, 0xFF,
  0xFF, 0xFF, 0xFF, 0xFF, 0xFF, 0xFF, 0xFF, 0xFF, 0xFF, 0xFF, 0xFF, 0xFF, 0xFF, 0xFF, 0xFF, 0xDE,
  0xDE, 0xFB, 0xEF, 0x5C, 0xE7, 0x1B, 0xD6, 0x99, 0xDE, 0xDA, 0xE7, 0x5C, 0xE7, 0x3C, 0xE7, 0x5C,
  0xE7, 0x5C, 0xE7, 0x5C, 0xE7, 0x5B, 0xDF, 0x5C, 0xE7, 0x5D, 0xEF, 0x7D, 0xEF, 0x7D, 0xEF, 0x7D,
  0xE7, 0x7D, 0xE7, 0x7D, 0xDF, 0x7D, 0xE7, 0x7D, 0xEF, 0x9E, 0xEF, 0x9D, 0xE7, 0x7D, 0xEF, 0x7C,
  0xEF, 0x7D, 0xE7, 0x5D, 0xE7, 0x7D, 0xCE, 0x38, 0xD4, 0xB3, 0xFC, 0x94, 0xFC, 0x52, 0xFC, 0x12,
  0xFB, 0xF2, 0xFB, 0xD1, 0xFB, 0x90, 0xF3, 0x90, 0xE3, 0x4F, 0xE3, 0x4F, 0xC2, 0xED, 0x82, 0x6A,
  0x62, 0x8A, 0x62, 0x8A, 0x5A, 0x6A, 0x52, 0x49, 0x4A, 0x49, 0x52, 0x49, 0x4A, 0x49, 0x4A, 0x48,
  0x4A, 0x49, 0x42, 0x49, 0x4A, 0x49, 0x42, 0x29, 0x42, 0x29, 0x3A, 0x28, 0x42, 0x28, 0x3A, 0x28,
  0x42, 0x28, 0x42, 0x28, 0x42, 0x08, 0x42, 0x08, 0x42, 0x08, 0x42, 0x08, 0x42, 0x08, 0x42, 0x08,
  0x42, 0x08, 0x42, 0x08, 0x42, 0x08, 0x42, 0x08, 0x42, 0x08, 0x42, 0x08, 0x42, 0x08, 0x42, 0x08,
  0x42, 0x08, 0x42, 0x08, 0x42, 0x08, 0x42, 0x08, 0x42, 0x08, 0x42, 0x08, 0x42, 0x08, 0x42, 0x08,
  0x42, 0x07, 0x42, 0x08, 0x42, 0x09, 0x4A, 0x69, 0x42, 0x29, 0x3A, 0x28, 0x4A, 0x69, 0x42, 0x48,
  0x39, 0xE7, 0x42, 0x08, 0x42, 0x08, 0x42, 0x08, 0x42, 0x08, 0x42, 0x08, 0x42, 0x08, 0x42, 0x08,
  0x42, 0x08, 0x42, 0x08, 0x42, 0x08, 0x42, 0x08, 0x42, 0x08, 0x42, 0x08, 0x42, 0x08, 0x42, 0x08,
  0x42, 0x08, 0x42, 0x08, 0x42, 0x08, 0x42, 0x08, 0x42, 0x08, 0x42, 0x08, 0x42, 0x08, 0x42, 0x08,
  0x42, 0x08, 0x42, 0x08, 0x42, 0x08, 0x42, 0x08, 0x42, 0x08, 0x42, 0x08, 0x42, 0x08, 0x42, 0x08,
  0x42, 0x08, 0x3A, 0x08, 0x42, 0x08, 0x4A, 0x08, 0x4A, 0x08, 0x4A, 0x08, 0x4A, 0x29, 0x4A, 0x29,
  0x42, 0x28, 0x4A, 0x28, 0x52, 0x29, 0x52, 0x29, 0x52, 0x09, 0x62, 0x09, 0x61, 0xE8, 0x49, 0xE8,
  0x49, 0xE8, 0x41, 0xE8, 0x52, 0x49, 0x5A, 0x69, 0x9C, 0x30, 0xEE, 0xDA, 0xEE, 0xB9, 0xEE, 0xD9,
  0x8C, 0x0E, 0x62, 0xEB, 0x6A, 0xEB, 0x62, 0xCA, 0x62, 0xEB, 0x6B, 0x0C, 0x73, 0x2C, 0xAC, 0x50,
  0xC5, 0x74, 0xFF, 0x5B, 0xF7, 0x3A, 0xF7, 0x3A, 0xFF, 0x7B, 0xD6, 0x57, 0xE6, 0xB9, 0xFF, 0x5B,
  0xF7, 0x3B, 0xFF, 0x7C, 0xE6, 0xFA, 0xC5, 0xF7, 0xD6, 0xDA, 0xD6, 0xBA, 0xDE, 0xD9, 0xDE, 0xDA,
  0xC5, 0xF7, 0xE6, 0xFB, 0xFF, 0x7D, 0xF7, 0x7B, 0xF7, 0x9B, 0xFF, 0x9C, 0xE6, 0xFA, 0xC6, 0x17,
  0xDE, 0xDB, 0xDE, 0xDB, 0xD6, 0xFB, 0xD6, 0xFB, 0xD6, 0xFB, 0xD6, 0xFB, 0xDE, 0xFB, 0xDE, 0xFB,
  0xDE, 0xFB, 0xDE, 0xFB, 0xDE, 0xFB, 0xDE, 0xFB, 0xDE, 0xFB, 0xDF, 0x1A, 0xDF, 0x1B, 0xDF, 0x1C,
  0xDF, 0x1C, 0xDF, 0x3C, 0xDF, 0x3C, 0xDF, 0x3C, 0xE7, 0x3C, 0xE7, 0x3B, 0xE7, 0x3C, 0xE7, 0x5D,
  0xE7, 0x5D, 0xE7, 0x5D, 0xE7, 0x5D, 0xE7, 0x7D, 0xEF, 0x7C, 0xEF, 0x7D, 0xEF, 0x9E, 0xEF, 0x9E,
  0xDF, 0x1B, 0xD7, 0x1C, 0xDF, 0x1C, 0xE7, 0x3C, 0xE7, 0x3C, 0xE7, 0x3C, 0xE7, 0x3C, 0xE7, 0x3C,
  0xE7, 0x3B, 0xE7, 0x3B, 0xEF, 0x3B, 0xEF, 0x5C, 0xEF, 0x5C, 0xF7, 0x7D, 0xEF, 0x7C, 0xF7, 0x7D,
  0xF7, 0x7D, 0xF7, 0x5D, 0xEF, 0x7D, 0xEF, 0x9C, 0xF7, 0x9D, 0xF7, 0x9E, 0xF7, 0xBE, 0xF7, 0xDE,
  0xFF, 0xFF, 0xFF, 0xFF, 0xFF, 0xFF, 0xFF, 0xFF, 0xFF, 0xFF, 0xFF, 0xFF, 0xFF, 0xFF, 0xF7, 0xDE,
  0xDE, 0xFB, 0xF7, 0x9D, 0xFF, 0x9D, 0xF7, 0x7C, 0xDE, 0xDA, 0xDE, 0xFA, 0xE7, 0x5C, 0xE7, 0x3C,
  0xE7, 0x5C, 0xE7, 0x5C, 0xE7, 0x5C, 0xE7, 0x5C, 0xE7, 0x5D, 0xE7, 0x5D, 0xE7, 0x5D, 0xE7, 0x7D,
  0xE7, 0x7D, 0xE7, 0x7D, 0xDF, 0x7C, 0xE7, 0x7D, 0xEF, 0x9E, 0xEF, 0x9E, 0xEF, 0x7D, 0xEF, 0x7C,
  0xE7, 0x7D, 0xE7, 0x5C, 0xEF, 0x5D, 0xD6, 0xBA, 0xCC, 0xD4, 0xF4, 0x73, 0xFC, 0x32, 0xFB, 0xF1,
  0xFB, 0xB1, 0xFB, 0x90, 0xF3, 0x90, 0xEB, 0x6F, 0xE3, 0x2F, 0xD3, 0x0E, 0x92, 0x6B, 0x62, 0x69,
  0x5A, 0x8A, 0x5A, 0x69, 0x52, 0x49, 0x4A, 0x29, 0x52, 0x48, 0x4A, 0x28, 0x4A, 0x49, 0x42, 0x49,
  0x4A, 0x49, 0x4A, 0x29, 0x4A, 0x29, 0x42, 0x29, 0x3A, 0x28, 0x42, 0x07, 0x42, 0x08, 0x42, 0x07,
  0x42, 0x07, 0x42, 0x08, 0x42, 0x08, 0x42, 0x08, 0x42, 0x08, 0x42, 0x08, 0x42, 0x08, 0x42, 0x08,
  0x42, 0x08, 0x42, 0x08, 0x42, 0x08, 0x42, 0x08, 0x42, 0x08, 0x42, 0x08, 0x42, 0x08, 0x42, 0x08,
  0x42, 0x08, 0x42, 0x08, 0x42, 0x08, 0x42, 0x08, 0x42, 0x08, 0x42, 0x08, 0x42, 0x08, 0x42, 0x08,
  0x42, 0x07, 0x42, 0x08, 0x42, 0x09, 0x4A, 0x6A, 0x42, 0x29, 0x42, 0x29, 0x52, 0x8A, 0x42, 0x49,
  0x3A, 0x08, 0x42, 0x08, 0x42, 0x08, 0x42, 0x08, 0x42, 0x08, 0x42, 0x08, 0x42, 0x08, 0x42, 0x08,
  0x42, 0x08, 0x42, 0x08, 0x42, 0x08, 0x42, 0x08, 0x42, 0x08, 0x42, 0x08, 0x42, 0x08, 0x42, 0x08,
  0x42, 0x08, 0x42, 0x08, 0x42, 0x08, 0x42, 0x07, 0x42, 0x08, 0x42, 0x07, 0x41, 0xE7, 0x42, 0x08,
  0x42, 0x08, 0x42, 0x08, 0x42, 0x08, 0x42, 0x08, 0x42, 0x08, 0x42, 0x08, 0x42, 0x08, 0x42, 0x08,
  0x42, 0x08, 0x3A, 0x08, 0x42, 0x08, 0x4A, 0x07, 0x4A, 0x08, 0x4A, 0x29, 0x4A, 0x29, 0x4A, 0x29,
  0x42, 0x28, 0x4A, 0x28, 0x52, 0x29, 0x52, 0x29, 0x52, 0x29, 0x52, 0x09, 0x51, 0xE8, 0x49, 0xE8,
  0x41, 0xE7, 0x49, 0xE8, 0x52, 0x29, 0x5A, 0x49, 0x94, 0x0F, 0xF6, 0xDA, 0xEE, 0xD9, 0xF7, 0x1A,
  0xCD, 0xB5, 0x73, 0x0B, 0x6B, 0x0B, 0x6A, 0xEA, 0x6A, 0xEB, 0x6B, 0x0B, 0x83, 0x8D, 0xC4, 0xF1,
  0xCD, 0x94, 0xFF, 0x3A, 0xF7, 0x3A, 0xF7, 0x5B, 0xFF, 0x5B, 0xDE, 0x17, 0xEF, 0x1A, 0xFF, 0x7C,
  0xFF, 0x7C, 0xF7, 0x5C, 0xFF, 0x7C, 0xCE, 0x37, 0xCE, 0x37, 0xD6, 0xDA, 0xD6, 0xDA, 0xD6, 0x99,
  0xC6, 0x17, 0xF7, 0x5C, 0xFF, 0x7C, 0xFF, 0x7C, 0xFF, 0x7B, 0xFF, 0x9C, 0xCE, 0x58, 0xCE, 0x58,
  0xDE, 0xDB, 0xD6, 0xDB, 0xD6, 0xFB, 0xD6, 0xDB, 0xCE, 0xFB, 0xD6, 0xFB, 0xD6, 0xFB, 0xD6, 0xFB,
  0xDE, 0xFB, 0xDE, 0xFA, 0xD6, 0xFA, 0xD6, 0xFB, 0xDE, 0xFB, 0xDF, 0x1A, 0xDF, 0x1B, 0xDF, 0x1C,
  0xDF, 0x1C, 0xDF, 0x1C, 0xDF, 0x3C, 0xDF, 0x3C, 0xDF, 0x3C, 0xDF, 0x3C, 0xE7, 0x3B, 0xE7, 0x5C,
  0xE7, 0x5D, 0xE7, 0x5D, 0xE7, 0x7D, 0xEF, 0x7D, 0xEF, 0x7D, 0xEF, 0x9D, 0xEF, 0x9E, 0xEF, 0x9E,
  0xDF, 0x1C, 0xDF, 0x1C, 0xDF, 0x1B, 0xE7, 0x1B, 0xE7, 0x3C, 0xE7, 0x3C, 0xE7, 0x3C, 0xE7, 0x3C,
  0xE7, 0x3C, 0xDF, 0x3C, 0xEF, 0x3C, 0xEF, 0x3B, 0xEF, 0x5C, 0xEF, 0x5C, 0xF7, 0x7D, 0xF7, 0x7D,
  0xF7, 0x7D, 0xF7, 0x7D, 0xEF, 0x7D, 0xEF, 0x7D, 0xEF, 0x7C, 0xF7, 0x9D, 0xF7, 0x9E, 0xEF, 0xBD,
  0xF7, 0xDE, 0xFF, 0xDE, 0xFF, 0xFF, 0xFF, 0xFF, 0xFF, 0xFF, 0xFF, 0xFF, 0xFF, 0xFF, 0xFF, 0xFF,
  0xDE, 0xFB, 0xEF, 0x3C, 0xFF, 0x9D, 0xF7, 0x9D, 0xFF, 0x9D, 0xE6, 0xFB, 0xDE, 0xFA, 0xEF, 0x5C,
  0xE7, 0x5C, 0xE7, 0x5C, 0xE7, 0x5C, 0xE7, 0x5C, 0xE7, 0x5D, 0xE7, 0x5D, 0xE7, 0x5D, 0xE7, 0x7D,
  0xE7, 0x7D, 0xDF, 0x5C, 0xDF, 0x5C, 0xE7, 0x7D, 0xEF, 0x7D, 0xE7, 0x7D, 0xE7, 0x5D, 0xEF, 0x5C,
  0xE7, 0x5C, 0xE7, 0x5D, 0xEF, 0x5D, 0xDE, 0xFB, 0xC4, 0xD4, 0xF4, 0x73, 0xFC, 0x12, 0xFB, 0xD1,
  0xF3, 0xB0, 0xF3, 0x90, 0xEB, 0x6F, 0xEB, 0x2F, 0xE3, 0x2E, 0xAA, 0x8B, 0x6A, 0x69, 0x62, 0x6A,
  0x5A, 0x69, 0x52, 0x49, 0x4A, 0x28, 0x4A, 0x28, 0x52, 0x49, 0x4A, 0x29, 0x42, 0x29, 0x4A, 0x29,
  0x4A, 0x29, 0x4A, 0x29, 0x42, 0x28, 0x42, 0x28, 0x42, 0x08, 0x42, 0x08, 0x42, 0x08, 0x42, 0x08,
  0x42, 0x08, 0x42, 0x08, 0x42, 0x08, 0x42, 0x08, 0x42, 0x08, 0x42, 0x08, 0x42, 0x08, 0x42, 0x08,
  0x42, 0x08, 0x42, 0x08, 0x42, 0x08, 0x42, 0x08, 0x42, 0x08, 0x42, 0x08, 0x42, 0x08, 0x42, 0x08,
  0x42, 0x08, 0x42, 0x08, 0x42, 0x08, 0x42, 0x08, 0x42, 0x08, 0x42, 0x08, 0x42, 0x08, 0x42, 0x08,
  0x42, 0x08, 0x42, 0x08, 0x42, 0x29, 0x4A, 0x6A, 0x42, 0x29, 0x42, 0x29, 0x52, 0x8A, 0x42, 0x49,
  0x3A, 0x08, 0x42, 0x08, 0x42, 0x08, 0x42, 0x08, 0x42, 0x08, 0x42, 0x08, 0x42, 0x08, 0x42, 0x08,
  0x42, 0x08, 0x42, 0x08, 0x42, 0x08, 0x42, 0x08, 0x42, 0x08, 0x42, 0x08, 0x42, 0x08, 0x42, 0x08,
  0x42, 0x08, 0x41, 0xE7, 0x3A, 0x08, 0x42, 0x48, 0x42, 0x07, 0x42, 0x08, 0x42, 0x28, 0x3A, 0x07,
  0x42, 0x08, 0x42, 0x08, 0x42, 0x08, 0x42, 0x08, 0x42, 0x08, 0x42, 0x08, 0x42, 0x08, 0x42, 0x08,
  0x42, 0x08, 0x42, 0x08, 0x3A, 0x08, 0x42, 0x08, 0x49, 0xE7, 0x4A, 0x08, 0x4A, 0x29, 0x4A, 0x29,
  0x4A, 0x28, 0x4A, 0x28, 0x52, 0x29, 0x4A, 0x29, 0x52, 0x29, 0x4A, 0x29, 0x49, 0xE8, 0x49, 0xC7,
  0x41, 0xE7, 0x4A, 0x08, 0x52, 0x28, 0x5A, 0x69, 0x8B, 0xAE, 0xEE, 0xD9, 0xF6, 0xF9, 0xF6, 0xFA,
  0xEE, 0xD9, 0x8C, 0x0F, 0x6B, 0x0B, 0x6B, 0x0B, 0x6B, 0x0B, 0x6B, 0x0B, 0xA4, 0x50, 0xCD, 0x12,
  0xD5, 0xF5, 0xFF, 0x5A, 0xF7, 0x3A, 0xFF, 0x3B, 0xF7, 0x1A, 0xD6, 0x36, 0xF7, 0x5B, 0xFF, 0x7C,
  0xFF, 0x7C, 0xFF, 0x7C, 0xFF, 0x9C, 0xE6, 0xFA, 0xBD, 0xF6, 0xD6, 0xBA, 0xD6, 0xDA, 0xC6, 0x17,
  0xDE, 0x99, 0xFF, 0x9D, 0xF7, 0x5D, 0xFF, 0x7C, 0xFF, 0x7C, 0xF7, 0x3B, 0xC5, 0xF6, 0xD6, 0xBA,
  0xD6, 0xBA, 0xD6, 0xDB, 0xD6, 0xDB, 0xD6, 0xDB, 0xD6, 0xDB, 0xD6, 0xDB, 0xCE, 0xFB, 0xD6, 0xFB,
  0xDE, 0xFB, 0xDE, 0xFB, 0xD6, 0xFB, 0xD6, 0xFB, 0xDE, 0xFB, 0xDF, 0x1B, 0xDF, 0x1A, 0xDF, 0x1B,
  0xDF, 0x1C, 0xDF, 0x1C, 0xDF, 0x3C, 0xDF, 0x3C, 0xD7, 0x3C, 0xD7, 0x3C, 0xE7, 0x3B, 0xE7, 0x3C,
  0xE7, 0x5D, 0xDF, 0x5D, 0xE7, 0x5D, 0xEF, 0x7D, 0xEF, 0x7D, 0xEF, 0x7D, 0xEF, 0x9E, 0xEF, 0x9E,
  0xDF, 0x3C, 0xDF, 0x3C, 0xDF, 0x1B, 0xDF, 0x1A, 0xDF, 0x1B, 0xDF, 0x1B, 0xE7, 0x1C, 0xE7, 0x3C,
  0xE7, 0x3C, 0xE7, 0x3C, 0xDF, 0x3C, 0xE7, 0x3B, 0xEF, 0x5C, 0xEF, 0x5D, 0xEF, 0x5D, 0xEF, 0x7D,
  0xEF, 0x7D, 0xEF, 0x7D, 0xEF, 0x7D, 0xEF, 0x7D, 0xEF, 0x7D, 0xEF, 0x9D, 0xF7, 0x9D, 0xF7, 0x9E,
  0xEF, 0xBE, 0xF7, 0xBE, 0xF7, 0xDE, 0xF7, 0xDE, 0xF7, 0xFF, 0xFF, 0xFF, 0xFF, 0xFF, 0xF7, 0xFF,
  0xDF, 0x3C, 0xE7, 0x1B, 0xFF, 0x9D, 0xFF, 0x7D, 0xFF, 0x9D, 0xFF, 0x9D, 0xE6, 0xFA, 0xDE, 0xFA,
  0xE7, 0x5C, 0xE7, 0x5C, 0xE7, 0x5C, 0xE7, 0x5B, 0xE7, 0x5C, 0xE7, 0x5C, 0xDF, 0x5C, 0xE7, 0x5C,
  0xE7, 0x7C, 0xE7, 0x5D, 0xE7, 0x7D, 0xE7, 0x9D, 0xEF, 0x9E, 0xEF, 0x9E, 0xEF, 0x9D, 0xE7, 0x9D,
  0xE7, 0x5C, 0xE7, 0x3C, 0xE7, 0x3C, 0xE7, 0x1C, 0xC5, 0x35, 0xE4, 0x32, 0xF4, 0x11, 0xF3, 0xD0,
  0xF3, 0x90, 0xEB, 0x6F, 0xEB, 0x4E, 0xEB, 0x2E, 0xC2, 0xCD, 0x7A, 0x4A, 0x62, 0x69, 0x5A, 0x49,
  0x52, 0x49, 0x52, 0x28, 0x4A, 0x08, 0x4A, 0x28, 0x4A, 0x29, 0x42, 0x29, 0x4A, 0x29, 0x4A, 0x29,
  0x42, 0x29, 0x42, 0x28, 0x42, 0x28, 0x42, 0x07, 0x42, 0x08, 0x42, 0x08, 0x42, 0x08, 0x42, 0x08,
  0x42, 0x08, 0x42, 0x08, 0x42, 0x08, 0x42, 0x08, 0x42, 0x08, 0x42, 0x08, 0x42, 0x08, 0x42, 0x08,
  0x42, 0x08, 0x42, 0x08, 0x42, 0x08, 0x42, 0x08, 0x42, 0x08, 0x42, 0x08, 0x42, 0x08, 0x42, 0x08,
  0x42, 0x08, 0x42, 0x08, 0x42, 0x08, 0x42, 0x08, 0x42, 0x08, 0x42, 0x08, 0x42, 0x08, 0x42, 0x08,
  0x42, 0x07, 0x41, 0xE8, 0x42, 0x29, 0x4A, 0x6A, 0x42, 0x29, 0x42, 0x28, 0x4A, 0x6A, 0x42, 0x28,
  0x42, 0x07, 0x42, 0x08, 0x42, 0x08, 0x42, 0x08, 0x42, 0x08, 0x42, 0x08, 0x42, 0x08, 0x42, 0x08,
  0x42, 0x08, 0x42, 0x08, 0x42, 0x08, 0x42, 0x08, 0x42, 0x08, 0x42, 0x08, 0x42, 0x08, 0x42, 0x08,
  0x42, 0x08, 0x42, 0x07, 0x3A, 0x08, 0x42, 0x49, 0x42, 0x28, 0x42, 0x08, 0x4A, 0x69, 0x42, 0x28,
  0x3A, 0x08, 0x42, 0x08, 0x42, 0x08, 0x42, 0x08, 0x42, 0x08, 0x41, 0xE8, 0x41, 0xE8, 0x42, 0x08,
  0x42, 0x08, 0x42, 0x08, 0x3A, 0x08, 0x42, 0x08, 0x4A, 0x08, 0x4A, 0x08, 0x4A, 0x29, 0x4A, 0x29,
  0x4A, 0x29, 0x42, 0x29, 0x52, 0x29, 0x4A, 0x29, 0x4A, 0x29, 0x4A, 0x29, 0x52, 0x28, 0x4A, 0x08,
  0x42, 0x08, 0x4A, 0x28, 0x52, 0x49, 0x5A, 0x69, 0x83, 0x8D, 0xE6, 0xB9, 0xF7, 0x1A, 0xF6, 0xFA,
  0xF7, 0x1A, 0xB5, 0x12, 0x6B, 0x0A, 0x73, 0x4C, 0x6B, 0x0C, 0x7B, 0x4C, 0xC5, 0x11, 0xCD, 0x11,
  0xDE, 0x16, 0xFE, 0xF9, 0xF6, 0xD9, 0xFF, 0x5B, 0xEE, 0xD9, 0xDE, 0x57, 0xFF, 0x5C, 0xFF, 0x7C,
  0xFF, 0x7C, 0xFF, 0x7C, 0xFF, 0x5C, 0xFF, 0x5C, 0xCE, 0x16, 0xD6, 0x78, 0xD6, 0xB9, 0xC5, 0xD6,
  0xF7, 0x3B, 0xFF, 0x7C, 0xFF, 0x9D, 0xF7, 0x7C, 0xFF, 0x9D, 0xE6, 0xD9, 0xC6, 0x17, 0xD6, 0xBA,
  0xCE, 0xBA, 0xD6, 0xDB, 0xD6, 0xDB, 0xD6, 0xDB, 0xD6, 0xDB, 0xD6, 0xDB, 0xD6, 0xDB, 0xD6, 0xFB,
  0xDE, 0xFB, 0xDE, 0xFB, 0xDE, 0xFB, 0xDE, 0xFB, 0xDE, 0xFB, 0xDF, 0x1A, 0xDF, 0x1B, 0xDF, 0x1C,
  0xDF, 0x1C, 0xDF, 0x1C, 0xDF, 0x3C, 0xDF, 0x3C, 0xDF, 0x3C, 0xDF, 0x3B, 0xE7, 0x3C, 0xE7, 0x3D,
  0xE7, 0x5D, 0xDF, 0x5D, 0xE7, 0x5D, 0xEF, 0x7D, 0xEF, 0x7D, 0xEF, 0x7D, 0xEF, 0x9E, 0xEF, 0x9E,
  0xDF, 0x3C, 0xD7, 0x3C, 0xDF, 0x1B, 0xDF, 0x1A, 0xDF, 0x1B, 0xDF, 0x1B, 0xDF, 0x1B, 0xDF, 0x1B,
  0xE7, 0x3C, 0xE7, 0x3C, 0xDF, 0x3C, 0xE7, 0x3B, 0xEF, 0x5C, 0xEF, 0x5D, 0xEF, 0x5C, 0xEF, 0x5C,
  0xEF, 0x5C, 0xEF, 0x5C, 0xEF, 0x5C, 0xEF, 0x5D, 0xE7, 0x7D, 0xEF, 0x7C, 0xEF, 0x9D, 0xEF, 0x9D,
  0xEF, 0x9D, 0xEF, 0x9D, 0xEF, 0x9D, 0xEF, 0xBD, 0xF7, 0xDE, 0xF7, 0xDE, 0xF7, 0xDE, 0xF7, 0xDE,
  0xEF, 0x7D, 0xDE, 0xDA, 0xF7, 0x7C, 0xFF, 0x9D, 0xFF, 0x9D, 0xFF, 0x9C, 0xF7, 0x7D, 0xDE, 0xDA,
  0xE7, 0x1B, 0xE7, 0x5C, 0xE7, 0x5C, 0xE7, 0x5C, 0xE7, 0x3B, 0xDF, 0x3C, 0xE7, 0x5C, 0xDF, 0x3C,
  0xD6, 0xDA, 0xC6, 0x59, 0xBD, 0xF7, 0xB5, 0xB6, 0xB5, 0xB6, 0xB5, 0xB6, 0xBE, 0x17, 0xCE, 0x79,
  0xD6, 0xDA, 0xDF, 0x1B, 0xE7, 0x1C, 0xE7, 0x1C, 0xC5, 0xB7, 0xC3, 0xF0, 0xF3, 0xD0, 0xF3, 0x90,
  0xF3, 0x6F, 0xEB, 0x4F, 0xEB, 0x2E, 0xE3, 0x0E, 0x9A, 0x6A, 0x62, 0x49, 0x5A, 0x69, 0x52, 0x48,
  0x52, 0x29, 0x4A, 0x08, 0x42, 0x08, 0x4A, 0x29, 0x4A, 0x29, 0x4A, 0x29, 0x4A, 0x29, 0x42, 0x28,
  0x42, 0x08, 0x3A, 0x07, 0x42, 0x08, 0x42, 0x08, 0x42, 0x08, 0x42, 0x08, 0x42, 0x08, 0x42, 0x08,
  0x42, 0x08, 0x42, 0x08, 0x42, 0x08, 0x42, 0x08, 0x42, 0x08, 0x42, 0x08, 0x42, 0x08, 0x42, 0x08,
  0x42, 0x07, 0x42, 0x08, 0x42, 0x08, 0x42, 0x08, 0x42, 0x08, 0x42, 0x08, 0x42, 0x08, 0x42, 0x08,
  0x42, 0x08, 0x42, 0x08, 0x42, 0x08, 0x42, 0x08, 0x42, 0x08, 0x42, 0x08, 0x42, 0x08, 0x42, 0x08,
  0x42, 0x08, 0x42, 0x08, 0x42, 0x28, 0x4A, 0x6A, 0x42, 0x29, 0x42, 0x28, 0x42, 0x49, 0x42, 0x28,
  0x3A, 0x07, 0x42, 0x08, 0x42, 0x08, 0x42, 0x08, 0x42, 0x08, 0x42, 0x08, 0x42, 0x08, 0x42, 0x08,
  0x39, 0xE8, 0x39, 0xE8, 0x42, 0x08, 0x42, 0x08, 0x42, 0x08, 0x42, 0x08, 0x42, 0x08, 0x42, 0x08,
  0x42, 0x08, 0x42, 0x08, 0x39, 0xE7, 0x42, 0x28, 0x4A, 0x49, 0x39, 0xE7, 0x42, 0x48, 0x42, 0x49,
  0x3A, 0x07, 0x42, 0x08, 0x42, 0x08, 0x42, 0x08, 0x41, 0xE8, 0x41, 0xE8, 0x41, 0xE8, 0x41, 0xE8,
  0x42, 0x08, 0x42, 0x08, 0x42, 0x08, 0x42, 0x08, 0x52, 0x49, 0x4A, 0x29, 0x42, 0x08, 0x4A, 0x29,
  0x4A, 0x29, 0x4A, 0x49, 0x52, 0x49, 0x52, 0x49, 0x52, 0x49, 0x52, 0x49, 0x4A, 0x49, 0x5A, 0x8A,
  0x62, 0xEB, 0x52, 0x48, 0x5A, 0x8A, 0x62, 0xCB, 0x7B, 0x8D, 0xE6, 0x99, 0xF7, 0x3B, 0xF6, 0xFA,
  0xF7, 0x1A, 0xCD, 0xB5, 0x7B, 0x4C, 0x73, 0x4C, 0x6B, 0x2B, 0x8B, 0xAC, 0xDD, 0x72, 0xCD, 0x11,
  0xDE, 0x16, 0xEE, 0x77, 0xEE, 0x57, 0xFF, 0x3A, 0xDE, 0x98, 0xDE, 0x77, 0xFF, 0x5B, 0xF7, 0x3B,
  0xFF, 0x5C, 0xFF, 0x7C, 0xFF, 0x5C, 0xFF, 0x7C, 0xD6, 0x58, 0xC5, 0xD6, 0xCE, 0x58, 0xC5, 0xF6,
  0xFF, 0x7C, 0xFF, 0x5C, 0xFF, 0x7D, 0xFF, 0x7D, 0xFF, 0x7D, 0xCE, 0x37, 0xCE, 0x79, 0xD6, 0xDA,
  0xD6, 0xD9, 0xD6, 0xDA, 0xD6, 0xDB, 0xD6, 0xDB, 0xD6, 0xDB, 0xD6, 0xDB, 0xD6, 0xDB, 0xD6, 0xDB,
  0xDE, 0xFB, 0xDE, 0xFB, 0xDE, 0xFB, 0xDE, 0xFB, 0xDE, 0xFB, 0xDF, 0x1A, 0xDF, 0x1B, 0xDF, 0x1C,
  0xDF, 0x1C, 0xDF, 0x1C, 0xDF, 0x3C, 0xDF, 0x3C, 0xDF, 0x3C, 0xDF, 0x3B, 0xE7, 0x5C, 0xE7, 0x5D,
  0xE7, 0x5D, 0xDF, 0x5D, 0xE7, 0x5D, 0xEF, 0x7D, 0xEF, 0x7D, 0xEF, 0x7D, 0xEF, 0x9E, 0xEF, 0x9E,
  0xE7, 0x3C, 0xE7, 0x3C, 0xE7, 0x3C, 0xDF, 0x1B, 0xDF, 0x1B, 0xDF, 0x1A, 0xD7, 0x1B, 0xD7, 0x1A,
  0xDF, 0x1B, 0xE7, 0x3C, 0xE7, 0x3C, 0xDF, 0x3C, 0xE7, 0x3C, 0xEF, 0x5C, 0xEF, 0x5B, 0xEF, 0x5B,
  0xEF, 0x5B, 0xEF, 0x5B, 0xE7, 0x5C, 0xE7, 0x5C, 0xEF, 0x5C, 0xEF, 0x5C, 0xEF, 0x7D, 0xEF, 0x7D,
  0xEF, 0x7D, 0xE7, 0x7D, 0xEF, 0x7D, 0xEF, 0x9D, 0xEF, 0x9D, 0xF7, 0x9E, 0xF7, 0x9E, 0xEF, 0x9D,
  0xEF, 0x9D, 0xDE, 0xFA, 0xE7, 0x1B, 0xFF, 0x9D, 0xFF, 0x9C, 0xFF, 0x9D, 0xFF, 0x9D, 0xEF, 0x3C,
  0xD6, 0x99, 0xE7, 0x3C, 0xDF, 0x1B, 0xDF, 0x3B, 0xDF, 0x3C, 0xD6, 0xDB, 0xC6, 0x17, 0xA5, 0x33,
  0x94, 0x92, 0x8C, 0x51, 0x84, 0x30, 0x84, 0x10, 0x84, 0x10, 0x84, 0x10, 0x84, 0x30, 0x8C, 0x30,
  0x8C, 0x50, 0x9C, 0xF2, 0xB5, 0xB6, 0xCE, 0x79, 0xCE, 0x38, 0xB3, 0xD0, 0xEB, 0x90, 0xEB, 0x6F,
  0xEB, 0x4F, 0xEB, 0x2E, 0xEB, 0x0E, 0xC2, 0xAC, 0x6A, 0x49, 0x5A, 0x6A, 0x5A, 0x49, 0x52, 0x29,
  0x4A, 0x08, 0x42, 0x07, 0x4A, 0x08, 0x4A, 0x29, 0x4A, 0x29, 0x4A, 0x28, 0x4A, 0x09, 0x42, 0x08,
  0x42, 0x07, 0x42, 0x08, 0x42, 0x08, 0x42, 0x08, 0x42, 0x08, 0x42, 0x08, 0x42, 0x08, 0x42, 0x08,
  0x42, 0x08, 0x42, 0x08, 0x42, 0x08, 0x42, 0x08, 0x42, 0x08, 0x42, 0x07, 0x42, 0x08, 0x42, 0x08,
  0x42, 0x08, 0x42, 0x49, 0x42, 0x28, 0x42, 0x07, 0x42, 0x08, 0x42, 0x08, 0x42, 0x08, 0x42, 0x08,
  0x42, 0x08, 0x42, 0x08, 0x42, 0x08, 0x42, 0x08, 0x42, 0x08, 0x39, 0xE8, 0x42, 0x08, 0x42, 0x08,
  0x42, 0x08, 0x42, 0x08, 0x42, 0x08, 0x4A, 0x8A, 0x42, 0x29, 0x42, 0x28, 0x42, 0x28, 0x42, 0x08,
  0x42, 0x08, 0x42, 0x08, 0x42, 0x08, 0x42, 0x08, 0x42, 0x08, 0x42, 0x08, 0x42, 0x08, 0x42, 0x08,
  0x39, 0xE8, 0x39, 0xE8, 0x42, 0x08, 0x42, 0x08, 0x42, 0x08, 0x42, 0x08, 0x42, 0x08, 0x42, 0x08,
  0x42, 0x08, 0x42, 0x08, 0x41, 0xE7, 0x42, 0x08, 0x4A, 0x69, 0x42, 0x08, 0x3A, 0x08, 0x42, 0x69,
  0x42, 0x28, 0x42, 0x07, 0x41, 0xE8, 0x41, 0xE8, 0x41, 0xE8, 0x41, 0xE8, 0x41, 0xE8, 0x41, 0xC8,
  0x41, 0xE8, 0x42, 0x08, 0x42, 0x08, 0x42, 0x08, 0x4A, 0x29, 0x4A, 0x6A, 0x42, 0x08, 0x4A, 0x29,
  0x52, 0x69, 0x52, 0x49, 0x52, 0x49, 0x52, 0x49, 0x5A, 0x8A, 0x52, 0x6A, 0x52, 0x69, 0x5A, 0xAA,
  0x8C, 0x10, 0x7B, 0x8E, 0x5A, 0xAA, 0x62, 0xEB, 0x7B, 0x6C, 0xD6, 0x37, 0xF7, 0x3B, 0xF7, 0x1A,
  0xFF, 0x1B, 0xDE, 0x77, 0x83, 0xAD, 0x73, 0x6D, 0x73, 0x4C, 0xA4, 0x2F, 0xDD, 0x93, 0xC5, 0x10,
  0xDE, 0x15, 0xEE, 0x77, 0xEE, 0x36, 0xF6, 0xD9, 0xDE, 0x37, 0xE6, 0xB8, 0xFF, 0x5A, 0xF6, 0xB8,
  0xF7, 0x3B, 0xFF, 0x7C, 0xE6, 0xB9, 0xE6, 0xB9, 0xF7, 0x1B, 0xBD, 0x74, 0xB5, 0x54, 0xE6, 0xB9,
  0xFF, 0x9C, 0xF7, 0x5B, 0xF7, 0x5C, 0xFF, 0x7C, 0xEF, 0x1A, 0xBD, 0xD6, 0xD6, 0xBA, 0xD6, 0xB9,
  0xD6, 0xD9, 0xD6, 0xDA, 0xD6, 0xDB, 0xD6, 0xDB, 0xD6, 0xDB, 0xD6, 0xDB, 0xD6, 0xDB, 0xD6, 0xDB,
  0xD6, 0xFB, 0xD6, 0xFB, 0xDE, 0xFB, 0xDE, 0xFB, 0xDE, 0xFB, 0xDF, 0x1A, 0xDF, 0x1B, 0xDF, 0x1C,
  0xDF, 0x1C, 0xDF, 0x3C, 0xDF, 0x3C, 0xD7, 0x3C, 0xDF, 0x3C, 0xE7, 0x3C, 0xE7, 0x5D, 0xE7, 0x5D,
  0xE7, 0x5D, 0xE7, 0x5D, 0xEF, 0x5D, 0xEF, 0x7D, 0xEF, 0x7D, 0xEF, 0x7D, 0xEF, 0x9E, 0xEF, 0x9E,
  0xE7, 0x3C, 0xDF, 0x3B, 0xE7, 0x3C, 0xE7, 0x1C, 0xD7, 0x1C, 0xDF, 0x1B, 0xDF, 0x1A, 0xDF, 0x1A,
  0xD7, 0x1A, 0xDF, 0x1B, 0xE7, 0x3C, 0xE7, 0x3C, 0xE7, 0x3C, 0xE7, 0x5C, 0xEF, 0x5C, 0xEF, 0x5C,
  0xE7, 0x5C, 0xE7, 0x5C, 0xDF, 0x3C, 0xDF, 0x3C, 0xE7, 0x5C, 0xE7, 0x5C, 0xE7, 0x5C, 0xE7, 0x5C,
  0xE7, 0x5D, 0xEF, 0x7D, 0xE7, 0x5D, 0xEF, 0x7D, 0xE7, 0x9C, 0xEF, 0x9D, 0xEF, 0x9D, 0xEF, 0x9D,
  0xE7, 0x7C, 0xE7, 0x3B, 0xDE, 0xB9, 0xF7, 0x7D, 0xFF, 0x7D, 0xFF, 0x9D, 0xF7, 0x7C, 0xFF, 0x9D,
  0xE6, 0xFA, 0xCE, 0x99, 0xDF, 0x3C, 0xDE, 0xFB, 0xBD, 0xD7, 0x94, 0xB2, 0x84, 0x2F, 0x7C, 0x0F,
  0x84, 0x0F, 0x7C, 0x0F, 0x7B, 0xEF, 0x7B, 0xCF, 0x7B, 0xCE, 0x7B, 0xCE, 0x7B, 0xCE, 0x7B, 0xCF,
  0x7B, 0xAF, 0x7B, 0xAE, 0x73, 0x8E, 0x83, 0xCF, 0xA4, 0xF3, 0x9B, 0xAF, 0xD3, 0x4E, 0xEB, 0x4F,
  0xEB, 0x2E, 0xE3, 0x0D, 0xDA, 0xEE, 0x9A, 0x6B, 0x62, 0x49, 0x5A, 0x49, 0x52, 0x28, 0x52, 0x29,
  0x4A, 0x08, 0x4A, 0x07, 0x4A, 0x28, 0x4A, 0x28, 0x4A, 0x08, 0x4A, 0x08, 0x42, 0x08, 0x42, 0x08,
  0x42, 0x08, 0x42, 0x08, 0x42, 0x08, 0x42, 0x08, 0x42, 0x08, 0x42, 0x08, 0x42, 0x08, 0x42, 0x08,
  0x42, 0x08, 0x42, 0x08, 0x42, 0x08, 0x42, 0x08, 0x3A, 0x07, 0x42, 0x08, 0x42, 0x08, 0x3A, 0x07,
  0x42, 0x08, 0x4A, 0x49, 0x42, 0x28, 0x42, 0x07, 0x42, 0x08, 0x42, 0x08, 0x42, 0x08, 0x42, 0x08,
  0x42, 0x08, 0x42, 0x08, 0x42, 0x08, 0x42, 0x08, 0x42, 0x08, 0x39, 0xE8, 0x42, 0x08, 0x42, 0x08,
  0x42, 0x08, 0x42, 0x08, 0x42, 0x28, 0x4A, 0x49, 0x42, 0x28, 0x42, 0x07, 0x42, 0x08, 0x42, 0x08,
  0x42, 0x08, 0x42, 0x08, 0x42, 0x08, 0x42, 0x08, 0x42, 0x08, 0x42, 0x08, 0x42, 0x08, 0x42, 0x08,
  0x39, 0xE8, 0x39, 0xE8, 0x42, 0x08, 0x42, 0x08, 0x42, 0x08, 0x42, 0x08, 0x42, 0x08, 0x42, 0x08,
  0x42, 0x08, 0x42, 0x08, 0x42, 0x08, 0x42, 0x07, 0x42, 0x28, 0x42, 0x08, 0x41, 0xE8, 0x42, 0x08,
  0x42, 0x08, 0x3A, 0x08, 0x41, 0xE8, 0x41, 0xE8, 0x41, 0xE8, 0x41, 0xE8, 0x41, 0xE8, 0x41, 0xE8,
  0x41, 0xE8, 0x41, 0xE8, 0x41, 0xE8, 0x42, 0x08, 0x42, 0x08, 0x4A, 0x69, 0x4A, 0x49, 0x42, 0x28,
  0x52, 0x69, 0x52, 0x8A, 0x4A, 0x49, 0x52, 0x49, 0x5A, 0xAA, 0x52, 0x8A, 0x5A, 0xAA, 0x5A, 0xAA,
  0x73, 0x6D, 0xAD, 0x14, 0x83, 0xEF, 0x63, 0x0B, 0x73, 0x6C, 0xCD, 0xD6, 0xFF, 0x5B, 0xF7, 0x1A,
  0xF7, 0x1A, 0xEE, 0xB9, 0x94, 0x0F, 0x7B, 0x8D, 0x83, 0x8D, 0xC4, 0xF1, 0xE5, 0xB3, 0xC5, 0x11,
  0xE6, 0x36, 0xF6, 0x57, 0xEE, 0x15, 0xF6, 0xB7, 0xD5, 0xD5, 0xEE, 0xF9, 0xF6, 0xF9, 0xEE, 0x77,
  0xF7, 0x19, 0xFF, 0x7C, 0xCD, 0xD5, 0xDE, 0x78, 0xFF, 0x7C, 0xCD, 0xF6, 0xBD, 0x54, 0xF7, 0x7C,
  0xFF, 0x7C, 0xFF, 0x7B, 0xFF, 0x5C, 0xFF, 0x9D, 0xD6, 0x58, 0xC6, 0x38, 0xD6, 0xDA, 0xD6, 0xB9,
  0xD6, 0xDA, 0xD6, 0xDA, 0xD6, 0xDB, 0xD6, 0xDB, 0xD6, 0xDB, 0xD6, 0xDB, 0xD6, 0xDB, 0xD6, 0xDB,
  0xD6, 0xDB, 0xD6, 0xFB, 0xDE, 0xFB, 0xDE, 0xFB, 0xDE, 0xFB, 0xDF, 0x1A, 0xDF, 0x1B, 0xDF, 0x1C,
  0xDF, 0x1C, 0xDF, 0x3C, 0xD7, 0x3C, 0xD7, 0x3C, 0xDF, 0x3C, 0xE7, 0x3C, 0xE7, 0x5D, 0xE7, 0x5D,
  0xDF, 0x5D, 0xE7, 0x7D, 0xEF, 0x7D, 0xEF, 0x7D, 0xEF, 0x7C, 0xEF, 0x9D, 0xEF, 0x9E, 0xEF, 0x9E,
  0xE7, 0x5C, 0xE7, 0x5C, 0xE7, 0x3C, 0xE7, 0x3C, 0xDF, 0x3C, 0xDF, 0x1C, 0xD7, 0x1B, 0xDE, 0xFB,
  0xD7, 0x1C, 0xDF, 0x1C, 0xE7, 0x3C, 0xE7, 0x3C, 0xE7, 0x3C, 0xE7, 0x3C, 0xE7, 0x5C, 0xDF, 0x5C,
  0xDF, 0x5C, 0xDF, 0x5C, 0xE7, 0x3C, 0xE7, 0x3C, 0xDF, 0x3C, 0xDF, 0x3C, 0xDF, 0x3B, 0xDF, 0x3B,
  0xE7, 0x5C, 0xE7, 0x5C, 0xDF, 0x5C, 0xE7, 0x5D, 0xEF, 0x7D, 0xEF, 0x7D, 0xEF, 0x9C, 0xE7, 0x7D,
  0xDF, 0x5C, 0xE7, 0x5C, 0xD6, 0xB9, 0xDE, 0xDA, 0xFF, 0x9D, 0xF7, 0x5C, 0xFF, 0x9D, 0xFF, 0x9D,
  0xF7, 0x7C, 0xCE, 0x58, 0xCE, 0x58, 0xA5, 0x34, 0x84, 0x10, 0x7C, 0x0F, 0x7B, 0xEF, 0x73, 0xCE,
  0x73, 0x8E, 0x6B, 0x6D, 0x6B, 0x6D, 0x6B, 0x4D, 0x6B, 0x4D, 0x6B, 0x4C, 0x6B, 0x2C, 0x6B, 0x4D,
  0x6B, 0x4D, 0x6B, 0x4D, 0x73, 0x4D, 0x73, 0x0C, 0x6A, 0xEB, 0x72, 0xCB, 0xBB, 0x0D, 0xE3, 0x2E,
  0xE3, 0x0D, 0xE3, 0x0D, 0xCA, 0xAC, 0x72, 0x49, 0x5A, 0x6A, 0x5A, 0x49, 0x52, 0x29, 0x4A, 0x28,
  0x42, 0x08, 0x41, 0xE8, 0x4A, 0x08, 0x4A, 0x08, 0x4A, 0x08, 0x42, 0x08, 0x3A, 0x07, 0x42, 0x08,
  0x42, 0x08, 0x42, 0x08, 0x42, 0x08, 0x42, 0x08, 0x42, 0x08, 0x42, 0x08, 0x42, 0x08, 0x42, 0x08,
  0x42, 0x08, 0x42, 0x08, 0x42, 0x08, 0x42, 0x08, 0x42, 0x08, 0x4A, 0x49, 0x42, 0x28, 0x3A, 0x08,
  0x42, 0x28, 0x4A, 0x69, 0x42, 0x08, 0x42, 0x08, 0x42, 0x08, 0x42, 0x08, 0x42, 0x08, 0x42, 0x08,
  0x42, 0x08, 0x42, 0x08, 0x42, 0x08, 0x42, 0x08, 0x42, 0x08, 0x41, 0xE8, 0x42, 0x08, 0x42, 0x08,
  0x42, 0x08, 0x42, 0x08, 0x3A, 0x28, 0x42, 0x28, 0x42, 0x08, 0x42, 0x08, 0x42, 0x08, 0x42, 0x08,
  0x42, 0x08, 0x42, 0x08, 0x42, 0x08, 0x42, 0x08, 0x42, 0x08, 0x42, 0x08, 0x42, 0x08, 0x42, 0x08,
  0x39, 0xE8, 0x39, 0xE7, 0x41, 0xE7, 0x42, 0x08, 0x3A, 0x28, 0x42, 0x08, 0x42, 0x08, 0x42, 0x08,
  0x42, 0x08, 0x42, 0x08, 0x42, 0x08, 0x42, 0x08, 0x42, 0x08, 0x42, 0x08, 0x42, 0x08, 0x3A, 0x08,
  0x42, 0x08, 0x42, 0x08, 0x41, 0xE8, 0x41, 0xE8, 0x41, 0xE8, 0x41, 0xE8, 0x42, 0x08, 0x42, 0x08,
  0x42, 0x08, 0x42, 0x08, 0x42, 0x08, 0x42, 0x08, 0x3A, 0x07, 0x42, 0x28, 0x52, 0x6A, 0x4A, 0x29,
  0x4A, 0x29, 0x52, 0x8A, 0x52, 0x49, 0x4A, 0x49, 0x52, 0x8A, 0x5A, 0xCB, 0x5A, 0xAB, 0x5A, 0xCA,
  0x63, 0x0B, 0xA4, 0xF3, 0xB5, 0x76, 0x8C, 0x10, 0x73, 0x6D, 0xBD, 0x74, 0xFF, 0x5C, 0xFF, 0x1B,
  0xF7, 0x1A, 0xF6, 0xFA, 0xAC, 0xB1, 0x7B, 0x6C, 0x93, 0xED, 0xD5, 0x52, 0xE5, 0xB3, 0xCD, 0x31,
  0xEE, 0x56, 0xF6, 0x57, 0xEE, 0x35, 0xEE, 0x77, 0xD5, 0xD5, 0xF6, 0xF9, 0xF6, 0x77, 0xEE, 0x76,
  0xF6, 0xF9, 0xF7, 0x1A, 0xCD, 0xB4, 0xF7, 0x1A, 0xFF, 0x5B, 0xF7, 0x1B, 0xEE, 0xFA, 0xFF, 0x7C,
  0xFF, 0x7C, 0xFF, 0x7C, 0xFF, 0x7C, 0xF7, 0x5C, 0xC5, 0xF6, 0xD6, 0x99, 0xD6, 0xBA, 0xCE, 0xBA,
  0xCE, 0xBA, 0xD6, 0xDA, 0xD6, 0xD9, 0xD6, 0xDA, 0xD6, 0xDB, 0xD6, 0xDB, 0xD6, 0xDB, 0xD6, 0xDB,
  0xD6, 0xDB, 0xD6, 0xFB, 0xDE, 0xFB, 0xDE, 0xFB, 0xDE, 0xFB, 0xDF, 0x1B, 0xDF, 0x1B, 0xDF, 0x1C,
  0xDF, 0x1C, 0xDF, 0x3C, 0xDF, 0x3C, 0xDF, 0x3B, 0xE7, 0x3C, 0xE7, 0x3D, 0xE7, 0x5D, 0xE7, 0x5D,
  0xDF, 0x7D, 0xE7, 0x7D, 0xEF, 0x7D, 0xEF, 0x7D, 0xEF, 0x7C, 0xEF, 0x9D, 0xEF, 0x9E, 0xEF, 0x9E,
  0xEF, 0x7D, 0xEF, 0x5D, 0xE7, 0x5C, 0xE7, 0x3B, 0xE7, 0x3C, 0xDF, 0x3C, 0xDF, 0x3C, 0xDF, 0x1C,
  0xDF, 0x1C, 0xE7, 0x3C, 0xE7, 0x3C, 0xE7, 0x3C, 0xE7, 0x3C, 0xE7, 0x1C, 0xE7, 0x3C, 0xE7, 0x5C,
  0xE7, 0x5C, 0xE7, 0x5C, 0xE7, 0x3C, 0xE7, 0x3C, 0xE7, 0x3C, 0xE7, 0x3C, 0xE7, 0x3C, 0xE7, 0x3C,
  0xE7, 0x3C, 0xE7, 0x5C, 0xE7, 0x5B, 0xDF, 0x5C, 0xE7, 0x5D, 0xE7, 0x7D, 0xE7, 0x7D, 0xE7, 0x7D,
  0xE7, 0x5C, 0xE7, 0x3C, 0xDF, 0x1B, 0xCE, 0x79, 0xF7, 0x5C, 0xFF, 0x7D, 0xFF, 0x7D, 0xFF, 0x7C,
  0xFF, 0x7C, 0xE7, 0x1A, 0xA4, 0xD2, 0x8C, 0x50, 0x84, 0x10, 0x73, 0xCE, 0x6B, 0x8E, 0x6B, 0x6D,
  0x6B, 0x4D, 0x6B, 0x2D, 0x63, 0x2C, 0x63, 0x2C, 0x63, 0x2C, 0x63, 0x0C, 0x63, 0x0C, 0x6B, 0x0C,
  0x6B, 0x0C, 0x62, 0xEC, 0x62, 0xEB, 0x6A, 0xCB, 0x6A, 0xCB, 0x62, 0xAB, 0x92, 0xAB, 0xDB, 0x0D,
  0xDA, 0xED, 0xE2, 0xED, 0xAA, 0x8B, 0x62, 0x28, 0x5A, 0x49, 0x52, 0x29, 0x52, 0x28, 0x4A, 0x08,
  0x41, 0xE8, 0x41, 0xE8, 0x4A, 0x08, 0x4A, 0x08, 0x42, 0x08, 0x42, 0x08, 0x42, 0x08, 0x42, 0x08,
  0x42, 0x08, 0x42, 0x08, 0x42, 0x08, 0x42, 0x08, 0x42, 0x08, 0x42, 0x08, 0x42, 0x08, 0x42, 0x08,
  0x42, 0x08, 0x42, 0x08, 0x42, 0x08, 0x41, 0xE8, 0x42, 0x28, 0x4A, 0x69, 0x42, 0x28, 0x3A, 0x08,
  0x4A, 0x49, 0x4A, 0x49, 0x42, 0x08, 0x42, 0x08, 0x42, 0x08, 0x42, 0x08, 0x42, 0x08, 0x42, 0x08,
  0x42, 0x08, 0x42, 0x08, 0x42, 0x08, 0x42, 0x08, 0x3A, 0x08, 0x41, 0xE8, 0x3A, 0x08, 0x42, 0x08,
  0x42, 0x08, 0x42, 0x27, 0x42, 0x28, 0x42, 0x08, 0x42, 0x08, 0x42, 0x08, 0x42, 0x08, 0x42, 0x08,
  0x42, 0x08, 0x42, 0x08, 0x42, 0x08, 0x42, 0x08, 0x42, 0x08, 0x42, 0x08, 0x42, 0x08, 0x42, 0x08,
  0x42, 0x08, 0x39, 0xE7, 0x39, 0xE7, 0x42, 0x08, 0x42, 0x27, 0x42, 0x08, 0x3A, 0x08, 0x3A, 0x08,
  0x42, 0x08, 0x42, 0x08, 0x42, 0x08, 0x42, 0x08, 0x42, 0x08, 0x42, 0x08, 0x42, 0x08, 0x42, 0x08,
  0x3A, 0x08, 0x3A, 0x08, 0x41, 0xE8, 0x41, 0xE8, 0x41, 0xE8, 0x41, 0xE8, 0x42, 0x08, 0x42, 0x08,
  0x42, 0x08, 0x41, 0xE8, 0x42, 0x08, 0x42, 0x08, 0x42, 0x08, 0x42, 0x08, 0x4A, 0x69, 0x4A, 0x49,
  0x42, 0x28, 0x52, 0x69, 0x52, 0x8A, 0x4A, 0x49, 0x52, 0x6A, 0x5A, 0xAA, 0x5A, 0xCB, 0x62, 0xCB,
  0x62, 0xEB, 0x94, 0x71, 0xBD, 0xD7, 0xC5, 0xD7, 0x8C, 0x30, 0xB5, 0x13, 0xFF, 0x3C, 0xF7, 0x1A,
  0xF7, 0x1A, 0xF7, 0x3B, 0xBD, 0x53, 0x83, 0x8C, 0xA4, 0x4F, 0xDD, 0x93, 0xE5, 0xB3, 0xCD, 0x11,
  0xE6, 0x56, 0xF6, 0x36, 0xF6, 0x36, 0xEE, 0x77, 0xD5, 0xD5, 0xF6, 0xB9, 0xEE, 0x56, 0xEE, 0x56,
  0xF7, 0x1A, 0xE6, 0x98, 0xD5, 0xF5, 0xFF, 0x7B, 0xF7, 0x5B, 0xFF, 0x7C, 0xFF, 0x7C, 0xFF, 0x7C,
  0xFF, 0x7C, 0xF7, 0x5B, 0xFF, 0x9C, 0xE6, 0xDA, 0xBD, 0xD6, 0xD6, 0xBA, 0xCE, 0x99, 0xCE, 0xBA,
  0xD6, 0xBA, 0xD6, 0xDA, 0xD6, 0xD9, 0xD6, 0xDA, 0xD6, 0xDB, 0xD6, 0xDB, 0xD6, 0xDB, 0xD6, 0xDB,
  0xD6, 0xDB, 0xD6, 0xFB, 0xDE, 0xFB, 0xDE, 0xFB, 0xDE, 0xFB, 0xDF, 0x1A, 0xDF, 0x1B, 0xDF, 0x1C,
  0xD7, 0x3C, 0xDF, 0x3C, 0xE7, 0x3C, 0xE7, 0x5C, 0xE7, 0x5D, 0xE7, 0x5D, 0xE7, 0x5D, 0xE7, 0x5D,
  0xDF, 0x7D, 0xE7, 0x7D, 0xEF, 0x7D, 0xEF, 0x7D, 0xEF, 0x9C, 0xEF, 0x9D, 0xEF, 0x9E, 0xEF, 0x9E,
  0xEF, 0x9D, 0xEF, 0x7D, 0xEF, 0x5C, 0xE7, 0x5B, 0xDF, 0x3C, 0xE7, 0x3C, 0xE7, 0x3C, 0xE7, 0x3C,
  0xE7, 0x3C, 0xE7, 0x5C, 0xE7, 0x3C, 0xE7, 0x3C, 0xE7, 0x3C, 0xE7, 0x3C, 0xE7, 0x3C, 0xE7, 0x3C,
  0xE7, 0x5C, 0xE7, 0x5C, 0xE7, 0x3C, 0xE7, 0x3C, 0xE7, 0x3C, 0xDF, 0x3C, 0xDF, 0x3C, 0xE7, 0x3C,
  0xE7, 0x3C, 0xE7, 0x3C, 0xE7, 0x3C, 0xE7, 0x5C, 0xE7, 0x5C, 0xE7, 0x5C, 0xE7, 0x7D, 0xE7, 0x5D,
  0xE7, 0x5C, 0xE7, 0x3B, 0xE7, 0x3C, 0xD6, 0xDA, 0xDE, 0xDA, 0xFF, 0x7D, 0xF7, 0x7D, 0xFF, 0x7D,
  0xF7, 0x5C, 0xF7, 0x5C, 0xC5, 0xB6, 0x8C, 0x0F, 0x7B, 0xCE, 0x6B, 0x6D, 0x63, 0x4D, 0x63, 0x2C,
  0x63, 0x0C, 0x5B, 0x0C, 0x62, 0xEC, 0x62, 0xEC, 0x62, 0xEC, 0x62, 0xEB, 0x62, 0xEC, 0x62, 0xCB,
  0x62, 0xEB, 0x5A, 0xEB, 0x62, 0xCB, 0x62, 0xCB, 0x62, 0xAA, 0x62, 0x8A, 0x72, 0x6A, 0xBA, 0xCB,
  0xDA, 0xCC, 0xD2, 0xAC, 0x8A, 0x49, 0x5A, 0x28, 0x52, 0x29, 0x52, 0x29, 0x4A, 0x07, 0x49, 0xE8,
  0x49, 0xE8, 0x49, 0xE8, 0x4A, 0x08, 0x4A, 0x08, 0x42, 0x08, 0x3A, 0x08, 0x42, 0x08, 0x42, 0x08,
  0x42, 0x08, 0x42, 0x08, 0x42, 0x08, 0x42, 0x08, 0x42, 0x08, 0x42, 0x08, 0x42, 0x08, 0x42, 0x08,
  0x42, 0x08, 0x42, 0x08, 0x42, 0x08, 0x42, 0x07, 0x42, 0x28, 0x4A, 0x69, 0x42, 0x29, 0x3A, 0x08,
  0x4A, 0x49, 0x4A, 0x49, 0x42, 0x08, 0x42, 0x08, 0x42, 0x08, 0x42, 0x08, 0x42, 0x08, 0x42, 0x08,
  0x42, 0x08, 0x42, 0x08, 0x42, 0x08, 0x3A, 0x28, 0x42, 0x08, 0x41, 0xE7, 0x42, 0x07, 0x42, 0x08,
  0x42, 0x08, 0x42, 0x08, 0x42, 0x08, 0x42, 0x08, 0x42, 0x08, 0x42, 0x08, 0x42, 0x08, 0x42, 0x08,
  0x42, 0x08, 0x42, 0x08, 0x42, 0x08, 0x42, 0x08, 0x42, 0x08, 0x42, 0x08, 0x42, 0x08, 0x42, 0x08,
  0x42, 0x08, 0x41, 0xE7, 0x39, 0xC6, 0x42, 0x07, 0x4A, 0x28, 0x4A, 0x28, 0x42, 0x28, 0x42, 0x28,
  0x42, 0x08, 0x42, 0x08, 0x42, 0x08, 0x42, 0x08, 0x42, 0x08, 0x42, 0x08, 0x42, 0x08, 0x42, 0x08,
  0x32, 0x08, 0x32, 0x08, 0x42, 0x08, 0x42, 0x08, 0x42, 0x08, 0x42, 0x08, 0x42, 0x08, 0x42, 0x08,
  0x42, 0x08, 0x42, 0x08, 0x42, 0x08, 0x42, 0x08, 0x3A, 0x08, 0x41, 0xE8, 0x4A, 0x49, 0x52, 0x69,
  0x4A, 0x29, 0x4A, 0x49, 0x52, 0x8A, 0x52, 0x69, 0x52, 0x49, 0x52, 0x8A, 0x5A, 0xAB, 0x62, 0xCB,
  0x62, 0xEB, 0x7B, 0xCE, 0xBD, 0xD6, 0xCE, 0x58, 0xC5, 0xD6, 0xB5, 0x13, 0xF7, 0x1B, 0xFF, 0x3B,
  0xF7, 0x3B, 0xFF, 0x5B, 0xD6, 0x37, 0x83, 0xAD, 0xBC, 0xF1, 0xE5, 0xD4, 0xE5, 0xB3, 0xC5, 0x11,
  0xE6, 0x56, 0xEE, 0x36, 0xF6, 0x56, 0xE6, 0x56, 0xDD, 0xD5, 0xEE, 0x77, 0xEE, 0x36, 0xF6, 0x36,
  0xFF, 0x1A, 0xD5, 0xF6, 0xDE, 0x57, 0xFF, 0x7B, 0xF7, 0x5C, 0xFF, 0x7C, 0xFF, 0x7B, 0xFF, 0x7C,
  0xFF, 0x7C, 0xF7, 0x5B, 0xFF, 0x9C, 0xD6, 0x58, 0xC6, 0x37, 0xD6, 0xBA, 0xCE, 0x9A, 0xD6, 0xBA,
  0xD6, 0xBA, 0xD6, 0xBA, 0xD6, 0xD9, 0xD6, 0xDA, 0xD6, 0xDB, 0xD6, 0xDB, 0xD6, 0xDB, 0xD6, 0xDB,
  0xD6, 0xDB, 0xD6, 0xFB, 0xDE, 0xFB, 0xDE, 0xFB, 0xDE, 0xFB, 0xDF, 0x1A, 0xDF, 0x1B, 0xDF, 0x1C,
  0xDF, 0x3C, 0xDF, 0x3C, 0xE7, 0x5C, 0xE7, 0x5D, 0xE7, 0x5D, 0xE7, 0x7D, 0xE7, 0x7D, 0xE7, 0x7D,
  0xDF, 0x7D, 0xE7, 0x7D, 0xEF, 0x7D, 0xEF, 0x7C, 0xEF, 0x9D, 0xEF, 0x9E, 0xE7, 0x9E, 0xEF, 0x9E,
  0xF7, 0xBE, 0xF7, 0x9E, 0xEF, 0x7D, 0xE7, 0x5C, 0xE7, 0x5C, 0xE7, 0x3C, 0xE7, 0x1C, 0xE7, 0x3C,
  0xE7, 0x5C, 0xE7, 0x5C, 0xE7, 0x3C, 0xE7, 0x3C, 0xE7, 0x3C, 0xE7, 0x3C, 0xE7, 0x3C, 0xE7, 0x3C,
  0xE7, 0x3C, 0xE7, 0x3C, 0xDF, 0x3C, 0xDF, 0x3C, 0xDF, 0x3C, 0xD7, 0x3C, 0xDF, 0x3C, 0xDF, 0x3C,
  0xDF, 0x3C, 0xDF, 0x3C, 0xE7, 0x3C, 0xE7, 0x3C, 0xE7, 0x5B, 0xE7, 0x5C, 0xE7, 0x5C, 0xE7, 0x5C,
  0xE7, 0x5C, 0xE7, 0x3C, 0xE7, 0x3C, 0xDF, 0x1B, 0xCE, 0x38, 0xEF, 0x1B, 0xFF, 0x7C, 0xF7, 0x5D,
  0xFF, 0x7C, 0xF7, 0x5B, 0xE6, 0xDA, 0x94, 0x50, 0x7B, 0xAE, 0x6B, 0x6D, 0x63, 0x2C, 0x5B, 0x0C,
  0x63, 0x0C, 0x62, 0xEC, 0x5A, 0xEB, 0x5A, 0xEB, 0x62, 0xCB, 0x62, 0xCB, 0x62, 0xEB, 0x5A, 0xCB,
  0x62, 0xEB, 0x62, 0xCB, 0x62, 0xCB, 0x5A, 0xAB, 0x62, 0xAA, 0x62, 0x8A, 0x62, 0x69, 0x82, 0x6A,
  0xC2, 0xCC, 0xBA, 0x8B, 0x72, 0x29, 0x5A, 0x49, 0x52, 0x29, 0x4A, 0x28, 0x4A, 0x08, 0x41, 0xE8,
  0x41, 0xE8, 0x4A, 0x08, 0x42, 0x08, 0x42, 0x08, 0x42, 0x08, 0x42, 0x08, 0x42, 0x08, 0x42, 0x08,
  0x42, 0x08, 0x42, 0x08, 0x42, 0x08, 0x42, 0x08, 0x42, 0x08, 0x42, 0x08, 0x42, 0x08, 0x42, 0x08,
  0x42, 0x08, 0x42, 0x08, 0x42, 0x08, 0x39, 0xE8, 0x42, 0x49, 0x4A, 0x69, 0x3A, 0x08, 0x42, 0x28,
  0x4A, 0x49, 0x42, 0x28, 0x3A, 0x07, 0x42, 0x08, 0x42, 0x08, 0x42, 0x08, 0x42, 0x08, 0x42, 0x08,
  0x42, 0x08, 0x3A, 0x27, 0x42, 0x28, 0x42, 0x28, 0x4A, 0x08, 0x41, 0xE7, 0x4A, 0x08, 0x42, 0x08,
  0x3A, 0x07, 0x42, 0x08, 0x42, 0x08, 0x42, 0x08, 0x42, 0x08, 0x42, 0x08, 0x42, 0x08, 0x42, 0x08,
  0x42, 0x08, 0x42, 0x08, 0x42, 0x08, 0x42, 0x08, 0x42, 0x08, 0x42, 0x08, 0x42, 0x08, 0x42, 0x08,
  0x42, 0x28, 0x42, 0x07, 0x52, 0x48, 0x4A, 0x27, 0x4A, 0x28, 0x42, 0x28, 0x4A, 0x28, 0x4A, 0x29,
  0x42, 0x28, 0x3A, 0x27, 0x42, 0x08, 0x42, 0x08, 0x42, 0x08, 0x42, 0x08, 0x42, 0x08, 0x42, 0x08,
  0x3A, 0x08, 0x3A, 0x08, 0x42, 0x08, 0x42, 0x08, 0x39, 0xE8, 0x39, 0xE8, 0x39, 0xE8, 0x42, 0x08,
  0x42, 0x08, 0x42, 0x08, 0x42, 0x08, 0x42, 0x08, 0x42, 0x08, 0x3A, 0x08, 0x42, 0x08, 0x4A, 0x69,
  0x4A, 0x49, 0x42, 0x28, 0x4A, 0x49, 0x52, 0x69, 0x4A, 0x49, 0x52, 0x6A, 0x52, 0x8A, 0x5A, 0xCB,
  0x63, 0x0C, 0x6B, 0x6D, 0xB5, 0x55, 0xCE, 0x58, 0xD6, 0x78, 0xBD, 0x95, 0xEE, 0xFB, 0xFF, 0x5B,
  0xFF, 0x5B, 0xFF, 0x3B, 0xFF, 0x3B, 0xB5, 0x32, 0xBC, 0xD1, 0xEE, 0x15, 0xE5, 0xB3, 0xC5, 0x11,
  0xEE, 0x56, 0xEE, 0x15, 0xF6, 0x77, 0xDE, 0x15, 0xDD, 0xF5, 0xF6, 0x56, 0xEE, 0x35, 0xF6, 0x76,
  0xF6, 0xF9, 0xCD, 0x94, 0xEE, 0xD9, 0xFF, 0x5B, 0xFF, 0x5C, 0xFF, 0x7C, 0xFF, 0x7C, 0xFF, 0x7C,
  0xF7, 0x5B, 0xFF, 0x7C, 0xF7, 0x5B, 0xBD, 0xD6, 0xCE, 0x79, 0xD6, 0xB9, 0xD6, 0xBA, 0xD6, 0xBA,
  0xD6, 0xBA, 0xD6, 0xBA, 0xD6, 0xD9, 0xD6, 0xDA, 0xD6, 0xDB, 0xD6, 0xDB, 0xD6, 0xDB, 0xD6, 0xDB,
  0xD6, 0xDB, 0xD6, 0xFB, 0xDE, 0xFB, 0xDE, 0xFA, 0xDE, 0xFB, 0xDF, 0x1B, 0xDF, 0x1B, 0xD7, 0x3C,
  0xDF, 0x3B, 0xE7, 0x5C, 0xE7, 0x5D, 0xE7, 0x5D, 0xE7, 0x7C, 0xE7, 0x7D, 0xE7, 0x7D, 0xE7, 0x7D,
  0xE7, 0x7D, 0xE7, 0x7D, 0xEF, 0x7D, 0xEF, 0x9D, 0xEF, 0x9E, 0xE7, 0x9E, 0xEF, 0x9E, 0xF7, 0x9E,
  0xFF, 0xDF, 0xFF, 0xBE, 0xF7, 0x9D, 0xEF, 0x7D, 0xE7, 0x5C, 0xDF, 0x3B, 0xE7, 0x3C, 0xE7, 0x5C,
  0xE7, 0x5C, 0xE7, 0x5C, 0xE7, 0x5C, 0xE7, 0x5C, 0xE7, 0x3C, 0xE7, 0x3C, 0xE7, 0x3C, 0xDF, 0x3C,
  0xD7, 0x3C, 0xDF, 0x3C, 0xDF, 0x3C, 0xD7, 0x3C, 0xDF, 0x3C, 0xDF, 0x3C, 0xDF, 0x3C, 0xD7, 0x3C,
  0xD7, 0x3C, 0xD7, 0x3C, 0xDF, 0x3C, 0xE7, 0x3C, 0xE7, 0x5C, 0xE7, 0x5C, 0xE7, 0x5B, 0xE7, 0x5B,
  0xE7, 0x5C, 0xE7, 0x5C, 0xE7, 0x3B, 0xE7, 0x3C, 0xCE, 0x99, 0xCE, 0x58, 0xFF, 0x7C, 0xF7, 0x5C,
  0xFF, 0x7C, 0xF7, 0x5B, 0xF7, 0x5B, 0xBD, 0x95, 0x7B, 0x8D, 0x73, 0x6D, 0x6B, 0x2C, 0x63, 0x0C,
  0x5A, 0xEB, 0x5A, 0xCB, 0x5A, 0xCA, 0x5A, 0xCA, 0x5A, 0xCA, 0x62, 0xCA, 0x62, 0xEB, 0x62, 0xEB,
  0x62, 0xEB, 0x6B, 0x0B, 0x62, 0xCA, 0x62, 0xEB, 0x5A, 0xAA, 0x62, 0x8A, 0x5A, 0x69, 0x62, 0x28,
  0xA2, 0x8B, 0xA2, 0x6A, 0x5A, 0x28, 0x52, 0x49, 0x52, 0x29, 0x4A, 0x29, 0x4A, 0x09, 0x41, 0xE8,
  0x41, 0xE7, 0x4A, 0x08, 0x42, 0x08, 0x3A, 0x08, 0x42, 0x08, 0x42, 0x08, 0x42, 0x08, 0x42, 0x08,
  0x42, 0x08, 0x42, 0x08, 0x42, 0x08, 0x42, 0x08, 0x42, 0x08, 0x42, 0x08, 0x42, 0x08, 0x42, 0x08,
  0x42, 0x08, 0x42, 0x08, 0x42, 0x08, 0x42, 0x08, 0x4A, 0x49, 0x4A, 0x49, 0x42, 0x07, 0x42, 0x28,
  0x4A, 0x49, 0x42, 0x08, 0x3A, 0x08, 0x42, 0x08, 0x42, 0x08, 0x42, 0x08, 0x42, 0x08, 0x42, 0x08,
  0x42, 0x08, 0x42, 0x28, 0x4A, 0x29, 0x4A, 0x28, 0x52, 0x48, 0x6A, 0xCA, 0x4A, 0x28, 0x42, 0x28,
  0x4A, 0x27, 0x42, 0x28, 0x3A, 0x08, 0x42, 0x08, 0x42, 0x28, 0x42, 0x28, 0x42, 0x28, 0x42, 0x28,
  0x42, 0x28, 0x42, 0x28, 0x42, 0x28, 0x42, 0x28, 0x42, 0x08, 0x39, 0xE7, 0x42, 0x08, 0x4A, 0x28,
  0x4A, 0x28, 0x42, 0x08, 0x6A, 0xEA, 0x72, 0xCA, 0x4A, 0x27, 0x4A, 0x29, 0x4A, 0x29, 0x4A, 0x29,
  0x4A, 0x29, 0x42, 0x28, 0x3A, 0x07, 0x42, 0x08, 0x42, 0x08, 0x42, 0x08, 0x42, 0x08, 0x42, 0x08,
  0x3A, 0x08, 0x3A, 0x08, 0x39, 0xE8, 0x31, 0xE8, 0x39, 0xE8, 0x31, 0xE8, 0x31, 0xE8, 0x39, 0xE8,
  0x42, 0x08, 0x39, 0xE8, 0x39, 0xE8, 0x42, 0x08, 0x42, 0x08, 0x42, 0x08, 0x39, 0xE7, 0x42, 0x28,
  0x4A, 0x49, 0x42, 0x28, 0x4A, 0x29, 0x4A, 0x49, 0x4A, 0x48, 0x4A, 0x49, 0x52, 0x8A, 0x5A, 0xAA,
  0x62, 0xEB, 0x63, 0x0C, 0x9C, 0xB2, 0xD6, 0x79, 0xC6, 0x17, 0xBD, 0xB5, 0xFF, 0x5C, 0xFF, 0x5B,
  0xFF, 0x5C, 0xFF, 0x5B, 0xFF, 0x3B, 0xF7, 0x1A, 0xBD, 0x12, 0xD5, 0x73, 0xEE, 0x15, 0xBD, 0x11,
  0xE6, 0x56, 0xED, 0xF5, 0xF6, 0x77, 0xCD, 0x93, 0xDD, 0xF5, 0xEE, 0x35, 0xEE, 0x15, 0xF6, 0x97,
  0xDE, 0x15, 0xD5, 0xD4, 0xF6, 0xD9, 0xFF, 0x5B, 0xFF, 0x7B, 0xFF, 0x7C, 0xFF, 0x7C, 0xFF, 0x7C,
  0xF7, 0x5B, 0xFF, 0x7C, 0xEE, 0xFA, 0xBD, 0xD6, 0xD6, 0xB9, 0xD6, 0xB9, 0xCE, 0xBA, 0xCE, 0xBA,
  0xD6, 0xBA, 0xD6, 0xDA, 0xD6, 0xD9, 0xD6, 0xDA, 0xD6, 0xDB, 0xD6, 0xDB, 0xD6, 0xDB, 0xD6, 0xDB,
  0xD6, 0xFB, 0xCE, 0xFB, 0xDE, 0xFB, 0xDE, 0xFA, 0xDE, 0xFB, 0xDF, 0x1C, 0xDF, 0x1C, 0xD7, 0x3B,
  0xDF, 0x3C, 0xE7, 0x5D, 0xDF, 0x7D, 0xE7, 0x7C, 0xEF, 0x7D, 0xEF, 0x7D, 0xEF, 0x7D, 0xE7, 0x7D,
  0xE7, 0x7D, 0xEF, 0x9D, 0xEF, 0x9E, 0xEF, 0x9E, 0xEF, 0x9E, 0xEF, 0x9E, 0xEF, 0x9E, 0xEF, 0x9E,
  0xFF, 0xDF, 0xFF, 0xDE, 0xF7, 0x9D, 0xEF, 0x7C, 0xE7, 0x5D, 0xE7, 0x5C, 0xDF, 0x5C, 0xE7, 0x5C,
  0xE7, 0x5C, 0xE7, 0x5C, 0xE7, 0x3C, 0xE7, 0x3C, 0xE7, 0x3C, 0xE7, 0x3C, 0xE7, 0x3C, 0xDF, 0x3C,
  0xD7, 0x3C, 0xDF, 0x3C, 0xDF, 0x3C, 0xDF, 0x3C, 0xDF, 0x3C, 0xDF, 0x3C, 0xDF, 0x3C, 0xDF, 0x3C,
  0xDF, 0x3C, 0xDF, 0x3C, 0xD7, 0x3C, 0xDF, 0x3C, 0xE7, 0x3C, 0xE7, 0x3C, 0xE7, 0x5C, 0xE7, 0x5C,
  0xE7, 0x5C, 0xE7, 0x5C, 0xE7, 0x3C, 0xE7, 0x3C, 0xE7, 0x3C, 0xC5, 0xD6, 0xE6, 0xD9, 0xFF, 0x5C,
  0xF7, 0x7C, 0xFF, 0x5B, 0xF7, 0x3B, 0xEE, 0xFA, 0x94, 0x4F, 0x73, 0x6D, 0x6B, 0x2C, 0x62, 0xEB,
  0x62, 0xCB, 0x5A, 0xCB, 0x52, 0xCB, 0x5A, 0xCB, 0x52, 0xCB, 0x5A, 0xCB, 0x62, 0xEC, 0x62, 0xCB,
  0x9C, 0x70, 0xC5, 0xD6, 0x7B, 0x6C, 0x62, 0xCA, 0x62, 0xAB, 0x62, 0x8A, 0x5A, 0x49, 0x52, 0x28,
  0x72, 0x29, 0x72, 0x29, 0x52, 0x09, 0x52, 0x29, 0x4A, 0x28, 0x4A, 0x08, 0x4A, 0x08, 0x41, 0xE7,
  0x49, 0xE7, 0x42, 0x08, 0x3A, 0x08, 0x42, 0x08, 0x42, 0x08, 0x42, 0x08, 0x42, 0x08, 0x42, 0x08,
  0x42, 0x08, 0x42, 0x08, 0x42, 0x08, 0x42, 0x08, 0x42, 0x08, 0x42, 0x08, 0x42, 0x08, 0x42, 0x08,
  0x42, 0x08, 0x42, 0x08, 0x42, 0x08, 0x42, 0x08, 0x4A, 0x69, 0x42, 0x48, 0x3A, 0x07, 0x42, 0x28,
  0x42, 0x49, 0x42, 0x08, 0x42, 0x07, 0x42, 0x08, 0x42, 0x28, 0x42, 0x28, 0x42, 0x28, 0x42, 0x07,
  0x42, 0x28, 0x4A, 0x29, 0x4A, 0x49, 0x4A, 0x28, 0x73, 0x0A, 0x93, 0xAC, 0x4A, 0x28, 0x4A, 0x28,
  0x4A, 0x28, 0x42, 0x28, 0x3A, 0x27, 0x42, 0x28, 0x42, 0x28, 0x42, 0x28, 0x42, 0x28, 0x42, 0x28,
  0x42, 0x28, 0x42, 0x28, 0x3A, 0x28, 0x42, 0x28, 0x42, 0x08, 0x39, 0xE7, 0x42, 0x07, 0x4A, 0x28,
  0x4A, 0x28, 0x4A, 0x28, 0x62, 0xA9, 0xA3, 0xCD, 0x62, 0x88, 0x52, 0x48, 0x4A, 0x49, 0x42, 0x29,
  0x4A, 0x29, 0x4A, 0x29, 0x42, 0x28, 0x42, 0x27, 0x42, 0x08, 0x42, 0x08, 0x42, 0x08, 0x42, 0x08,
  0x3A, 0x08, 0x32, 0x08, 0x39, 0xE8, 0x39, 0xE8, 0x39, 0xE8, 0x39, 0xE8, 0x39, 0xE8, 0x39, 0xE8,
  0x39, 0xE8, 0x39, 0xE8, 0x31, 0xC8, 0x39, 0xE8, 0x42, 0x08, 0x42, 0x08, 0x3A, 0x08, 0x42, 0x08,
  0x4A, 0x49, 0x4A, 0x29, 0x4A, 0x09, 0x4A, 0x29, 0x42, 0x48, 0x4A, 0x69, 0x52, 0x6A, 0x52, 0x8A,
  0x5A, 0xEB, 0x63, 0x0C, 0x7B, 0xCF, 0xCE, 0x58, 0xBD, 0xB5, 0xCE, 0x37, 0xFF, 0x7C, 0xFF, 0x5B,
  0xFF, 0x7C, 0xFF, 0x7C, 0xF7, 0x5B, 0xFF, 0x3B, 0xEE, 0xD9, 0xBC, 0xF1, 0xDD, 0xD4, 0xC5, 0x32,
  0xE6, 0x35, 0xEE, 0x15, 0xE6, 0x15, 0xB4, 0xD1, 0xE6, 0x35, 0xEE, 0x14, 0xEE, 0x15, 0xEE, 0x36,
  0xC5, 0x32, 0xEE, 0x56, 0xF6, 0xD9, 0xFF, 0x5B, 0xFF, 0x7B, 0xFF, 0x7C, 0xFF, 0x7C, 0xFF, 0x7C,
  0xF7, 0x5B, 0xFF, 0x7C, 0xDE, 0x99, 0xC5, 0xF7, 0xD6, 0xB9, 0xCE, 0x99, 0xC6, 0x9A, 0xCE, 0xBA,
  0xD6, 0xBA, 0xCE, 0xBA, 0xCE, 0xD9, 0xD6, 0xDA, 0xD6, 0xDB, 0xD6, 0xDB, 0xD6, 0xDB, 0xCE, 0xDB,
  0xD6, 0xFB, 0xD6, 0xFB, 0xDE, 0xFB, 0xDE, 0xFA, 0xDE, 0xFB, 0xDF, 0x1C, 0xDF, 0x1C, 0xDF, 0x3B,
  0xE7, 0x3C, 0xE7, 0x5D, 0xE7, 0x7D, 0xEF, 0x9D, 0xEF, 0x9E, 0xEF, 0x9E, 0xEF, 0x9D, 0xEF, 0x9D,
  0xEF, 0x9D, 0xE7, 0x9E, 0xEF, 0x9E, 0xE7, 0x9E, 0xEF, 0x9E, 0xEF, 0x9E, 0xEF, 0x9E, 0xF7, 0xBE,
  0xFF, 0xDF, 0xFF, 0xDE, 0xF7, 0x9D, 0xEF, 0x7D, 0xEF, 0x7D, 0xEF, 0x5C, 0xE7, 0x5C, 0xE7, 0x5B,
  0xE7, 0x5C, 0xE7, 0x5C, 0xE7, 0x5C, 0xE7, 0x5C, 0xE7, 0x3C, 0xE7, 0x3C, 0xE7, 0x3C, 0xDF, 0x3C,
  0xD7, 0x3C, 0xDF, 0x3C, 0xDF, 0x3C, 0xDF, 0x3C, 0xDF, 0x3C, 0xDF, 0x3B, 0xDF, 0x3B, 0xDF, 0x3C,
  0xDF, 0x3C, 0xDF, 0x3C, 0xDF, 0x3C, 0xDF, 0x3C, 0xDF, 0x3C, 0xE7, 0x3C, 0xE7, 0x5C, 0xE7, 0x5B,
  0xE7, 0x5C, 0xE7, 0x5C, 0xE7, 0x5C, 0xE7, 0x3C, 0xDF, 0x1B, 0xAD, 0x33, 0xB5, 0x74, 0xFF, 0x5C,
  0xF7, 0x5B, 0xFF, 0x5B, 0xF7, 0x3B, 0xF7, 0x3B, 0xCD, 0xF5, 0x7B, 0x6D, 0x73, 0x6D, 0x63, 0x0B,
  0x62, 0xCB, 0x5A, 0xCB, 0x52, 0xCB, 0x5A, 0xCB, 0x5A, 0xCB, 0x5A, 0xCB, 0x62, 0xEB, 0x7B, 0x6D,
  0xD6, 0x37, 0xE6, 0xB9, 0xC5, 0x94, 0x72, 0xEA, 0x6A, 0xCB, 0x62, 0x8A, 0x5A, 0x49, 0x52, 0x28,
  0x51, 0xE7, 0x51, 0xE8, 0x5A, 0x29, 0x52, 0x29, 0x42, 0x28, 0x4A, 0x07, 0x49, 0xE8, 0x41, 0xE8,
  0x42, 0x08, 0x42, 0x08, 0x3A, 0x08, 0x42, 0x08, 0x42, 0x08, 0x42, 0x08, 0x42, 0x08, 0x42, 0x08,
  0x42, 0x08, 0x39, 0xE7, 0x42, 0x08, 0x39, 0xE7, 0x42, 0x08, 0x4A, 0x49, 0x42, 0x08, 0x42, 0x08,
  0x42, 0x08, 0x42, 0x08, 0x42, 0x08, 0x42, 0x08, 0x4A, 0x49, 0x42, 0x08, 0x3A, 0x07, 0x42, 0x08,
  0x42, 0x28, 0x42, 0x08, 0x41, 0xE8, 0x42, 0x08, 0x42, 0x28, 0x42, 0x28, 0x42, 0x27, 0x3A, 0x28,
  0x4A, 0x29, 0x4A, 0x49, 0x52, 0x49, 0x5A, 0x69, 0x9C, 0x0D, 0xA3, 0xED, 0x52, 0x48, 0x4A, 0x48,
  0x4A, 0x27, 0x4A, 0x28, 0x3A, 0x27, 0x42, 0x28, 0x42, 0x28, 0x42, 0x28, 0x42, 0x28, 0x42, 0x28,
  0x42, 0x27, 0x42, 0x28, 0x42, 0x28, 0x4A, 0x28, 0x42, 0x08, 0x39, 0xE7, 0x42, 0x07, 0x4A, 0x28,
  0x52, 0x49, 0x4A, 0x48, 0x5A, 0x89, 0xB4, 0x2E, 0x9B, 0xAC, 0x5A, 0x68, 0x5A, 0x69, 0x4A, 0x49,
  0x42, 0x48, 0x4A, 0x29, 0x42, 0x29, 0x42, 0x28, 0x3A, 0x28, 0x42, 0x07, 0x42, 0x08, 0x42, 0x08,
  0x42, 0x08, 0x39, 0xE8, 0x31, 0xE8, 0x39, 0xE8, 0x39, 0xE8, 0x31, 0xE8, 0x39, 0xE8, 0x39, 0xE8,
  0x31, 0xE8, 0x39, 0xE8, 0x39, 0xE8, 0x39, 0xE8, 0x39, 0xE8, 0x42, 0x08, 0x42, 0x08, 0x42, 0x07,
  0x42, 0x08, 0x42, 0x08, 0x42, 0x28, 0x4A, 0x29, 0x42, 0x48, 0x4A, 0x49, 0x52, 0x6A, 0x52, 0x8A,
  0x5A, 0xCB, 0x63, 0x0C, 0x6B, 0x4C, 0xB5, 0xB6, 0xAD, 0x54, 0xDE, 0xDA, 0xF7, 0x7C, 0xFF, 0x5B,
  0xFF, 0x7C, 0xFF, 0x7C, 0xFF, 0x7C, 0xF7, 0x5B, 0xF7, 0x5B, 0xE6, 0x78, 0xDD, 0xD5, 0xC5, 0x32,
  0xE6, 0x15, 0xEE, 0x35, 0xB4, 0xD0, 0xAC, 0x8F, 0xEE, 0x35, 0xE5, 0xF4, 0xF6, 0x36, 0xCD, 0x12,
  0xD5, 0x93, 0xF6, 0x77, 0xF6, 0xB8, 0xFF, 0x5A, 0xFF, 0x7C, 0xFF, 0x7C, 0xFF, 0x7C, 0xFF, 0x7C,
  0xFF, 0x5C, 0xFF, 0x7C, 0xCE, 0x37, 0xC5, 0xF7, 0xD6, 0xB9, 0xCE, 0x99, 0xC6, 0x9A, 0xCE, 0x9A,
  0xD6, 0xBA, 0xCE, 0xBA, 0xCE, 0xB9, 0xD6, 0xDA, 0xD6, 0xDB, 0xD6, 0xDB, 0xD6, 0xDB, 0xCE, 0xDB,
  0xD6, 0xFB, 0xDE, 0xFB, 0xDE, 0xFB, 0xDE, 0xFA, 0xDF, 0x1B, 0xDF, 0x1C, 0xD7, 0x3C, 0xDF, 0x3B,
  0xE7, 0x5C, 0xE7, 0x7D, 0xEF, 0x7D, 0xEF, 0x9E, 0xE7, 0x9E, 0xE7, 0x9E, 0xE7, 0x9E, 0xE7, 0x9E,
  0xE7, 0x9E, 0xEF, 0x9E, 0xEF, 0x9E, 0xEF, 0x9E, 0xF7, 0xBE, 0xF7, 0xBD, 0xF7, 0xBE, 0xF7, 0xBE,
  0xFF, 0xBE, 0xFF, 0xBE, 0xF7, 0x9E, 0xF7, 0x7D, 0xEF, 0x7C, 0xEF, 0x5C, 0xE7, 0x5B, 0xE7, 0x5C,
  0xE7, 0x5C, 0xE7, 0x5C, 0xE7, 0x5C, 0xE7, 0x5C, 0xE7, 0x3C, 0xE7, 0x3C, 0xE7, 0x3C, 0xDF, 0x3C,
  0xDF, 0x3C, 0xDF, 0x3C, 0xDF, 0x3C, 0xDF, 0x3C, 0xDF, 0x3B, 0xDF, 0x3A, 0xDF, 0x3B, 0xDF, 0x3C,
  0xDF, 0x3C, 0xDF, 0x3B, 0xDF, 0x3B, 0xD7, 0x3C, 0xDF, 0x3C, 0xE7, 0x3C, 0xE7, 0x5B, 0xE7, 0x5C,
  0xE7, 0x5C, 0xE7, 0x5B, 0xE7, 0x5C, 0xE7, 0x5C, 0xBD, 0xF7, 0x94, 0x92, 0x94, 0x71, 0xD6, 0x17,
  0xFF, 0x5B, 0xF7, 0x3B, 0xFF, 0x5B, 0xF7, 0x3A, 0xF7, 0x1A, 0x9C, 0x91, 0x73, 0x4C, 0x6B, 0x2C,
  0x62, 0xEB, 0x5A, 0xCB, 0x52, 0xCB, 0x5A, 0xCB, 0x62, 0xCB, 0x62, 0xEB, 0x62, 0xEB, 0x94, 0x2F,
  0xE6, 0xD9, 0xE6, 0xB8, 0xEE, 0xB9, 0x94, 0x0F, 0x6A, 0xAA, 0x62, 0xAA, 0x5A, 0x49, 0x52, 0x08,
  0x49, 0xE7, 0x51, 0xE8, 0x52, 0x29, 0x4A, 0x29, 0x4A, 0x28, 0x4A, 0x07, 0x41, 0xE8, 0x41, 0xE8,
  0x42, 0x08, 0x3A, 0x08, 0x42, 0x08, 0x42, 0x08, 0x42, 0x08, 0x42, 0x08, 0x42, 0x08, 0x3A, 0x07,
  0x42, 0x08, 0x42, 0x28, 0x42, 0x08, 0x39, 0xE7, 0x4A, 0x49, 0x4A, 0x48, 0x41, 0xE7, 0x42, 0x08,
  0x42, 0x08, 0x42, 0x08, 0x42, 0x08, 0x42, 0x08, 0x42, 0x29, 0x42, 0x08, 0x42, 0x07, 0x42, 0x08,
  0x42, 0x08, 0x42, 0x08, 0x42, 0x08, 0x42, 0x08, 0x42, 0x08, 0x3A, 0x28, 0x42, 0x28, 0x42, 0x29,
  0x42, 0x28, 0x52, 0x69, 0x52, 0x69, 0x73, 0x0A, 0xC4, 0xB0, 0xAC, 0x0E, 0x5A, 0x48, 0x4A, 0x49,
  0x4A, 0x28, 0x4A, 0x28, 0x42, 0x28, 0x3A, 0x28, 0x42, 0x27, 0x42, 0x27, 0x42, 0x28, 0x42, 0x28,
  0x3A, 0x28, 0x42, 0x28, 0x4A, 0x27, 0x4A, 0x28, 0x42, 0x08, 0x4A, 0x28, 0x4A, 0x28, 0x4A, 0x28,
  0x52, 0x49, 0x52, 0x69, 0x5A, 0x89, 0x9B, 0xED, 0xC4, 0xAF, 0x8B, 0x8B, 0x5A, 0x69, 0x5A, 0x8A,
  0x4A, 0x49, 0x4A, 0x48, 0x4A, 0x49, 0x42, 0x29, 0x42, 0x29, 0x42, 0x28, 0x3A, 0x07, 0x41, 0xE8,
  0x41, 0xE8, 0x39, 0xE8, 0x31, 0xC7, 0x39, 0xE7, 0x31, 0xE8, 0x39, 0xE8, 0x39, 0xE8, 0x39, 0xE8,
  0x31, 0xE8, 0x39, 0xE8, 0x39, 0xE8, 0x31, 0xE8, 0x39, 0xE8, 0x3A, 0x08, 0x42, 0x08, 0x42, 0x08,
  0x3A, 0x08, 0x3A, 0x07, 0x42, 0x28, 0x4A, 0x29, 0x4A, 0x49, 0x4A, 0x49, 0x52, 0x6A, 0x52, 0x6A,
  0x52, 0x8A, 0x5A, 0xCB, 0x63, 0x0C, 0x94, 0x91, 0xAD, 0x53, 0xEF, 0x3B, 0xFF, 0x5C, 0xFF, 0x7C,
  0xFF, 0x7C, 0xFF, 0x7C, 0xFF, 0x7C, 0xFF, 0x7C, 0xF7, 0x5B, 0xFF, 0x5C, 0xEE, 0xB8, 0xC5, 0x32,
  0xEE, 0x77, 0xCD, 0x32, 0x93, 0xAC, 0xCD, 0x72, 0xE5, 0xF4, 0xEE, 0x15, 0xDD, 0xD4, 0xC4, 0xF1,
  0xEE, 0x57, 0xEE, 0x56, 0xF6, 0xD8, 0xFF, 0x7B, 0xFF, 0x7C, 0xFF, 0x7C, 0xFF, 0x7C, 0xFF, 0x7C,
  0xFF, 0x5B, 0xFF, 0x5C, 0xC5, 0x95, 0xA5, 0x13, 0xCE, 0x78, 0xCE, 0x79, 0xCE, 0x99, 0xCE, 0xBA,
  0xD6, 0xBA, 0xD6, 0xBA, 0xD6, 0xB9, 0xD6, 0xBA, 0xD6, 0xDB, 0xD6, 0xDB, 0xD6, 0xDB, 0xCE, 0xDB,
  0xD6, 0xFB, 0xDE, 0xFB, 0xDE, 0xFB, 0xDE, 0xFA, 0xDF, 0x1B, 0xDF, 0x1C, 0xD7, 0x3C, 0xDF, 0x3C,
  0xE7, 0x5C, 0xE7, 0x7D, 0xEF, 0x7D, 0xEF, 0x9E, 0xEF, 0xBE, 0xEF, 0xBE, 0xEF, 0xBE, 0xEF, 0x9E,
  0xEF, 0x9E, 0xEF, 0x9E, 0xF7, 0x9E, 0xEF, 0x9E, 0xF7, 0xBE, 0xF7, 0xBE, 0xF7, 0xDF, 0xF7, 0xDF,
  0xF7, 0x9D, 0xF7, 0x9D, 0xEF, 0x7D, 0xEF, 0x7D, 0xEF, 0x5C, 0xE7, 0x5C, 0xE7, 0x5C, 0xE7, 0x5C,
  0xE7, 0x5C, 0xE7, 0x5C, 0xE7, 0x5C, 0xE7, 0x5C, 0xE7, 0x3C, 0xE7, 0x3C, 0xE7, 0x3C, 0xE7, 0x3C,
  0xE7, 0x3C, 0xE7, 0x3C, 0xDF, 0x3C, 0xD7, 0x3C, 0xDF, 0x3B, 0xDF, 0x3A, 0xDF, 0x3B, 0xDF, 0x3C,
  0xDF, 0x3C, 0xDF, 0x3B, 0xDF, 0x3B, 0xDF, 0x3C, 0xD7, 0x3C, 0xDF, 0x3B, 0xE7, 0x5C, 0xE7, 0x5D,
  0xE7, 0x5C, 0xE7, 0x3C, 0xE7, 0x5C, 0xCE, 0xB9, 0x94, 0xD2, 0x94, 0x92, 0x94, 0x51, 0xA4, 0xB2,
  0xEE, 0xDA, 0xFF, 0x5B, 0xFF, 0x5A, 0xF7, 0x3A, 0xF7, 0x3B, 0xD6, 0x37, 0x7B, 0xAD, 0x73, 0x4D,
  0x63, 0x0C, 0x5A, 0xCB, 0x5A, 0xCA, 0x5A, 0xCB, 0x5A, 0xCA, 0x62, 0xEB, 0x6A, 0xEC, 0xAC, 0xF2,
  0xEE, 0xFA, 0xEE, 0xD9, 0xF7, 0x1A, 0xC5, 0x95, 0x72, 0xEB, 0x62, 0xCA, 0x52, 0x49, 0x5A, 0x08,
  0x5A, 0x08, 0x52, 0x08, 0x52, 0x29, 0x4A, 0x29, 0x42, 0x28, 0x4A, 0x08, 0x41, 0xE8, 0x41, 0xE8,
  0x42, 0x08, 0x42, 0x08, 0x42, 0x08, 0x42, 0x08, 0x42, 0x08, 0x42, 0x08, 0x42, 0x08, 0x39, 0xE7,
  0x42, 0x49, 0x4A, 0x49, 0x42, 0x07, 0x3A, 0x27, 0x4A, 0x69, 0x42, 0x28, 0x39, 0xE7, 0x42, 0x08,
  0x42, 0x08, 0x42, 0x08, 0x42, 0x08, 0x42, 0x08, 0x42, 0x08, 0x42, 0x08, 0x42, 0x08, 0x42, 0x08,
  0x42, 0x08, 0x42, 0x08, 0x42, 0x08, 0x42, 0x08, 0x42, 0x08, 0x42, 0x08, 0x4A, 0x08, 0x4A, 0x29,
  0x4A, 0x49, 0x52, 0x89, 0x5A, 0x68, 0xA4, 0x0D, 0xD4, 0xF0, 0xB4, 0x2E, 0x62, 0x89, 0x52, 0x69,
  0x4A, 0x29, 0x4A, 0x29, 0x4A, 0x29, 0x42, 0x28, 0x42, 0x28, 0x3A, 0x28, 0x3A, 0x28, 0x3A, 0x28,
  0x42, 0x28, 0x4A, 0x28, 0x4A, 0x27, 0x4A, 0x28, 0x42, 0x08, 0x6A, 0xCA, 0x62, 0xA9, 0x4A, 0x48,
  0x52, 0x69, 0x52, 0x89, 0x52, 0x89, 0x93, 0xAC, 0xCC, 0xD0, 0xCC, 0xCF, 0x83, 0x4B, 0x5A, 0x89,
  0x5A, 0x8A, 0x52, 0x49, 0x4A, 0x48, 0x4A, 0x49, 0x4A, 0x29, 0x4A, 0x29, 0x42, 0x28, 0x42, 0x07,
  0x41, 0xE8, 0x39, 0xE8, 0x31, 0xA6, 0x39, 0xC7, 0x39, 0xE7, 0x39, 0xE7, 0x39, 0xE7, 0x39, 0xE8,
  0x39, 0xE8, 0x39, 0xE8, 0x39, 0xE8, 0x39, 0xE8, 0x31, 0xE8, 0x39, 0xE8, 0x42, 0x08, 0x42, 0x08,
  0x42, 0x08, 0x42, 0x07, 0x3A, 0x28, 0x42, 0x29, 0x4A, 0x29, 0x42, 0x48, 0x4A, 0x49, 0x52, 0x6A,
  0x52, 0x89, 0x5A, 0xCA, 0x63, 0x0B, 0x83, 0xAE, 0xBD, 0x95, 0xF7, 0x3B, 0xF7, 0x5B, 0xFF, 0x7C,
  0xFF, 0x7C, 0xFF, 0x7C, 0xFF, 0x7C, 0xFF, 0x7C, 0xFF, 0x7C, 0xFF, 0x5B, 0xF7, 0x1A, 0xCD, 0x73,
  0xC5, 0x32, 0xB4, 0x90, 0xAC, 0x6F, 0xD5, 0x94, 0xE6, 0x15, 0xEE, 0x15, 0xC5, 0x11, 0xE5, 0xF5,
  0xEE, 0x77, 0xF6, 0x97, 0xFF, 0x3A, 0xFF, 0x5B, 0xFF, 0x7C, 0xFF, 0x7C, 0xFF, 0x7C, 0xFF, 0x7D,
  0xFF, 0x5B, 0xF7, 0x3B, 0xB5, 0x33, 0x94, 0x50, 0xB5, 0x95, 0xCE, 0x59, 0xC6, 0x79, 0xCE, 0x9A,
  0xCE, 0xBA, 0xD6, 0xBA, 0xD6, 0xB9, 0xD6, 0xBA, 0xD6, 0xDB, 0xD6, 0xDB, 0xD6, 0xDB, 0xCE, 0xDB,
  0xD6, 0xFB, 0xDE, 0xFB, 0xDE, 0xFB, 0xDE, 0xFA, 0xDF, 0x1B, 0xDF, 0x1C, 0xD7, 0x3C, 0xDF, 0x3C,
  0xE7, 0x5D, 0xE7, 0x7D, 0xEF, 0x9D, 0xEF, 0xBE, 0xF7, 0xBE, 0xF7, 0xBE, 0xF7, 0xBE, 0xF7, 0xBE,
  0xF7, 0xBE, 0xF7, 0xBE, 0xF7, 0xBE, 0xF7, 0xBE, 0xF7, 0xBD, 0xF7, 0xDE, 0xF7, 0xDF, 0xF7, 0xDF,
  0xEF, 0x7C, 0xEF, 0x7D, 0xE7, 0x5C, 0xEF, 0x7C, 0xEF, 0x5C, 0xE7, 0x5C, 0xDF, 0x5C, 0xE7, 0x5C,
  0xE7, 0x5C, 0xE7, 0x3C, 0xE7, 0x3C, 0xE7, 0x3C, 0xE7, 0x3C, 0xDF, 0x3C, 0xDF, 0x3C, 0xE7, 0x3C,
  0xE7, 0x3C, 0xE7, 0x3C, 0xDF, 0x3C, 0xD7, 0x3C, 0xDF, 0x3B, 0xDF, 0x3A, 0xDF, 0x3B, 0xDF, 0x3C,
  0xDF, 0x3C, 0xDF, 0x3C, 0xDF, 0x3C, 0xDF, 0x3C, 0xD7, 0x3C, 0xDF, 0x3B, 0xE7, 0x5C, 0xE7, 0x5D,
  0xE7, 0x5C, 0xE7, 0x3C, 0xDF, 0x1B, 0xAD, 0x55, 0x94, 0xB2, 0x9C, 0x92, 0x8C, 0x30, 0x83, 0xCE,
  0xBD, 0x73, 0xFF, 0x7B, 0xF7, 0x3A, 0xFF, 0x5B, 0xF7, 0x3A, 0xF7, 0x1B, 0xB5, 0x13, 0x73, 0x2C,
  0x6B, 0x2C, 0x62, 0xEB, 0x5A, 0xCB, 0x5A, 0xCB, 0x62, 0xAA, 0x63, 0x0C, 0x6B, 0x0C, 0xAC, 0xD2,
  0xF6, 0xFA, 0xF6, 0xF9, 0xF7, 0x1A, 0xEE, 0x99, 0x83, 0x8D, 0x62, 0xAA, 0x5A, 0x69, 0x82, 0x8A,
  0x7A, 0x29, 0x52, 0x08, 0x52, 0x29, 0x4A, 0x29, 0x42, 0x29, 0x4A, 0x08, 0x41, 0xE7, 0x41, 0xE8,
  0x42, 0x08, 0x42, 0x08, 0x42, 0x08, 0x42, 0x08, 0x42, 0x08, 0x42, 0x08, 0x42, 0x08, 0x42, 0x08,
  0x4A, 0x69, 0x42, 0x28, 0x3A, 0x07, 0x42, 0x28, 0x4A, 0x69, 0x42, 0x08, 0x42, 0x08, 0x42, 0x08,
  0x42, 0x08, 0x42, 0x08, 0x42, 0x08, 0x42, 0x08, 0x42, 0x08, 0x42, 0x08, 0x42, 0x08, 0x42, 0x08,
  0x42, 0x08, 0x42, 0x08, 0x42, 0x08, 0x42, 0x08, 0x42, 0x08, 0x42, 0x28, 0x4A, 0x29, 0x4A, 0x49,
  0x52, 0x49, 0x5A, 0x89, 0x73, 0x0A, 0xC4, 0xD0, 0xD4, 0xF0, 0xC4, 0x8E, 0x6A, 0xCA, 0x52, 0x89,
  0x4A, 0x49, 0x42, 0x09, 0x4A, 0x29, 0x4A, 0x29, 0x4A, 0x29, 0x42, 0x29, 0x42, 0x28, 0x42, 0x27,
  0x4A, 0x28, 0x4A, 0x27, 0x4A, 0x28, 0x4A, 0x49, 0x4A, 0x28, 0x72, 0xEA, 0x83, 0x4B, 0x5A, 0x68,
  0x52, 0x89, 0x52, 0x8A, 0x5A, 0x89, 0x83, 0x6C, 0xCC, 0xF0, 0xD4, 0xF0, 0xBC, 0xAF, 0x72, 0xC9,
  0x5A, 0xA9, 0x52, 0x8A, 0x52, 0x49, 0x4A, 0x49, 0x42, 0x29, 0x4A, 0x29, 0x42, 0x29, 0x3A, 0x28,
  0x41, 0xE8, 0x41, 0xE8, 0x39, 0xC7, 0x39, 0xA7, 0x39, 0xC6, 0x31, 0xC6, 0x39, 0xE7, 0x39, 0xE7,
  0x31, 0xE8, 0x39, 0xE8, 0x39, 0xE7, 0x39, 0xE8, 0x39, 0xE8, 0x39, 0xE8, 0x42, 0x08, 0x42, 0x08,
  0x42, 0x08, 0x42, 0x08, 0x3A, 0x27, 0x42, 0x28, 0x4A, 0x29, 0x42, 0x48, 0x4A, 0x49, 0x52, 0x6A,
  0x52, 0x89, 0x52, 0xAA, 0x63, 0x0B, 0x73, 0x2C, 0xC5, 0xD6, 0xF7, 0x5B, 0xF7, 0x5B, 0xFF, 0x7C,
  0xFF, 0x7C, 0xFF, 0x7C, 0xFF, 0x7C, 0xFF, 0x7C, 0xFF, 0x7C, 0xF7, 0x5C, 0xFF, 0x5B, 0xE6, 0x57,
  0xBD, 0x32, 0xDD, 0xF5, 0xC5, 0x11, 0xE6, 0x15, 0xEE, 0x35, 0xC5, 0x31, 0xDD, 0xB4, 0xF6, 0x57,
  0xF6, 0x97, 0xFF, 0x1A, 0xFF, 0x7B, 0xFF, 0x7B, 0xFF, 0x7B, 0xFF, 0x7C, 0xFF, 0x7C, 0xFF, 0x7C,
  0xFF, 0x5B, 0xF6, 0xFA, 0xA4, 0xD2, 0x8C, 0x50, 0x94, 0x91, 0xB5, 0xB6, 0xCE, 0x79, 0xC6, 0x79,
  0xCE, 0xBA, 0xCE, 0xBA, 0xCE, 0xB9, 0xD6, 0xDA, 0xD6, 0xDB, 0xD6, 0xDB, 0xD6, 0xDB, 0xCE, 0xDB,
  0xD6, 0xFB, 0xDE, 0xFB, 0xDE, 0xFB, 0xDE, 0xFA, 0xDF, 0x1B, 0xDF, 0x1C, 0xD7, 0x3C, 0xDF, 0x3C,
  0xE7, 0x5D, 0xE7, 0x7D, 0xEF, 0x7D, 0xEF, 0x9E, 0xF7, 0xBE, 0xF7, 0xBE, 0xF7, 0xBE, 0xF7, 0xBE,
  0xF7, 0xBE, 0xF7, 0xBE, 0xF7, 0xBE, 0xF7, 0xBD, 0xF7, 0xDE, 0xF7, 0xDE, 0xEF, 0xDF, 0xF7, 0xDF,
  0xE7, 0x5C, 0xE7, 0x5C, 0xEF, 0x5C, 0xEF, 0x5B, 0xE7, 0x5C, 0xE7, 0x5C, 0xE7, 0x3C, 0xE7, 0x3C,
  0xE7, 0x3C, 0xE7, 0x3C, 0xE7, 0x3C, 0xE7, 0x3C, 0xDF, 0x3C, 0xDF, 0x3C, 0xDF, 0x3C, 0xE7, 0x3C,
  0xE7, 0x3C, 0xE7, 0x3C, 0xDF, 0x3C, 0xDF, 0x3C, 0xD7, 0x3B, 0xDF, 0x1A, 0xDF, 0x3B, 0xDF, 0x3C,
  0xDF, 0x3C, 0xDF, 0x3C, 0xDF, 0x1B, 0xDF, 0x1B, 0xDF, 0x3C, 0xDF, 0x3C, 0xDF, 0x3C, 0xDF, 0x3C,
  0xDF, 0x3C, 0xE7, 0x1B, 0xBE, 0x18, 0x94, 0xB1, 0x9C, 0xD2, 0x8C, 0x50, 0x94, 0x71, 0xB5, 0x53,
  0xA4, 0xB1, 0xE6, 0x98, 0xFF, 0x7B, 0xF7, 0x3A, 0xFF, 0x3B, 0xF7, 0x3B, 0xE6, 0xB9, 0x8B, 0xEF,
  0x73, 0x2C, 0x6B, 0x0C, 0x62, 0xCB, 0x62, 0xCB, 0x5A, 0xCA, 0x62, 0xEC, 0x6B, 0x0C, 0xA4, 0x91,
  0xF7, 0x1A, 0xF7, 0x1A, 0xF7, 0x1A, 0xFF, 0x3B, 0xAC, 0x91, 0x72, 0xAA, 0x9A, 0xCC, 0xBA, 0xAC,
  0x82, 0x29, 0x52, 0x28, 0x52, 0x29, 0x4A, 0x29, 0x42, 0x29, 0x4A, 0x08, 0x41, 0xE7, 0x41, 0xE8,
  0x42, 0x08, 0x42, 0x08, 0x42, 0x08, 0x42, 0x08, 0x42, 0x08, 0x42, 0x08, 0x41, 0xE7, 0x42, 0x28,
  0x4A, 0x69, 0x42, 0x08, 0x3A, 0x08, 0x42, 0x28, 0x4A, 0x69, 0x3A, 0x08, 0x42, 0x08, 0x42, 0x08,
  0x42, 0x08, 0x42, 0x08, 0x42, 0x08, 0x42, 0x08, 0x42, 0x08, 0x42, 0x08, 0x42, 0x08, 0x42, 0x08,
  0x42, 0x08, 0x42, 0x08, 0x42, 0x08, 0x3A, 0x07, 0x42, 0x28, 0x4A, 0x29, 0x4A, 0x29, 0x4A, 0x48,
  0x52, 0x69, 0x5A, 0x89, 0x9B, 0xEE, 0xDD, 0x31, 0xDD, 0x10, 0xCC, 0xD0, 0x73, 0x0A, 0x52, 0x69,
  0x4A, 0x69, 0x4A, 0x29, 0x4A, 0x29, 0x4A, 0x28, 0x4A, 0x28, 0x4A, 0x29, 0x4A, 0x28, 0x4A, 0x27,
  0x4A, 0x28, 0x4A, 0x28, 0x4A, 0x49, 0x4A, 0x49, 0x4A, 0x48, 0x7B, 0x0A, 0xA3, 0xED, 0x62, 0x89,
  0x52, 0x89, 0x5A, 0xAA, 0x5A, 0xAA, 0x6B, 0x0A, 0xC4, 0xF0, 0xD5, 0x11, 0xDD, 0x31, 0xB4, 0x4E,
  0x6A, 0xAA, 0x5A, 0xAA, 0x52, 0x89, 0x4A, 0x49, 0x4A, 0x29, 0x4A, 0x29, 0x4A, 0x29, 0x42, 0x28,
  0x3A, 0x08, 0x41, 0xE8, 0x39, 0xE7, 0x31, 0xA6, 0x39, 0xA7, 0x31, 0xC7, 0x39, 0xC7, 0x39, 0xC7,
  0x31, 0xE8, 0x39, 0xE7, 0x39, 0xE7, 0x39, 0xE8, 0x39, 0xE8, 0x39, 0xE8, 0x39, 0xE8, 0x42, 0x08,
  0x42, 0x08, 0x42, 0x08, 0x3A, 0x07, 0x42, 0x28, 0x4A, 0x29, 0x4A, 0x49, 0x42, 0x48, 0x4A, 0x69,
  0x4A, 0x6A, 0x52, 0xAA, 0x63, 0x0B, 0x73, 0x6C, 0xD6, 0x57, 0xF7, 0x5B, 0xF7, 0x5B, 0xFF, 0x7C,
  0xFF, 0x7C, 0xFF, 0x7C, 0xFF, 0x7C, 0xFF, 0x7C, 0xFF, 0x7C, 0xFF, 0x7C, 0xFF, 0x5B, 0xFF, 0x5B,
  0xF6, 0xB8, 0xEE, 0x56, 0xDD, 0x93, 0xBC, 0xF1, 0xBD, 0x11, 0xDD, 0x94, 0xF6, 0x77, 0xF6, 0xB8,
  0xFF, 0x3A, 0xFF, 0x7B, 0xFF, 0x7C, 0xFF, 0x7C, 0xFF, 0x9C, 0xFF, 0x7C, 0xFF, 0x7C, 0xFF, 0x5B,
  0xFF, 0x5B, 0xEE, 0xD9, 0x9C, 0x70, 0x84, 0x0F, 0x84, 0x10, 0x94, 0xB2, 0xBE, 0x17, 0xCE, 0x79,
  0xCE, 0x79, 0xCE, 0xBA, 0xCE, 0xBA, 0xD6, 0xBA, 0xD6, 0xDB, 0xD6, 0xDB, 0xD6, 0xDB, 0xCE, 0xDB,
  0xD6, 0xFB, 0xDE, 0xFB, 0xDE, 0xFB, 0xDE, 0xFB, 0xDF, 0x1B, 0xDF, 0x1C, 0xD7, 0x3C, 0xDF, 0x3C,
  0xE7, 0x5D, 0xE7, 0x7D, 0xEF, 0x7D, 0xEF, 0x9E, 0xF7, 0xBE, 0xF7, 0xBE, 0xF7, 0xBE, 0xF7, 0xBE,
  0xF7, 0xBE, 0xF7, 0xBE, 0xF7, 0xBE, 0xF7, 0xBE, 0xF7, 0xDF, 0xEF, 0xDF, 0xF7, 0xDF, 0xFF, 0xFF,
  0xEF, 0x5C, 0xEF, 0x5B, 0xEF, 0x5C, 0xEF, 0x5C, 0xE7, 0x5C, 0xDF, 0x5C, 0xE7, 0x3C, 0xE7, 0x3C,
  0xE7, 0x3C, 0xE7, 0x3C, 0xE7, 0x3C, 0xE7, 0x3C, 0xE7, 0x3C, 0xE7, 0x3B, 0xE7, 0x3C, 0xE7, 0x3C,
  0xE7, 0x3C, 0xE7, 0x3C, 0xE7, 0x3C, 0xE7, 0x3C, 0xDF, 0x3B, 0xD7, 0x1A, 0xDF, 0x3B, 0xDF, 0x3C,
  0xDF, 0x1B, 0xDF, 0x1B, 0xDF, 0x1B, 0xDF, 0x1A, 0xDF, 0x1B, 0xDF, 0x1B, 0xD7, 0x3C, 0xDF, 0x1C,
  0xDF, 0x1B, 0xCE, 0xBA, 0x9C, 0xF3, 0x94, 0xB1, 0x94, 0x92, 0x84, 0x0F, 0xBD, 0x74, 0xF7, 0x3B,
  0xE6, 0x78, 0xC5, 0xB5, 0xFF, 0x7B, 0xFF, 0x3B, 0xFF, 0x5B, 0xF7, 0x1A, 0xF7, 0x3B, 0xC5, 0xB5,
  0x73, 0x4C, 0x6B, 0x2C, 0x62, 0xEB, 0x62, 0xAB, 0x5A, 0xCB, 0x6A, 0xEB, 0x6B, 0x0C, 0x94, 0x4F,
  0xF6, 0xF9, 0xF7, 0x1A, 0xFF, 0x1A, 0xFF, 0x3B, 0xCD, 0x95, 0xA3, 0x2C, 0xCB, 0x2E, 0xC2, 0xCC,
  0x6A, 0x29, 0x52, 0x48, 0x4A, 0x29, 0x42, 0x29, 0x4A, 0x09, 0x4A, 0x08, 0x41, 0xE7, 0x41, 0xE8,
  0x42, 0x08, 0x42, 0x08, 0x42, 0x08, 0x42, 0x08, 0x42, 0x08, 0x42, 0x08, 0x39, 0xE7, 0x42, 0x28,
  0x4A, 0x69, 0x42, 0x29, 0x3A, 0x09, 0x42, 0x49, 0x4A, 0x48, 0x3A, 0x07, 0x42, 0x08, 0x42, 0x08,
  0x42, 0x08, 0x42, 0x08, 0x42, 0x08, 0x42, 0x08, 0x42, 0x08, 0x42, 0x08, 0x42, 0x08, 0x42, 0x08,
  0x42, 0x08, 0x42, 0x08, 0x42, 0x08, 0x3A, 0x07, 0x42, 0x28, 0x4A, 0x29, 0x42, 0x29, 0x4A, 0x49,
  0x5A, 0x8A, 0x6A, 0xEA, 0xC4, 0xD0, 0xDD, 0x52, 0xDD, 0x31, 0xD4, 0xF0, 0x7B, 0x2B, 0x5A, 0x69,
  0x4A, 0x49, 0x42, 0x49, 0x4A, 0x29, 0x4A, 0x28, 0x4A, 0x27, 0x4A, 0x28, 0x4A, 0x28, 0x4A, 0x27,
  0x4A, 0x27, 0x4A, 0x28, 0x4A, 0x49, 0x4A, 0x49, 0x4A, 0x69, 0x7B, 0x0A, 0xBC, 0x6F, 0x7B, 0x2A,
  0x52, 0x89, 0x5A, 0xCA, 0x5A, 0xCA, 0x62, 0xEA, 0xC5, 0x32, 0xDD, 0x72, 0xDD, 0x31, 0xDD, 0x52,
  0xAC, 0x0E, 0x62, 0xA9, 0x5A, 0xAA, 0x52, 0x89, 0x4A, 0x49, 0x42, 0x49, 0x4A, 0x29, 0x4A, 0x28,
  0x42, 0x27, 0x42, 0x08, 0x41, 0xE8, 0x39, 0xC7, 0x31, 0xA6, 0x39, 0xA6, 0x39, 0xC7, 0x39, 0xC8,
  0x39, 0xE8, 0x39, 0xE8, 0x39, 0xE8, 0x39, 0xE8, 0x39, 0xE8, 0x39, 0xE8, 0x31, 0xE8, 0x39, 0xE8,
  0x42, 0x08, 0x42, 0x08, 0x42, 0x08, 0x42, 0x08, 0x4A, 0x29, 0x4A, 0x29, 0x4A, 0x49, 0x42, 0x49,
  0x4A, 0x69, 0x52, 0xAA, 0x5A, 0xCB, 0x7B, 0x8D, 0xE6, 0x78, 0xFF, 0x3B, 0xFF, 0x5B, 0xFF, 0x7C,
  0xFF, 0x7C, 0xFF, 0x7C, 0xFF, 0x7C, 0xFF, 0x7C, 0xFF, 0x7C, 0xFF, 0x7C, 0xFF, 0x7C, 0xFF, 0x5B,
  0xF6, 0xF9, 0xEE, 0x56, 0xEE, 0x36, 0xDD, 0xB3, 0xE5, 0xF5, 0xF6, 0x77, 0xF6, 0xD8, 0xFF, 0x3A,
  0xFF, 0x7B, 0xFF, 0x7C, 0xFF, 0x7C, 0xFF, 0x7C, 0xFF, 0x7C, 0xFF, 0x7B, 0xFF, 0x7B, 0xF7, 0x5B,
  0xF7, 0x3B, 0xD6, 0x37, 0x83, 0xEE, 0x83, 0xCE, 0x83, 0xCF, 0x83, 0xEF, 0x94, 0xB2, 0xBE, 0x38,
  0xC6, 0x59, 0xCE, 0x79, 0xD6, 0xBA, 0xD6, 0xDB, 0xD6, 0xDB, 0xD6, 0xDB, 0xD6, 0xDB, 0xD6, 0xFB,
  0xDE, 0xFB, 0xDE, 0xFA, 0xDF, 0x1B, 0xDF, 0x1C, 0xDF, 0x1C, 0xDF, 0x1C, 0xD7, 0x3C, 0xDF, 0x3C,
  0xE7, 0x5D, 0xE7, 0x7D, 0xEF, 0x7D, 0xEF, 0x9E, 0xF7, 0xBE, 0xF7, 0xBE, 0xF7, 0xBE, 0xF7, 0xBE,
  0xF7, 0xBE, 0xF7, 0xBE, 0xF7, 0xBE, 0xF7, 0xDE, 0xF7, 0xDF, 0xF7, 0xDF, 0xFF, 0xFF, 0xFF, 0xFF,
  0xEF, 0x5C, 0xEF, 0x5B, 0xEF, 0x5C, 0xEF, 0x5C, 0xE7, 0x5C, 0xDF, 0x5C, 0xE7, 0x3B, 0xDF, 0x3B,
  0xDF, 0x3B, 0xDF, 0x3B, 0xE7, 0x3C, 0xE7, 0x3C, 0xE7, 0x3B, 0xE7, 0x3B, 0xE7, 0x3B, 0xE7, 0x1A,
  0xDF, 0x1B, 0xDF, 0x1B, 0xDF, 0x1B, 0xDF, 0x1C, 0xDF, 0x1B, 0xDF, 0x1B, 0xDF, 0x3B, 0xDF, 0x3C,
  0xDF, 0x1B, 0xDE, 0xFA, 0xDF, 0x1B, 0xDF, 0x1B, 0xDF, 0x1A, 0xDF, 0x1A, 0xDF, 0x1B, 0xD6, 0xFB,
  0xD6, 0xFB, 0xB5, 0xD6, 0x94, 0x91, 0x94, 0xB1, 0x8C, 0x30, 0x83, 0xEF, 0xCD, 0xF6, 0xF6, 0xFA,
  0xFF, 0x3B, 0xDE, 0x57, 0xE6, 0xB8, 0xFF, 0x7C, 0xF7, 0x5B, 0xFF, 0x5B, 0xF7, 0x3B, 0xEE, 0xFA,
  0x94, 0x70, 0x6B, 0x2C, 0x6B, 0x2C, 0x62, 0xCB, 0x5A, 0xCB, 0x62, 0xEB, 0x6B, 0x0B, 0x8C, 0x0F,
  0xEE, 0xD9, 0xF7, 0x1A, 0xFF, 0x3A, 0xFF, 0x3B, 0xE6, 0x78, 0xAB, 0xCF, 0xDB, 0x6E, 0xBA, 0xAC,
  0x62, 0x49, 0x52, 0x49, 0x4A, 0x49, 0x42, 0x29, 0x4A, 0x09, 0x4A, 0x08, 0x41, 0xE7, 0x41, 0xE8,
  0x42, 0x08, 0x42, 0x08, 0x42, 0x08, 0x42, 0x08, 0x42, 0x08, 0x42, 0x08, 0x39, 0xE7, 0x42, 0x28,
  0x4A, 0x49, 0x39, 0xE7, 0x3A, 0x08, 0x42, 0x49, 0x42, 0x28, 0x39, 0xE7, 0x3A, 0x08, 0x39, 0xE8,
  0x39, 0xE8, 0x39, 0xE8, 0x39, 0xE8, 0x39, 0xE8, 0x42, 0x08, 0x42, 0x08, 0x42, 0x08, 0x42, 0x08,
  0x42, 0x08, 0x42, 0x08, 0x42, 0x08, 0x42, 0x28, 0x4A, 0x29, 0x4A, 0x29, 0x4A, 0x28, 0x52, 0x69,
  0x52, 0x89, 0x93, 0xAD, 0xDD, 0x52, 0xE5, 0x52, 0xE5, 0x72, 0xDD, 0x31, 0x83, 0x4B, 0x52, 0x89,
  0x4A, 0x69, 0x42, 0x48, 0x4A, 0x49, 0x4A, 0x49, 0x4A, 0x28, 0x4A, 0x29, 0x4A, 0x28, 0x4A, 0x27,
  0x4A, 0x27, 0x4A, 0x28, 0x42, 0x28, 0x4A, 0x69, 0x4A, 0x69, 0x7B, 0x2B, 0xC4, 0xAF, 0xA3, 0xED,
  0x5A, 0xA9, 0x62, 0xCB, 0x62, 0xEB, 0x6A, 0xCA, 0xC5, 0x93, 0xEE, 0x15, 0xE5, 0x93, 0xE5, 0x92,
  0xDD, 0x52, 0x93, 0xAC, 0x62, 0xCA, 0x5A, 0xAA, 0x52, 0x69, 0x4A, 0x49, 0x4A, 0x49, 0x4A, 0x49,
  0x4A, 0x28, 0x42, 0x27, 0x42, 0x08, 0x41, 0xE8, 0x39, 0xC7, 0x39, 0x86, 0x39, 0xA6, 0x39, 0xC7,
  0x39, 0xE7, 0x39, 0xE7, 0x39, 0xE8, 0x39, 0xE8, 0x39, 0xE8, 0x39, 0xE8, 0x39, 0xE8, 0x39, 0xE8,
  0x39, 0xE8, 0x42, 0x08, 0x42, 0x08, 0x3A, 0x07, 0x42, 0x28, 0x4A, 0x29, 0x4A, 0x49, 0x4A, 0x49,
  0x4A, 0x69, 0x52, 0x8A, 0x5A, 0xCB, 0x7B, 0x6C, 0xE6, 0x78, 0xFF, 0x1A, 0xFF, 0x5B, 0xFF, 0x7C,
  0xFF, 0x7C, 0xFF, 0x7C, 0xFF, 0x7C, 0xFF, 0x7C, 0xFF, 0x7C, 0xFF, 0x9C, 0xFF, 0x7C, 0xFF, 0x7C,
  0xFF, 0x3B, 0xF6, 0xB8, 0xEE, 0x56, 0xF6, 0x77, 0xF6, 0x77, 0xF6, 0xD9, 0xFF, 0x5B, 0xFF, 0x7B,
  0xFF, 0x7C, 0xFF, 0x7C, 0xFF, 0x7C, 0xFF, 0x7C, 0xFF, 0x7C, 0xFF, 0x7C, 0xFF, 0x7C, 0xF7, 0x5B,
  0xF7, 0x5B, 0xC5, 0xB5, 0x7B, 0x8D, 0x83, 0xAE, 0x73, 0x8E, 0x7B, 0xAE, 0x7B, 0xCE, 0x9C, 0xD3,
  0xC6, 0x38, 0xC6, 0x59, 0xCE, 0x79, 0xD6, 0xBA, 0xD6, 0xDA, 0xD6, 0xDA, 0xDE, 0xFB, 0xDE, 0xFB,
  0xDE, 0xFB, 0xDE, 0xFA, 0xDF, 0x1B, 0xDF, 0x1C, 0xDF, 0x1C, 0xDF, 0x3C, 0xDF, 0x3C, 0xDF, 0x3C,
  0xE7, 0x5D, 0xE7, 0x5D, 0xE7, 0x7C, 0xEF, 0x9D, 0xF7, 0xBE, 0xF7, 0xBE, 0xF7, 0xBE, 0xF7, 0xBE,
  0xF7, 0xBE, 0xF7, 0xBE, 0xF7, 0xBE, 0xF7, 0xDE, 0xEF, 0xDF, 0xF7, 0xDF, 0xFF, 0xFF, 0xFF, 0xFF,
  0xEF, 0x5C, 0xEF, 0x5C, 0xEF, 0x5C, 0xEF, 0x5C, 0xE7, 0x5C, 0xDF, 0x5C, 0xE7, 0x3B, 0xDF, 0x3B,
  0xD7, 0x3A, 0xDF, 0x3B, 0xE7, 0x3C, 0xE7, 0x3B, 0xE7, 0x3C, 0xE7, 0x3B, 0xE7, 0x1A, 0xE7, 0x1B,
  0xDF, 0x1B, 0xDF, 0x1B, 0xDF, 0x1B, 0xD7, 0x1B, 0xDF, 0x1C, 0xDF, 0x1C, 0xD7, 0x3C, 0xDF, 0x3C,
  0xDF, 0x3C, 0xDF, 0x1B, 0xDF, 0x1A, 0xDF, 0x1B, 0xDE, 0xFB, 0xDE, 0xFB, 0xD6, 0xFB, 0xD6, 0xDB,
  0xCE, 0x99, 0x9C, 0xD3, 0x8C, 0x50, 0x84, 0x0F, 0x83, 0xEF, 0x8B, 0xEF, 0xD6, 0x37, 0xFF, 0x1A,
  0xFF, 0x3A, 0xFF, 0x5B, 0xDE, 0x77, 0xF7, 0x3B, 0xFF, 0x7C, 0xF7, 0x7C, 0xF7, 0x5B, 0xF7, 0x3B,
  0xCE, 0x16, 0x7B, 0x6C, 0x73, 0x4C, 0x63, 0x0B, 0x62, 0xCA, 0x62, 0xEB, 0x6B, 0x0B, 0x83, 0xAE,
  0xE6, 0x78, 0xF7, 0x3A, 0xFF, 0x3A, 0xFF, 0x3B, 0xF6, 0xFA, 0xBC, 0x70, 0xDB, 0x6E, 0xB2, 0xCC,
  0x62, 0x48, 0x5A, 0x69, 0x52, 0x49, 0x4A, 0x29, 0x4A, 0x29, 0x4A, 0x08, 0x41, 0xE7, 0x42, 0x08,
  0x42, 0x08, 0x42, 0x08, 0x42, 0x08, 0x42, 0x08, 0x42, 0x08, 0x42, 0x08, 0x3A, 0x07, 0x4A, 0x49,
  0x42, 0x48, 0x39, 0xE7, 0x42, 0x08, 0x42, 0x49, 0x42, 0x08, 0x3A, 0x07, 0x39, 0xE8, 0x39, 0xE8,
  0x31, 0xE8, 0x31, 0xE8, 0x31, 0xE8, 0x31, 0xE8, 0x42, 0x08, 0x42, 0x08, 0x42, 0x08, 0x42, 0x08,
  0x42, 0x08, 0x42, 0x08, 0x42, 0x07, 0x42, 0x08, 0x4A, 0x29, 0x42, 0x28, 0x4A, 0x49, 0x5A, 0x89,
  0x62, 0xA9, 0xBC, 0x8F, 0xE5, 0x72, 0xED, 0x93, 0xE5, 0x92, 0xE5, 0xB3, 0x93, 0xAD, 0x5A, 0x89,
  0x52, 0x69, 0x42, 0x48, 0x4A, 0x49, 0x4A, 0x49, 0x4A, 0x28, 0x4A, 0x28, 0x4A, 0x28, 0x4A, 0x28,
  0x4A, 0x27, 0x4A, 0x28, 0x42, 0x49, 0x4A, 0x49, 0x4A, 0x69, 0x73, 0x2B, 0xC4, 0xAF, 0xBC, 0x6E,
  0x6A, 0xEA, 0x5A, 0xCA, 0x62, 0xEB, 0x62, 0xEA, 0xB5, 0x12, 0xF6, 0xF9, 0xEE, 0x15, 0xE5, 0xD3,
  0xE5, 0x92, 0xD5, 0x32, 0x83, 0x4B, 0x62, 0xAA, 0x52, 0xAA, 0x52, 0x69, 0x4A, 0x49, 0x42, 0x49,
  0x4A, 0x49, 0x4A, 0x28, 0x42, 0x28, 0x42, 0x08, 0x39, 0xE7, 0x31, 0xC6, 0x31, 0x87, 0x31, 0xA6,
  0x39, 0xC7, 0x39, 0xE7, 0x39, 0xE8, 0x39, 0xE8, 0x31, 0xE8, 0x39, 0xE8, 0x39, 0xE8, 0x31, 0xE8,
  0x39, 0xE8, 0x41, 0xE8, 0x42, 0x08, 0x3A, 0x07, 0x42, 0x28, 0x4A, 0x29, 0x4A, 0x49, 0x42, 0x48,
  0x4A, 0x49, 0x52, 0x8A, 0x5A, 0xCB, 0x73, 0x0B, 0xCD, 0xF6, 0xF7, 0x1A, 0xF7, 0x5B, 0xFF, 0x7C,
  0xFF, 0x7C, 0xFF, 0x7C, 0xFF, 0x7C, 0xFF, 0x7C, 0xFF, 0x7C, 0xFF, 0x7C, 0xFF, 0x7C, 0xFF, 0x7C,
  0xFF, 0x5B, 0xF7, 0x1A, 0xF6, 0x97, 0xEE, 0x97, 0xF6, 0xF9, 0xFF, 0x5B, 0xFF, 0x5B, 0xFF, 0x7C,
  0xFF, 0x7C, 0xFF, 0x7C, 0xFF, 0x7C, 0xFF, 0x7C, 0xFF, 0x7C, 0xFF, 0x7C, 0xFF, 0x7C, 0xF7, 0x5B,
  0xF7, 0x3B, 0xB5, 0x12, 0x7B, 0x8D, 0x7B, 0x8E, 0x73, 0x6D, 0x73, 0x6D, 0x73, 0xAE, 0x7B, 0xAF,
  0x94, 0xD3, 0xC6, 0x38, 0xCE, 0x59, 0xCE, 0x79, 0xD6, 0xB9, 0xD6, 0xBA, 0xD6, 0xFB, 0xD6, 0xFB,
  0xDE, 0xFB, 0xDE, 0xFA, 0xDF, 0x1B, 0xD7, 0x1C, 0xD7, 0x3C, 0xDF, 0x3C, 0xE7, 0x3C, 0xE7, 0x3B,
  0xE7, 0x5C, 0xE7, 0x5D, 0xE7, 0x7D, 0xE7, 0x7D, 0xEF, 0x9E, 0xEF, 0x9E, 0xF7, 0xBE, 0xF7, 0xBE,
  0xF7, 0xBE, 0xF7, 0xBE, 0xF7, 0xBE, 0xF7, 0xDE, 0xEF, 0xDF, 0xF7, 0xDF, 0xFF, 0xFF, 0xFF, 0xFF,
  0xEF, 0x3C, 0xEF, 0x5C, 0xEF, 0x5C, 0xEF, 0x5C, 0xEF, 0x5C, 0xE7, 0x3C, 0xDF, 0x3B, 0xE7, 0x3B,
  0xE7, 0x3B, 0xE7, 0x3B, 0xDF, 0x3B, 0xDF, 0x3B, 0xE7, 0x3B, 0xE7, 0x3B, 0xDF, 0x1A, 0xD6, 0xBA,
  0xD6, 0xB9, 0xD6, 0xB9, 0xDF, 0x1A, 0xD7, 0x1A, 0xD6, 0xFB, 0xD7, 0x1C, 0xDF, 0x1C, 0xDF, 0x3C,
  0xDF, 0x3C, 0xDF, 0x1C, 0xDF, 0x1B, 0xDF, 0x1B, 0xD6, 0xFB, 0xD6, 0xFB, 0xCE, 0xDA, 0xD6, 0xBA,
  0xAD, 0x75, 0x84, 0x50, 0x84, 0x0F, 0x7B, 0xEE, 0x83, 0xCF, 0x8B, 0xEF, 0xD6, 0x37, 0xFF, 0x3A,
  0xF7, 0x3A, 0xFF, 0x5B, 0xEF, 0x1A, 0xE6, 0x78, 0xFF, 0x7B, 0xFF, 0x5B, 0xFF, 0x5B, 0xF7, 0x3B,
  0xF6, 0xFA, 0x9C, 0x70, 0x73, 0x4C, 0x6B, 0x2C, 0x62, 0xEB, 0x6A, 0xEA, 0x73, 0x2C, 0x7B, 0x4D,
  0xDE, 0x37, 0xFF, 0x3B, 0xF7, 0x3A, 0xF7, 0x3B, 0xFF, 0x3B, 0xC4, 0xF3, 0xCB, 0x4E, 0xAA, 0xCC,
  0x5A, 0x69, 0x52, 0x69, 0x52, 0x48, 0x4A, 0x29, 0x4A, 0x29, 0x4A, 0x08, 0x41, 0xE7, 0x42, 0x08,
  0x42, 0x08, 0x42, 0x08, 0x39, 0xE7, 0x42, 0x08, 0x42, 0x28, 0x39, 0xE7, 0x42, 0x08, 0x4A, 0x49,
  0x42, 0x28, 0x39, 0xE7, 0x42, 0x08, 0x42, 0x49, 0x42, 0x08, 0x39, 0xE8, 0x31, 0xE8, 0x39, 0xE8,
  0x39, 0xE8, 0x39, 0xE8, 0x39, 0xE8, 0x39, 0xE8, 0x42, 0x08, 0x3A, 0x08, 0x3A, 0x08, 0x42, 0x08,
  0x42, 0x08, 0x42, 0x08, 0x42, 0x08, 0x42, 0x08, 0x4A, 0x29, 0x4A, 0x48, 0x52, 0x69, 0x5A, 0xA9,
  0x7B, 0x2B, 0xD5, 0x11, 0xE5, 0x92, 0xED, 0xD3, 0xE5, 0xB3, 0xF6, 0x56, 0xAC, 0xB0, 0x5A, 0xA9,
  0x52, 0x89, 0x4A, 0x48, 0x4A, 0x49, 0x4A, 0x28, 0x4A, 0x28, 0x4A, 0x28, 0x4A, 0x28, 0x4A, 0x29,
  0x4A, 0x29, 0x42, 0x49, 0x4A, 0x49, 0x52, 0x69, 0x52, 0x89, 0x7B, 0x4C, 0xC4, 0xAF, 0xCC, 0xAF,
  0x8B, 0x6C, 0x62, 0xCA, 0x6B, 0x2B, 0x6A, 0xEA, 0xA4, 0xD1, 0xF7, 0x19, 0xF6, 0xD8, 0xEE, 0x56,
  0xED, 0xD4, 0xE5, 0xB3, 0xC4, 0xF1, 0x7B, 0x2B, 0x62, 0xCA, 0x5A, 0xAA, 0x52, 0x69, 0x4A, 0x49,
  0x42, 0x49, 0x4A, 0x29, 0x4A, 0x29, 0x42, 0x08, 0x41, 0xE8, 0x39, 0xE7, 0x31, 0xC7, 0x39, 0xA6,
  0x39, 0xC6, 0x39, 0xE7, 0x39, 0xE8, 0x39, 0xE8, 0x31, 0xE8, 0x39, 0xE8, 0x39, 0xE8, 0x31, 0xE8,
  0x39, 0xE8, 0x41, 0xE8, 0x42, 0x08, 0x42, 0x08, 0x3A, 0x07, 0x42, 0x28, 0x4A, 0x29, 0x42, 0x48,
  0x4A, 0x49, 0x52, 0x69, 0x5A, 0xCB, 0x62, 0xCA, 0xAD, 0x12, 0xF7, 0x1A, 0xF7, 0x3B, 0xFF, 0x7C,
  0xFF, 0x7C, 0xFF, 0x7C, 0xFF, 0x7C, 0xFF, 0x7C, 0xFF, 0x7C, 0xFF, 0x7C, 0xFF, 0x7C, 0xFF, 0x7C,
  0xFF, 0x7C, 0xFF, 0x5B, 0xFF, 0x1A, 0xFF, 0x3A, 0xFF, 0x7B, 0xFF, 0x7B, 0xFF, 0x7C, 0xFF, 0x7C,
  0xFF, 0x7C, 0xFF, 0x7C, 0xFF, 0x7C, 0xFF, 0x7C, 0xFF, 0x7C, 0xFF, 0x7C, 0xFF, 0x7C, 0xFF, 0x5B,
  0xF7, 0x1B, 0x9C, 0x70, 0x7B, 0x4C, 0x7B, 0x6D, 0x6B, 0x4C, 0x6B, 0x4D, 0x6B, 0x6D, 0x73, 0x8E,
  0x73, 0xAE, 0x84, 0x51, 0xBD, 0xF7, 0xCE, 0x79, 0xCE, 0x79, 0xCE, 0x99, 0xCE, 0xDB, 0xD6, 0xFB,
  0xDE, 0xFA, 0xDF, 0x1B, 0xDF, 0x1C, 0xDF, 0x1C, 0xDF, 0x3C, 0xDF, 0x3C, 0xE7, 0x3C, 0xE7, 0x3C,
  0xE7, 0x5C, 0xE7, 0x5D, 0xEF, 0x7C, 0xEF, 0x7D, 0xEF, 0x9E, 0xF7, 0xBE, 0xEF, 0x9E, 0xEF, 0xBE,
  0xF7, 0xBE, 0xEF, 0x9E, 0xEF, 0x9E, 0xF7, 0x9D, 0xF7, 0xBE, 0xF7, 0xBE, 0xFF, 0xFF, 0xF7, 0xDE,
  0xE7, 0x3C, 0xE7, 0x3C, 0xEF, 0x5C, 0xEF, 0x5C, 0xEF, 0x5C, 0xEF, 0x3C, 0xE7, 0x3B, 0xE7, 0x3B,
  0xE7, 0x3B, 0xE7, 0x3B, 0xE7, 0x5C, 0xE7, 0x5C, 0xE7, 0x3B, 0xE7, 0x3B, 0xD6, 0xB9, 0xDE, 0xB9,
  0xEF, 0x3B, 0xD6, 0xD9, 0xCE, 0x99, 0xDE, 0xFB, 0xDF, 0x3C, 0xDF, 0x1C, 0xE7, 0x3C, 0xE7, 0x3C,
  0xDF, 0x3C, 0xDF, 0x1C, 0xDE, 0xFB, 0xDE, 0xFB, 0xD6, 0xFB, 0xCE, 0xDA, 0xD6, 0xBA, 0xC6, 0x38,
  0x8C, 0x92, 0x84, 0x10, 0x83, 0xEF, 0x7B, 0xEF, 0x83, 0xEF, 0x8B, 0xEF, 0xD6, 0x17, 0xFF, 0x5A,
  0xFF, 0x3A, 0xF7, 0x3B, 0xFF, 0x7B, 0xDE, 0x58, 0xE6, 0xD9, 0xFF, 0x7B, 0xF7, 0x3A, 0xF7, 0x3A,
  0xFF, 0x3B, 0xCD, 0xF6, 0x7B, 0x6C, 0x73, 0x4C, 0x6B, 0x0B, 0x6A, 0xEB, 0x73, 0x0C, 0x73, 0x2B,
  0xCD, 0xD5, 0xFF, 0x3B, 0xF7, 0x3A, 0xF7, 0x3A, 0xFF, 0x5B, 0xD5, 0xD5, 0xC3, 0x6D, 0xA2, 0xEC,
  0x5A, 0x69, 0x52, 0x49, 0x52, 0x48, 0x4A, 0x29, 0x4A, 0x29, 0x42, 0x08, 0x41, 0xE7, 0x42, 0x08,
  0x42, 0x08, 0x42, 0x08, 0x42, 0x07, 0x4A, 0x49, 0x42, 0x48, 0x39, 0xE7, 0x42, 0x08, 0x4A, 0x49,
  0x42, 0x08, 0x3A, 0x08, 0x3A, 0x08, 0x42, 0x28, 0x3A, 0x08, 0x39, 0xE8, 0x31, 0xE8, 0x39, 0xE8,
  0x39, 0xE8, 0x39, 0xE8, 0x39, 0xE8, 0x39, 0xE8, 0x41, 0xE8, 0x39, 0xE8, 0x39, 0xE8, 0x42, 0x08,
  0x42, 0x08, 0x3A, 0x07, 0x42, 0x28, 0x4A, 0x29, 0x42, 0x29, 0x4A, 0x49, 0x52, 0x6A, 0x62, 0x89,
  0x9B, 0xCD, 0xDD, 0x72, 0xE5, 0x93, 0xED, 0xD4, 0xEE, 0x15, 0xFE, 0xF9, 0xBD, 0x33, 0x62, 0xCA,
  0x52, 0xAA, 0x52, 0x69, 0x4A, 0x48, 0x4A, 0x28, 0x4A, 0x27, 0x4A, 0x28, 0x4A, 0x29, 0x4A, 0x49,
  0x4A, 0x49, 0x42, 0x49, 0x4A, 0x49, 0x52, 0x89, 0x52, 0x89, 0x7B, 0x4C, 0xCC, 0xCF, 0xD4, 0xD0,
  0xA4, 0x0E, 0x62, 0xEA, 0x6B, 0x2C, 0x6B, 0x0B, 0x9C, 0x70, 0xF6, 0xF9, 0xFF, 0x1A, 0xFE, 0xF9,
  0xEE, 0x56, 0xE5, 0xD4, 0xE5, 0xB3, 0xBC, 0xD0, 0x73, 0x0A, 0x62, 0xCA, 0x5A, 0x8A, 0x52, 0x69,
  0x4A, 0x49, 0x42, 0x49, 0x4A, 0x28, 0x4A, 0x08, 0x42, 0x08, 0x41, 0xE8, 0x39, 0xE7, 0x31, 0xA6,
  0x39, 0xA6, 0x39, 0xC7, 0x39, 0xE7, 0x39, 0xE7, 0x39, 0xE8, 0x31, 0xE8, 0x39, 0xE8, 0x31, 0xE8,
  0x39, 0xE8, 0x41, 0xE8, 0x42, 0x08, 0x42, 0x08, 0x3A, 0x07, 0x42, 0x28, 0x4A, 0x29, 0x42, 0x29,
  0x4A, 0x48, 0x52, 0x69, 0x52, 0xAA, 0x62, 0xCA, 0x83, 0xCE, 0xE6, 0xB9, 0xF7, 0x1A, 0xFF, 0x5B,
  0xFF, 0x7C, 0xFF, 0x7C, 0xFF, 0x7C, 0xFF, 0x7C, 0xFF, 0x7C, 0xFF, 0x7C, 0xFF, 0x7C, 0xFF, 0x7C,
  0xFF, 0x7C, 0xFF, 0x7C, 0xFF, 0x7C, 0xFF, 0x7C, 0xFF, 0x7C, 0xFF, 0x7C, 0xFF, 0x7C, 0xFF, 0x7C,
  0xFF, 0x7C, 0xFF, 0x7C, 0xFF, 0x7C, 0xFF, 0x7C, 0xFF, 0x7C, 0xFF, 0x7C, 0xF7, 0x5C, 0xFF, 0x5B,
  0xE6, 0x99, 0x9C, 0x50, 0x9C, 0x0F, 0x7B, 0x4D, 0x6B, 0x2D, 0x6B, 0x2C, 0x63, 0x2C, 0x6B, 0x4D,
  0x73, 0x6E, 0x6B, 0x4D, 0x7C, 0x10, 0xAD, 0x75, 0xC6, 0x38, 0xCE, 0x9A, 0xCE, 0xBA, 0xD6, 0xDA,
  0xD6, 0xFB, 0xDE, 0xFB, 0xDF, 0x1C, 0xDF, 0x3C, 0xE7, 0x3C, 0xDF, 0x3C, 0xDF, 0x3C, 0xE7, 0x5C,
  0xE7, 0x5D, 0xE7, 0x5D, 0xEF, 0x7D, 0xEF, 0x7D, 0xE7, 0x9E, 0xEF, 0x9E, 0xE7, 0x9E, 0xEF, 0x9E,
  0xEF, 0x9E, 0xEF, 0x9E, 0xE7, 0x7D, 0xEF, 0x7E, 0xEF, 0x9E, 0xF7, 0xBE, 0xE7, 0x5C, 0xCE, 0x99,
  0xDF, 0x3C, 0xE7, 0x3C, 0xEF, 0x5B, 0xEF, 0x5C, 0xEF, 0x5C, 0xE7, 0x5C, 0xE7, 0x3C, 0xEF, 0x3C,
  0xEF, 0x3C, 0xE7, 0x3C, 0xEF, 0x5B, 0xEF, 0x7C, 0xEF, 0x3C, 0xEF, 0x5C, 0xD6, 0xB9, 0xE6, 0xFB,
  0xF7, 0x9D, 0xF7, 0x9D, 0xEF, 0x3B, 0xD6, 0x99, 0xDE, 0xFB, 0xE7, 0x3C, 0xDF, 0x3C, 0xE7, 0x3C,
  0xE7, 0x3C, 0xDF, 0x1C, 0xDE, 0xFB, 0xDE, 0xFB, 0xD6, 0xFB, 0xCE, 0xBA, 0xCE, 0x9A, 0xAD, 0x54,
  0x84, 0x50, 0x8C, 0x10, 0x7B, 0xCE, 0x83, 0xAE, 0x83, 0xEF, 0x8B, 0xEF, 0xCD, 0xF6, 0xFF, 0x5B,
  0xF7, 0x3B, 0xFF, 0x5B, 0xFF, 0x5B, 0xEE, 0xFA, 0xCD, 0xF5, 0xF7, 0x5A, 0xFF, 0x5B, 0xFF, 0x5B,
  0xF7, 0x1A, 0xEF, 0x1A, 0x9C, 0x70, 0x73, 0x4C, 0x73, 0x4C, 0x6A, 0xEB, 0x7B, 0x2C, 0x9B, 0x6D,
  0xC5, 0x33, 0xFF, 0x3B, 0xF7, 0x3A, 0xF7, 0x3A, 0xFF, 0x3B, 0xE6, 0x78, 0xB3, 0xAE, 0x9A, 0xCB,
  0x5A, 0x69, 0x52, 0x49, 0x52, 0x48, 0x4A, 0x29, 0x4A, 0x29, 0x42, 0x08, 0x41, 0xE7, 0x42, 0x08,
  0x42, 0x08, 0x42, 0x08, 0x42, 0x08, 0x4A, 0x69, 0x42, 0x08, 0x41, 0xE7, 0x3A, 0x08, 0x42, 0x08,
  0x41, 0xE8, 0x42, 0x08, 0x42, 0x08, 0x42, 0x08, 0x39, 0xE7, 0x39, 0xE7, 0x31, 0xE8, 0x39, 0xE8,
  0x39, 0xE8, 0x39, 0xE8, 0x39, 0xE8, 0x39, 0xE8, 0x41, 0xE8, 0x41, 0xE8, 0x41, 0xE8, 0x42, 0x08,
  0x42, 0x08, 0x3A, 0x08, 0x42, 0x29, 0x4A, 0x29, 0x4A, 0x48, 0x52, 0x49, 0x5A, 0x8A, 0x6A, 0xAA,
  0xBC, 0x90, 0xE5, 0x92, 0xED, 0xD4, 0xF6, 0x15, 0xF6, 0xD8, 0xFF, 0x3A, 0xC5, 0x94, 0x6A, 0xEA,
  0x5A, 0xAA, 0x52, 0x69, 0x4A, 0x49, 0x4A, 0x28, 0x4A, 0x27, 0x4A, 0x28, 0x4A, 0x29, 0x4A, 0x49,
  0x4A, 0x49, 0x42, 0x49, 0x4A, 0x48, 0x52, 0x89, 0x52, 0x89, 0x7B, 0x2B, 0xCC, 0xD0, 0xD4, 0xF0,
  0xBC, 0x90, 0x73, 0x2B, 0x6B, 0x2B, 0x6B, 0x0B, 0x94, 0x30, 0xEE, 0xF9, 0xFF, 0x1A, 0xF7, 0x3B,
  0xF7, 0x19, 0xEE, 0x57, 0xE5, 0xF4, 0xE5, 0xB3, 0xB4, 0x8F, 0x72, 0xEA, 0x62, 0xCA, 0x5A, 0x8A,
  0x52, 0x69, 0x4A, 0x49, 0x42, 0x28, 0x4A, 0x28, 0x42, 0x08, 0x3A, 0x08, 0x39, 0xE7, 0x39, 0xC7,
  0x39, 0xA6, 0x39, 0xA7, 0x39, 0xC6, 0x39, 0xE7, 0x39, 0xE7, 0x31, 0xE7, 0x39, 0xE7, 0x41, 0xE8,
  0x41, 0xE8, 0x41, 0xE8, 0x42, 0x08, 0x42, 0x08, 0x42, 0x08, 0x42, 0x08, 0x4A, 0x29, 0x4A, 0x29,
  0x42, 0x49, 0x4A, 0x49, 0x52, 0x8A, 0x5A, 0xCA, 0x62, 0xEB, 0xB5, 0x34, 0xF7, 0x3B, 0xF7, 0x3A,
  0xFF, 0x5B, 0xFF, 0x7C, 0xFF, 0x7C, 0xFF, 0x7C, 0xFF, 0x7C, 0xFF, 0x7C, 0xFF, 0x7C, 0xFF, 0x7C,
  0xFF, 0x7C, 0xFF, 0x7C, 0xFF, 0x7C, 0xFF, 0x7C, 0xFF, 0x7C, 0xFF, 0x7C, 0xFF, 0x7C, 0xFF, 0x7C,
  0xFF, 0x7C, 0xFF, 0x7C, 0xFF, 0x7C, 0xFF, 0x7C, 0xFF, 0x7C, 0xFF, 0x7C, 0xF7, 0x5B, 0xFF, 0x7C,
  0xD6, 0x17, 0xBC, 0xF2, 0xEE, 0x18, 0xA4, 0x50, 0x63, 0x0C, 0x63, 0x0C, 0x62, 0xEB, 0x63, 0x0C,
  0x63, 0x2C, 0x6B, 0x4D, 0x6B, 0x6D, 0x73, 0xAE, 0x94, 0x92, 0xB5, 0xB6, 0xC6, 0x79, 0xCE, 0x9A,
  0xD6, 0xBA, 0xD6, 0xDA, 0xD6, 0xFB, 0xDF, 0x1B, 0xD7, 0x1C, 0xDF, 0x3C, 0xDF, 0x3C, 0xE7, 0x3C,
  0xE7, 0x5D, 0xE7, 0x5D, 0xEF, 0x5D, 0xEF, 0x7D, 0xEF, 0x7D, 0xEF, 0x7D, 0xEF, 0x7D, 0xEF, 0x7D,
  0xEF, 0x7D, 0xE7, 0x7D, 0xEF, 0x9D, 0xE7, 0x7D, 0xDF, 0x1B, 0xCE, 0x99, 0xBD, 0xF7, 0xBD, 0xF7,
  0xDF, 0x1B, 0xE7, 0x1B, 0xEF, 0x3B, 0xEF, 0x5C, 0xF7, 0x7C, 0xEF, 0x5C, 0xEF, 0x5C, 0xEF, 0x5C,
  0xEF, 0x5C, 0xEF, 0x5B, 0xEF, 0x5C, 0xF7, 0x7D, 0xEF, 0x5C, 0xEF, 0x5C, 0xE6, 0xFA, 0xDE, 0xD9,
  0xF7, 0x7D, 0xF7, 0x7C, 0xFF, 0x9D, 0xF7, 0x5C, 0xD6, 0xBA, 0xDE, 0xFA, 0xE7, 0x3C, 0xE7, 0x3C,
  0xDF, 0x1B, 0xD7, 0x1B, 0xDF, 0x1B, 0xDF, 0x1A, 0xD6, 0xFB, 0xD6, 0xBA, 0xC6, 0x38, 0x8C, 0x92,
  0x84, 0x30, 0x84, 0x0F, 0x84, 0x0F, 0xBD, 0x96, 0xBD, 0x75, 0x94, 0x0F, 0xC5, 0x74, 0xFF, 0x5B,
  0xF7, 0x3A, 0xFF, 0x5B, 0xFF, 0x5B, 0xF6, 0xFA, 0xD5, 0xD5, 0xDE, 0x57, 0xFF, 0x5B, 0xF7, 0x3A,
  0xFF, 0x3B, 0xF7, 0x3B, 0xD6, 0x37, 0x83, 0x8D, 0x7B, 0x4C, 0x7B, 0x2C, 0xA3, 0x6D, 0xD3, 0xAF,
  0xC4, 0x91, 0xF7, 0x1A, 0xFF, 0x3B, 0xFF, 0x5A, 0xF7, 0x1B, 0xF6, 0xFA, 0xAC, 0x30, 0x7A, 0xAA,
  0x5A, 0x8A, 0x52, 0x69, 0x52, 0x48, 0x4A, 0x49, 0x4A, 0x29, 0x42, 0x08, 0x41, 0xE7, 0x42, 0x08,
  0x42, 0x08, 0x42, 0x27, 0x42, 0x28, 0x4A, 0x49, 0x42, 0x08, 0x41, 0xE8, 0x41, 0xE8, 0x41, 0xE7,
  0x39, 0xE8, 0x39, 0xE8, 0x39, 0xE8, 0x39, 0xE8, 0x39, 0xE7, 0x39, 0xE6, 0x39, 0xE7, 0x39, 0xE8,
  0x39, 0xE8, 0x39, 0xE8, 0x39, 0xE8, 0x39, 0xE8, 0x41, 0xE8, 0x41, 0xE8, 0x41, 0xE8, 0x42, 0x08,
  0x42, 0x08, 0x3A, 0x07, 0x42, 0x28, 0x4A, 0x29, 0x4A, 0x48, 0x52, 0x69, 0x52, 0x89, 0x83, 0x4B,
  0xD5, 0x52, 0xE5, 0xB3, 0xED, 0xF4, 0xF6, 0x97, 0xF7, 0x3A, 0xFF, 0x3B, 0xD6, 0x16, 0x73, 0x2B,
  0x5A, 0xAA, 0x52, 0x69, 0x4A, 0x49, 0x42, 0x28, 0x4A, 0x27, 0x4A, 0x28, 0x4A, 0x49, 0x4A, 0x49,
  0x4A, 0x49, 0x42, 0x49, 0x4A, 0x48, 0x52, 0x69, 0x52, 0x89, 0x73, 0x0A, 0xC4, 0xD0, 0xD5, 0x11,
  0xCD, 0x11, 0x83, 0x8D, 0x6B, 0x2C, 0x73, 0x2C, 0x8C, 0x0F, 0xEE, 0xD9, 0xFF, 0x1A, 0xF7, 0x3A,
  0xFF, 0x5B, 0xF7, 0x1A, 0xEE, 0x77, 0xE5, 0xD4, 0xE5, 0xB4, 0xAC, 0x4F, 0x6A, 0xCA, 0x62, 0xCA,
  0x5A, 0x8A, 0x52, 0x69, 0x4A, 0x48, 0x42, 0x28, 0x4A, 0x28, 0x42, 0x07, 0x42, 0x08, 0x39, 0xE7,
  0x39, 0xA6, 0x39, 0xA7, 0x39, 0xC6, 0x39, 0xE7, 0x39, 0xE7, 0x31, 0xE6, 0x39, 0xE7, 0x41, 0xE8,
  0x41, 0xE8, 0x41, 0xE8, 0x42, 0x08, 0x42, 0x08, 0x42, 0x08, 0x42, 0x08, 0x4A, 0x29, 0x4A, 0x29,
  0x42, 0x49, 0x4A, 0x49, 0x52, 0x89, 0x5A, 0xCA, 0x6B, 0x2C, 0x83, 0xCE, 0xDE, 0x78, 0xFF, 0x3B,
  0xF7, 0x5B, 0xFF, 0x7C, 0xFF, 0x7C, 0xFF, 0x7C, 0xFF, 0x7C, 0xFF, 0x7C, 0xFF, 0x7C, 0xFF, 0x7C,
  0xFF, 0x7C, 0xFF, 0x7C, 0xFF, 0x7C, 0xFF, 0x7C, 0xFF, 0x7C, 0xFF, 0x7C, 0xFF, 0x7C, 0xFF, 0x7C,
  0xFF, 0x7C, 0xFF, 0x7C, 0xFF, 0x7C, 0xFF, 0x7C, 0xFF, 0x7C, 0xFF, 0x7C, 0xFF, 0x3C, 0xFF, 0x5C,
  0xC5, 0x74, 0xCD, 0x34, 0xF6, 0x18, 0xB4, 0xB2, 0x62, 0xEC, 0x63, 0x0C, 0x5A, 0xEB, 0x5A, 0xEB,
  0x62, 0xEC, 0x63, 0x2C, 0x63, 0x4D, 0x6B, 0x6E, 0x73, 0x8E, 0x7B, 0xCF, 0x8C, 0x92, 0xAD, 0x75,
  0xC6, 0x38, 0xCE, 0xBA, 0xD6, 0xFB, 0xDE, 0xFB, 0xDE, 0xFB, 0xDF, 0x1C, 0xDF, 0x1B, 0xDF, 0x1C,
  0xE7, 0x5C, 0xE7, 0x5C, 0xEF, 0x5D, 0xEF, 0x5D, 0xE7, 0x5C, 0xE7, 0x5C, 0xE7, 0x5D, 0xE7, 0x7D,
  0xE7, 0x5D, 0xDF, 0x1C, 0xCE, 0xBA, 0xBE, 0x18, 0xB5, 0xD6, 0xB5, 0xB6, 0xBD, 0xD6, 0xBD, 0xF7,
  0xDF, 0x1B, 0xE7, 0x1C, 0xEF, 0x3C, 0xEF, 0x5C, 0xF7, 0x5C, 0xF7, 0x5C, 0xF7, 0x5C, 0xF7, 0x5C,
  0xF7, 0x5C, 0xF7, 0x5B, 0xF7, 0x5C, 0xF7, 0x7C, 0xF7, 0x7C, 0xEF, 0x5C, 0xEF, 0x5B, 0xDE, 0xB9,
  0xEF, 0x3C, 0xFF, 0x9D, 0xFF, 0x7C, 0xFF, 0x9D, 0xF7, 0x7C, 0xDE, 0xB9, 0xD6, 0xB9, 0xE7, 0x3C,
  0xDF, 0x1B, 0xD7, 0x1B, 0xD7, 0x1B, 0xDF, 0x1B, 0xD6, 0xFB, 0xD6, 0xFB, 0xAD, 0x95, 0x84, 0x50,
  0x8C, 0x30, 0x83, 0xCF, 0xA4, 0xD2, 0xE6, 0xFA, 0xEF, 0x1A, 0xD6, 0x37, 0xC5, 0x74, 0xF7, 0x3B,
  0xFF, 0x5B, 0xF7, 0x3B, 0xFF, 0x5B, 0xF6, 0x98, 0xEE, 0x36, 0xD5, 0xB4, 0xF7, 0x1A, 0xFF, 0x5B,
  0xFF, 0x5B, 0xF7, 0x3A, 0xF7, 0x3B, 0xCD, 0xB5, 0x83, 0x6C, 0xAB, 0xAE, 0xDB, 0xD0, 0xEB, 0xF0,
  0xCC, 0x51, 0xEE, 0xD9, 0xFF, 0x5B, 0xF7, 0x3A, 0xF7, 0x3A, 0xFF, 0x3B, 0xBD, 0x33, 0x62, 0xCA,
  0x62, 0xCA, 0x52, 0x6A, 0x52, 0x48, 0x4A, 0x49, 0x42, 0x29, 0x4A, 0x08, 0x49, 0xE7, 0x42, 0x08,
  0x42, 0x28, 0x42, 0x07, 0x42, 0x29, 0x4A, 0x49, 0x42, 0x07, 0x41, 0xE8, 0x39, 0xE8, 0x31, 0xE8,
  0x39, 0xE7, 0x31, 0xE7, 0x31, 0xE8, 0x31, 0xE8, 0x39, 0xE7, 0x39, 0xE6, 0x39, 0xE7, 0x39, 0xE7,
  0x39, 0xE8, 0x39, 0xE8, 0x39, 0xE8, 0x39, 0xE8, 0x31, 0xE8, 0x39, 0xE8, 0x41, 0xE8, 0x41, 0xE8,
  0x3A, 0x08, 0x42, 0x07, 0x4A, 0x28, 0x42, 0x29, 0x4A, 0x49, 0x52, 0x8A, 0x5A, 0x8A, 0xA4, 0x2F,
  0xE5, 0x93, 0xED, 0xD3, 0xF6, 0x15, 0xF6, 0xF9, 0xFF, 0x5B, 0xFF, 0x3B, 0xE6, 0x78, 0x7B, 0x8D,
  0x5A, 0xAA, 0x52, 0x8A, 0x4A, 0x49, 0x42, 0x28, 0x4A, 0x27, 0x4A, 0x28, 0x4A, 0x49, 0x4A, 0x49,
  0x4A, 0x49, 0x42, 0x49, 0x4A, 0x48, 0x52, 0x69, 0x52, 0xAA, 0x6B, 0x0A, 0xC4, 0xD0, 0xDD, 0x32,
  0xD5, 0x32, 0x9C, 0x2E, 0x73, 0x2C, 0x73, 0x6C, 0x83, 0xCD, 0xE6, 0x98, 0xFF, 0x3B, 0xF7, 0x3B,
  0xFF, 0x5C, 0xFF, 0x5B, 0xFF, 0x39, 0xF6, 0x97, 0xE5, 0xD4, 0xDD, 0xB4, 0x9C, 0x0E, 0x6A, 0xCA,
  0x62, 0xCA, 0x52, 0x8A, 0x52, 0x69, 0x4A, 0x49, 0x42, 0x28, 0x4A, 0x28, 0x42, 0x08, 0x42, 0x08,
  0x39, 0xC7, 0x31, 0xA7, 0x31, 0xC7, 0x39, 0xE7, 0x41, 0xE7, 0x41, 0xE7, 0x41, 0xE7, 0x41, 0xE8,
  0x41, 0xE8, 0x41, 0xE8, 0x42, 0x08, 0x42, 0x08, 0x42, 0x08, 0x42, 0x08, 0x42, 0x28, 0x4A, 0x29,
  0x42, 0x49, 0x4A, 0x49, 0x52, 0x69, 0x5A, 0xAA, 0x6B, 0x0B, 0x73, 0x2C, 0xA4, 0x91, 0xFF, 0x3B,
  0xF7, 0x1B, 0xF7, 0x5C, 0xF7, 0x7C, 0xF7, 0x7C, 0xFF, 0x7B, 0xFF, 0x7C, 0xFF, 0x7C, 0xFF, 0x7C,
  0xFF, 0x7C, 0xFF, 0x7C, 0xFF, 0x7C, 0xFF, 0x7C, 0xFF, 0x7C, 0xFF, 0x7C, 0xFF, 0x7C, 0xFF, 0x7C,
  0xFF, 0x7C, 0xFF, 0x7C, 0xFF, 0x7C, 0xFF, 0x7C, 0xFF, 0x7C, 0xFF, 0x5C, 0xFF, 0x3C, 0xF6, 0xFA,
  0xBD, 0x13, 0xE5, 0xF8, 0xF6, 0x39, 0xBC, 0xB2, 0x62, 0xEB, 0x62, 0xEB, 0x5A, 0xCB, 0x5A, 0xCB,
  0x5A, 0xCB, 0x5A, 0xCB, 0x5A, 0xEB, 0x63, 0x0C, 0x63, 0x4D, 0x6B, 0x6D, 0x6B, 0x8E, 0x73, 0xCF,
  0x84, 0x30, 0x9C, 0xD3, 0xB5, 0xB6, 0xC6, 0x38, 0xCE, 0x9A, 0xD6, 0xFB, 0xDE, 0xFB, 0xDF, 0x1B,
  0xE7, 0x3C, 0xDF, 0x5C, 0xE7, 0x5C, 0xE7, 0x5C, 0xE7, 0x5D, 0xE7, 0x5D, 0xDF, 0x1B, 0xD6, 0xBA,
  0xC6, 0x58, 0xAD, 0xB6, 0xA5, 0x54, 0xAD, 0x75, 0xB5, 0xB6, 0xAD, 0xB5, 0xB5, 0xD6, 0xD6, 0xBA,
  0xDE, 0xFB, 0xDE, 0xFB, 0xE7, 0x1B, 0xE7, 0x3B, 0xEF, 0x3C, 0xEF, 0x5C, 0xEF, 0x5C, 0xEF, 0x5C,
  0xEF, 0x5C, 0xEF, 0x3C, 0xEF, 0x3B, 0xEF, 0x5C, 0xF7, 0x5C, 0xF7, 0x5C, 0xF7, 0x5C, 0xEE, 0xFB,
  0xE6, 0xB9, 0xFF, 0x9C, 0xFF, 0x9D, 0xFF, 0x7D, 0xFF, 0x7D, 0xF7, 0x9D, 0xDE, 0xBA, 0xD6, 0xB9,
  0xDF, 0x1B, 0xDF, 0x1B, 0xDF, 0x3C, 0xDF, 0x3C, 0xDF, 0x1B, 0xD6, 0xBA, 0x94, 0xD2, 0x84, 0x30,
  0x84, 0x10, 0x83, 0xEF, 0xBD, 0x95, 0xF7, 0x1A, 0xF7, 0x1A, 0xFF, 0x5B, 0xE6, 0x98, 0xDE, 0x77,
  0xFF, 0x7B, 0xFF, 0x5B, 0xFF, 0x3A, 0xF6, 0x98, 0xF6, 0x57, 0xE5, 0xF5, 0xDE, 0x56, 0xFF, 0x5B,
  0xF7, 0x3A, 0xFF, 0x5B, 0xF7, 0x1A, 0xFF, 0x3B, 0xC5, 0xB5, 0xAB, 0xAE, 0xE4, 0x10, 0xEC, 0x11,
  0xCC, 0x10, 0xE6, 0x78, 0xFF, 0x5B, 0xF7, 0x3A, 0xF7, 0x5A, 0xFF, 0x3A, 0xD5, 0xF6, 0x6A, 0xEB,
  0x62, 0xCA, 0x5A, 0x8A, 0x52, 0x49, 0x4A, 0x48, 0x4A, 0x29, 0x42, 0x08, 0x41, 0xE7, 0x42, 0x08,
  0x42, 0x28, 0x3A, 0x07, 0x42, 0x29, 0x42, 0x49, 0x39, 0xE7, 0x42, 0x08, 0x39, 0xE8, 0x39, 0xE8,
  0x39, 0xE7, 0x39, 0xE7, 0x39, 0xE8, 0x39, 0xE8, 0x39, 0xE6, 0x39, 0xE7, 0x39, 0xE7, 0x39, 0xE6,
  0x39, 0xE8, 0x39, 0xE8, 0x39, 0xE8, 0x39, 0xE8, 0x31, 0xE8, 0x39, 0xE8, 0x41, 0xE8, 0x41, 0xE8,
  0x3A, 0x08, 0x42, 0x07, 0x4A, 0x28, 0x4A, 0x49, 0x4A, 0x69, 0x5A, 0x8A, 0x6A, 0xEB, 0xBC, 0xD1,
  0xED, 0xB3, 0xED, 0xF4, 0xF6, 0x97, 0xFF, 0x5A, 0xF7, 0x5A, 0xFF, 0x3B, 0xF6, 0xDA, 0x8B, 0xEF,
  0x5A, 0xCB, 0x52, 0x8A, 0x4A, 0x49, 0x42, 0x29, 0x4A, 0x28, 0x4A, 0x28, 0x4A, 0x49, 0x4A, 0x49,
  0x4A, 0x49, 0x42, 0x49, 0x4A, 0x48, 0x52, 0x69, 0x5A, 0xAA, 0x6A, 0xEA, 0xC4, 0xB0, 0xDD, 0x52,
  0xDD, 0x52, 0xC5, 0x12, 0x7B, 0x6C, 0x73, 0x6C, 0x83, 0xAD, 0xDE, 0x58, 0xFF, 0x3B, 0xF7, 0x5B,
  0xFF, 0x7C, 0xFF, 0x7B, 0xFF, 0x5B, 0xFF, 0x3A, 0xEE, 0x97, 0xE5, 0xD5, 0xD5, 0x73, 0x9C, 0x0E,
  0x6A, 0xCA, 0x62, 0xCA, 0x52, 0x8A, 0x4A, 0x69, 0x4A, 0x49, 0x42, 0x28, 0x4A, 0x28, 0x42, 0x08,
  0x39, 0xE7, 0x39, 0xC6, 0x31, 0xC6, 0x39, 0xC7, 0x41, 0xE8, 0x41, 0xE8, 0x41, 0xE8, 0x41, 0xE8,
  0x41, 0xE8, 0x41, 0xE8, 0x42, 0x08, 0x42, 0x08, 0x42, 0x08, 0x3A, 0x07, 0x42, 0x28, 0x4A, 0x29,
  0x42, 0x49, 0x4A, 0x49, 0x52, 0x6A, 0x52, 0x8A, 0x6B, 0x0B, 0x93, 0xCF, 0x9B, 0xCE, 0xD5, 0xF6,
  0xFF, 0x7C, 0xFF, 0x5B, 0xFF, 0x7B, 0xFF, 0x7C, 0xFF, 0x7C, 0xFF, 0x7C, 0xFF, 0x7C, 0xFF, 0x7C,
  0xFF, 0x7C, 0xFF, 0x7C, 0xFF, 0x7C, 0xFF, 0x7C, 0xFF, 0x7C, 0xFF, 0x7C, 0xFF, 0x5C, 0xFF, 0x5B,
  0xFF, 0x7B, 0xFF, 0x5B, 0xFF, 0x5B, 0xFF, 0x5B, 0xFF, 0x5B, 0xFF, 0x3B, 0xFF, 0x5C, 0xDE, 0x58,
  0xBD, 0x33, 0xEE, 0x18, 0xED, 0xD7, 0xB4, 0x92, 0x62, 0xCB, 0x62, 0xEB, 0x5A, 0xAA, 0x5A, 0xAA,
  0x5A, 0xAB, 0x5A, 0xAA, 0x5A, 0xCB, 0x5A, 0xCB, 0x5A, 0xCB, 0x63, 0x0C, 0x63, 0x2C, 0x6B, 0x4D,
  0x73, 0x8E, 0x73, 0xAF, 0x7B, 0xEF, 0x84, 0x51, 0x94, 0xB3, 0xA5, 0x55, 0xBD, 0xF7, 0xC6, 0x38,
  0xC6, 0x58, 0xC6, 0x79, 0xCE, 0x99, 0xCE, 0x79, 0xC6, 0x58, 0xBD, 0xF6, 0xAD, 0x75, 0xA5, 0x34,
  0x9D, 0x34, 0xA5, 0x34, 0xAD, 0x75, 0xAD, 0x95, 0xAD, 0x75, 0xBD, 0xF7, 0xDE, 0xFB, 0xF7, 0xBE,
  0xD6, 0xDA, 0xD6, 0xDA, 0xDE, 0xFB, 0xE6, 0xFB, 0xE7, 0x1B, 0xE7, 0x1B, 0xE7, 0x1B, 0xE7, 0x1B,
  0xE7, 0x1B, 0xE7, 0x1B, 0xE7, 0x1B, 0xEF, 0x1B, 0xEF, 0x3B, 0xEF, 0x3C, 0xF7, 0x5C, 0xF7, 0x5C,
  0xEE, 0xFA, 0xEF, 0x1B, 0xFF, 0x9D, 0xFF, 0x9C, 0xFF, 0x9D, 0xFF, 0x9D, 0xFF, 0x7D, 0xDE, 0x99,
  0xD6, 0x99, 0xE7, 0x3B, 0xE7, 0x1C, 0xE7, 0x3C, 0xE7, 0x5C, 0xC6, 0x38, 0x84, 0x30, 0x84, 0x0F,
  0x83, 0xEF, 0x83, 0xEF, 0xCD, 0xD5, 0xF7, 0x3B, 0xF7, 0x3A, 0xFF, 0x3B, 0xFF, 0x5B, 0xDE, 0x57,
  0xE6, 0x98, 0xFF, 0x7C, 0xFF, 0x3A, 0xF6, 0xB8, 0xF6, 0x56, 0xEE, 0x35, 0xCD, 0x94, 0xEE, 0xF9,
  0xFF, 0x5B, 0xFF, 0x5B, 0xFF, 0x5B, 0xFF, 0x3A, 0xFF, 0x3B, 0xD5, 0x95, 0xBB, 0xCF, 0xEC, 0x51,
  0xD4, 0x10, 0xDD, 0xF7, 0xFF, 0x5B, 0xF7, 0x3A, 0xF7, 0x5B, 0xFF, 0x3B, 0xEE, 0xB8, 0x83, 0x8D,
  0x62, 0xCA, 0x5A, 0xAA, 0x52, 0x69, 0x4A, 0x48, 0x4A, 0x28, 0x42, 0x08, 0x42, 0x08, 0x4A, 0x08,
  0x42, 0x08, 0x3A, 0x07, 0x42, 0x28, 0x42, 0x28, 0x39, 0xE7, 0x42, 0x08, 0x39, 0xE8, 0x39, 0xE8,
  0x39, 0xE7, 0x39, 0xE7, 0x39, 0xE7, 0x39, 0xE7, 0x39, 0xC7, 0x39, 0xC7, 0x39, 0xC7, 0x39, 0xC7,
  0x39, 0xE6, 0x39, 0xE7, 0x39, 0xE8, 0x39, 0xE7, 0x31, 0xE8, 0x39, 0xE7, 0x41, 0xE7, 0x42, 0x08,
  0x3A, 0x08, 0x42, 0x28, 0x4A, 0x29, 0x4A, 0x49, 0x52, 0x69, 0x5A, 0x8A, 0x7B, 0x4C, 0xD5, 0x52,
  0xED, 0xD4, 0xF6, 0x15, 0xF6, 0xF9, 0xFF, 0x5B, 0xFF, 0x5C, 0xF7, 0x3B, 0xF7, 0x1A, 0x9C, 0x71,
  0x62, 0xCB, 0x52, 0xAA, 0x4A, 0x49, 0x4A, 0x28, 0x4A, 0x28, 0x4A, 0x28, 0x4A, 0x29, 0x4A, 0x49,
  0x4A, 0x49, 0x4A, 0x49, 0x4A, 0x48, 0x52, 0x69, 0x5A, 0xAA, 0x6A, 0xCA, 0xBC, 0xB0, 0xE5, 0x52,
  0xDD, 0x52, 0xE5, 0xF5, 0x8B, 0xED, 0x73, 0x6C, 0x7B, 0xAD, 0xD6, 0x17, 0xFF, 0x5B, 0xF7, 0x5B,
  0xFF, 0x7C, 0xFF, 0x7C, 0xFF, 0x7C, 0xFF, 0x5B, 0xFF, 0x3B, 0xF6, 0xB8, 0xDD, 0xD5, 0xB4, 0x90,
  0x83, 0x4B, 0x6A, 0xEA, 0x62, 0xCA, 0x5A, 0x8A, 0x52, 0x69, 0x4A, 0x49, 0x4A, 0x28, 0x4A, 0x28,
  0x42, 0x08, 0x41, 0xE7, 0x39, 0xC6, 0x39, 0xC7, 0x41, 0xE8, 0x41, 0xE8, 0x41, 0xE8, 0x41, 0xE8,
  0x42, 0x08, 0x42, 0x08, 0x42, 0x08, 0x42, 0x08, 0x42, 0x08, 0x3A, 0x07, 0x42, 0x28, 0x4A, 0x29,
  0x4A, 0x29, 0x4A, 0x49, 0x52, 0x6A, 0x52, 0x69, 0x93, 0x8E, 0xC4, 0xB2, 0xB4, 0x92, 0xAC, 0x71,
  0xD5, 0xF7, 0xE6, 0x58, 0xEE, 0xBA, 0xEE, 0xFA, 0xF6, 0xFA, 0xF7, 0x1B, 0xF7, 0x3B, 0xF7, 0x3B,
  0xFF, 0x5C, 0xFF, 0x5C, 0xFF, 0x5C, 0xFF, 0x7C, 0xFF, 0x5C, 0xFF, 0x5C, 0xFF, 0x5C, 0xFF, 0x5B,
  0xFF, 0x5B, 0xFF, 0x5C, 0xFF, 0x5B, 0xF7, 0x3A, 0xF7, 0x3A, 0xEE, 0xF9, 0xF6, 0xFA, 0xBD, 0x34,
  0xA4, 0x51, 0xCD, 0x34, 0xDD, 0x96, 0xB4, 0x72, 0x62, 0xAA, 0x5A, 0xCB, 0x52, 0x8A, 0x52, 0x89,
  0x52, 0x8A, 0x52, 0x8B, 0x52, 0xAB, 0x52, 0x8A, 0x52, 0xAA, 0x52, 0xAB, 0x52, 0xCB, 0x5A, 0xEB,
  0x63, 0x2C, 0x63, 0x4D, 0x6B, 0x8E, 0x73, 0xAF, 0x73, 0xCF, 0x7C, 0x10, 0x84, 0x51, 0x8C, 0x71,
  0x8C, 0x92, 0x8C, 0xB2, 0x94, 0xB2, 0x94, 0xB2, 0x94, 0xD2, 0x94, 0xD2, 0x9C, 0xF3, 0xA5, 0x14,
  0xA5, 0x54, 0xA5, 0x55, 0xA5, 0x54, 0xAD, 0x75, 0xC6, 0x38, 0xEF, 0x5C, 0xF7, 0xBE, 0xF7, 0x9E,
  0xD6, 0xD9, 0xD6, 0xDA, 0xD6, 0xDA, 0xDE, 0xDA, 0xE6, 0xFB, 0xDE, 0xFB, 0xDF, 0x1B, 0xDF, 0x1B,
  0xDF, 0x1B, 0xDF, 0x1B, 0xE7, 0x1B, 0xE6, 0xFA, 0xEF, 0x1B, 0xE7, 0x3C, 0xF7, 0x5C, 0xF7, 0x5B,
  0xF7, 0x7C, 0xE6, 0xFB, 0xEF, 0x1B, 0xFF, 0x9D, 0xFF, 0x7C, 0xFF, 0x7C, 0xFF, 0x7D, 0xFF, 0x9D,
  0xDE, 0xB9, 0xD6, 0xD9, 0xEF, 0x7D, 0xEF, 0x5D, 0xEF, 0x7D, 0xAD, 0x34, 0x83, 0xEF, 0x7B, 0xEF,
  0x7B, 0xEF, 0x83, 0xCE, 0xC5, 0xD6, 0xFF, 0x5B, 0xF7, 0x3A, 0xFF, 0x5C, 0xFF, 0x5B, 0xFF, 0x5B,
  0xD6, 0x16, 0xEE, 0xD9, 0xFF, 0x5B, 0xF6, 0xB8, 0xEE, 0x36, 0xF6, 0x56, 0xDD, 0xB4, 0xD5, 0xF5,
  0xFF, 0x7B, 0xF7, 0x5A, 0xFF, 0x5B, 0xFF, 0x5B, 0xF7, 0x1A, 0xFF, 0x3B, 0xCD, 0x74, 0xBB, 0xEF,
  0xDC, 0x30, 0xD5, 0x95, 0xFF, 0x5B, 0xFF, 0x5B, 0xFF, 0x5B, 0xFF, 0x3B, 0xFF, 0x1B, 0xA4, 0x90,
  0x6A, 0xEA, 0x5A, 0xCB, 0x52, 0x69, 0x4A, 0x49, 0x4A, 0x28, 0x42, 0x08, 0x42, 0x08, 0x42, 0x08,
  0x42, 0x08, 0x42, 0x08, 0x42, 0x08, 0x42, 0x08, 0x39, 0xE8, 0x39, 0xE8, 0x39, 0xE8, 0x39, 0xE7,
  0x39, 0xE7, 0x39, 0xE6, 0x39, 0xC7, 0x39, 0xC7, 0x39, 0xC7, 0x39, 0xC7, 0x39, 0xC7, 0x39, 0xC7,
  0x39, 0xC7, 0x39, 0xC7, 0x39, 0xE7, 0x39, 0xE7, 0x39, 0xE7, 0x31, 0xE7, 0x39, 0xE8, 0x42, 0x08,
  0x3A, 0x08, 0x42, 0x28, 0x4A, 0x29, 0x4A, 0x49, 0x52, 0x8A, 0x5A, 0xAA, 0x9C, 0x0E, 0xDD, 0x93,
  0xED, 0xD4, 0xF6, 0x97, 0xFF, 0x5A, 0xFF, 0x7B, 0xFF, 0x7C, 0xF7, 0x5B, 0xF7, 0x3B, 0xAD, 0x12,
  0x6A, 0xEB, 0x5A, 0xAA, 0x52, 0x69, 0x4A, 0x48, 0x42, 0x28, 0x4A, 0x28, 0x4A, 0x29, 0x4A, 0x49,
  0x42, 0x49, 0x4A, 0x49, 0x52, 0x68, 0x52, 0x69, 0x5A, 0xAA, 0x62, 0xCA, 0xB4, 0x90, 0xE5, 0x72,
  0xE5, 0x93, 0xF6, 0x97, 0xAC, 0xB1, 0x7B, 0x6D, 0x7B, 0xAD, 0xCD, 0xD6, 0xFF, 0x3B, 0xF7, 0x3B,
  0xFF, 0x7C, 0xFF, 0x7C, 0xFF, 0x7C, 0xFF, 0x5B, 0xFF, 0x7B, 0xEE, 0xB9, 0xC5, 0x52, 0xCD, 0x32,
  0xCD, 0x52, 0x93, 0xED, 0x6A, 0xEA, 0x5A, 0xCA, 0x52, 0x8A, 0x52, 0x69, 0x4A, 0x49, 0x4A, 0x49,
  0x42, 0x08, 0x42, 0x08, 0x39, 0xE7, 0x39, 0xC7, 0x41, 0xE8, 0x41, 0xE8, 0x41, 0xE8, 0x42, 0x08,
  0x42, 0x08, 0x42, 0x08, 0x42, 0x08, 0x42, 0x08, 0x42, 0x08, 0x3A, 0x07, 0x42, 0x28, 0x4A, 0x29,
  0x4A, 0x29, 0x4A, 0x49, 0x52, 0x6A, 0x5A, 0x6A, 0x8B, 0x8E, 0xBC, 0x72, 0xC4, 0xD4, 0xC4, 0xF4,
  0xCD, 0x15, 0xDD, 0xD7, 0xDD, 0xF7, 0xDD, 0xF7, 0xDD, 0xF7, 0xE6, 0x18, 0xE6, 0x38, 0xE6, 0x38,
  0xDE, 0x18, 0xDD, 0xF7, 0xD5, 0xF7, 0xDD, 0xF7, 0xD5, 0xF7, 0xD5, 0xF7, 0xD5, 0xF7, 0xD5, 0xF7,
  0xD5, 0xD6, 0xCD, 0xB6, 0xCD, 0x95, 0xC5, 0x54, 0xBD, 0x34, 0xCD, 0x75, 0xBC, 0xF3, 0xC5, 0x34,
  0xD5, 0x76, 0xD5, 0x55, 0xDD, 0x96, 0xA4, 0x31, 0x62, 0xAA, 0x5A, 0xAB, 0x52, 0x8A, 0x52, 0x8A,
  0x4A, 0x69, 0x4A, 0x6A, 0x52, 0x6A, 0x52, 0x6A, 0x52, 0x89, 0x4A, 0x8A, 0x52, 0xAA, 0x52, 0xAB,
  0x5A, 0xCB, 0x5A, 0xEB, 0x63, 0x0C, 0x6B, 0x8D, 0x73, 0xAE, 0x7B, 0xCF, 0x84, 0x10, 0x84, 0x50,
  0x84, 0x51, 0x8C, 0x72, 0x94, 0x91, 0x94, 0xB2, 0x94, 0xD2, 0x9C, 0xF3, 0x9D, 0x14, 0x9C, 0xF3,
  0x9D, 0x13, 0xAD, 0x55, 0xBD, 0xF7, 0xD6, 0xBA, 0xEF, 0x7D, 0xEF, 0x9D, 0xEF, 0xBD, 0xF7, 0xBE,
  0xCE, 0xBA, 0xCE, 0xBA, 0xD6, 0xBA, 0xD6, 0xBA, 0xD6, 0xDA, 0xDE, 0xDA, 0xDE, 0xDA, 0xDE, 0xDA,
  0xDE, 0xDA, 0xDE, 0xDA, 0xD6, 0xFB, 0xDE, 0xFB, 0xE6, 0xFB, 0xE7, 0x1B, 0xEF, 0x3C, 0xEF, 0x5B,
  0xF7, 0x7C, 0xF7, 0x7C, 0xE6, 0xDA, 0xEF, 0x3B, 0xFF, 0x9D, 0xFF, 0x9C, 0xFF, 0x9D, 0xFF, 0x9D,
  0xFF, 0x9D, 0xDE, 0xB9, 0xDE, 0xFA, 0xFF, 0xDE, 0xDE, 0xBA, 0x8C, 0x30, 0x84, 0x0F, 0x7B, 0xCE,
  0x7B, 0xCE, 0x7B, 0xCE, 0xCD, 0xF5, 0xFF, 0x5A, 0xF7, 0x3B, 0xFF, 0x5C, 0xFF, 0x5C, 0xFF, 0x3B,
  0xEE, 0x78, 0xDD, 0xF5, 0xF7, 0x1A, 0xF6, 0xD8, 0xE6, 0x15, 0xEE, 0x35, 0xF6, 0x35, 0xD5, 0x93,
  0xEE, 0xD9, 0xFF, 0x5B, 0xFF, 0x3A, 0xFF, 0x5B, 0xFF, 0x3B, 0xF6, 0xFA, 0xFF, 0x1A, 0xCD, 0x54,
  0xAB, 0xCE, 0xC5, 0x33, 0xFF, 0x3B, 0xFF, 0x5B, 0xFF, 0x7B, 0xF7, 0x3A, 0xFF, 0x5B, 0xC5, 0x94,
  0x6B, 0x0B, 0x62, 0xEB, 0x52, 0x8A, 0x4A, 0x49, 0x4A, 0x28, 0x42, 0x07, 0x42, 0x08, 0x42, 0x28,
  0x3A, 0x08, 0x42, 0x08, 0x42, 0x08, 0x42, 0x08, 0x39, 0xE8, 0x31, 0xE8, 0x39, 0xE8, 0x39, 0xE7,
  0x39, 0xE6, 0x39, 0xE7, 0x39, 0xC7, 0x39, 0xC7, 0x39, 0xC7, 0x39, 0xC7, 0x39, 0xC7, 0x39, 0xC7,
  0x39, 0xC7, 0x39, 0xC7, 0x39, 0xE6, 0x39, 0xE7, 0x39, 0xE6, 0x39, 0xC7, 0x39, 0xE8, 0x42, 0x08,
  0x42, 0x28, 0x42, 0x28, 0x4A, 0x49, 0x52, 0x49, 0x5A, 0xAA, 0x62, 0xCA, 0xBC, 0xB0, 0xED, 0xB3,
  0xED, 0xF5, 0xF6, 0xF9, 0xFF, 0x7B, 0xFF, 0x7C, 0xFF, 0x7C, 0xF7, 0x5B, 0xFF, 0x5B, 0xC5, 0xB5,
  0x6B, 0x0B, 0x5A, 0xCB, 0x52, 0x69, 0x4A, 0x48, 0x42, 0x28, 0x4A, 0x28, 0x4A, 0x29, 0x4A, 0x49,
  0x4A, 0x49, 0x4A, 0x49, 0x52, 0x68, 0x52, 0x69, 0x5A, 0xAA, 0x62, 0xC9, 0xAC, 0x6F, 0xE5, 0x93,
  0xE5, 0xD4, 0xFE, 0xD9, 0xD5, 0xF6, 0x83, 0x8D, 0x83, 0xAD, 0xC5, 0x95, 0xFF, 0x3B, 0xF7, 0x3B,
  0xFF, 0x7C, 0xFF, 0x5C, 0xFF, 0x7C, 0xFF, 0x7C, 0xE6, 0x98, 0xD6, 0x36, 0xEE, 0xD9, 0xF6, 0xF9,
  0xE6, 0x15, 0xD5, 0xB4, 0xA4, 0x4F, 0x6A, 0xEA, 0x6B, 0x0B, 0x5A, 0xAA, 0x52, 0x89, 0x52, 0x69,
  0x4A, 0x29, 0x42, 0x28, 0x42, 0x08, 0x39, 0xE7, 0x39, 0xE8, 0x41, 0xE8, 0x42, 0x08, 0x42, 0x08,
  0x42, 0x08, 0x42, 0x08, 0x42, 0x08, 0x42, 0x08, 0x42, 0x08, 0x3A, 0x27, 0x42, 0x28, 0x4A, 0x29,
  0x4A, 0x49, 0x4A, 0x49, 0x52, 0x6A, 0x52, 0x8A, 0x73, 0x0C, 0xBC, 0x72, 0xCC, 0xB3, 0xD5, 0x14,
  0xDD, 0x76, 0xF6, 0x3A, 0xFE, 0xBB, 0xF6, 0xBB, 0xF6, 0xBC, 0xF6, 0xBB, 0xF6, 0xBB, 0xF6, 0xBB,
  0xF6, 0xBA, 0xF6, 0x9A, 0xF6, 0x9A, 0xEE, 0x7A, 0xEE, 0x7A, 0xEE, 0x7A, 0xEE, 0x7A, 0xEE, 0x5A,
  0xEE, 0x59, 0xEE, 0x59, 0xEE, 0x59, 0xE6, 0x18, 0xC5, 0x14, 0xEE, 0x59, 0xD5, 0x96, 0xF6, 0x7A,
  0xF6, 0xBA, 0xDD, 0x96, 0xDD, 0x96, 0x93, 0xF0, 0x5A, 0xAB, 0x5A, 0xAA, 0x5A, 0x8A, 0x52, 0x6A,
  0x52, 0x6A, 0x52, 0x6A, 0x4A, 0x69, 0x52, 0x69, 0x52, 0x6A, 0x52, 0x6A, 0x52, 0x6A, 0x4A, 0x6A,
  0x4A, 0x89, 0x52, 0x8A, 0x5A, 0xCB, 0x63, 0x0C, 0x63, 0x2D, 0x73, 0x8E, 0x7B, 0xCF, 0x7B, 0xF0,
  0x84, 0x30, 0x84, 0x51, 0x8C, 0x71, 0x8C, 0x91, 0x8C, 0x91, 0x94, 0xD2, 0x9C, 0xF3, 0xA5, 0x54,
  0xBE, 0x17, 0xD6, 0xDA, 0xE7, 0x3C, 0xEF, 0x7D, 0xEF, 0x7D, 0xE7, 0x7E, 0xEF, 0x9E, 0xF7, 0xBE,
  0xC6, 0xBA, 0xCE, 0xB9, 0xD6, 0xB9, 0xD6, 0xBA, 0xCE, 0xBA, 0xD6, 0xB9, 0xD6, 0xBA, 0xD6, 0xB9,
  0xD6, 0xB9, 0xD6, 0xB9, 0xD6, 0xDA, 0xDE, 0xDA, 0xE6, 0xFB, 0xE7, 0x1A, 0xE7, 0x1B, 0xEF, 0x3C,
  0xF7, 0x5C, 0xF7, 0x7C, 0xF7, 0x7C, 0xDE, 0xBA, 0xEF, 0x3B, 0xFF, 0xBD, 0xFF, 0x7C, 0xFF, 0x9D,
  0xFF, 0x9D, 0xFF, 0x9D, 0xDE, 0xB9, 0xDE, 0xDA, 0xBD, 0xB6, 0x84, 0x0F, 0x7B, 0xEF, 0x7B, 0x8E,
  0x7B, 0xAE, 0x7B, 0xAE, 0xCD, 0xF5, 0xFF, 0x3A, 0xFF, 0x3B, 0xFF, 0x5C, 0xFF, 0x7C, 0xF7, 0x3B,
  0xF6, 0x98, 0xEE, 0x36, 0xDD, 0xD4, 0xF6, 0xD8, 0xEE, 0x35, 0xEE, 0x14, 0xF6, 0x35, 0xE5, 0xD4,
  0xD5, 0xD4, 0xFF, 0x5B, 0xF7, 0x3A, 0xFF, 0x5B, 0xFF, 0x3B, 0xFF, 0x3A, 0xF6, 0xB8, 0xF6, 0x57,
  0xBC, 0xB1, 0xCD, 0x94, 0xFF, 0x7B, 0xF7, 0x5B, 0xFF, 0x7C, 0xF7, 0x5B, 0xF7, 0x3B, 0xDE, 0x57,
  0x7B, 0x6C, 0x62, 0xEB, 0x52, 0x8A, 0x52, 0x69, 0x4A, 0x28, 0x42, 0x07, 0x42, 0x08, 0x42, 0x08,
  0x3A, 0x08, 0x42, 0x08, 0x42, 0x08, 0x42, 0x08, 0x39, 0xE8, 0x39, 0xE8, 0x39, 0xE7, 0x39, 0xC6,
  0x39, 0xC7, 0x39, 0xC7, 0x39, 0xC7, 0x39, 0xC7, 0x39, 0xC7, 0x39, 0xC7, 0x39, 0xC7, 0x39, 0xC7,
  0x39, 0xC7, 0x39, 0xC7, 0x39, 0xE7, 0x39, 0xE7, 0x39, 0xC7, 0x31, 0xC7, 0x39, 0xE8, 0x42, 0x08,
  0x42, 0x27, 0x4A, 0x28, 0x4A, 0x49, 0x52, 0x69, 0x5A, 0xAA, 0x7B, 0x2C, 0xD5, 0x52, 0xED, 0xD3,
  0xF6, 0x77, 0xFF, 0x3B, 0xFF, 0x7C, 0xFF, 0x7C, 0xFF, 0x7C, 0xFF, 0x7B, 0xFF, 0x5B, 0xDE, 0x78,
  0x7B, 0x8D, 0x62, 0xCB, 0x52, 0x89, 0x4A, 0x48, 0x4A, 0x28, 0x4A, 0x28, 0x4A, 0x29, 0x42, 0x49,
  0x4A, 0x49, 0x52, 0x69, 0x4A, 0x68, 0x52, 0x69, 0x5A, 0xAA, 0x62, 0xC9, 0xA4, 0x2E, 0xDD, 0x92,
  0xE5, 0xF4, 0xFE, 0xD8, 0xE6, 0x99, 0x94, 0x2F, 0x7B, 0x8D, 0xB5, 0x33, 0xFF, 0x3B, 0xFF, 0x3B,
  0xFF, 0x5B, 0xFF, 0x7C, 0xF7, 0x7B, 0xDE, 0x78, 0xDE, 0x77, 0xFF, 0x5B, 0xFF, 0x5B, 0xFF, 0x3A,
  0xF7, 0x1A, 0xEE, 0x57, 0xD5, 0xD5, 0x9C, 0x4F, 0x6B, 0x0B, 0x62, 0xEB, 0x5A, 0xAA, 0x52, 0x89,
  0x52, 0x49, 0x4A, 0x49, 0x4A, 0x28, 0x41, 0xE8, 0x39, 0xC7, 0x39, 0xE8, 0x42, 0x08, 0x42, 0x08,
  0x42, 0x08, 0x42, 0x08, 0x42, 0x08, 0x42, 0x08, 0x3A, 0x07, 0x42, 0x28, 0x42, 0x28, 0x4A, 0x29,
  0x4A, 0x49, 0x4A, 0x49, 0x4A, 0x69, 0x52, 0x8A, 0x62, 0xAB, 0xA4, 0x11, 0xCC, 0xB3, 0xCC, 0xF4,
  0xDD, 0x56, 0xE5, 0x97, 0xF6, 0x5A, 0xFE, 0x9B, 0xFE, 0x9B, 0xFE, 0xBC, 0xFE, 0xBC, 0xFE, 0xBC,
  0xFE, 0xDC, 0xFE, 0xDC, 0xFE, 0xDC, 0xFE, 0xDC, 0xFE, 0xDC, 0xFE, 0xDC, 0xFE, 0xDC, 0xFE, 0xDC,
  0xFE, 0xBB, 0xFE, 0xBC, 0xFE, 0xDC, 0xFE, 0x9A, 0xD5, 0x96, 0xF6, 0x7A, 0xCD, 0x55, 0xEE, 0x5A,
  0xF6, 0x9B, 0xEE, 0x39, 0xE5, 0xF8, 0x8B, 0xAE, 0x5A, 0xAA, 0x5A, 0xAA, 0x52, 0x6A, 0x52, 0x49,
  0x4A, 0x49, 0x4A, 0x49, 0x42, 0x48, 0x4A, 0x49, 0x4A, 0x69, 0x4A, 0x69, 0x4A, 0x69, 0x4A, 0x69,
  0x52, 0x6A, 0x4A, 0x8A, 0x52, 0xAA, 0x6B, 0x6E, 0x73, 0xCE, 0x73, 0xCE, 0x7B, 0xCE, 0x7B, 0xEF,
  0x7C, 0x10, 0x84, 0x50, 0x8C, 0x71, 0x9C, 0xD3, 0xAD, 0x55, 0xBE, 0x17, 0xCE, 0x79, 0xDE, 0xFB,
  0xE7, 0x3C, 0xE7, 0x5D, 0xE7, 0x5D, 0xEF, 0x5C, 0xEF, 0x7D, 0xEF, 0x9E, 0xF7, 0xBE, 0xF7, 0xBE,
  0xC6, 0xB8, 0xCE, 0xB9, 0xD6, 0xB9, 0xD6, 0xB9, 0xD6, 0xBA, 0xD6, 0xBA, 0xCE, 0xBA, 0xCE, 0xBA,
  0xCE, 0xBA, 0xCE, 0xBA, 0xD6, 0xD9, 0xDE, 0xDA, 0xDE, 0xFB, 0xE6, 0xFB, 0xE7, 0x1B, 0xEF, 0x3C,
  0xF7, 0x5C, 0xF7, 0x7B, 0xF7, 0x7C, 0xF7, 0x7D, 0xE6, 0xDA, 0xEF, 0x3C, 0xFF, 0xBD, 0xFF, 0x7C,
  0xFF, 0x9D, 0xFF, 0x9D, 0xFF, 0x7C, 0xDE, 0x99, 0x9C, 0x91, 0x8C, 0x2F, 0x7B, 0xCE, 0x73, 0x8D,
  0x7B, 0xAE, 0x73, 0xAD, 0xC5, 0xB5, 0xEF, 0x19, 0xF7, 0x3A, 0xFF, 0x5C, 0xFF, 0x5B, 0xFF, 0x3B,
  0xF6, 0x98, 0xF6, 0x57, 0xE5, 0xF5, 0xCD, 0x52, 0xEE, 0x15, 0xED, 0xF5, 0xE6, 0x14, 0xEE, 0x14,
  0xCD, 0x52, 0xEE, 0xD8, 0xFF, 0x5B, 0xFF, 0x5A, 0xFF, 0x3A, 0xF6, 0xB8, 0xEE, 0x56, 0xEE, 0x16,
  0xCD, 0x53, 0xEE, 0x98, 0xFF, 0x7B, 0xF7, 0x7B, 0xFF, 0x7C, 0xFF, 0x7C, 0xFF, 0x3B, 0xF7, 0x1A,
  0xA4, 0x90, 0x62, 0xEB, 0x5A, 0xAA, 0x52, 0x69, 0x4A, 0x49, 0x42, 0x28, 0x42, 0x27, 0x42, 0x08,
  0x3A, 0x08, 0x42, 0x08, 0x42, 0x08, 0x39, 0xE8, 0x31, 0xE8, 0x39, 0xE7, 0x39, 0xE7, 0x39, 0xC7,
  0x39, 0xC7, 0x39, 0xC7, 0x39, 0xC7, 0x39, 0xC7, 0x39, 0xC7, 0x39, 0xC7, 0x39, 0xC7, 0x39, 0xC7,
  0x39, 0xC7, 0x39, 0xC7, 0x39, 0xE7, 0x39, 0xE7, 0x39, 0xC7, 0x31, 0xC7, 0x39, 0xE8, 0x42, 0x08,
  0x42, 0x27, 0x4A, 0x28, 0x4A, 0x49, 0x5A, 0x8A, 0x5A, 0xAA, 0x93, 0xEE, 0xE5, 0xB4, 0xED, 0xF4,
  0xF6, 0xD9, 0xFF, 0x7B, 0xFF, 0x7B, 0xFF, 0x7C, 0xFF, 0x7C, 0xFF, 0x7B, 0xF7, 0x3B, 0xEE, 0xFA,
  0x94, 0x2F, 0x62, 0xCB, 0x5A, 0xAA, 0x52, 0x69, 0x4A, 0x28, 0x4A, 0x28, 0x4A, 0x29, 0x42, 0x49,
  0x4A, 0x49, 0x52, 0x69, 0x4A, 0x68, 0x52, 0x69, 0x5A, 0xAA, 0x62, 0xCA, 0x9B, 0xED, 0xDD, 0x93,
  0xEE, 0x14, 0xF6, 0xD9, 0xFF, 0x1A, 0xB4, 0xF2, 0x7B, 0x8D, 0xB4, 0xF2, 0xF7, 0x1B, 0xF7, 0x3B,
  0xFF, 0x5B, 0xF7, 0x5B, 0xDE, 0x57, 0xEE, 0xD9, 0xFF, 0x9C, 0xFF, 0x7B, 0xF7, 0x5C, 0xFF, 0x5C,
  0xFF, 0x5B, 0xFF, 0x3B, 0xF6, 0xD9, 0xDE, 0x37, 0xA4, 0x90, 0x73, 0x2B, 0x63, 0x0B, 0x5A, 0xCA,
  0x52, 0x8A, 0x52, 0x49, 0x4A, 0x28, 0x42, 0x08, 0x39, 0xE7, 0x39, 0xE7, 0x41, 0xE7, 0x42, 0x08,
  0x42, 0x08, 0x42, 0x08, 0x42, 0x08, 0x42, 0x08, 0x3A, 0x07, 0x42, 0x28, 0x4A, 0x29, 0x4A, 0x29,
  0x42, 0x29, 0x4A, 0x49, 0x52, 0x6A, 0x52, 0xAA, 0x62, 0xAA, 0x8B, 0x6D, 0xC4, 0xB3, 0xCC, 0xF4,
  0xDD, 0x36, 0xDD, 0x76, 0xE5, 0xB7, 0xF6, 0x3A, 0xF6, 0x7A, 0xFE, 0x9B, 0xFE, 0x9B, 0xFE, 0x9C,
  0xFE, 0xBC, 0xFE, 0xDC, 0xFE, 0xDC, 0xFE, 0xDC, 0xFE, 0xDC, 0xFE, 0xDC, 0xFE, 0xDC, 0xFE, 0xDC,
  0xFE, 0xBC, 0xFE, 0x9C, 0xFE, 0xBC, 0xF6, 0x7A, 0xDD, 0x97, 0xF6, 0x7A, 0xD5, 0x76, 0xF6, 0x7A,
  0xFE, 0x9B, 0xF6, 0x5A, 0xED, 0xF8, 0x8B, 0x6E, 0x5A, 0x8A, 0x52, 0x8A, 0x52, 0x69, 0x4A, 0x49,
  0x42, 0x48, 0x42, 0x48, 0x4A, 0x49, 0x4A, 0x49, 0x42, 0x48, 0x42, 0x48, 0x42, 0x48, 0x4A, 0x69,
  0x52, 0x6A, 0x52, 0x8A, 0x4A, 0x89, 0x63, 0x2C, 0x94, 0x92, 0xB5, 0x96, 0xB5, 0xB6, 0xB5, 0xB6,
  0xBD, 0xD7, 0xC6, 0x18, 0xC6, 0x58, 0xD6, 0xBA, 0xDE, 0xFB, 0xDF, 0x1C, 0xE7, 0x3C, 0xE7, 0x3C,
  0xE7, 0x3D, 0xE7, 0x5C, 0xEF, 0x7D, 0xEF, 0x7D, 0xE7, 0x9E, 0xEF, 0x9E, 0xEF, 0x9E, 0xEF, 0xBE,
  0xCE, 0xB9, 0xCE, 0xB9, 0xD6, 0xBA, 0xD6, 0xB9, 0xD6, 0xB9, 0xD6, 0xB9, 0xD6, 0xB9, 0xD6, 0xB9,
  0xD6, 0xB9, 0xCE, 0xB9, 0xD6, 0xDA, 0xDE, 0xDA, 0xDE, 0xFB, 0xE6, 0xFB, 0xE7, 0x1B, 0xEF, 0x3C,
  0xF7, 0x5C, 0xF7, 0x7C, 0xF7, 0x5C, 0xF7, 0x7D, 0xFF, 0x9D, 0xE6, 0xFB, 0xEF, 0x5C, 0xFF, 0x9D,
  0xFF, 0x9C, 0xFF, 0x7D, 0xFF, 0x5C, 0xFF, 0x7C, 0xD6, 0x17, 0x8C, 0x30, 0x83, 0xCF, 0x7B, 0xCE,
  0x7B, 0xAE, 0x7B, 0x8E, 0xC5, 0xB5, 0xE6, 0xB8, 0xCD, 0xD5, 0xFF, 0x5C, 0xFF, 0x5B, 0xFF, 0x3B,
  0xF6, 0xB8, 0xEE, 0x36, 0xF6, 0x55, 0xDD, 0x93, 0xD5, 0x32, 0xEE, 0x15, 0xE5, 0xF4, 0xEE, 0x14,
  0xDD, 0x92, 0xCD, 0x72, 0xF6, 0xD8, 0xF6, 0x97, 0xEE, 0x76, 0xEE, 0x36, 0xEE, 0x56, 0xE5, 0xD5,
  0xCD, 0x94, 0xFF, 0x5B, 0xF7, 0x5B, 0xFF, 0x7C, 0xFF, 0x7C, 0xFF, 0x7C, 0xF7, 0x5B, 0xFF, 0x3B,
  0xCD, 0x95, 0x6B, 0x0B, 0x62, 0xCA, 0x52, 0x89, 0x4A, 0x49, 0x42, 0x28, 0x42, 0x07, 0x42, 0x08,
  0x42, 0x08, 0x42, 0x08, 0x42, 0x08, 0x39, 0xE8, 0x31, 0xE8, 0x39, 0xE7, 0x39, 0xE6, 0x39, 0xC7,
  0x39, 0xC7, 0x39, 0xC7, 0x39, 0xC7, 0x39, 0xC7, 0x39, 0xC7, 0x39, 0xC7, 0x39, 0xC7, 0x39, 0xC7,
  0x39, 0xC7, 0x39, 0xC7, 0x39, 0xE7, 0x39, 0xE7, 0x39, 0xC7, 0x31, 0xC7, 0x39, 0xE8, 0x42, 0x08,
  0x42, 0x27, 0x4A, 0x28, 0x4A, 0x49, 0x5A, 0xAA, 0x6A, 0xCA, 0xB4, 0xB0, 0xE5, 0xD4, 0xEE, 0x36,
  0xFF, 0x3A, 0xFF, 0x5B, 0xFF, 0x7C, 0xFF, 0x9C, 0xFF, 0x7C, 0xFF, 0x7C, 0xF7, 0x3A, 0xF7, 0x3B,
  0xA4, 0xD2, 0x62, 0xEB, 0x62, 0xAA, 0x52, 0x69, 0x4A, 0x28, 0x4A, 0x08, 0x4A, 0x29, 0x4A, 0x49,
  0x4A, 0x49, 0x52, 0x69, 0x52, 0x68, 0x52, 0x69, 0x5A, 0xAA, 0x5A, 0xCA, 0x8B, 0xAD, 0xDD, 0x93,
  0xEE, 0x35, 0xFE, 0xF9, 0xF7, 0x3A, 0xC5, 0xB4, 0x83, 0xAD, 0xAC, 0xB2, 0xF7, 0x1A, 0xFF, 0x3B,
  0xF7, 0x5B, 0xD6, 0x57, 0xE6, 0xF9, 0xFF, 0x7C, 0xF7, 0x5C, 0xFF, 0x7C, 0xFF, 0x7C, 0xFF, 0x7C,
  0xFF, 0x7C, 0xFF, 0x5B, 0xFF, 0x3B, 0xFF, 0x1A, 0xE6, 0x98, 0xAD, 0x12, 0x73, 0x4C, 0x62, 0xEB,
  0x5A, 0xCB, 0x52, 0x89, 0x52, 0x49, 0x4A, 0x28, 0x42, 0x08, 0x39, 0xC7, 0x39, 0xE7, 0x42, 0x08,
  0x42, 0x08, 0x42, 0x08, 0x42, 0x08, 0x3A, 0x28, 0x42, 0x08, 0x4A, 0x28, 0x4A, 0x29, 0x4A, 0x29,
  0x42, 0x29, 0x4A, 0x49, 0x4A, 0x69, 0x52, 0x8A, 0x62, 0xCB, 0x6A, 0xEC, 0xAC, 0x52, 0xCC, 0xF5,
  0xD5, 0x35, 0xDD, 0x56, 0xE5, 0x77, 0xDD, 0x56, 0xDD, 0x57, 0xFE, 0x9B, 0xFE, 0xBC, 0xFE, 0xDC,
  0xFE, 0xBC, 0xFE, 0xBC, 0xFE, 0xDC, 0xFE, 0xDC, 0xFE, 0xDC, 0xFE, 0xDC, 0xFE, 0xDC, 0xFE, 0xDC,
  0xFE, 0xDC, 0xFE, 0xBC, 0xFE, 0xBC, 0xEE, 0x7A, 0xE5, 0xD8, 0xFE, 0x9A, 0xDD, 0xB7, 0xF6, 0x9B,
  0xFE, 0x9B, 0xFE, 0x5A, 0xED, 0xF8, 0x83, 0x6E, 0x5A, 0x8A, 0x52, 0x69, 0x52, 0x48, 0x4A, 0x49,
  0x42, 0x49, 0x4A, 0x29, 0x4A, 0x29, 0x4A, 0x29, 0x4A, 0x49, 0x4A, 0x49, 0x4A, 0x49, 0x42, 0x48,
  0x4A, 0x49, 0x52, 0x6A, 0x4A, 0x8A, 0x52, 0xAA, 0x5A, 0xCB, 0x7B, 0xEF, 0xA5, 0x34, 0xC6, 0x38,
  0xCE, 0x9A, 0xD6, 0xBA, 0xD6, 0xDA, 0xD6, 0xDA, 0xD6, 0xDA, 0xD6, 0xFB, 0xDF, 0x1B, 0xDF, 0x3C,
  0xDF, 0x5D, 0xE7, 0x5C, 0xEF, 0x5C, 0xE7, 0x7D, 0xEF, 0x7D, 0xE7, 0x7E, 0xE7, 0x7D, 0xEF, 0x9D,
  0xCE, 0xBA, 0xD6, 0xBA, 0xD6, 0xDA, 0xD6, 0xBA, 0xD6, 0xB9, 0xD6, 0xB8, 0xCE, 0x98, 0xCE, 0x99,
  0xD6, 0xB8, 0xD6, 0xB9, 0xDE, 0xDA, 0xDE, 0xDA, 0xDE, 0xFB, 0xE7, 0x1B, 0xE7, 0x1B, 0xEF, 0x3C,
  0xF7, 0x5C, 0xF7, 0x7D, 0xFF, 0x7D, 0xFF, 0x7C, 0xFF, 0xBD, 0xFF, 0xDE, 0xE6, 0xFA, 0xEF, 0x5C,
  0xFF, 0x9D, 0xFF, 0x7C, 0xFF, 0x7C, 0xF7, 0x3B, 0xF7, 0x5C, 0xCE, 0x17, 0x8B, 0xEF, 0x83, 0xCE,
  0x83, 0xCF, 0x7B, 0xAE, 0xBD, 0x94, 0xF7, 0x3A, 0xD5, 0xF5, 0xD6, 0x37, 0xFF, 0x7B, 0xFF, 0x3B,
  0xF6, 0xD9, 0xEE, 0x36, 0xF6, 0x15, 0xF6, 0x35, 0xD5, 0x52, 0xD5, 0x52, 0xEE, 0x15, 0xED, 0xD3,
  0xED, 0xF4, 0xC4, 0xF1, 0xDD, 0xD4, 0xEE, 0x15, 0xEE, 0x15, 0xEE, 0x35, 0xF6, 0x56, 0xD5, 0x94,
  0xE6, 0x77, 0xFF, 0x7B, 0xF7, 0x5B, 0xFF, 0x7C, 0xFF, 0x7C, 0xFF, 0x7C, 0xF7, 0x5B, 0xFF, 0x3B,
  0xDE, 0x58, 0x7B, 0x6D, 0x62, 0xCB, 0x52, 0x8A, 0x4A, 0x49, 0x4A, 0x28, 0x4A, 0x07, 0x42, 0x08,
  0x3A, 0x08, 0x42, 0x08, 0x42, 0x08, 0x39, 0xE8, 0x31, 0xE8, 0x39, 0xE7, 0x39, 0xC6, 0x39, 0xC7,
  0x39, 0xC7, 0x39, 0xC7, 0x39, 0xC7, 0x39, 0xC7, 0x39, 0xC7, 0x39, 0xC7, 0x39, 0xC7, 0x39, 0xC7,
  0x39, 0xC7, 0x39, 0xC7, 0x39, 0xE7, 0x39, 0xE7, 0x39, 0xC7, 0x31, 0xC7, 0x39, 0xE8, 0x42, 0x08,
  0x4A, 0x28, 0x4A, 0x28, 0x52, 0x69, 0x5A, 0xAA, 0x7B, 0x2B, 0xCD, 0x52, 0xE5, 0xD4, 0xF6, 0xB8,
  0xFF, 0x5B, 0xFF, 0x7B, 0xFF, 0x7C, 0xFF, 0x9C, 0xFF, 0x7C, 0xFF, 0x7C, 0xFF, 0x5B, 0xFF, 0x5B,
  0xC5, 0x95, 0x6B, 0x0B, 0x5A, 0xCA, 0x52, 0x69, 0x4A, 0x28, 0x4A, 0x08, 0x4A, 0x29, 0x4A, 0x49,
  0x52, 0x69, 0x52, 0x69, 0x52, 0x68, 0x52, 0x69, 0x5A, 0x8A, 0x5A, 0xAA, 0x83, 0x8C, 0xD5, 0x73,
  0xEE, 0x77, 0xFF, 0x19, 0xFF, 0x3A, 0xDE, 0x57, 0x8B, 0xEE, 0xA4, 0xB1, 0xEE, 0xFA, 0xFF, 0x3B,
  0xF7, 0x1A, 0xE6, 0xF9, 0xFF, 0x9C, 0xF7, 0x7C, 0xFF, 0x7C, 0xFF, 0x7C, 0xFF, 0x7C, 0xFF, 0x7C,
  0xFF, 0x7C, 0xFF, 0x7C, 0xFF, 0x5C, 0xFF, 0x3B, 0xF7, 0x1A, 0xF6, 0xFA, 0xCD, 0xD6, 0x7B, 0x8D,
  0x62, 0xEB, 0x5A, 0xEB, 0x5A, 0xAA, 0x4A, 0x69, 0x42, 0x28, 0x41, 0xE7, 0x41, 0xE7, 0x42, 0x08,
  0x42, 0x28, 0x3A, 0x27, 0x42, 0x28, 0x42, 0x29, 0x42, 0x29, 0x4A, 0x29, 0x42, 0x28, 0x4A, 0x29,
  0x4A, 0x48, 0x4A, 0x49, 0x52, 0x6A, 0x52, 0x8A, 0x62, 0xCB, 0x62, 0xEB, 0x8B, 0x8E, 0xCD, 0x15,
  0xD5, 0x35, 0xD5, 0x55, 0xDD, 0x56, 0xD5, 0x56, 0xCC, 0xF4, 0xF6, 0x7A, 0xED, 0xF8, 0xF6, 0x7B,
  0xFE, 0xBC, 0xFE, 0xBC, 0xFE, 0xDC, 0xFE, 0xDC, 0xFE, 0xDC, 0xFE, 0xDC, 0xFE, 0xDC, 0xFE, 0xDC,
  0xFE, 0xDC, 0xFE, 0xBC, 0xFE, 0xBC, 0xF6, 0x7B, 0xEE, 0x3A, 0xF6, 0x9B, 0xE5, 0xD8, 0xFE, 0xBC,
  0xFE, 0x9B, 0xFE, 0x7A, 0xE5, 0xF8, 0x83, 0x4D, 0x52, 0x6A, 0x52, 0x49, 0x4A, 0x29, 0x42, 0x29,
  0x4A, 0x28, 0x4A, 0x28, 0x42, 0x28, 0x42, 0x29, 0x4A, 0x29, 0x4A, 0x29, 0x4A, 0x29, 0x4A, 0x29,
  0x42, 0x48, 0x4A, 0x49, 0x52, 0x8A, 0x52, 0xAA, 0x52, 0xCB, 0x5A, 0xEB, 0x63, 0x0C, 0x7B, 0xEF,
  0x94, 0xF3, 0xAD, 0x76, 0xBD, 0xF7, 0xCE, 0x79, 0xD6, 0xBA, 0xDE, 0xFB, 0xDF, 0x1C, 0xDF, 0x3C,
  0xDF, 0x3C, 0xE7, 0x3C, 0xE7, 0x3C, 0xE7, 0x5C, 0xE7, 0x5D, 0xEF, 0x7D, 0xEF, 0x7D, 0xEF, 0x7D,
  0xCE, 0xB9, 0xCE, 0xBA, 0xD6, 0xBA, 0xD6, 0xBA, 0xD6, 0xB9, 0xD6, 0xB9, 0xCE, 0x99, 0xCE, 0x98,
  0xD6, 0xB9, 0xD6, 0xBA, 0xDE, 0xD9, 0xDE, 0xDA, 0xDE, 0xFB, 0xE7, 0x1B, 0xEF, 0x3B, 0xEF, 0x3C,
  0xF7, 0x5C, 0xFF, 0x7D, 0xFF, 0x9D, 0xFF, 0x9D, 0xF7, 0xBD, 0xFF, 0xFE, 0xF7, 0xDE, 0xE6, 0xDA,
  0xEF, 0x5C, 0xFF, 0x9D, 0xFF, 0x5C, 0xFF, 0x5C, 0xF7, 0x3B, 0xF7, 0x5B, 0xCE, 0x17, 0x8B, 0xEF,
  0x83, 0xEE, 0x83, 0xCE, 0xB5, 0x33, 0xF7, 0x1A, 0xF7, 0x1A, 0xD5, 0xF6, 0xE6, 0x78, 0xFF, 0x5B,
  0xF6, 0xF9, 0xEE, 0x56, 0xF6, 0x35, 0xEE, 0x14, 0xEE, 0x14, 0xD5, 0x51, 0xDD, 0x93, 0xED, 0xF4,
  0xED, 0xF4, 0xD5, 0x52, 0xD5, 0x72, 0xEE, 0x15, 0xEE, 0x14, 0xF6, 0x15, 0xEE, 0x15, 0xCD, 0x74,
  0xF7, 0x1A, 0xFF, 0x5B, 0xFF, 0x7C, 0xFF, 0x7C, 0xFF, 0x7C, 0xFF, 0x7C, 0xFF, 0x5B, 0xFF, 0x3B,
  0xEE, 0xFA, 0x94, 0x50, 0x62, 0xCB, 0x5A, 0xAA, 0x4A, 0x49, 0x42, 0x28, 0x42, 0x08, 0x42, 0x28,
  0x3A, 0x08, 0x42, 0x08, 0x3A, 0x08, 0x39, 0xE8, 0x39, 0xE7, 0x39, 0xE7, 0x39, 0xC7, 0x39, 0xC7,
  0x39, 0xC7, 0x39, 0xC7, 0x39, 0xC7, 0x39, 0xC7, 0x39, 0xC7, 0x39, 0xC7, 0x39, 0xC7, 0x39, 0xC7,
  0x39, 0xC7, 0x39, 0xC7, 0x39, 0xE7, 0x39, 0xE7, 0x39, 0xC7, 0x31, 0xC7, 0x39, 0xE8, 0x42, 0x08,
  0x4A, 0x28, 0x4A, 0x49, 0x52, 0x89, 0x5A, 0xA9, 0x8B, 0xAD, 0xDD, 0x93, 0xEE, 0x15, 0xFF, 0x1A,
  0xFF, 0x5B, 0xFF, 0x7C, 0xFF, 0x7C, 0xFF, 0x9C, 0xFF, 0x7C, 0xFF, 0x7C, 0xF7, 0x5B, 0xF7, 0x5B,
  0xDE, 0x58, 0x7B, 0x6D, 0x62, 0xEB, 0x52, 0x8A, 0x4A, 0x28, 0x4A, 0x08, 0x4A, 0x29, 0x4A, 0x49,
  0x52, 0x69, 0x52, 0x68, 0x52, 0x69, 0x52, 0x6A, 0x52, 0x8A, 0x5A, 0xCA, 0x7B, 0x4B, 0xCD, 0x32,
  0xEE, 0x77, 0xFF, 0x3A, 0xF7, 0x1A, 0xEE, 0xD9, 0xA4, 0x90, 0xA4, 0x70, 0xEE, 0xD9, 0xF7, 0x3B,
  0xFF, 0x5C, 0xFF, 0x7C, 0xFF, 0x5C, 0xFF, 0x7C, 0xFF, 0x7C, 0xFF, 0x7C, 0xFF, 0x7C, 0xFF, 0x9C,
  0xFF, 0x7C, 0xFF, 0x7C, 0xFF, 0x7C, 0xFF, 0x5C, 0xFF, 0x5B, 0xF7, 0x1A, 0xFF, 0x3B, 0xDE, 0x58,
  0x8B, 0xEE, 0x62, 0xEB, 0x62, 0xEB, 0x5A, 0xAA, 0x4A, 0x69, 0x42, 0x08, 0x39, 0xE8, 0x3A, 0x08,
  0x42, 0x27, 0x42, 0x28, 0x42, 0x28, 0x4A, 0x29, 0x42, 0x29, 0x4A, 0x29, 0x42, 0x29, 0x42, 0x29,
  0x4A, 0x48, 0x52, 0x49, 0x4A, 0x6A, 0x52, 0x8A, 0x62, 0xCB, 0x63, 0x0C, 0x94, 0x31, 0xAC, 0x72,
  0xDD, 0x56, 0xDD, 0x55, 0xDD, 0x56, 0xD5, 0x56, 0xBC, 0x93, 0xE5, 0x97, 0xD5, 0x35, 0xEE, 0x19,
  0xFE, 0x9B, 0xF6, 0x9B, 0xFE, 0xDC, 0xFE, 0xDC, 0xFE, 0xDC, 0xFE, 0xDC, 0xFE, 0xDC, 0xFE, 0xDC,
  0xFE, 0xDC, 0xFE, 0xDC, 0xFE, 0x9C, 0xFE, 0xBC, 0xFE, 0xBC, 0xF6, 0x9A, 0xE5, 0xF8, 0xFE, 0xBC,
  0xF6, 0x9B, 0xF6, 0x7A, 0xE5, 0xB8, 0x7B, 0x2D, 0x52, 0x8A, 0x4A, 0x49, 0x4A, 0x28, 0x4A, 0x29,
  0x42, 0x08, 0x42, 0x08, 0x42, 0x08, 0x42, 0x28, 0x42, 0x29, 0x4A, 0x29, 0x4A, 0x29, 0x4A, 0x29,
  0x4A, 0x29, 0x4A, 0x48, 0x4A, 0x49, 0x4A, 0x8A, 0x52, 0xAA, 0x5A, 0xCB, 0x5A, 0xEC, 0x5B, 0x0C,
  0x63, 0x2C, 0x6B, 0x4D, 0x73, 0xAE, 0x84, 0x30, 0x8C, 0x92, 0xA5, 0x14, 0xAD, 0x75, 0xB5, 0xB6,
  0xBE, 0x17, 0xC6, 0x38, 0xCE, 0x79, 0xCE, 0x99, 0xCE, 0xBA, 0xCE, 0xBA, 0xCE, 0x9A, 0xCE, 0x79,
  0xCE, 0x99, 0xCE, 0x99, 0xCE, 0x99, 0xCE, 0xB9, 0xCE, 0xB9, 0xCE, 0xB9, 0xD6, 0x99, 0xD6, 0xB8,
  0xD6, 0xB9, 0xD6, 0xBA, 0xD6, 0xDA, 0xDE, 0xFA, 0xE6, 0xFB, 0xEF, 0x1B, 0xEF, 0x3C, 0xF7, 0x5C,
  0xFF, 0x7D, 0xFF, 0x7D, 0xFF, 0x9C, 0xFF, 0x9D, 0xFF, 0xBE, 0xFF, 0xDE, 0xFF, 0xFF, 0xF7, 0xBD,
  0xDE, 0xBA, 0xF7, 0x5C, 0xFF, 0x5C, 0xFF, 0x5C, 0xFF, 0x5C, 0xF7, 0x3B, 0xF7, 0x3B, 0xD6, 0x58,
  0x94, 0x50, 0x8B, 0xEF, 0xA4, 0xB1, 0xEE, 0xD9, 0xF7, 0x1A, 0xFF, 0x5B, 0xD5, 0xF6, 0xE6, 0x98,
  0xFF, 0x5B, 0xF6, 0x56, 0xF6, 0x35, 0xF6, 0x14, 0xEE, 0x15, 0xED, 0xF4, 0xCD, 0x11, 0xE5, 0xB3,
  0xED, 0xF4, 0xDD, 0x93, 0xCC, 0xF0, 0xEE, 0x15, 0xED, 0xF5, 0xF6, 0x35, 0xDD, 0xB3, 0xD5, 0xF5,
  0xFF, 0x7B, 0xFF, 0x5B, 0xFF, 0x7C, 0xFF, 0x7C, 0xFF, 0x7C, 0xFF, 0x7C, 0xFF, 0x7C, 0xF7, 0x5B,
  0xFF, 0x3B, 0xBD, 0x54, 0x62, 0xEA, 0x5A, 0xCA, 0x4A, 0x49, 0x42, 0x28, 0x42, 0x08, 0x42, 0x28,
  0x3A, 0x08, 0x42, 0x08, 0x3A, 0x08, 0x39, 0xE8, 0x31, 0xE7, 0x39, 0xE6, 0x39, 0xC7, 0x39, 0xC7,
  0x39, 0xC7, 0x39, 0xC7, 0x39, 0xC7, 0x39, 0xC7, 0x39, 0xC7, 0x39, 0xC7, 0x39, 0xC7, 0x39, 0xC7,
  0x39, 0xC7, 0x39, 0xC7, 0x39, 0xE7, 0x39, 0xE7, 0x39, 0xC7, 0x31, 0xC7, 0x39, 0xE8, 0x42, 0x08,
  0x42, 0x28, 0x4A, 0x49, 0x52, 0x8A, 0x62, 0xCA, 0xA4, 0x4E, 0xE5, 0xD4, 0xF6, 0x98, 0xFF, 0x5B,
  0xFF, 0x5B, 0xFF, 0x7C, 0xFF, 0x7C, 0xFF, 0x7C, 0xFF, 0x7C, 0xFF, 0x7C, 0xFF, 0x5C, 0xF7, 0x3B,
  0xEE, 0xFA, 0x94, 0x4F, 0x62, 0xEB, 0x5A, 0xAA, 0x4A, 0x48, 0x4A, 0x07, 0x4A, 0x29, 0x4A, 0x49,
  0x52, 0x69, 0x52, 0x69, 0x52, 0x6A, 0x52, 0x6A, 0x52, 0x8A, 0x5A, 0xCA, 0x6B, 0x0A, 0xC5, 0x11,
  0xF6, 0x97, 0xFF, 0x3B, 0xF7, 0x1B, 0xFF, 0x3B, 0xB5, 0x32, 0x9C, 0x50, 0xEE, 0xB9, 0xFF, 0x3B,
  0xFF, 0x7B, 0xFF, 0x7C, 0xFF, 0x7C, 0xFF, 0x7B, 0xFF, 0x7C, 0xFF, 0x7C, 0xFF, 0x7C, 0xFF, 0x9C,
  0xFF, 0x7C, 0xFF, 0x7C, 0xFF, 0x7C, 0xFF, 0x7C, 0xFF, 0x7C, 0xFF, 0x5B, 0xF7, 0x1A, 0xFF, 0x3A,
  0xEE, 0xB9, 0x9C, 0x70, 0x6B, 0x0B, 0x63, 0x0B, 0x5A, 0xAA, 0x4A, 0x28, 0x42, 0x08, 0x42, 0x08,
  0x4A, 0x28, 0x4A, 0x29, 0x4A, 0x29, 0x4A, 0x29, 0x4A, 0x29, 0x4A, 0x29, 0x4A, 0x29, 0x42, 0x28,
  0x4A, 0x49, 0x52, 0x6A, 0x52, 0x69, 0x52, 0x8A, 0x62, 0xCB, 0x63, 0x0C, 0xBD, 0xB6, 0xAC, 0xD4,
  0xBC, 0xD3, 0xDD, 0x76, 0xD5, 0x56, 0xDD, 0x56, 0xC4, 0xB4, 0xCC, 0xF5, 0xD5, 0x56, 0xE5, 0xB7,
  0xFE, 0x9B, 0xF6, 0x9B, 0xFE, 0xBC, 0xFE, 0xBC, 0xFE, 0xDC, 0xFE, 0xDC, 0xFE, 0xDC, 0xFE, 0xDC,
  0xFE, 0xDC, 0xFE, 0xBC, 0xFE, 0xBC, 0xFE, 0xBC, 0xFE, 0xBC, 0xF6, 0x9B, 0xEE, 0x5A, 0xFE, 0xBC,
  0xF6, 0x7B, 0xF6, 0x5A, 0xDD, 0x77, 0x73, 0x0D, 0x52, 0x8A, 0x4A, 0x49, 0x4A, 0x08, 0x42, 0x07,
  0x42, 0x08, 0x3A, 0x08, 0x41, 0xE8, 0x42, 0x07, 0x42, 0x08, 0x42, 0x08, 0x42, 0x08, 0x42, 0x08,
  0x42, 0x28, 0x4A, 0x29, 0x4A, 0x48, 0x4A, 0x49, 0x4A, 0x8A, 0x52, 0xAA, 0x52, 0xAB, 0x52, 0xCB,
  0x63, 0x0C, 0x63, 0x2C, 0x63, 0x2C, 0x6B, 0x4D, 0x6B, 0x6D, 0x6B, 0x6E, 0x73, 0xAE, 0x73, 0xCE,
  0x7B, 0xCF, 0x7C, 0x0F, 0x84, 0x30, 0x84, 0x51, 0x84, 0x71, 0x84, 0x51, 0x84, 0x50, 0x84, 0x30,
  0xC6, 0x79, 0xC6, 0x78, 0xCE, 0x98, 0xCE, 0x98, 0xCE, 0x99, 0xCE, 0x99, 0xCE, 0x79, 0xCE, 0x99,
  0xD6, 0x99, 0xD6, 0xB9, 0xDE, 0xDA, 0xDE, 0xFA, 0xE6, 0xFB, 0xE7, 0x1B, 0xEF, 0x3C, 0xF7, 0x5C,
  0xF7, 0x7D, 0xFF, 0x9D, 0xFF, 0x9D, 0xFF, 0x9D, 0xFF, 0xBE, 0xFF, 0xDF, 0xF7, 0xDE, 0xFF, 0xFF,
  0xEF, 0x5D, 0xCE, 0x78, 0xFF, 0x5C, 0xFF, 0x5C, 0xFF, 0x7C, 0xFF, 0x5C, 0xF7, 0x3B, 0xFF, 0x5B,
  0xDE, 0x98, 0x9C, 0x91, 0x94, 0x2F, 0xE6, 0x78, 0xFF, 0x3B, 0xFF, 0x3B, 0xF7, 0x3A, 0xCD, 0xF5,
  0xE6, 0xB8, 0xFE, 0xB8, 0xEE, 0x15, 0xF6, 0x15, 0xED, 0xF5, 0xED, 0xF5, 0xE5, 0x93, 0xD5, 0x11,
  0xE5, 0xD3, 0xE5, 0xB3, 0xC4, 0xF0, 0xE5, 0xD3, 0xED, 0xF4, 0xF6, 0x35, 0xCD, 0x72, 0xE6, 0x77,
  0xFF, 0x7B, 0xF7, 0x5B, 0xFF, 0x7C, 0xFF, 0x7C, 0xFF, 0x7C, 0xFF, 0x7C, 0xFF, 0x7C, 0xF7, 0x5B,
  0xFF, 0x3B, 0xD6, 0x17, 0x73, 0x2B, 0x5A, 0xAA, 0x4A, 0x49, 0x42, 0x29, 0x42, 0x08, 0x42, 0x08,
  0x42, 0x08, 0x42, 0x08, 0x39, 0xE8, 0x31, 0xE8, 0x39, 0xE7, 0x39, 0xE6, 0x39, 0xC7, 0x39, 0xC7,
  0x39, 0xC7, 0x39, 0xC7, 0x39, 0xC7, 0x39, 0xC7, 0x39, 0xC7, 0x39, 0xC7, 0x39, 0xC7, 0x39, 0xC7,
  0x39, 0xC7, 0x39, 0xC7, 0x39, 0xE7, 0x39, 0xE7, 0x39, 0xC7, 0x39, 0xC7, 0x39, 0xE8, 0x42, 0x08,
  0x4A, 0x29, 0x4A, 0x49, 0x5A, 0x8A, 0x6A, 0xEA, 0xBC, 0xD0, 0xE5, 0xD4, 0xF6, 0xD9, 0xFF, 0x3B,
  0xFF, 0x5B, 0xFF, 0x7C, 0xFF, 0x7C, 0xFF, 0x7C, 0xFF, 0x7C, 0xFF, 0x7C, 0xF7, 0x5C, 0xF7, 0x1B,
  0xF7, 0x1A, 0xAD, 0x13, 0x6B, 0x0B, 0x62, 0xCA, 0x52, 0x68, 0x4A, 0x28, 0x4A, 0x49, 0x4A, 0x49,
  0x52, 0x68, 0x52, 0x69, 0x52, 0x6A, 0x52, 0x6A, 0x52, 0x8A, 0x5A, 0xCA, 0x6A, 0xEA, 0xB4, 0xD1,
  0xF6, 0x98, 0xFF, 0x3A, 0xF7, 0x3A, 0xFF, 0x5B, 0xCD, 0xD5, 0x9C, 0x4F, 0xEE, 0xD9, 0xFF, 0x5B,
  0xFF, 0x5B, 0xFF, 0x7C, 0xFF, 0x7C, 0xFF, 0x7C, 0xFF, 0x7C, 0xFF, 0x7C, 0xFF, 0x7C, 0xFF, 0x7C,
  0xFF, 0x7C, 0xFF, 0x7C, 0xFF, 0x7C, 0xFF, 0x7C, 0xFF, 0x7C, 0xFF, 0x7C, 0xFF, 0x7C, 0xFF, 0x3B,
  0xF7, 0x3B, 0xEE, 0xFA, 0xAD, 0x12, 0x73, 0x2C, 0x62, 0xEB, 0x5A, 0xCB, 0x4A, 0x48, 0x4A, 0x27,
  0x4A, 0x28, 0x4A, 0x28, 0x4A, 0x29, 0x4A, 0x29, 0x4A, 0x29, 0x4A, 0x29, 0x4A, 0x29, 0x42, 0x28,
  0x4A, 0x49, 0x52, 0x6A, 0x52, 0x8A, 0x5A, 0xAB, 0x62, 0xEC, 0x6B, 0x4D, 0xBD, 0xF7, 0xD6, 0x9A,
  0xAC, 0xB3, 0xCD, 0x56, 0xDD, 0x56, 0xDD, 0x55, 0xD5, 0x15, 0xCC, 0xF5, 0xD5, 0x36, 0xCC, 0xD4,
  0xEE, 0x19, 0xFE, 0x7A, 0xFE, 0x9B, 0xF6, 0x9C, 0xFE, 0xBC, 0xFE, 0xBC, 0xFE, 0xBB, 0xFE, 0xBB,
  0xF6, 0xBC, 0xFE, 0xBC, 0xFE, 0xBC, 0xFE, 0xBC, 0xFE, 0xBC, 0xFE, 0xBC, 0xFE, 0xBC, 0xFE, 0x9C,
  0xFE, 0x7A, 0xF6, 0x3A, 0xCD, 0x36, 0x62, 0xCD, 0x4A, 0x8C, 0x4A, 0x4A, 0x42, 0x08, 0x42, 0x07,
  0x42, 0x08, 0x41, 0xE8, 0x41, 0xE8, 0x39, 0xE8, 0x3A, 0x08, 0x3A, 0x08, 0x42, 0x08, 0x42, 0x07,
  0x3A, 0x28, 0x42, 0x29, 0x42, 0x49, 0x4A, 0x48, 0x4A, 0x69, 0x4A, 0x6A, 0x4A, 0x8A, 0x52, 0x8A,
  0x52, 0xAA, 0x5A, 0xCB, 0x5A, 0xEC, 0x63, 0x0C, 0x63, 0x2C, 0x6B, 0x4C, 0x6B, 0x6D, 0x6B, 0x8E,
  0x73, 0x8E, 0x73, 0xAE, 0x73, 0xAE, 0x73, 0xAF, 0x7B, 0xAF, 0x7B, 0xCF, 0x7B, 0xCF, 0x7B, 0xEF,
  0xBE, 0x78, 0xC6, 0x78, 0xC6, 0x79, 0xC6, 0x79, 0xCE, 0x79, 0xC6, 0x79, 0xCE, 0x79, 0xCE, 0x79,
  0xCE, 0x99, 0xCE, 0xB9, 0xD6, 0xBA, 0xDE, 0xDA, 0xDE, 0xFB, 0xE7, 0x1B, 0xEF, 0x3C, 0xF7, 0x5C,
  0xF7, 0x7C, 0xFF, 0x7D, 0xFF, 0x9D, 0xFF, 0x9E, 0xFF, 0xBE, 0xFF, 0xDF, 0xFF, 0xFF, 0xF7, 0xDE,
  0xFF, 0xFF, 0xC6, 0x17, 0xC5, 0xD6, 0xF7, 0x5C, 0xF7, 0x3B, 0xFF, 0x5C, 0xFF, 0x5B, 0xF7, 0x3B,
  0xF7, 0x5B, 0xE6, 0xFA, 0xAC, 0xD1, 0xC5, 0x94, 0xFF, 0x7C, 0xF7, 0x3A, 0xFF, 0x5B, 0xF7, 0x3A,
  0xC5, 0xB4, 0xDE, 0x15, 0xF6, 0x35, 0xED, 0xF4, 0xF5, 0xF4, 0xF5, 0xF4, 0xF5, 0xF4, 0xD5, 0x51,
  0xD5, 0x51, 0xEE, 0x15, 0xC4, 0xF0, 0xD5, 0x92, 0xF5, 0xF4, 0xF6, 0x14, 0xCD, 0x73, 0xEE, 0xB9,
  0xFF, 0x7B, 0xF7, 0x5C, 0xFF, 0x7C, 0xFF, 0x7B, 0xFF, 0x7C, 0xFF, 0x7C, 0xFF, 0x7C, 0xF7, 0x5B,
  0xFF, 0x3B, 0xEE, 0xB9, 0x83, 0xAD, 0x5A, 0xAA, 0x52, 0x89, 0x4A, 0x48, 0x42, 0x08, 0x42, 0x08,
  0x42, 0x08, 0x42, 0x08, 0x39, 0xE8, 0x31, 0xE8, 0x39, 0xE7, 0x39, 0xC6, 0x39, 0xC7, 0x39, 0xC7,
  0x39, 0xC7, 0x39, 0xC7, 0x39, 0xC7, 0x39, 0xC7, 0x39, 0xC7, 0x39, 0xC7, 0x39, 0xC7, 0x39, 0xC7,
  0x39, 0xC7, 0x39, 0xC7, 0x39, 0xE7, 0x39, 0xE7, 0x39, 0xC7, 0x39, 0xC7, 0x39, 0xE8, 0x42, 0x08,
  0x4A, 0x48, 0x4A, 0x69, 0x5A, 0x89, 0x7B, 0x4C, 0xCD, 0x32, 0xEE, 0x36, 0xFF, 0x3B, 0xFF, 0x5B,
  0xFF, 0x5B, 0xF7, 0x5C, 0xF7, 0x5B, 0xF7, 0x5B, 0xF7, 0x5B, 0xF7, 0x5B, 0xFF, 0x5C, 0xFF, 0x5B,
  0xFF, 0x3A, 0xDE, 0x57, 0x7B, 0x8C, 0x62, 0xEB, 0x5A, 0x89, 0x4A, 0x48, 0x42, 0x28, 0x4A, 0x49,
  0x52, 0x69, 0x52, 0x68, 0x52, 0x69, 0x52, 0x8A, 0x52, 0x89, 0x5A, 0xCA, 0x62, 0xEA, 0xA4, 0x50,
  0xF6, 0x98, 0xFF, 0x3A, 0xF7, 0x3A, 0xFF, 0x3B, 0xE6, 0x78, 0x9C, 0x70, 0xE6, 0xB9, 0xFF, 0x7B,
  0xF7, 0x5B, 0xFF, 0x7C, 0xFF, 0x7C, 0xFF, 0x7C, 0xFF, 0x7C, 0xFF, 0x7C, 0xFF, 0x7C, 0xF7, 0x7B,
  0xFF, 0x7C, 0xFF, 0x7C, 0xFF, 0x7C, 0xFF, 0x7C, 0xFF, 0x7C, 0xFF, 0x7C, 0xFF, 0x7C, 0xFF, 0x7C,
  0xF7, 0x5B, 0xF7, 0x3B, 0xF7, 0x3B, 0xC5, 0xB5, 0x7B, 0x8D, 0x6B, 0x0B, 0x5A, 0xCA, 0x4A, 0x49,
  0x4A, 0x48, 0x4A, 0x29, 0x42, 0x29, 0x4A, 0x49, 0x4A, 0x29, 0x4A, 0x29, 0x4A, 0x29, 0x42, 0x28,
  0x4A, 0x49, 0x52, 0x6A, 0x52, 0x8A, 0x5A, 0xCB, 0x63, 0x0C, 0x73, 0x8E, 0xBD, 0xF7, 0xDE, 0xDB,
  0xCE, 0x39, 0xBC, 0xF4, 0xDD, 0x76, 0xD5, 0x56, 0xDD, 0x56, 0xDD, 0x55, 0xDD, 0x56, 0xC4, 0x93,
  0xD5, 0x35, 0xED, 0xD8, 0xF6, 0x7A, 0xFE, 0xBC, 0xFE, 0xBC, 0xFE, 0xDC, 0xFE, 0xDC, 0xFE, 0xBC,
  0xFE, 0xDC, 0xFE, 0xBB, 0xF6, 0x9B, 0xF6, 0x7B, 0xF6, 0x7B, 0xFE, 0xBC, 0xFE, 0xBC, 0xFE, 0x9B,
  0xF6, 0x5A, 0xEE, 0x19, 0x8B, 0xD0, 0x52, 0x8C, 0x4A, 0x6C, 0x42, 0x2A, 0x3A, 0x08, 0x42, 0x08,
  0x42, 0x08, 0x42, 0x08, 0x41, 0xE8, 0x39, 0xE8, 0x31, 0xE8, 0x39, 0xE7, 0x39, 0xE8, 0x42, 0x07,
  0x42, 0x08, 0x3A, 0x08, 0x42, 0x28, 0x42, 0x29, 0x4A, 0x49, 0x42, 0x49, 0x4A, 0x6A, 0x4A, 0x6A,
  0x52, 0x8A, 0x52, 0xAA, 0x52, 0xAB, 0x52, 0xCB, 0x5A, 0xEB, 0x5B, 0x0C, 0x63, 0x0C, 0x63, 0x2C,
  0x63, 0x4C, 0x63, 0x4D, 0x6B, 0x6D, 0x6B, 0x6D, 0x6B, 0x6D, 0x6B, 0x6D, 0x6B, 0x6E, 0x73, 0x8E,
  0xC6, 0x79, 0xBE, 0x79, 0xC6, 0x79, 0xC6, 0x79, 0xC6, 0x79, 0xBE, 0x59, 0xC6, 0x58, 0xC6, 0x58,
  0xC6, 0x78, 0xCE, 0x79, 0xCE, 0x99, 0xD6, 0xBA, 0xDE, 0xDA, 0xE6, 0xFB, 0xE7, 0x3B, 0xEF, 0x5C,
  0xF7, 0x7C, 0xF7, 0x7D, 0xFF, 0x9D, 0xFF, 0xBE, 0xFF, 0xDF, 0xFF, 0xFF, 0xF7, 0xDF, 0xFF, 0xDE,
  0xEF, 0x5C, 0xA4, 0xF3, 0x94, 0x91, 0xCE, 0x17, 0xFF, 0x5C, 0xF7, 0x3B, 0xFF, 0x5A, 0xFF, 0x5B,
  0xF7, 0x3B, 0xFF, 0x5B, 0xF7, 0x1B, 0xC5, 0x95, 0xE6, 0x78, 0xFF, 0x7B, 0xF7, 0x3B, 0xFF, 0x5B,
  0xF6, 0xF9, 0xBC, 0xF1, 0xD5, 0x73, 0xEE, 0x34, 0xED, 0xF4, 0xED, 0xD3, 0xED, 0xD4, 0xE5, 0xD3,
  0xC4, 0xD0, 0xBC, 0x8F, 0xB4, 0x8E, 0xDD, 0xB3, 0xED, 0xF4, 0xED, 0xF5, 0xD5, 0x73, 0xF6, 0xF9,
  0xFF, 0x5B, 0xFF, 0x7B, 0xFF, 0x7C, 0xFF, 0x7C, 0xFF, 0x7C, 0xFF, 0x7C, 0xFF, 0x9C, 0xFF, 0x7C,
  0xF7, 0x3B, 0xEE, 0xFA, 0x94, 0x2F, 0x5A, 0xAA, 0x5A, 0x89, 0x4A, 0x48, 0x42, 0x08, 0x42, 0x08,
  0x42, 0x08, 0x42, 0x08, 0x39, 0xE8, 0x31, 0xE8, 0x39, 0xE7, 0x39, 0xC6, 0x39, 0xC7, 0x39, 0xC7,
  0x39, 0xC7, 0x39, 0xC7, 0x39, 0xC7, 0x39, 0xC7, 0x39, 0xC7, 0x39, 0xC7, 0x39, 0xC7, 0x39, 0xC7,
  0x39, 0xC7, 0x39, 0xC7, 0x39, 0xE7, 0x39, 0xE7, 0x39, 0xC7, 0x39, 0xC7, 0x39, 0xE7, 0x42, 0x08,
  0x4A, 0x49, 0x52, 0x89, 0x52, 0x8A, 0x93, 0xCD, 0xD5, 0x94, 0xE6, 0x16, 0xE6, 0x98, 0xDE, 0x37,
  0xD6, 0x37, 0xE6, 0x98, 0xE6, 0xB9, 0xE6, 0xD9, 0xE6, 0xB9, 0xE6, 0x99, 0xE6, 0x58, 0xE6, 0x98,
  0xE6, 0x98, 0xF6, 0xFA, 0xA4, 0xB1, 0x6A, 0xEB, 0x5A, 0xAA, 0x4A, 0x48, 0x4A, 0x48, 0x52, 0x49,
  0x52, 0x68, 0x52, 0x69, 0x4A, 0x6A, 0x52, 0x8A, 0x5A, 0x89, 0x5A, 0xCA, 0x62, 0xEB, 0x94, 0x0E,
  0xEE, 0xB8, 0xFF, 0x3A, 0xF7, 0x3B, 0xFF, 0x3B, 0xF6, 0xFA, 0xAC, 0xD1, 0xDE, 0x77, 0xFF, 0x7B,
  0xF7, 0x5B, 0xFF, 0x7C, 0xFF, 0x7C, 0xFF, 0x7C, 0xFF, 0x7C, 0xFF, 0x7C, 0xF7, 0x5B, 0xFF, 0x5A,
  0xF7, 0x3A, 0xF7, 0x3B, 0xFF, 0x7C, 0xFF, 0x7C, 0xFF, 0x7C, 0xFF, 0x7C, 0xFF, 0x7C, 0xFF, 0x7C,
  0xFF, 0x7C, 0xFF, 0x5C, 0xF7, 0x3B, 0xF7, 0x3B, 0xDE, 0x78, 0x94, 0x50, 0x62, 0xEB, 0x5A, 0x89,
  0x52, 0x69, 0x4A, 0x49, 0x4A, 0x49, 0x4A, 0x48, 0x42, 0x49, 0x4A, 0x49, 0x4A, 0x29, 0x42, 0x48,
  0x4A, 0x69, 0x52, 0x8A, 0x52, 0xAB, 0x5A, 0xCB, 0x63, 0x2C, 0x73, 0xAE, 0xC6, 0x38, 0xDE, 0xDB,
  0xDE, 0xDB, 0xBD, 0x56, 0xD5, 0x36, 0xDD, 0x77, 0xDD, 0x56, 0xDD, 0x56, 0xDD, 0x56, 0xCC, 0xF4,
  0xBC, 0x73, 0xCC, 0xF4, 0xD5, 0x35, 0xED, 0xF8, 0xEE, 0x19, 0xEE, 0x39, 0xEE, 0x39, 0xED, 0xF8,
  0xE5, 0xF8, 0xE5, 0xF8, 0xE5, 0xD8, 0xDD, 0x97, 0xE5, 0xF8, 0xFE, 0xBB, 0xF6, 0x9B, 0xF6, 0x5A,
  0xF6, 0x5A, 0xB4, 0x73, 0x5A, 0x8C, 0x52, 0xAD, 0x42, 0x4B, 0x3A, 0x2B, 0x41, 0xE9, 0x41, 0xE8,
  0x39, 0xE8, 0x39, 0xE8, 0x39, 0xE8, 0x39, 0xE7, 0x39, 0xC7, 0x39, 0xC7, 0x39, 0xE8, 0x39, 0xE8,
  0x42, 0x08, 0x42, 0x07, 0x42, 0x08, 0x3A, 0x28, 0x42, 0x29, 0x4A, 0x49, 0x4A, 0x49, 0x42, 0x69,
  0x4A, 0x6A, 0x52, 0x89, 0x4A, 0x8A, 0x52, 0xAA, 0x5A, 0xCB, 0x52, 0xCB, 0x5A, 0xEB, 0x5A, 0xEB,
  0x63, 0x0C, 0x63, 0x2C, 0x63, 0x2C, 0x6B, 0x2C, 0x63, 0x4D, 0x63, 0x4C, 0x6B, 0x6E, 0x73, 0x6E,
  0xC6, 0x79, 0xC6, 0x79, 0xC6, 0x79, 0xC6, 0x79, 0xC6, 0x78, 0xC6, 0x58, 0xBE, 0x57, 0xBE, 0x57,
  0xBE, 0x57, 0xC6, 0x58, 0xCE, 0x79, 0xD6, 0xB9, 0xD6, 0xDA, 0xDE, 0xFA, 0xE7, 0x1B, 0xE7, 0x3C,
  0xEF, 0x7C, 0xF7, 0x7D, 0xF7, 0xBD, 0xFF, 0xBE, 0xFF, 0xDF, 0xFF, 0xFF, 0xF7, 0xBE, 0xFF, 0xDE,
  0xC5, 0xF7, 0x8C, 0x50, 0x8C, 0x50, 0x8C, 0x2F, 0xD6, 0x58, 0xF7, 0x3B, 0xF7, 0x1A, 0xFF, 0x5B,
  0xFF, 0x7C, 0xF7, 0x5B, 0xFF, 0x5C, 0xFF, 0x5B, 0xD6, 0x36, 0xDE, 0x37, 0xFF, 0x5B, 0xF7, 0x3A,
  0xFF, 0x5B, 0xEE, 0x77, 0xC4, 0xF0, 0xCD, 0x10, 0xED, 0xD4, 0xED, 0xF4, 0xE5, 0xB3, 0xED, 0xD3,
  0xD5, 0x31, 0xB4, 0x4D, 0xDD, 0x93, 0xED, 0xF4, 0xED, 0xF4, 0xED, 0xF5, 0xD5, 0x73, 0xF7, 0x1A,
  0xFF, 0x5B, 0xFF, 0x7C, 0xFF, 0x7C, 0xFF, 0x7C, 0xFF, 0x7C, 0xFF, 0x7C, 0xFF, 0x7C, 0xFF, 0x7C,
  0xF7, 0x3B, 0xF7, 0x1A, 0xA4, 0xB1, 0x5A, 0xAA, 0x5A, 0x8A, 0x4A, 0x49, 0x42, 0x08, 0x42, 0x08,
  0x42, 0x08, 0x42, 0x08, 0x39, 0xE8, 0x31, 0xE8, 0x39, 0xE7, 0x39, 0xC6, 0x39, 0xC7, 0x39, 0xC7,
  0x39, 0xC7, 0x39, 0xC7, 0x39, 0xC7, 0x39, 0xC7, 0x39, 0xC7, 0x39, 0xC7, 0x39, 0xC7, 0x39, 0xC7,
  0x39, 0xC7, 0x39, 0xC7, 0x39, 0xE7, 0x39, 0xE7, 0x39, 0xC7, 0x39, 0xC7, 0x39, 0xE7, 0x42, 0x28,
  0x4A, 0x49, 0x52, 0x89, 0x5A, 0xCA, 0x93, 0xED, 0xBD, 0x11, 0xD5, 0xD5, 0xE6, 0x77, 0xEE, 0xD9,
  0xF7, 0x1B, 0xF7, 0x5B, 0xF7, 0x7B, 0xF7, 0x5B, 0xF7, 0x5B, 0xF7, 0x5B, 0xF7, 0x3B, 0xEE, 0xFA,
  0xE6, 0x98, 0xF7, 0x1A, 0xCD, 0xF6, 0x73, 0x4C, 0x5A, 0xCA, 0x52, 0x69, 0x52, 0x69, 0x52, 0x69,
  0x52, 0x68, 0x52, 0x69, 0x52, 0x8A, 0x52, 0x8A, 0x52, 0x89, 0x5A, 0xCA, 0x62, 0xEB, 0x83, 0xCE,
  0xEE, 0x98, 0xFF, 0x3A, 0xF7, 0x3A, 0xFF, 0x5B, 0xF7, 0x3A, 0xB5, 0x33, 0xDE, 0x57, 0xFF, 0x7C,
  0xF7, 0x5B, 0xFF, 0x7C, 0xFF, 0x7B, 0xFF, 0x5B, 0xFF, 0x3A, 0xF6, 0xF9, 0xF6, 0xD9, 0xEE, 0x57,
  0xDE, 0x16, 0xF7, 0x1A, 0xFF, 0x7C, 0xF7, 0x7C, 0xFF, 0x7C, 0xFF, 0x7C, 0xFF, 0x7C, 0xFF, 0x7C,
  0xFF, 0x7C, 0xFF, 0x7C, 0xFF, 0x5C, 0xF7, 0x3B, 0xF7, 0x3B, 0xEE, 0xFA, 0xB5, 0x53, 0x73, 0x4C,
  0x5A, 0x69, 0x5A, 0x89, 0x5A, 0x69, 0x52, 0x69, 0x4A, 0x49, 0x4A, 0x29, 0x42, 0x29, 0x4A, 0x48,
  0x4A, 0x69, 0x52, 0x8A, 0x52, 0xAA, 0x5A, 0xEB, 0x6B, 0x4D, 0x7B, 0xEF, 0xCE, 0x79, 0xDE, 0xDB,
  0xDE, 0xFB, 0xB5, 0x55, 0xD5, 0x55, 0xE5, 0x77, 0xDD, 0x56, 0xDD, 0x56, 0xDD, 0x56, 0xD5, 0x56,
  0xD5, 0x15, 0xCC, 0xF4, 0xCD, 0x15, 0xE5, 0xB8, 0xE5, 0xF9, 0xEE, 0x39, 0xF6, 0x5A, 0xF6, 0x7A,
  0xF6, 0x7A, 0xF6, 0x9B, 0xF6, 0x9B, 0xF6, 0xBB, 0xFE, 0xBC, 0xFE, 0x9B, 0xF6, 0x7A, 0xFE, 0x7B,
  0xCD, 0x57, 0x6A, 0xCD, 0x5A, 0xAD, 0x4A, 0x8D, 0x42, 0x2C, 0x42, 0x0B, 0x39, 0xE9, 0x31, 0xE8,
  0x39, 0xC7, 0x39, 0xC7, 0x39, 0xC7, 0x39, 0xC6, 0x39, 0xC6, 0x39, 0xC7, 0x39, 0xC7, 0x31, 0xE8,
  0x39, 0xE8, 0x42, 0x08, 0x42, 0x07, 0x42, 0x08, 0x3A, 0x08, 0x42, 0x29, 0x4A, 0x48, 0x4A, 0x49,
  0x42, 0x69, 0x4A, 0x6A, 0x52, 0x89, 0x52, 0x8A, 0x4A, 0xAA, 0x52, 0xAB, 0x52, 0xEB, 0x5A, 0xEB,
  0x62, 0xEC, 0x63, 0x0B, 0x63, 0x2C, 0x63, 0x2D, 0x6B, 0x4C, 0x63, 0x4D, 0x6B, 0x6D, 0x73, 0x8E,
  0xCE, 0x99, 0xCE, 0x99, 0xC6, 0x79, 0xBE, 0x79, 0xC6, 0x57, 0xC6, 0x58, 0xC6, 0x58, 0xC6, 0x58,
  0xBE, 0x58, 0xC6, 0x57, 0xCE, 0x78, 0xCE, 0x99, 0xD6, 0xDA, 0xDE, 0xFA, 0xDF, 0x1B, 0xE7, 0x3C,
  0xEF, 0x7C, 0xF7, 0x9D, 0xF7, 0xBD, 0xFF, 0xDE, 0xFF, 0xDF, 0xFF, 0xDE, 0xFF, 0xDE, 0xE7, 0x3C,
  0x94, 0xB2, 0x84, 0x10, 0x83, 0xCF, 0x7B, 0xCE, 0x8C, 0x2F, 0xE6, 0x98, 0xF7, 0x3A, 0xFF, 0x3B,
  0xFF, 0x7C, 0xFF, 0x7C, 0xF7, 0x5B, 0xFF, 0x7C, 0xFF, 0x7C, 0xEE, 0xFA, 0xF7, 0x5B, 0xFF, 0x5B,
  0xF6, 0xFA, 0xEE, 0x77, 0xEE, 0x35, 0xCD, 0x11, 0xBC, 0x8F, 0xD5, 0x52, 0xE5, 0xD3, 0xED, 0xD4,
  0xDD, 0x92, 0xC4, 0xF0, 0xEE, 0x14, 0xED, 0xD4, 0xF6, 0x15, 0xEE, 0x15, 0xC5, 0x73, 0xEF, 0x1A,
  0xFF, 0x5C, 0xF7, 0x7B, 0xFF, 0x7C, 0xFF, 0x7B, 0xFF, 0x7C, 0xFF, 0x7C, 0xFF, 0x7C, 0xFF, 0x7C,
  0xF7, 0x3B, 0xF7, 0x1A, 0xAC, 0xF1, 0x5A, 0xAA, 0x5A, 0x8A, 0x4A, 0x49, 0x42, 0x08, 0x42, 0x08,
  0x42, 0x08, 0x42, 0x08, 0x39, 0xE8, 0x31, 0xE8, 0x39, 0xE7, 0x39, 0xC6, 0x39, 0xC7, 0x39, 0xC7,
  0x39, 0xC7, 0x39, 0xC7, 0x39, 0xC7, 0x39, 0xC7, 0x39, 0xA7, 0x39, 0xC7, 0x39, 0xC7, 0x39, 0xC7,
  0x39, 0xC7, 0x39, 0xC7, 0x39, 0xE7, 0x39, 0xE7, 0x39, 0xC7, 0x39, 0xC7, 0x39, 0xE7, 0x42, 0x28,
  0x4A, 0x69, 0x52, 0xAA, 0x62, 0xCA, 0x93, 0xCD, 0xDD, 0xD4, 0xFF, 0x1A, 0xFF, 0x5B, 0xFF, 0x7C,
  0xFF, 0x7C, 0xFF, 0x7C, 0xFF, 0x7C, 0xFF, 0x7C, 0xFF, 0x7C, 0xFF, 0x7C, 0xFF, 0x7C, 0xFF, 0x7C,
  0xFF, 0x7B, 0xF7, 0x3A, 0xE6, 0xB9, 0x8C, 0x0E, 0x62, 0xEB, 0x52, 0x8A, 0x4A, 0x69, 0x52, 0x69,
  0x52, 0x69, 0x52, 0x89, 0x52, 0x8A, 0x52, 0x8A, 0x52, 0x89, 0x5A, 0xCA, 0x62, 0xEB, 0x7B, 0x8D,
  0xDE, 0x77, 0xFF, 0x3A, 0xFF, 0x5B, 0xF7, 0x5B, 0xFF, 0x5B, 0xCD, 0xF5, 0xD6, 0x57, 0xFF, 0x7C,
  0xF7, 0x5B, 0xFF, 0x7C, 0xFF, 0x5B, 0xF6, 0xF9, 0xEE, 0x98, 0xEE, 0x77, 0xD5, 0xD5, 0xDE, 0x36,
  0xF7, 0x1A, 0xFF, 0x7C, 0xFF, 0x7C, 0xFF, 0x7C, 0xFF, 0x7C, 0xFF, 0x7C, 0xFF, 0x7C, 0xFF, 0x7C,
  0xFF, 0x7C, 0xFF, 0x7C, 0xFF, 0x7C, 0xFF, 0x5C, 0xF7, 0x3B, 0xF7, 0x3A, 0xF7, 0x1A, 0xD6, 0x57,
  0xA4, 0xB1, 0x6B, 0x0B, 0x5A, 0xAA, 0x52, 0x8A, 0x4A, 0x49, 0x42, 0x29, 0x4A, 0x28, 0x52, 0x49,
  0x52, 0x6A, 0x52, 0x8A, 0x52, 0xAA, 0x5A, 0xEB, 0x6B, 0x4D, 0x84, 0x30, 0xD6, 0x9A, 0xDE, 0xFC,
  0xCE, 0x59, 0xBD, 0x35, 0xDD, 0xB7, 0xE5, 0x77, 0xDD, 0x57, 0xDD, 0x56, 0xD5, 0x57, 0xDD, 0x57,
  0xDD, 0x57, 0xE5, 0x97, 0xF6, 0x5A, 0xFE, 0xBB, 0xFE, 0xBC, 0xFE, 0xBC, 0xFE, 0xBC, 0xFE, 0xBC,
  0xFE, 0xBC, 0xFE, 0xBC, 0xFE, 0xBC, 0xFE, 0xBC, 0xFE, 0x9B, 0xF6, 0x7A, 0xFE, 0x5A, 0xDD, 0x98,
  0x7B, 0x4F, 0x5A, 0xAD, 0x4A, 0x8D, 0x42, 0x4C, 0x42, 0x2C, 0x42, 0x0B, 0x41, 0xEA, 0x39, 0xE9,
  0x39, 0xA8, 0x31, 0xA7, 0x31, 0x86, 0x31, 0xA7, 0x39, 0xC7, 0x39, 0xC7, 0x39, 0xC6, 0x39, 0xC7,
  0x39, 0xE7, 0x39, 0xE8, 0x42, 0x08, 0x42, 0x07, 0x42, 0x08, 0x3A, 0x28, 0x42, 0x29, 0x4A, 0x49,
  0x4A, 0x49, 0x4A, 0x69, 0x52, 0x8A, 0x52, 0xAA, 0x52, 0xAA, 0x5A, 0xCA, 0x52, 0xEB, 0x5A, 0xEC,
  0x5B, 0x0B, 0x63, 0x2C, 0x63, 0x2D, 0x6B, 0x4D, 0x6B, 0x6D, 0x6B, 0x6E, 0x73, 0xAE, 0x7B, 0xCF,
  0xCE, 0xB9, 0xCE, 0xBA, 0xCE, 0x99, 0xC6, 0x79, 0xBE, 0x58, 0xC6, 0x58, 0xC6, 0x58, 0xC6, 0x58,
  0xC6, 0x58, 0xC6, 0x57, 0xC6, 0x78, 0xCE, 0x79, 0xD6, 0xB9, 0xDE, 0xFA, 0xDF, 0x1B, 0xE7, 0x3B,
  0xE7, 0x5C, 0xEF, 0x7D, 0xF7, 0xBD, 0xF7, 0xBD, 0xF7, 0xBE, 0xF7, 0xBE, 0xF7, 0xBE, 0xBD, 0xF7,
  0x84, 0x2F, 0x7B, 0xCF, 0x73, 0x8E, 0x7B, 0xAD, 0x73, 0x6C, 0x94, 0x2F, 0xEE, 0xD9, 0xF7, 0x1A,
  0xF7, 0x3B, 0xFF, 0x7C, 0xFF, 0x7C, 0xFF, 0x7C, 0xFF, 0x7C, 0xFF, 0x7C, 0xFF, 0x7C, 0xFF, 0x5B,
  0xF6, 0xF9, 0xDD, 0xF5, 0xDD, 0xB4, 0xEE, 0x35, 0xE5, 0x93, 0xC4, 0xCF, 0xC4, 0x8F, 0xCD, 0x10,
  0xCC, 0xF0, 0xC4, 0xF0, 0xE5, 0xF4, 0xED, 0xF4, 0xF6, 0x15, 0xEE, 0x35, 0xD5, 0x93, 0xEF, 0x1A,
  0xFF, 0x7C, 0xF7, 0x7B, 0xFF, 0x7C, 0xFF, 0x7C, 0xFF, 0x7C, 0xFF, 0x7C, 0xFF, 0x7C, 0xFF, 0x5C,
  0xFF, 0x3B, 0xF7, 0x1A, 0xAC, 0xF1, 0x5A, 0xAA, 0x52, 0x8A, 0x4A, 0x49, 0x42, 0x08, 0x3A, 0x08,
  0x42, 0x08, 0x42, 0x08, 0x39, 0xE8, 0x31, 0xE8, 0x39, 0xC7, 0x39, 0xC6, 0x39, 0xC7, 0x39, 0xC7,
  0x39, 0xC7, 0x39, 0xC7, 0x39, 0xC7, 0x39, 0xC7, 0x39, 0xA7, 0x39, 0xC7, 0x39, 0xC7, 0x39, 0xC7,
  0x39, 0xC7, 0x39, 0xE7, 0x39, 0xE7, 0x39, 0xE7, 0x39, 0xC7, 0x39, 0xC7, 0x3A, 0x07, 0x42, 0x28,
  0x52, 0x69, 0x5A, 0xAA, 0x73, 0x4C, 0xCD, 0x53, 0xF6, 0x98, 0xF7, 0x3A, 0xF7, 0x5B, 0xFF, 0x5C,
  0xFF, 0x7C, 0xFF, 0x7C, 0xFF, 0x7C, 0xFF, 0x7C, 0xFF, 0x7C, 0xFF, 0x7C, 0xFF, 0x7C, 0xFF, 0x5C,
  0xFF, 0x5B, 0xF7, 0x3A, 0xF7, 0x3B, 0xBD, 0x54, 0x6B, 0x0B, 0x5A, 0xAA, 0x4A, 0x69, 0x4A, 0x69,
  0x52, 0x89, 0x52, 0x89, 0x52, 0x8A, 0x52, 0x8A, 0x52, 0xA9, 0x5A, 0xAA, 0x62, 0xEB, 0x73, 0x4C,
  0xCE, 0x16, 0xFF, 0x3B, 0xFF, 0x5B, 0xF7, 0x5B, 0xFF, 0x7B, 0xDE, 0x78, 0xDE, 0x57, 0xFF, 0x9C,
  0xF7, 0x5B, 0xFF, 0x7C, 0xFF, 0x5B, 0xF6, 0xB8, 0xEE, 0x77, 0xCD, 0x93, 0xE6, 0x57, 0xFF, 0x5C,
  0xFF, 0x7B, 0xFF, 0x7C, 0xFF, 0x7C, 0xFF, 0x7C, 0xFF, 0x7C, 0xFF, 0x7C, 0xFF, 0x7C, 0xFF, 0x7C,
  0xFF, 0x7C, 0xFF, 0x7C, 0xFF, 0x7C, 0xFF, 0x7C, 0xFF, 0x5C, 0xFF, 0x5B, 0xF7, 0x3A, 0xEF, 0x1A,
  0xEF, 0x1A, 0xB5, 0x53, 0x62, 0xCA, 0x5A, 0xAA, 0x52, 0x6A, 0x4A, 0x49, 0x4A, 0x48, 0x52, 0x69,
  0x52, 0x6A, 0x52, 0x8A, 0x5A, 0xCB, 0x63, 0x0C, 0x73, 0x6E, 0x8C, 0x51, 0xD6, 0x9A, 0xDE, 0xFC,
  0xCE, 0x39, 0xC5, 0x96, 0xE5, 0xB7, 0xE5, 0x77, 0xDD, 0x77, 0xD5, 0x77, 0xD5, 0x77, 0xDD, 0x77,
  0xDD, 0x56, 0xED, 0xD9, 0xFE, 0x7B, 0xF6, 0x7B, 0xFE, 0x9C, 0xFE, 0xBC, 0xFE, 0x9C, 0xFE, 0x9C,
  0xFE, 0xBC, 0xFE, 0xBC, 0xFE, 0xBC, 0xFE, 0x9B, 0xF6, 0x7A, 0xFE, 0x5A, 0xDD, 0x98, 0x83, 0x6F,
  0x5A, 0xAD, 0x52, 0xAE, 0x4A, 0x6D, 0x42, 0x2C, 0x3A, 0x2B, 0x42, 0x0C, 0x41, 0xEB, 0x39, 0xE9,
  0x39, 0xC7, 0x31, 0xA6, 0x29, 0x86, 0x29, 0x86, 0x31, 0x86, 0x31, 0xA6, 0x31, 0xA7, 0x39, 0xC7,
  0x39, 0xC6, 0x31, 0xE7, 0x39, 0xE8, 0x42, 0x08, 0x42, 0x08, 0x42, 0x08, 0x3A, 0x28, 0x42, 0x28,
  0x4A, 0x48, 0x4A, 0x49, 0x52, 0x8A, 0x52, 0xAA, 0x5A, 0xAB, 0x5A, 0xEB, 0x5B, 0x0C, 0x63, 0x0C,
  0x63, 0x2C, 0x63, 0x4D, 0x6B, 0x4D, 0x6B, 0x6D, 0x6B, 0x6D, 0x73, 0xAE, 0x73, 0xCE, 0x7B, 0xF0,
  0xD6, 0xDA, 0xCE, 0xBA, 0xCE, 0x99, 0xCE, 0x78, 0xC6, 0x58, 0xC6, 0x58, 0xBE, 0x38, 0xBE, 0x38,
  0xBE, 0x38, 0xC6, 0x58, 0xBE, 0x58, 0xC6, 0x78, 0xCE, 0x99, 0xD6, 0xDA, 0xDE, 0xFA, 0xDF, 0x1A,
  0xE7, 0x3B, 0xE7, 0x3C, 0xEF, 0x7C, 0xEF, 0x7D, 0xEF, 0x7D, 0xEF, 0x9D, 0xDE, 0xDB, 0x8C, 0x71,
  0x84, 0x0F, 0x73, 0xAE, 0x6B, 0x4D, 0x6B, 0x4C, 0x73, 0x4D, 0x6B, 0x2C, 0x9C, 0x91, 0xF6, 0xFA,
  0xF7, 0x1B, 0xFF, 0x5B, 0xFF, 0x7C, 0xFF, 0x7C, 0xFF, 0x7C, 0xF7, 0x5B, 0xFF, 0x7C, 0xFF, 0x5B,
  0xFF, 0x5B, 0xEE, 0xB8, 0xC5, 0x32, 0xBC, 0xF1, 0xE5, 0xF4, 0xED, 0xF5, 0xDD, 0x72, 0xD5, 0x11,
  0xCD, 0x11, 0xED, 0xD3, 0xEE, 0x14, 0xEE, 0x14, 0xF6, 0x35, 0xEE, 0x35, 0xEE, 0x77, 0xFF, 0x3A,
  0xFF, 0x7B, 0xFF, 0x7C, 0xFF, 0x7C, 0xFF, 0x7C, 0xFF, 0x7C, 0xFF, 0x7C, 0xFF, 0x7C, 0xFF, 0x5B,
  0xFF, 0x3B, 0xF7, 0x1A, 0xA4, 0xB1, 0x5A, 0xAA, 0x52, 0x8A, 0x4A, 0x49, 0x42, 0x08, 0x3A, 0x08,
  0x42, 0x08, 0x42, 0x08, 0x39, 0xE8, 0x31, 0xE8, 0x39, 0xC7, 0x39, 0xC6, 0x39, 0xC7, 0x39, 0xC7,
  0x39, 0xC7, 0x39, 0xC7, 0x39, 0xC7, 0x39, 0xC7, 0x39, 0xC7, 0x39, 0xC7, 0x39, 0xC7, 0x39, 0xC7,
  0x39, 0xC7, 0x39, 0xE7, 0x39, 0xE6, 0x39, 0xE6, 0x39, 0xC7, 0x39, 0xC7, 0x3A, 0x08, 0x42, 0x28,
  0x52, 0x69, 0x5A, 0xCA, 0x8B, 0xCD, 0xDD, 0xB4, 0xF6, 0xD9, 0xFF, 0x5B, 0xFF, 0x7C, 0xFF, 0x7C,
  0xFF, 0x7C, 0xFF, 0x7C, 0xFF, 0x7C, 0xFF, 0x7C, 0xFF, 0x7C, 0xFF, 0x7C, 0xFF, 0x7C, 0xFF, 0x7C,
  0xFF, 0x7C, 0xFF, 0x5B, 0xF7, 0x3A, 0xE6, 0xB9, 0x83, 0xAD, 0x5A, 0xCA, 0x52, 0x69, 0x52, 0x68,
  0x52, 0x89, 0x5A, 0x8A, 0x52, 0x8A, 0x52, 0x8A, 0x5A, 0xA9, 0x5A, 0xAA, 0x62, 0xEB, 0x73, 0x2C,
  0xCD, 0xD5, 0xF7, 0x3A, 0xF7, 0x3B, 0xFF, 0x5C, 0xFF, 0x7C, 0xEE, 0xD9, 0xE6, 0x78, 0xFF, 0x7C,
  0xF7, 0x5B, 0xFF, 0x7C, 0xF7, 0x5B, 0xE6, 0x77, 0xBD, 0x11, 0xC5, 0x53, 0xFF, 0x7C, 0xFF, 0x5C,
  0xFF, 0x5C, 0xFF, 0x5C, 0xFF, 0x5C, 0xFF, 0x7C, 0xFF, 0x7C, 0xFF, 0x7C, 0xFF, 0x7C, 0xFF, 0x7C,
  0xFF, 0x7C, 0xFF, 0x5C, 0xFF, 0x5C, 0xFF, 0x5C, 0xFF, 0x5B, 0xFF, 0x5B, 0xFF, 0x5B, 0xF7, 0x3A,
  0xEE, 0xFA, 0xE6, 0x78, 0x7B, 0x6C, 0x5A, 0xCA, 0x52, 0x8A, 0x4A, 0x49, 0x4A, 0x48, 0x52, 0x69,
  0x4A, 0x8A, 0x52, 0x8A, 0x5A, 0xCB, 0x63, 0x2C, 0x73, 0x8D, 0x8C, 0x71, 0xD6, 0xBA, 0xDF, 0x1C,
  0xCE, 0x59, 0xC5, 0x96, 0xDD, 0xB7, 0xDD, 0x96, 0xDD, 0x77, 0xDD, 0x77, 0xDD, 0x77, 0xDD, 0x77,
  0xDD, 0x76, 0xED, 0xD8, 0xFE, 0x7B, 0xFE, 0x9B, 0xFE, 0x9C, 0xFE, 0xBC, 0xFE, 0xBC, 0xFE, 0xBC,
  0xFE, 0xBC, 0xFE, 0xBC, 0xFE, 0x9C, 0xFE, 0x7A, 0xFE, 0x7A, 0xDD, 0x97, 0x7B, 0x2E, 0x62, 0xAD,
  0x52, 0xAE, 0x4A, 0x6E, 0x42, 0x4C, 0x3A, 0x4B, 0x42, 0x2C, 0x42, 0x2C, 0x42, 0x0B, 0x39, 0xEA,
  0x39, 0xC8, 0x31, 0xA6, 0x29, 0x86, 0x31, 0x66, 0x31, 0x85, 0x31, 0x85, 0x29, 0x86, 0x31, 0xA7,
  0x39, 0xA7, 0x39, 0xC7, 0x31, 0xE7, 0x39, 0xE8, 0x39, 0xE8, 0x42, 0x08, 0x42, 0x07, 0x3A, 0x28,
  0x42, 0x29, 0x4A, 0x49, 0x4A, 0x69, 0x4A, 0x8A, 0x52, 0x8A, 0x52, 0xAA, 0x5A, 0xEB, 0x5A, 0xEB,
  0x63, 0x0C, 0x63, 0x2C, 0x6B, 0x6D, 0x73, 0x8E, 0x7B, 0xEF, 0x8C, 0x71, 0x9C, 0xF3, 0xAD, 0x96,
  0xD6, 0xDA, 0xCE, 0xBA, 0xCE, 0x99, 0xC6, 0x79, 0xC6, 0x58, 0xC6, 0x58, 0xBE, 0x38, 0xB6, 0x38,
  0xB6, 0x38, 0xBE, 0x38, 0xC6, 0x38, 0xBE, 0x58, 0xC6, 0x78, 0xCE, 0x99, 0xD6, 0xD9, 0xD6, 0xDA,
  0xDE, 0xFA, 0xDE, 0xFA, 0xDF, 0x3B, 0xE7, 0x3B, 0xE7, 0x3B, 0xE7, 0x5C, 0xA5, 0x34, 0x83, 0xEF,
  0x73, 0xAE, 0x6B, 0x4D, 0x63, 0x2C, 0x63, 0x0B, 0x63, 0x0B, 0x6B, 0x2C, 0x6B, 0x2C, 0xB5, 0x33,
  0xF7, 0x3B, 0xF7, 0x1B, 0xFF, 0x5C, 0xFF, 0x7C, 0xFF, 0x7C, 0xFF, 0x7C, 0xFF, 0x7C, 0xFF, 0x7C,
  0xF7, 0x7C, 0xFF, 0x7B, 0xFF, 0x3B, 0xD5, 0xD5, 0xB4, 0xB0, 0xDD, 0xB3, 0xEE, 0x35, 0xED, 0xF4,
  0xEE, 0x15, 0xF6, 0x15, 0xF6, 0x15, 0xF6, 0x15, 0xF6, 0x36, 0xEE, 0x55, 0xF6, 0xF9, 0xFF, 0x5C,
  0xFF, 0x5C, 0xFF, 0x7C, 0xFF, 0x7C, 0xFF, 0x7C, 0xFF, 0x7C, 0xFF, 0x7C, 0xFF, 0x7C, 0xFF, 0x5C,
  0xF7, 0x3B, 0xEE, 0xD9, 0x8B, 0xEE, 0x5A, 0xCA, 0x52, 0xAA, 0x4A, 0x49, 0x42, 0x28, 0x3A, 0x08,
  0x42, 0x08, 0x42, 0x08, 0x41, 0xE8, 0x39, 0xE8, 0x31, 0xE7, 0x39, 0xC6, 0x39, 0xC7, 0x39, 0xC7,
  0x39, 0xC7, 0x39, 0xC7, 0x39, 0xC7, 0x39, 0xC7, 0x39, 0xC7, 0x39, 0xC7, 0x39, 0xC7, 0x39, 0xC7,
  0x39, 0xC7, 0x39, 0xE7, 0x39, 0xE7, 0x39, 0xE7, 0x39, 0xC7, 0x39, 0xC7, 0x42, 0x07, 0x42, 0x49,
  0x52, 0x8A, 0x5A, 0xCA, 0x9C, 0x0E, 0xE6, 0x56, 0xFF, 0x3A, 0xFF, 0x5B, 0xFF, 0x7C, 0xFF, 0x7C,
  0xFF, 0x7C, 0xFF, 0x7C, 0xFF, 0x7C, 0xFF, 0x7C, 0xFF, 0x7C, 0xFF, 0x7C, 0xFF, 0x7C, 0xFF, 0x7C,
  0xFF, 0x7C, 0xFF, 0x7C, 0xF7, 0x3B, 0xF7, 0x3B, 0xB5, 0x13, 0x62, 0xEA, 0x62, 0xCA, 0x52, 0x89,
  0x52, 0xA9, 0x52, 0xA9, 0x5A, 0xAA, 0x5A, 0xAA, 0x5A, 0xA9, 0x52, 0xCA, 0x62, 0xEB, 0x6B, 0x0B,
  0xBD, 0x33, 0xF7, 0x3A, 0xF7, 0x3B, 0xFF, 0x5C, 0xFF, 0x7C, 0xF7, 0x3B, 0xEE, 0xFA, 0xFF, 0x9C,
  0xF7, 0x5B, 0xFF, 0x7C, 0xF7, 0x3A, 0xDE, 0x56, 0xD5, 0xF5, 0xEE, 0xB8, 0xFF, 0x5B, 0xFF, 0x5C,
  0xF7, 0x3C, 0xFF, 0x5B, 0xFF, 0x7C, 0xFF, 0x5B, 0xF7, 0x3A, 0xF7, 0x3A, 0xF7, 0x3A, 0xF7, 0x1A,
  0xF7, 0x1B, 0xF7, 0x1B, 0xF7, 0x3A, 0xF7, 0x1A, 0xF7, 0x3A, 0xF7, 0x3A, 0xFF, 0x3A, 0xFF, 0x3A,
  0xF7, 0x1A, 0xEE, 0xD9, 0x8C, 0x0F, 0x5A, 0xCA, 0x52, 0xAA, 0x4A, 0x49, 0x4A, 0x48, 0x4A, 0x69,
  0x52, 0x8A, 0x52, 0xAA, 0x5A, 0xEB, 0x63, 0x2C, 0x73, 0x8D, 0x94, 0xB2, 0xDE, 0xDA, 0xDE, 0xFC,
  0xD6, 0x9A, 0xBD, 0x55, 0xDD, 0xB7, 0xDD, 0x97, 0xDD, 0x77, 0xDD, 0x77, 0xE5, 0x57, 0xE5, 0x57,
  0xDD, 0x57, 0xDD, 0x56, 0xED, 0xB8, 0xF6, 0x5A, 0xFE, 0x9B, 0xFE, 0xBC, 0xFE, 0xBC, 0xFE, 0xBC,
  0xFE, 0xBC, 0xFE, 0x9C, 0xF6, 0x7B, 0xFE, 0x5A, 0xE5, 0xB8, 0x83, 0x4F, 0x62, 0xAD, 0x5A, 0xAE,
  0x4A, 0x6D, 0x4A, 0x4D, 0x42, 0x4C, 0x3A, 0x2B, 0x42, 0x2C, 0x42, 0x0C, 0x3A, 0x0C, 0x39, 0xEB,
  0x39, 0xC9, 0x31, 0xA7, 0x29, 0x86, 0x31, 0x86, 0x31, 0x86, 0x31, 0x86, 0x31, 0xA5, 0x29, 0xA6,
  0x31, 0xA7, 0x39, 0xC7, 0x39, 0xC7, 0x39, 0xC7, 0x31, 0xE7, 0x39, 0xE8, 0x42, 0x08, 0x3A, 0x08,
  0x42, 0x29, 0x4A, 0x49, 0x52, 0xAA, 0x63, 0x2C, 0x73, 0x8E, 0x7B, 0xCF, 0x7C, 0x10, 0x84, 0x10,
  0x8C, 0x51, 0x94, 0x92, 0x9C, 0xF3, 0xAD, 0x95, 0xB5, 0xD7, 0xC6, 0x58, 0xCE, 0x9A, 0xD6, 0xBA,
  0xD6, 0xBA, 0xCE, 0x99, 0xC6, 0x78, 0xC6, 0x58, 0xC6, 0x58, 0xC6, 0x58, 0xBE, 0x38, 0xBE, 0x38,
  0xBE, 0x38, 0xBE, 0x38, 0xC6, 0x38, 0xC6, 0x38, 0xC6, 0x58, 0xC6, 0x78, 0xCE, 0x99, 0xCE, 0x99,
  0xD6, 0xB9, 0xD6, 0xDA, 0xDE, 0xDA, 0xDE, 0xDA, 0xDF, 0x1B, 0xBE, 0x17, 0x84, 0x30, 0x7B, 0xCF,
  0x6B, 0x4D, 0x63, 0x2C, 0x63, 0x0B, 0x62, 0xCA, 0x5A, 0xCA, 0x62, 0xEB, 0x6B, 0x2C, 0x73, 0x2C,
  0xC5, 0x95, 0xF7, 0x3B, 0xF7, 0x3B, 0xFF, 0x5C, 0xFF, 0x7C, 0xFF, 0x7C, 0xFF, 0x7C, 0xFF, 0x7C,
  0xFF, 0x7C, 0xF7, 0x5C, 0xFF, 0x3B, 0xFF, 0x5B, 0xE6, 0x77, 0xBD, 0x11, 0xD5, 0x93, 0xEE, 0x15,
  0xE5, 0xF4, 0xED, 0xF4, 0xF6, 0x14, 0xF6, 0x35, 0xF6, 0x56, 0xF6, 0x76, 0xFE, 0xF9, 0xFF, 0x7B,
  0xFF, 0x7D, 0xFF, 0x7C, 0xFF, 0x7B, 0xFF, 0x7C, 0xFF, 0x7C, 0xFF, 0x7C, 0xFF, 0x7C, 0xFF, 0x5C,
  0xFF, 0x3B, 0xDE, 0x57, 0x7B, 0x4C, 0x62, 0xCA, 0x52, 0x8A, 0x4A, 0x49, 0x42, 0x28, 0x3A, 0x08,
  0x42, 0x08, 0x42, 0x08, 0x41, 0xE8, 0x41, 0xE8, 0x39, 0xE7, 0x39, 0xC6, 0x39, 0xC7, 0x39, 0xC7,
  0x39, 0xC7, 0x39, 0xC7, 0x39, 0xC7, 0x39, 0xC7, 0x39, 0xC7, 0x39, 0xC7, 0x39, 0xC7, 0x39, 0xC7,
  0x39, 0xC7, 0x39, 0xE7, 0x31, 0xE8, 0x39, 0xE8, 0x39, 0xE7, 0x31, 0xE6, 0x41, 0xE8, 0x4A, 0x49,
  0x52, 0xAA, 0x62, 0xEA, 0xB4, 0xD1, 0xF6, 0xD8, 0xFF, 0x3B, 0xFF, 0x7B, 0xFF, 0x7C, 0xFF, 0x7C,
  0xFF, 0x7C, 0xFF, 0x7C, 0xFF, 0x7C, 0xFF, 0x7C, 0xFF, 0x7C, 0xFF, 0x7C, 0xFF, 0x7C, 0xFF, 0x7C,
  0xFF, 0x7C, 0xFF, 0x7C, 0xFF, 0x5B, 0xF7, 0x3B, 0xDE, 0x78, 0x7B, 0x8D, 0x62, 0xEA, 0x62, 0xEA,
  0x62, 0xEA, 0x5A, 0xCA, 0x5A, 0xAA, 0x5A, 0xAA, 0x5A, 0xA9, 0x5A, 0xCA, 0x62, 0xEB, 0x6B, 0x0B,
  0xAC, 0xD2, 0xF7, 0x1A, 0xF7, 0x3B, 0xFF, 0x5C, 0xFF, 0x7C, 0xF7, 0x5B, 0xF7, 0x3B, 0xFF, 0x7C,
  0xFF, 0x7C, 0xFF, 0x7C, 0xF7, 0x3B, 0xEE, 0xD9, 0xFF, 0x3A, 0xFF, 0x5B, 0xFF, 0x5B, 0xF7, 0x5C,
  0xFF, 0x5B, 0xFF, 0x5B, 0xE6, 0xB9, 0xEE, 0xF9, 0xF7, 0x3B, 0xF6, 0xF9, 0xEE, 0xD9, 0xEE, 0xB8,
  0xEE, 0xB8, 0xEE, 0x98, 0xEE, 0x98, 0xEE, 0xB9, 0xEE, 0xD9, 0xF7, 0x1A, 0xF7, 0x3B, 0xFF, 0x3B,
  0xF6, 0xFA, 0xF7, 0x1A, 0xAC, 0xF2, 0x62, 0xCA, 0x5A, 0xCB, 0x4A, 0x69, 0x4A, 0x68, 0x52, 0x89,
  0x52, 0x8A, 0x5A, 0xAB, 0x5A, 0xEB, 0x63, 0x2C, 0x73, 0x8E, 0xA5, 0x13, 0xDF, 0x1B, 0xD6, 0xFB,
  0xDF, 0x1C, 0xC5, 0xD7, 0xD5, 0x76, 0xDD, 0xB7, 0xDD, 0x76, 0xDD, 0x77, 0xE5, 0x57, 0xE5, 0x57,
  0xE5, 0x57, 0xE5, 0x57, 0xDD, 0x56, 0xE5, 0x97, 0xED, 0xD8, 0xF6, 0x5B, 0xFE, 0x9C, 0xFE, 0x9C,
  0xF6, 0x9B, 0xFE, 0x5B, 0xFE, 0x5A, 0xDD, 0xB8, 0x83, 0x6F, 0x5A, 0xCD, 0x52, 0xAE, 0x4A, 0x6D,
  0x42, 0x4D, 0x42, 0x4D, 0x42, 0x2C, 0x42, 0x2C, 0x42, 0x2C, 0x42, 0x2C, 0x3A, 0x0C, 0x3A, 0x0B,
  0x39, 0xEA, 0x31, 0xC9, 0x29, 0x86, 0x29, 0x85, 0x29, 0xA6, 0x29, 0xA6, 0x29, 0xA6, 0x31, 0xA7,
  0x39, 0xA7, 0x39, 0xC7, 0x39, 0xC6, 0x39, 0xA6, 0x31, 0xC7, 0x39, 0xE8, 0x42, 0x08, 0x42, 0x08,
  0x42, 0x29, 0x42, 0x49, 0x52, 0x6A, 0x5B, 0x0B, 0x6B, 0x8D, 0x84, 0x30, 0x9C, 0xB3, 0xAD, 0x34,
  0xB5, 0x96, 0xBD, 0xD7, 0xBE, 0x17, 0xC6, 0x38, 0xC6, 0x58, 0xCE, 0x79, 0xCE, 0x79, 0xCE, 0x79,
  0xD6, 0x99, 0xCE, 0x78, 0xC6, 0x58, 0xBE, 0x57, 0xC6, 0x38, 0xC6, 0x38, 0xC6, 0x38, 0xBE, 0x38,
  0xBE, 0x17, 0xBE, 0x17, 0xBE, 0x38, 0xC6, 0x38, 0xBE, 0x37, 0xC6, 0x78, 0xCE, 0x79, 0xCE, 0x78,
  0xCE, 0x98, 0xD6, 0x99, 0xD6, 0xB9, 0xD6, 0xBA, 0xD6, 0xB9, 0x9C, 0xD2, 0x7B, 0xCF, 0x73, 0x6E,
  0x63, 0x2C, 0x5A, 0xEC, 0x5A, 0xCB, 0x5A, 0xAA, 0x5A, 0xAA, 0x5A, 0xCA, 0x62, 0xEB, 0x6B, 0x0C,
  0x7B, 0x4D, 0xD6, 0x17, 0xFF, 0x3A, 0xF7, 0x3B, 0xFF, 0x5C, 0xFF, 0x7C, 0xFF, 0x7C, 0xFF, 0x7C,
  0xFF, 0x7C, 0xFF, 0x7C, 0xFF, 0x5C, 0xF7, 0x5B, 0xFF, 0x7B, 0xF6, 0xF9, 0xCD, 0x73, 0xD5, 0x52,
  0xEE, 0x36, 0xEE, 0x35, 0xF6, 0x15, 0xF6, 0x36, 0xF6, 0x56, 0xF6, 0x57, 0xFF, 0x19, 0xFF, 0x7B,
  0xFF, 0x7C, 0xFF, 0x7C, 0xFF, 0x7C, 0xFF, 0x7C, 0xFF, 0x7C, 0xFF, 0x7C, 0xFF, 0x7C, 0xF7, 0x3B,
  0xFF, 0x3B, 0xCD, 0xB5, 0x6B, 0x0B, 0x5A, 0xCB, 0x52, 0x69, 0x4A, 0x49, 0x42, 0x28, 0x3A, 0x07,
  0x42, 0x08, 0x42, 0x08, 0x41, 0xE8, 0x41, 0xE8, 0x39, 0xE7, 0x39, 0xC6, 0x39, 0xC7, 0x39, 0xC7,
  0x39, 0xC7, 0x39, 0xC7, 0x39, 0xC7, 0x39, 0xC7, 0x39, 0xC7, 0x39, 0xC7, 0x39, 0xC7, 0x39, 0xC7,
  0x39, 0xC6, 0x39, 0xE7, 0x31, 0xE8, 0x39, 0xE8, 0x39, 0xE8, 0x39, 0xE7, 0x42, 0x08, 0x4A, 0x49,
  0x5A, 0xAA, 0x6B, 0x2B, 0xCD, 0x93, 0xFE, 0xFA, 0xFF, 0x5B, 0xFF, 0x7C, 0xFF, 0x7C, 0xFF, 0x7C,
  0xFF, 0x7C, 0xFF, 0x7C, 0xFF, 0x7C, 0xFF, 0x7C, 0xFF, 0x7C, 0xFF, 0x7C, 0xFF, 0x7C, 0xFF, 0x7C,
  0xFF, 0x7C, 0xFF, 0x7C, 0xFF, 0x5C, 0xF7, 0x3B, 0xF7, 0x1A, 0xAC, 0xD2, 0x62, 0xEA, 0x6B, 0x4C,
  0x83, 0xAE, 0x62, 0xCA, 0x62, 0xCB, 0x5A, 0xCA, 0x5A, 0xA9, 0x62, 0xCA, 0x62, 0xEB, 0x6B, 0x2B,
  0x94, 0x70, 0xEE, 0xF9, 0xF7, 0x3B, 0xFF, 0x5C, 0xFF, 0x7C, 0xFF, 0x7C, 0xFF, 0x7C, 0xFF, 0x7C,
  0xFF, 0x7C, 0xFF, 0x7C, 0xFF, 0x7C, 0xFF, 0x5B, 0xFF, 0x5B, 0xFF, 0x5B, 0xF7, 0x5B, 0xFF, 0x5B,
  0xF7, 0x3A, 0xCE, 0x16, 0xD6, 0x16, 0xEE, 0xDA, 0xCD, 0xF6, 0x9C, 0x70, 0x93, 0xEE, 0x8B, 0xCE,
  0x83, 0xAD, 0x83, 0xAD, 0x83, 0xAD, 0x83, 0xCD, 0x8B, 0xED, 0xAC, 0xD1, 0xD6, 0x16, 0xEE, 0xB8,
  0xF7, 0x1A, 0xF7, 0x1A, 0xC5, 0x94, 0x6B, 0x0B, 0x5A, 0xCA, 0x52, 0x69, 0x4A, 0x69, 0x52, 0x8A,
  0x52, 0x8A, 0x5A, 0xAB, 0x5A, 0xEC, 0x6B, 0x4D, 0x73, 0xAE, 0xAD, 0x55, 0xDF, 0x1B, 0xD6, 0xFC,
  0xDF, 0x1C, 0xD6, 0x9A, 0xBD, 0x35, 0xDD, 0x97, 0xDD, 0x77, 0xDD, 0x77, 0xE5, 0x57, 0xDD, 0x57,
  0xDD, 0x56, 0xDD, 0x56, 0xDD, 0x56, 0xDD, 0x56, 0xDD, 0x57, 0xE5, 0x77, 0xED, 0xD8, 0xF6, 0x5A,
  0xFE, 0x5A, 0xFE, 0x3A, 0xE5, 0x98, 0x83, 0x4E, 0x5A, 0xAC, 0x52, 0xAE, 0x4A, 0x4D, 0x42, 0x4D,
  0x42, 0x2C, 0x3A, 0x2B, 0x42, 0x2C, 0x42, 0x2C, 0x42, 0x2C, 0x42, 0x0C, 0x42, 0x0C, 0x3A, 0x0C,
  0x39, 0xEB, 0x39, 0xCA, 0x31, 0xA8, 0x31, 0xA6, 0x31, 0xA7, 0x31, 0xA7, 0x31, 0xA7, 0x31, 0xA7,
  0x39, 0xC6, 0x39, 0xC6, 0x31, 0xC7, 0x39, 0xC7, 0x39, 0xE7, 0x39, 0xE8, 0x42, 0x08, 0x42, 0x08,
  0x3A, 0x29, 0x42, 0x29, 0x4A, 0x49, 0x4A, 0x69, 0x4A, 0x69, 0x52, 0xAA, 0x5A, 0xCB, 0x63, 0x0C,
  0x6B, 0x4D, 0x73, 0xCF, 0x7B, 0xF0, 0x84, 0x30, 0x8C, 0x91, 0x8C, 0xB1, 0x8C, 0x91, 0x8C, 0x91,
  0xD6, 0x99, 0xCE, 0x78, 0xC6, 0x58, 0xC6, 0x58, 0xBE, 0x38, 0xC6, 0x37, 0xC6, 0x37, 0xC6, 0x38,
  0xBE, 0x17, 0xBD, 0xF7, 0xB6, 0x17, 0xBE, 0x37, 0xC6, 0x37, 0xC6, 0x58, 0xC6, 0x79, 0xCE, 0x79,
  0xCE, 0x79, 0xCE, 0x98, 0xCE, 0x98, 0xD6, 0xBA, 0xB5, 0xB6, 0x84, 0x0F, 0x73, 0xAE, 0x6B, 0x2D,
  0x5B, 0x0B, 0x5A, 0xCB, 0x5A, 0xAA, 0x52, 0xAA, 0x52, 0xA9, 0x52, 0xAA, 0x52, 0xAB, 0x62, 0xEB,
  0x6B, 0x0C, 0x83, 0xCD, 0xDE, 0x78, 0xF7, 0x3A, 0xF7, 0x5B, 0xFF, 0x7C, 0xFF, 0x7C, 0xFF, 0x7C,
  0xFF, 0x7C, 0xFF, 0x7C, 0xFF, 0x7C, 0xFF, 0x7C, 0xF7, 0x5B, 0xFF, 0x3B, 0xFF, 0x5A, 0xD5, 0xD5,
  0xC5, 0x32, 0xF6, 0x56, 0xF6, 0x36, 0xF6, 0x35, 0xF6, 0x56, 0xF6, 0x56, 0xFF, 0x19, 0xFF, 0x7C,
  0xFF, 0x7C, 0xFF, 0x7C, 0xFF, 0x7C, 0xFF, 0x7C, 0xFF, 0x7C, 0xFF, 0x7C, 0xFF, 0x5B, 0xF7, 0x3A,
  0xF7, 0x3B, 0xA4, 0xB1, 0x62, 0xCA, 0x52, 0xAA, 0x52, 0x69, 0x4A, 0x49, 0x42, 0x28, 0x3A, 0x07,
  0x42, 0x08, 0x42, 0x08, 0x41, 0xE8, 0x39, 0xE8, 0x39, 0xE7, 0x39, 0xC6, 0x39, 0xC7, 0x39, 0xC7,
  0x39, 0xC7, 0x39, 0xC7, 0x39, 0xC7, 0x39, 0xC7, 0x39, 0xC7, 0x39, 0xC7, 0x39, 0xC7, 0x39, 0xC7,
  0x39, 0xC6, 0x39, 0xE7, 0x31, 0xE8, 0x39, 0xE8, 0x41, 0xE8, 0x39, 0xE8, 0x42, 0x08, 0x4A, 0x49,
  0x5A, 0xAA, 0x7B, 0x6B, 0xDD, 0xF5, 0xFF, 0x3A, 0xF7, 0x5B, 0xFF, 0x7C, 0xFF, 0x7C, 0xFF, 0x7C,
  0xFF, 0x7C, 0xFF, 0x7C, 0xFF, 0x7C, 0xFF, 0x7C, 0xFF, 0x5B, 0xF7, 0x7C, 0xFF, 0x7C, 0xFF, 0x7C,
  0xFF, 0x5C, 0xFF, 0x5C, 0xFF, 0x5B, 0xF7, 0x3B, 0xF7, 0x1B, 0xDE, 0x58, 0x7B, 0x8D, 0x6B, 0x2B,
  0x9C, 0xB2, 0x73, 0x4C, 0x62, 0xCA, 0x62, 0xCB, 0x62, 0xCA, 0x62, 0xCA, 0x62, 0xEB, 0x6B, 0x2C,
  0x8C, 0x0F, 0xE6, 0xB9, 0xF7, 0x3B, 0xFF, 0x5C, 0xFF, 0x7C, 0xFF, 0x7C, 0xFF, 0x7C, 0xFF, 0x7C,
  0xFF, 0x7C, 0xFF, 0x7C, 0xFF, 0x7C, 0xFF, 0x7C, 0xFF, 0x7C, 0xFF, 0x5C, 0xFF, 0x5B, 0xF7, 0x1A,
  0xCD, 0xF6, 0xE6, 0x78, 0xE6, 0x78, 0x9C, 0x70, 0x73, 0x2B, 0x62, 0xEA, 0x62, 0xEA, 0x6A, 0xEA,
  0x62, 0xCA, 0x62, 0xCA, 0x62, 0xCA, 0x62, 0xCA, 0x62, 0xCA, 0x73, 0x0A, 0xBD, 0x53, 0xD5, 0xF6,
  0xE6, 0x78, 0xF6, 0xF9, 0xD6, 0x16, 0x73, 0x6C, 0x5A, 0xCA, 0x52, 0x89, 0x52, 0x69, 0x52, 0x8A,
  0x52, 0xAA, 0x5A, 0xCB, 0x63, 0x0C, 0x6B, 0x6D, 0x7B, 0xCE, 0xB5, 0xB6, 0xDF, 0x1B, 0xDF, 0x1C,
  0xDF, 0x1B, 0xDF, 0x1C, 0xBD, 0xB6, 0xC5, 0x35, 0xDD, 0x97, 0xDD, 0x56, 0xDD, 0x57, 0xDD, 0x57,
  0xD5, 0x35, 0xDD, 0x35, 0xD5, 0x35, 0xD5, 0x36, 0xDD, 0x36, 0xDD, 0x36, 0xDD, 0x16, 0xD5, 0x36,
  0xE5, 0x77, 0xD5, 0x56, 0x83, 0x2E, 0x5A, 0xAD, 0x52, 0xAE, 0x4A, 0x6D, 0x42, 0x4C, 0x42, 0x2C,
  0x3A, 0x2C, 0x42, 0x2C, 0x42, 0x2C, 0x42, 0x2C, 0x3A, 0x2C, 0x3A, 0x0C, 0x3A, 0x0C, 0x32, 0x0C,
  0x39, 0xEC, 0x39, 0xEA, 0x39, 0xC9, 0x39, 0xC8, 0x39, 0xC7, 0x39, 0xC7, 0x39, 0xC6, 0x39, 0xC7,
  0x31, 0xC7, 0x39, 0xE7, 0x39, 0xE8, 0x42, 0x08, 0x42, 0x08, 0x42, 0x08, 0x42, 0x08, 0x42, 0x28,
  0x42, 0x28, 0x42, 0x29, 0x4A, 0x49, 0x52, 0x69, 0x52, 0x8A, 0x52, 0xAB, 0x5A, 0xCB, 0x52, 0xCB,
  0x5A, 0xEB, 0x5B, 0x0B, 0x63, 0x2C, 0x63, 0x4C, 0x6B, 0x6D, 0x6B, 0x6D, 0x73, 0x8D, 0x73, 0xCE,
  0xD6, 0x99, 0xCE, 0x78, 0xCE, 0x57, 0xC6, 0x58, 0xC6, 0x58, 0xC6, 0x37, 0xC6, 0x37, 0xBE, 0x37,
  0xBE, 0x16, 0xB6, 0x17, 0xBD, 0xF6, 0xBE, 0x17, 0xC6, 0x37, 0xC6, 0x37, 0xC6, 0x58, 0xCE, 0x78,
  0xCE, 0x99, 0xCE, 0x99, 0xD6, 0x99, 0xCE, 0x58, 0x8C, 0x70, 0x7B, 0xCE, 0x6B, 0x6D, 0x63, 0x0C,
  0x5A, 0xCB, 0x52, 0xAA, 0x52, 0xAA, 0x52, 0x8A, 0x4A, 0x8A, 0x52, 0x8A, 0x52, 0xAA, 0x5A, 0xAA,
  0x6B, 0x0C, 0x63, 0x0B, 0x83, 0xEF, 0xE6, 0xB9, 0xF7, 0x3A, 0xF7, 0x3B, 0xFF, 0x5C, 0xFF, 0x7C,
  0xFF, 0x7C, 0xFF, 0x7C, 0xFF, 0x7C, 0xFF, 0x7C, 0xFF, 0x7C, 0xF7, 0x5B, 0xFF, 0x3B, 0xFF, 0x5B,
  0xD5, 0xF5, 0xCD, 0x52, 0xEE, 0x36, 0xF6, 0x36, 0xF6, 0x35, 0xF6, 0x56, 0xFF, 0x1A, 0xFF, 0x7C,
  0xFF, 0x5C, 0xFF, 0x7C, 0xFF, 0x7C, 0xFF, 0x7C, 0xFF, 0x7C, 0xFF, 0x7C, 0xF7, 0x5B, 0xFF, 0x3B,
  0xEE, 0xFA, 0x8C, 0x0E, 0x5A, 0xAA, 0x52, 0x8A, 0x4A, 0x69, 0x42, 0x49, 0x4A, 0x28, 0x42, 0x27,
  0x3A, 0x08, 0x42, 0x08, 0x41, 0xE8, 0x39, 0xE8, 0x31, 0xE7, 0x39, 0xC7, 0x39, 0xC7, 0x39, 0xC7,
  0x39, 0xC7, 0x39, 0xC7, 0x39, 0xC7, 0x39, 0xC7, 0x39, 0xC7, 0x39, 0xC7, 0x39, 0xC7, 0x39, 0xC7,
  0x39, 0xE6, 0x39, 0xE7, 0x41, 0xE8, 0x41, 0xE8, 0x41, 0xE8, 0x41, 0xE7, 0x42, 0x08, 0x4A, 0x69,
  0x5A, 0xA9, 0x8B, 0xCE, 0xEE, 0x98, 0xFF, 0x3A, 0xF7, 0x5C, 0xFF, 0x7C, 0xFF, 0x7C, 0xFF, 0x7C,
  0xFF, 0x7C, 0xFF, 0x7C, 0xFF, 0x7C, 0xFF, 0x7C, 0xFF, 0x9C, 0xFF, 0x5C, 0xFF, 0x3B, 0xFF, 0x1A,
  0xF6, 0xD9, 0xF6, 0xD9, 0xF7, 0x1A, 0xFF, 0x3B, 0xF7, 0x1A, 0xF6, 0xFA, 0xB5, 0x13, 0x6B, 0x0B,
  0xA4, 0xD2, 0xAC, 0xF3, 0x62, 0xEA, 0x62, 0xEB, 0x62, 0xCB, 0x5A, 0xCB, 0x62, 0xEB, 0x6B, 0x0C,
  0x83, 0xCD, 0xDE, 0x98, 0xF7, 0x3B, 0xFF, 0x5B, 0xFF, 0x7C, 0xFF, 0x7C, 0xFF, 0x7C, 0xFF, 0x7C,
  0xFF, 0x7C, 0xFF, 0x7C, 0xFF, 0x7C, 0xFF, 0x7C, 0xFF, 0x7C, 0xFF, 0x7C, 0xF7, 0x3B, 0xDE, 0x77,
  0xEE, 0xD9, 0xDE, 0x37, 0x83, 0x8D, 0x62, 0xEA, 0x63, 0x0A, 0x62, 0xEA, 0x6B, 0x0B, 0x73, 0x4C,
  0x73, 0x4C, 0x73, 0x0B, 0x62, 0xEA, 0x62, 0xEA, 0x6A, 0xEA, 0x6A, 0xCA, 0x8B, 0xCD, 0xDE, 0x57,
  0xF6, 0xFA, 0xF7, 0x1A, 0xE6, 0x78, 0x83, 0xAE, 0x5A, 0xCB, 0x52, 0x8A, 0x52, 0x89, 0x52, 0x8A,
  0x52, 0xAA, 0x5A, 0xCB, 0x6B, 0x0C, 0x73, 0x6D, 0x83, 0xEF, 0xC5, 0xF8, 0xDF, 0x1C, 0xDF, 0x1B,
  0xE7, 0x1B, 0xDF, 0x1C, 0xCE, 0x9A, 0xAC, 0xD3, 0xD5, 0x56, 0xDD, 0x56, 0xDD, 0x56, 0xDD, 0x36,
  0xDD, 0x36, 0xDD, 0x36, 0xDD, 0x16, 0xDD, 0x16, 0xD5, 0x15, 0xD4, 0xF5, 0xCC, 0xD5, 0xCC, 0xB4,
  0xBC, 0x73, 0x7A, 0xED, 0x5A, 0x8C, 0x52, 0x8E, 0x4A, 0x6D, 0x42, 0x4C, 0x42, 0x2C, 0x42, 0x2C,
  0x42, 0x2C, 0x42, 0x2C, 0x3A, 0x0C, 0x3A, 0x0C, 0x3A, 0x0C, 0x32, 0x0C, 0x3A, 0x0C, 0x3A, 0x0C,
  0x3A, 0x0B, 0x39, 0xEB, 0x39, 0xEB, 0x31, 0xEA, 0x39, 0xE8, 0x39, 0xE7, 0x42, 0x08, 0x42, 0x28,
  0x42, 0x49, 0x42, 0x49, 0x42, 0x49, 0x42, 0x49, 0x4A, 0x49, 0x4A, 0x49, 0x4A, 0x49, 0x4A, 0x49,
  0x4A, 0x49, 0x4A, 0x69, 0x4A, 0x6A, 0x52, 0x8A, 0x4A, 0x8A, 0x52, 0xAA, 0x52, 0xCB, 0x5A, 0xEB,
  0x63, 0x0B, 0x63, 0x2C, 0x6B, 0x4D, 0x6B, 0x6D, 0x73, 0x8E, 0x73, 0xAE, 0x7B, 0xCF, 0x7B, 0xEF,
  0xD6, 0x99, 0xCE, 0x78, 0xCE, 0x78, 0xCE, 0x78, 0xCE, 0x78, 0xC6, 0x58, 0xC6, 0x58, 0xC6, 0x37,
  0xBE, 0x17, 0xBE, 0x17, 0xBE, 0x17, 0xBE, 0x17, 0xC6, 0x37, 0xBE, 0x36, 0xC6, 0x58, 0xCE, 0x79,
  0xD6, 0x99, 0xD6, 0x98, 0xD6, 0x99, 0xA5, 0x13, 0x7B, 0xEE, 0x73, 0x8D, 0x6B, 0x2C, 0x5A, 0xEB,
  0x5A, 0xCA, 0x52, 0xAA, 0x4A, 0x8A, 0x52, 0x8A, 0x52, 0x8A, 0x52, 0x8A, 0x5A, 0x89, 0x5A, 0xAA,
  0x5A, 0xCB, 0x63, 0x0C, 0x6B, 0x0B, 0x94, 0x50, 0xEE, 0xDA, 0xF7, 0x1A, 0xFF, 0x5C, 0xFF, 0x7C,
  0xFF, 0x7C, 0xFF, 0x7C, 0xFF, 0x7C, 0xFF, 0x7C, 0xFF, 0x7C, 0xFF, 0x7C, 0xFF, 0x5C, 0xFF, 0x3A,
  0xFF, 0x5B, 0xDE, 0x36, 0xD5, 0x73, 0xEE, 0x57, 0xF6, 0x56, 0xF6, 0x56, 0xFF, 0x1A, 0xFF, 0x7C,
  0xFF, 0x5C, 0xFF, 0x7C, 0xFF, 0x7C, 0xFF, 0x7C, 0xFF, 0x7C, 0xFF, 0x7C, 0xF7, 0x5B, 0xFF, 0x5B,
  0xDE, 0x78, 0xA4, 0xB1, 0x6B, 0x2B, 0x52, 0x69, 0x4A, 0x49, 0x4A, 0x49, 0x4A, 0x28, 0x42, 0x27,
  0x3A, 0x08, 0x42, 0x08, 0x41, 0xE8, 0x41, 0xE8, 0x39, 0xE7, 0x39, 0xC7, 0x39, 0xC7, 0x39, 0xC7,
  0x39, 0xC7, 0x39, 0xC7, 0x39, 0xC7, 0x39, 0xC7, 0x39, 0xC7, 0x39, 0xC7, 0x39, 0xC7, 0x39, 0xC7,
  0x39, 0xE6, 0x39, 0xE7, 0x41, 0xE8, 0x41, 0xE8, 0x41, 0xE8, 0x41, 0xE8, 0x42, 0x08, 0x4A, 0x8A,
  0x5A, 0xCA, 0x9C, 0x70, 0xF6, 0xD9, 0xFF, 0x3B, 0xFF, 0x7C, 0xFF, 0x7C, 0xFF, 0x7C, 0xFF, 0x7C,
  0xFF, 0x7C, 0xFF, 0x7C, 0xFF, 0x7C, 0xFF, 0x7B, 0xE6, 0xD9, 0xDE, 0x57, 0xD5, 0xF5, 0xDD, 0xF5,
  0xDE, 0x36, 0xE6, 0x57, 0xF6, 0xD8, 0xFF, 0x3A, 0xFF, 0x3B, 0xF6, 0xFA, 0xE6, 0x98, 0x83, 0xCE,
  0x94, 0x30, 0xCD, 0xF6, 0x83, 0xAD, 0x6A, 0xEB, 0x62, 0xEB, 0x62, 0xCA, 0x62, 0xEB, 0x6B, 0x0B,
  0x73, 0x4C, 0xCD, 0xF6, 0xF7, 0x5B, 0xFF, 0x5B, 0xFF, 0x7C, 0xFF, 0x7C, 0xFF, 0x7C, 0xFF, 0x7C,
  0xFF, 0x7C, 0xFF, 0x7C, 0xFF, 0x7C, 0xFF, 0x7C, 0xFF, 0x7C, 0xEF, 0x1A, 0xDE, 0x58, 0xF7, 0x1A,
  0xD6, 0x16, 0x73, 0x4B, 0x6A, 0xEA, 0x6B, 0x0B, 0x6B, 0x0B, 0xA4, 0xB1, 0xCD, 0xD5, 0xCD, 0xF7,
  0xD6, 0x17, 0xCD, 0xF6, 0xAD, 0x13, 0x8C, 0x0F, 0x94, 0x2F, 0x8C, 0x0E, 0x7B, 0x4C, 0x8B, 0xCD,
  0xC5, 0x94, 0xC5, 0x94, 0xCD, 0xD5, 0x8B, 0xEF, 0x62, 0xCA, 0x52, 0x8A, 0x4A, 0x69, 0x52, 0x8A,
  0x5A, 0xAB, 0x5A, 0xCB, 0x6B, 0x2D, 0x73, 0x8E, 0x84, 0x30, 0xCE, 0x58, 0xE7, 0x1C, 0xDF, 0x1C,
  0xE7, 0x3C, 0xDF, 0x1B, 0xDE, 0xFB, 0xB5, 0x35, 0xBC, 0xD4, 0xD5, 0x56, 0xD5, 0x36, 0xDD, 0x36,
  0xDD, 0x36, 0xDD, 0x16, 0xDD, 0x16, 0xD4, 0xF5, 0xD4, 0xF5, 0xCC, 0xB4, 0xC4, 0x94, 0xB4, 0x53,
  0x7A, 0xED, 0x5A, 0x8D, 0x52, 0x8D, 0x4A, 0x6D, 0x42, 0x4D, 0x3A, 0x2C, 0x3A, 0x2B, 0x42, 0x2C,
  0x3A, 0x0C, 0x3A, 0x0C, 0x3A, 0x0C, 0x3A, 0x0C, 0x3A, 0x0C, 0x3A, 0x0C, 0x3A, 0x0C, 0x3A, 0x0C,
  0x3A, 0x0C, 0x3A, 0x0C, 0x3A, 0x2C, 0x3A, 0x0B, 0x42, 0x4A, 0x52, 0xCB, 0x4A, 0x8A, 0x4A, 0x69,
  0x52, 0x8A, 0x52, 0xAA, 0x52, 0xAA, 0x52, 0xAA, 0x52, 0xAA, 0x52, 0xAA, 0x5A, 0xAA, 0x52, 0xAA,
  0x52, 0xAA, 0x52, 0xAA, 0x52, 0xAA, 0x52, 0xCB, 0x5A, 0xCB, 0x5A, 0xEB, 0x5B, 0x0C, 0x63, 0x2C,
  0x63, 0x4C, 0x63, 0x4D, 0x6B, 0x6D, 0x73, 0xAE, 0x73, 0xCE, 0x7B, 0xCF, 0x7B, 0xEF, 0x7C, 0x10,
  0xDE, 0xB9, 0xDE, 0x99, 0xD6, 0x99, 0xCE, 0x98, 0xCE, 0x79, 0xCE, 0x78, 0xCE, 0x58, 0xCE, 0x58,
  0xC6, 0x37, 0xC6, 0x37, 0xBE, 0x36, 0xC6, 0x37, 0xC6, 0x37, 0xC6, 0x37, 0xCE, 0x57, 0xCE, 0x58,
  0xCE, 0x79, 0xD6, 0x99, 0xBD, 0xB6, 0x84, 0x0F, 0x7B, 0xAE, 0x6B, 0x4C, 0x63, 0x0B, 0x5A, 0xEB,
  0x5A, 0xAA, 0x52, 0x89, 0x4A, 0x8A, 0x52, 0x8A, 0x52, 0x8A, 0x4A, 0x69, 0x52, 0x6A, 0x5A, 0x8A,
  0x5A, 0xAA, 0x5A, 0xAA, 0x6B, 0x0B, 0x6A, 0xEB, 0xA4, 0xF2, 0xF7, 0x1A, 0xF7, 0x3A, 0xF7, 0x5C,
  0xFF, 0x7C, 0xFF, 0x7C, 0xFF, 0x7C, 0xFF, 0x7C, 0xFF, 0x7C, 0xFF, 0x7C, 0xFF, 0x7C, 0xFF, 0x7C,
  0xF7, 0x5A, 0xFF, 0x5B, 0xE6, 0x57, 0xCD, 0x94, 0xF6, 0x77, 0xF6, 0x57, 0xFF, 0x1A, 0xFF, 0x7C,
  0xFF, 0x7C, 0xFF, 0x7C, 0xFF, 0x7C, 0xFF, 0x7C, 0xFF, 0x7C, 0xFF, 0x7C, 0xF7, 0x5B, 0xFF, 0x7B,
  0xCD, 0xF6, 0xC5, 0xD7, 0x84, 0x0F, 0x4A, 0x69, 0x4A, 0x49, 0x4A, 0x28, 0x42, 0x07, 0x42, 0x08,
  0x42, 0x08, 0x42, 0x08, 0x41, 0xE8, 0x41, 0xE8, 0x39, 0xE7, 0x39, 0xC7, 0x39, 0xC7, 0x39, 0xC7,
  0x39, 0xC7, 0x31, 0xA7, 0x31, 0xC7, 0x39, 0xC7, 0x39, 0xC7, 0x39, 0xC7, 0x39, 0xC7, 0x39, 0xC7,
  0x39, 0xE6, 0x39, 0xE7, 0x41, 0xE8, 0x41, 0xE8, 0x42, 0x08, 0x41, 0xE8, 0x42, 0x08, 0x52, 0x89,
  0x62, 0xCA, 0xBD, 0x12, 0xFF, 0x1A, 0xF7, 0x5B, 0xFF, 0x7C, 0xFF, 0x9C, 0xFF, 0x7B, 0xFF, 0x7C,
  0xFF, 0x7C, 0xFF, 0x7C, 0xFF, 0x7C, 0xFF, 0x5B, 0xE6, 0xB9, 0xDE, 0x78, 0xDE, 0x56, 0xD5, 0xF5,
  0xBD, 0x32, 0xAC, 0x90, 0xBD, 0x12, 0xDE, 0x57, 0xFF, 0x3B, 0xF7, 0x1A, 0xF7, 0x1A, 0xBD, 0x74,
  0x83, 0xAD, 0xD6, 0x17, 0xB5, 0x33, 0x6B, 0x0B, 0x6B, 0x0B, 0x62, 0xEB, 0x6A, 0xEA, 0x6B, 0x2B,
  0x6B, 0x2C, 0xBD, 0x53, 0xF7, 0x3A, 0xF7, 0x3B, 0xFF, 0x7B, 0xFF, 0x7C, 0xFF, 0x7C, 0xFF, 0x7C,
  0xFF, 0x7C, 0xFF, 0x7C, 0xFF, 0x7C, 0xF7, 0x7C, 0xFF, 0x7C, 0xE6, 0xB9, 0xF6, 0xFA, 0xD6, 0x37,
  0x7B, 0x6C, 0x6A, 0xEA, 0x6B, 0x0B, 0x7B, 0x4C, 0xC5, 0xB5, 0xEE, 0xFA, 0xEE, 0xFA, 0xF6, 0xFA,
  0xF7, 0x1A, 0xFF, 0x1A, 0xF7, 0x1A, 0xEE, 0xDA, 0xEE, 0xFA, 0xEE, 0xD9, 0xDE, 0x57, 0xB5, 0x32,
  0xDE, 0x37, 0xDE, 0x37, 0xDE, 0x57, 0x94, 0x4F, 0x62, 0xCA, 0x52, 0xAA, 0x52, 0x89, 0x52, 0x8A,
  0x5A, 0xCB, 0x62, 0xEB, 0x6B, 0x2D, 0x73, 0xAE, 0x8C, 0x71, 0xD6, 0x9A, 0xE7, 0x3C, 0xDF, 0x3B,
  0xE7, 0x3C, 0xDF, 0x1B, 0xDE, 0xFB, 0xAD, 0x34, 0x94, 0x11, 0xCD, 0x15, 0xCC, 0xF5, 0xD5, 0x16,
  0xD5, 0x16, 0xD5, 0x15, 0xD4, 0xF5, 0xD4, 0xD4, 0xCC, 0x93, 0xC4, 0x74, 0xB4, 0x12, 0x72, 0xCD,
  0x5A, 0x6D, 0x52, 0x6D, 0x4A, 0x4D, 0x42, 0x2C, 0x3A, 0x2C, 0x42, 0x2C, 0x42, 0x2C, 0x42, 0x2C,
  0x32, 0x0C, 0x32, 0x0C, 0x3A, 0x0C, 0x3A, 0x0C, 0x3A, 0x0C, 0x3A, 0x0C, 0x3A, 0x0C, 0x3A, 0x0C,
  0x3A, 0x0C, 0x32, 0x0C, 0x3A, 0x2B, 0x42, 0x4C, 0x42, 0x4B, 0x7C, 0x11, 0x9C, 0xF4, 0x8C, 0x71,
  0x7C, 0x10, 0x73, 0x8E, 0x6B, 0x6D, 0x6B, 0x4D, 0x63, 0x2C, 0x63, 0x2C, 0x63, 0x2C, 0x63, 0x2C,
  0x63, 0x2C, 0x63, 0x2C, 0x63, 0x2C, 0x63, 0x4D, 0x6B, 0x4D, 0x63, 0x4D, 0x6B, 0x6E, 0x73, 0x8D,
  0x73, 0x8E, 0x73, 0xAE, 0x7B, 0xCF, 0x84, 0x10, 0x84, 0x30, 0x8C, 0x71, 0x9C, 0xD3, 0xA5, 0x54,
  0xE6, 0xDA, 0xDE, 0xBA, 0xDE, 0xB9, 0xDE, 0x99, 0xD6, 0x99, 0xD6, 0x99, 0xD6, 0x78, 0xD6, 0x78,
  0xCE, 0x38, 0xC6, 0x37, 0xC6, 0x37, 0xC6, 0x37, 0xC6, 0x38, 0xC6, 0x58, 0xC6, 0x58, 0xCE, 0x58,
  0xCE, 0x58, 0xC6, 0x37, 0x8C, 0x50, 0x7B, 0xCE, 0x73, 0x6D, 0x6B, 0x2C, 0x5A, 0xEB, 0x5A, 0xCA,
  0x52, 0xAA, 0x52, 0x89, 0x52, 0x8A, 0x52, 0x8A, 0x52, 0x6A, 0x52, 0x69, 0x4A, 0x69, 0x52, 0x69,
  0x52, 0x8A, 0x52, 0x89, 0x5A, 0xCA, 0x6A, 0xEB, 0x73, 0x0B, 0xC5, 0xB5, 0xF7, 0x1A, 0xF7, 0x3B,
  0xFF, 0x7C, 0xFF, 0x7C, 0xFF, 0x7C, 0xFF, 0x7C, 0xFF, 0x7C, 0xFF, 0x7C, 0xFF, 0x7C, 0xFF, 0x7C,
  0xFF, 0x7C, 0xF7, 0x5B, 0xFF, 0x5B, 0xD6, 0x15, 0xD5, 0xB4, 0xF6, 0x97, 0xFF, 0x3A, 0xFF, 0x7C,
  0xFF, 0x7C, 0xFF, 0x7C, 0xFF, 0x7C, 0xFF, 0x7C, 0xFF, 0x7C, 0xFF, 0x7C, 0xFF, 0x5B, 0xFF, 0x5B,
  0xAC, 0xF2, 0xC5, 0xD6, 0x9C, 0xD2, 0x52, 0x69, 0x52, 0x69, 0x42, 0x28, 0x42, 0x08, 0x42, 0x08,
  0x42, 0x08, 0x41, 0xE8, 0x41, 0xE8, 0x41, 0xE8, 0x39, 0xE7, 0x39, 0xC6, 0x39, 0xC7, 0x39, 0xC7,
  0x39, 0xC7, 0x31, 0xA7, 0x39, 0xC7, 0x39, 0xC7, 0x39, 0xC7, 0x39, 0xC7, 0x39, 0xC7, 0x39, 0xC7,
  0x31, 0xE7, 0x39, 0xE7, 0x41, 0xE8, 0x42, 0x08, 0x41, 0xE8, 0x41, 0xE8, 0x42, 0x08, 0x52, 0x89,
  0x6B, 0x0B, 0xD5, 0xD5, 0xFF, 0x3A, 0xF7, 0x5B, 0xFF, 0x7C, 0xFF, 0x9C, 0xFF, 0x7B, 0xFF, 0x7C,
  0xFF, 0x7C, 0xFF, 0x7C, 0xFF, 0x7C, 0xFF, 0x7C, 0xFF, 0x9C, 0xFF, 0x7C, 0xFF, 0x7B, 0xFF, 0x5B,
  0xF7, 0x1A, 0xD5, 0xF5, 0xAC, 0xD1, 0xCD, 0xD5, 0xF7, 0x1A, 0xFF, 0x3B, 0xF7, 0x3B, 0xEE, 0xFA,
  0x9C, 0x50, 0xBD, 0x74, 0xE6, 0x98, 0x94, 0x0E, 0x73, 0x0B, 0x6B, 0x0B, 0x62, 0xEB, 0x6B, 0x2C,
  0x73, 0x2C, 0xA4, 0xB1, 0xF7, 0x1A, 0xF7, 0x3B, 0xFF, 0x7B, 0xFF, 0x7C, 0xFF, 0x7C, 0xFF, 0x7C,
  0xFF, 0x7C, 0xFF, 0x7C, 0xFF, 0x7C, 0xFF, 0x7C, 0xF7, 0x5B, 0xFF, 0x7C, 0xE6, 0x78, 0x8B, 0xEE,
  0x73, 0x2A, 0x73, 0x0B, 0x73, 0x0B, 0xCD, 0xB5, 0xF7, 0x1B, 0xF7, 0x1A, 0xF7, 0x3A, 0xF7, 0x3B,
  0xFF, 0x3B, 0xF7, 0x3B, 0xF7, 0x3B, 0xF7, 0x3B, 0xF7, 0x3B, 0xF7, 0x3A, 0xFF, 0x5B, 0xFF, 0x5B,
  0xFF, 0x3B, 0xFF, 0x3B, 0xF6, 0xFA, 0x9C, 0x90, 0x62, 0xEA, 0x5A, 0xAA, 0x52, 0x89, 0x5A, 0xAA,
  0x5A, 0xCB, 0x63, 0x0C, 0x6B, 0x6D, 0x73, 0xAE, 0x94, 0xB2, 0xD6, 0xDB, 0xDF, 0x1C, 0xDF, 0x3B,
  0xE7, 0x1B, 0xDF, 0x3C, 0xCE, 0x9A, 0x8C, 0x72, 0x83, 0xAF, 0xA4, 0x52, 0xCC, 0xF5, 0xCC, 0xF5,
  0xD4, 0xF5, 0xCC, 0xF5, 0xD4, 0xD4, 0xCC, 0x94, 0xC4, 0x93, 0xAC, 0x11, 0x6A, 0xAD, 0x52, 0x8D,
  0x52, 0x6D, 0x4A, 0x4C, 0x4A, 0x2D, 0x42, 0x2C, 0x42, 0x2B, 0x3A, 0x0C, 0x3A, 0x0C, 0x42, 0x0C,
  0x3A, 0x0C, 0x32, 0x0C, 0x3A, 0x0C, 0x3A, 0x0C, 0x3A, 0x0C, 0x3A, 0x0C, 0x3A, 0x0C, 0x3A, 0x0C,
  0x3A, 0x0C, 0x3A, 0x0C, 0x42, 0x2C, 0x42, 0x4D, 0x42, 0x6C, 0x5A, 0xED, 0xAD, 0x76, 0xBE, 0x17,
  0xBE, 0x18, 0xBE, 0x18, 0xB5, 0xF7, 0xAD, 0x96, 0x9D, 0x14, 0x94, 0xF3, 0x8C, 0xB2, 0x8C, 0x71,
  0x84, 0x50, 0x7C, 0x30, 0x7C, 0x10, 0x84, 0x30, 0x84, 0x30, 0x84, 0x30, 0x84, 0x51, 0x8C, 0x91,
  0x9C, 0xD3, 0xA5, 0x34, 0xA5, 0x55, 0xB5, 0xB6, 0xC6, 0x38, 0xCE, 0x79, 0xD6, 0xDB, 0xDF, 0x1B,
  0xEE, 0xFA, 0xE6, 0xFA, 0xE6, 0xDA, 0xE6, 0xDA, 0xE6, 0xBA, 0xE6, 0xBA, 0xDE, 0xB9, 0xDE, 0x99,
  0xD6, 0x78, 0xCE, 0x58, 0xCE, 0x58, 0xCE, 0x78, 0xC6, 0x58, 0xCE, 0x58, 0xC6, 0x38, 0xCE, 0x17,
  0xCE, 0x38, 0x9C, 0xD2, 0x7B, 0xCE, 0x73, 0x8E, 0x6B, 0x4C, 0x63, 0x2C, 0x5A, 0xEB, 0x63, 0x0B,
  0x6B, 0x2C, 0x4A, 0x69, 0x52, 0x6A, 0x52, 0x6A, 0x52, 0x6A, 0x4A, 0x69, 0x52, 0x68, 0x52, 0x69,
  0x4A, 0x8A, 0x52, 0x8A, 0x52, 0x89, 0x5A, 0xCA, 0x62, 0xEB, 0x7B, 0x8D, 0xDE, 0x58, 0xF7, 0x3A,
  0xFF, 0x3B, 0xFF, 0x7C, 0xFF, 0x7C, 0xFF, 0x7C, 0xFF, 0x7C, 0xFF, 0x7C, 0xFF, 0x9C, 0xFF, 0x9C,
  0xFF, 0x7C, 0xFF, 0x7C, 0xFF, 0x5B, 0xFF, 0x5B, 0xCD, 0xD4, 0xEE, 0xB8, 0xFF, 0x7C, 0xF7, 0x5C,
  0xFF, 0x7C, 0xFF, 0x7B, 0xFF, 0x9C, 0xFF, 0x7C, 0xFF, 0x7B, 0xFF, 0x7B, 0xFF, 0x7C, 0xE6, 0xB9,
  0x9C, 0x70, 0xA4, 0xB2, 0xB5, 0x75, 0x5A, 0xEB, 0x52, 0x69, 0x4A, 0x49, 0x42, 0x08, 0x39, 0xE7,
  0x39, 0xE7, 0x41, 0xE7, 0x41, 0xE8, 0x41, 0xE8, 0x39, 0xE8, 0x39, 0xE7, 0x39, 0xC6, 0x39, 0xC7,
  0x39, 0xC7, 0x39, 0xC7, 0x39, 0xC7, 0x39, 0xC7, 0x39, 0xC7, 0x39, 0xC7, 0x39, 0xC6, 0x39, 0xE7,
  0x31, 0xE8, 0x39, 0xE8, 0x41, 0xE8, 0x42, 0x08, 0x42, 0x08, 0x42, 0x08, 0x4A, 0x28, 0x52, 0x89,
  0x83, 0x8D, 0xEE, 0x98, 0xFF, 0x3A, 0xF7, 0x5B, 0xFF, 0x7C, 0xFF, 0x7C, 0xFF, 0x7C, 0xFF, 0x7C,
  0xFF, 0x7C, 0xFF, 0x7C, 0xFF, 0x7C, 0xFF, 0x7C, 0xFF, 0x5B, 0xF7, 0x5B, 0xF7, 0x5B, 0xF7, 0x3B,
  0xFF, 0x3A, 0xFF, 0x5B, 0xF6, 0xFA, 0xEE, 0xD9, 0xFF, 0x3B, 0xFF, 0x5C, 0xF7, 0x3B, 0xF7, 0x5B,
  0xCE, 0x16, 0xA4, 0xB1, 0xEE, 0xD9, 0xD5, 0xF6, 0x7B, 0x6D, 0x73, 0x2B, 0x6B, 0x0C, 0x73, 0x2C,
  0x73, 0x4C, 0x8C, 0x0F, 0xEE, 0xB9, 0xFF, 0x3A, 0xFF, 0x7C, 0xFF, 0x7C, 0xFF, 0x7C, 0xFF, 0x7C,
  0xFF, 0x7C, 0xFF, 0x7C, 0xFF, 0x7C, 0xFF, 0x7B, 0xFF, 0x7C, 0xE6, 0xD9, 0xC5, 0xB5, 0x9C, 0x70,
  0x7B, 0x4B, 0x73, 0x0B, 0xBD, 0x74, 0xF7, 0x1A, 0xF7, 0x1A, 0xFF, 0x5B, 0xFF, 0x7C, 0xFF, 0x7C,
  0xFF, 0x7C, 0xFF, 0x7C, 0xFF, 0x7C, 0xFF, 0x7B, 0xFF, 0x7C, 0xFF, 0x5C, 0xF7, 0x5B, 0xF7, 0x5B,
  0xFF, 0x3B, 0xF7, 0x1A, 0xF6, 0xFA, 0xA4, 0xB2, 0x62, 0xCA, 0x5A, 0x8A, 0x52, 0x89, 0x5A, 0xAA,
  0x5A, 0xCB, 0x63, 0x2C, 0x73, 0x8E, 0x73, 0xAE, 0xA5, 0x34, 0xDF, 0x1C, 0xDF, 0x1C, 0xDF, 0x3C,
  0xD7, 0x3B, 0xDF, 0x1C, 0xBE, 0x18, 0x84, 0x11, 0x7B, 0xD1, 0x7B, 0x6F, 0xB4, 0x72, 0xCC, 0xD4,
  0xCC, 0xB4, 0xCC, 0xB4, 0xC4, 0x94, 0xC4, 0x73, 0xA3, 0xF1, 0x62, 0xAC, 0x52, 0x8C, 0x4A, 0x6D,
  0x42, 0x4D, 0x42, 0x2C, 0x42, 0x2C, 0x42, 0x0C, 0x42, 0x0C, 0x3A, 0x0C, 0x3A, 0x0C, 0x3A, 0x0C,
  0x3A, 0x0C, 0x32, 0x0C, 0x3A, 0x0C, 0x3A, 0x0C, 0x3A, 0x0C, 0x3A, 0x0C, 0x3A, 0x0C, 0x3A, 0x0C,
  0x3A, 0x0C, 0x3A, 0x0C, 0x42, 0x2D, 0x42, 0x4C, 0x4A, 0x8D, 0x52, 0xAD, 0x84, 0x31, 0xBE, 0x18,
  0xBE, 0x38, 0xC6, 0x99, 0xCE, 0xB9, 0xCE, 0xDA, 0xCE, 0xBA, 0xCE, 0xBA, 0xCE, 0x99, 0xCE, 0x99,
  0xC6, 0x79, 0xC6, 0x79, 0xC6, 0x79, 0xC6, 0x58, 0xC6, 0x58, 0xC6, 0x58, 0xCE, 0x99, 0xD6, 0xBA,
  0xD6, 0xDB, 0xDE, 0xFB, 0xDE, 0xFB, 0xDF, 0x1B, 0xDF, 0x1C, 0xDF, 0x3C, 0xDF, 0x1C, 0xDF, 0x3B,
  0xEF, 0x1A, 0xEE, 0xFA, 0xEE, 0xFA, 0xEE, 0xFA, 0xEE, 0xDA, 0xE6, 0xDA, 0xE6, 0xDA, 0xE6, 0xB9,
  0xDE, 0x99, 0xD6, 0x98, 0xD6, 0x78, 0xD6, 0x98, 0xCE, 0x58, 0xCE, 0x37, 0xC6, 0x17, 0xCE, 0x17,
  0xAD, 0x34, 0x83, 0xEF, 0x7B, 0xAE, 0x6B, 0x6D, 0x63, 0x4C, 0x5B, 0x0B, 0x62, 0xEB, 0x7B, 0xAE,
  0x52, 0xAA, 0x4A, 0x69, 0x52, 0x6A, 0x52, 0x6A, 0x52, 0x6A, 0x4A, 0x69, 0x4A, 0x68, 0x52, 0x69,
  0x52, 0x69, 0x52, 0x69, 0x52, 0x89, 0x5A, 0xAA, 0x62, 0xEB, 0x62, 0xEB, 0x94, 0x30, 0xEE, 0xDA,
  0xF7, 0x3B, 0xFF, 0x5C, 0xFF, 0x7C, 0xFF, 0x7C, 0xFF, 0x7C, 0xFF, 0x7C, 0xFF, 0x9C, 0xFF, 0x9C,
  0xFF, 0x7C, 0xFF, 0x7C, 0xF7, 0x5B, 0xFF, 0x5B, 0xF6, 0xFA, 0xD6, 0x17, 0xF7, 0x5C, 0xFF, 0x7C,
  0xFF, 0x7C, 0xFF, 0x7C, 0xFF, 0x7C, 0xFF, 0x7C, 0xFF, 0x7C, 0xF7, 0x5B, 0xFF, 0x7B, 0xCD, 0xF6,
  0xB4, 0xF3, 0xAC, 0xB2, 0xBD, 0xD6, 0x7B, 0xCF, 0x52, 0x89, 0x4A, 0x69, 0x42, 0x08, 0x39, 0xE7,
  0x31, 0xE6, 0x39, 0xE7, 0x41, 0xE8, 0x41, 0xE8, 0x39, 0xE8, 0x31, 0xE7, 0x39, 0xC6, 0x39, 0xC7,
  0x39, 0xC7, 0x39, 0xC7, 0x39, 0xC7, 0x39, 0xC7, 0x39, 0xC7, 0x39, 0xC7, 0x39, 0xC6, 0x39, 0xE7,
  0x31, 0xE8, 0x39, 0xE8, 0x41, 0xE8, 0x42, 0x08, 0x42, 0x08, 0x42, 0x07, 0x4A, 0x28, 0x52, 0x69,
  0x94, 0x2F, 0xF6, 0xF9, 0xFF, 0x3B, 0xFF, 0x5C, 0xFF, 0x7C, 0xFF, 0x7C, 0xFF, 0x7C, 0xFF, 0x7C,
  0xFF, 0x7C, 0xFF, 0x7C, 0xFF, 0x7C, 0xFF, 0x7C, 0xFF, 0x7C, 0xFF, 0x7C, 0xFF, 0x5C, 0xFF, 0x5B,
  0xFF, 0x5C, 0xFF, 0x5B, 0xFF, 0x7B, 0xFF, 0x7B, 0xF7, 0x5B, 0xFF, 0x5C, 0xFF, 0x5B, 0xF7, 0x3B,
  0xF7, 0x3B, 0xB5, 0x33, 0xD5, 0xF6, 0xF6, 0xFA, 0xB5, 0x53, 0x73, 0x4C, 0x73, 0x4C, 0x73, 0x4C,
  0x73, 0x6C, 0x83, 0xAE, 0xDE, 0x57, 0xF7, 0x3B, 0xF7, 0x5C, 0xFF, 0x7C, 0xFF, 0x7C, 0xFF, 0x7C,
  0xFF, 0x7C, 0xFF, 0x7C, 0xFF, 0x7C, 0xFF, 0x7C, 0xFF, 0x7B, 0xEE, 0xFA, 0xEE, 0xB9, 0xA4, 0xB0,
  0x73, 0x2B, 0xAC, 0xF2, 0xF7, 0x1A, 0xF7, 0x1A, 0xFF, 0x5B, 0xFF, 0x7C, 0xFF, 0x7C, 0xFF, 0x7C,
  0xFF, 0x7C, 0xFF, 0x7C, 0xFF, 0x7C, 0xFF, 0x7C, 0xFF, 0x7C, 0xFF, 0x7C, 0xFF, 0x7C, 0xFF, 0x7C,
  0xFF, 0x5B, 0xF7, 0x3A, 0xF6, 0xFA, 0xAC, 0xD2, 0x62, 0xCA, 0x5A, 0xAA, 0x52, 0x8A, 0x5A, 0xAB,
  0x62, 0xEC, 0x6B, 0x2D, 0x73, 0x8E, 0x7B, 0xEF, 0xB5, 0xB6, 0xDF, 0x1C, 0xDF, 0x1C, 0xE7, 0x3C,
  0xDF, 0x1C, 0xDF, 0x1C, 0xAD, 0x96, 0x7B, 0xF1, 0x73, 0xB1, 0x63, 0x2F, 0x83, 0x8F, 0xBC, 0x73,
  0xBC, 0x53, 0xC4, 0x73, 0xBC, 0x73, 0x9B, 0xB0, 0x62, 0xAC, 0x52, 0x8C, 0x4A, 0x6D, 0x42, 0x4D,
  0x42, 0x2C, 0x3A, 0x2C, 0x42, 0x2B, 0x3A, 0x0C, 0x3A, 0x0C, 0x3A, 0x0B, 0x3A, 0x0B, 0x32, 0x0C,
  0x3A, 0x0C, 0x39, 0xEC, 0x39, 0xEC, 0x39, 0xEC, 0x39, 0xEC, 0x39, 0xEC, 0x3A, 0x0C, 0x3A, 0x0C,
  0x3A, 0x0C, 0x3A, 0x2B, 0x42, 0x2C, 0x42, 0x4D, 0x4A, 0x8E, 0x52, 0xEE, 0x63, 0x2E, 0xA5, 0x75,
  0xC6, 0x99, 0xCE, 0x99, 0xD6, 0xDA, 0xCE, 0xBA, 0xD6, 0xDA, 0xCE, 0xBA, 0xCE, 0xBA, 0xD6, 0xDA,
  0xD6, 0xFA, 0xD6, 0xFA, 0xD6, 0xFB, 0xDE, 0xFB, 0xD6, 0xFB, 0xD6, 0xFB, 0xDE, 0xFB, 0xDE, 0xFB,
  0xDE, 0xFB, 0xDF, 0x1B, 0xD7, 0x1B, 0xD7, 0x1C, 0xE7, 0x1B, 0xE7, 0x3B, 0xE7, 0x3C, 0xE7, 0x3C,
  0xEE, 0xFA, 0xEE, 0xFA, 0xEE, 0xF9, 0xEE, 0xFA, 0xEE, 0xFA, 0xEE, 0xF9, 0xEE, 0xDA, 0xEE, 0xDA,
  0xE6, 0xB9, 0xDE, 0xB9, 0xDE, 0xB9, 0xDE, 0xB9, 0xD6, 0x98, 0xCE, 0x58, 0xCE, 0x37, 0xBD, 0xB5,
  0x84, 0x2F, 0x7B, 0xCE, 0x73, 0x8E, 0x6B, 0x6D, 0x63, 0x2C, 0x5A, 0xEB, 0x84, 0x30, 0x6B, 0x4C,
  0x4A, 0x69, 0x52, 0x8A, 0x52, 0x6A, 0x4A, 0x69, 0x4A, 0x68, 0x4A, 0x69, 0x4A, 0x49, 0x4A, 0x69,
  0x4A, 0x68, 0x4A, 0x48, 0x52, 0x69, 0x52, 0x8A, 0x5A, 0xAA, 0x62, 0xEB, 0x6B, 0x0B, 0xB5, 0x33,
  0xF7, 0x3B, 0xF7, 0x1B, 0xFF, 0x5C, 0xFF, 0x7C, 0xFF, 0x7C, 0xFF, 0x7C, 0xFF, 0x9C, 0xFF, 0x9C,
  0xFF, 0x9C, 0xFF, 0x7C, 0xFF, 0x7C, 0xF7, 0x5B, 0xFF, 0x9C, 0xDE, 0x98, 0xE6, 0xB9, 0xFF, 0x9C,
  0xFF, 0x7C, 0xFF, 0x7C, 0xFF, 0x7C, 0xFF, 0x7C, 0xFF, 0x5C, 0xFF, 0x5B, 0xF7, 0x3B, 0xBD, 0x54,
  0xBD, 0x14, 0xA4, 0x91, 0xCE, 0x38, 0x94, 0xB2, 0x5A, 0xAA, 0x52, 0x89, 0x42, 0x28, 0x3A, 0x07,
  0x31, 0xE8, 0x39, 0xE8, 0x41, 0xE8, 0x41, 0xE8, 0x39, 0xE8, 0x31, 0xE7, 0x39, 0xC6, 0x39, 0xC7,
  0x39, 0xC7, 0x39, 0xC7, 0x39, 0xC7, 0x39, 0xC7, 0x39, 0xC7, 0x39, 0xC7, 0x39, 0xC6, 0x39, 0xE7,
  0x31, 0xE8, 0x39, 0xE8, 0x42, 0x08, 0x42, 0x08, 0x3A, 0x08, 0x42, 0x08, 0x4A, 0x29, 0x52, 0x69,
  0xA4, 0xB2, 0xF7, 0x1A, 0xF7, 0x5B, 0xFF, 0x7C, 0xFF, 0x7C, 0xFF, 0x7C, 0xFF, 0x7C, 0xFF, 0x7C,
  0xFF, 0x7C, 0xFF, 0x7C, 0xFF, 0x7C, 0xFF, 0x7C, 0xFF, 0x7C, 0xFF, 0x5C, 0xFF, 0x5B, 0xF7, 0x1A,
  0xEE, 0xB9, 0xEE, 0xB9, 0xEE, 0xD9, 0xF7, 0x1A, 0xFF, 0x5B, 0xFF, 0x7C, 0xFF, 0x7C, 0xF7, 0x5B,
  0xFF, 0x5B, 0xDE, 0x78, 0xC5, 0x95, 0xF7, 0x1A, 0xE6, 0xD9, 0xA4, 0xB1, 0x73, 0x4C, 0x73, 0x4C,
  0x7B, 0x6D, 0x7B, 0x8D, 0xC5, 0x94, 0xF7, 0x3B, 0xF7, 0x5B, 0xFF, 0x7C, 0xFF, 0x7C, 0xFF, 0x7C,
  0xFF, 0x7C, 0xFF, 0x9C, 0xFF, 0x7C, 0xFF, 0x7C, 0xF7, 0x5B, 0xFF, 0x5C, 0xEE, 0xD9, 0xAC, 0xB1,
  0xA4, 0x90, 0xEE, 0xFA, 0xF7, 0x3A, 0xFF, 0x3A, 0xFF, 0x7C, 0xFF, 0x7C, 0xFF, 0x7C, 0xFF, 0x7C,
  0xFF, 0x7C, 0xFF, 0x7C, 0xFF, 0x7C, 0xFF, 0x7C, 0xFF, 0x7C, 0xFF, 0x5C, 0xFF, 0x5C, 0xFF, 0x5C,
  0xFF, 0x5B, 0xF7, 0x3A, 0xF6, 0xFA, 0xB4, 0xD2, 0x62, 0xEA, 0x5A, 0xAA, 0x5A, 0xAA, 0x5A, 0xCB,
  0x63, 0x0C, 0x6B, 0x4D, 0x7B, 0xAF, 0x84, 0x30, 0xCE, 0x59, 0xE7, 0x3C, 0xDF, 0x1B, 0xE7, 0x5C,
  0xDF, 0x1C, 0xDF, 0x1C, 0xA5, 0x35, 0x73, 0xD2, 0x6B, 0x92, 0x63, 0x50, 0x62, 0xED, 0x8B, 0x8F,
  0xB4, 0x53, 0xB4, 0x12, 0x8B, 0x4E, 0x5A, 0x8C, 0x52, 0x8D, 0x4A, 0x6D, 0x42, 0x4D, 0x3A, 0x2D,
  0x42, 0x2C, 0x42, 0x2B, 0x42, 0x0C, 0x3A, 0x0C, 0x32, 0x0C, 0x3A, 0x0B, 0x3A, 0x0B, 0x39, 0xEC,
  0x39, 0xEC, 0x39, 0xEB, 0x39, 0xEA, 0x39, 0xEB, 0x39, 0xEB, 0x39, 0xEB, 0x39, 0xEC, 0x39, 0xEC,
  0x3A, 0x0C, 0x3A, 0x0B, 0x42, 0x2C, 0x42, 0x4D, 0x4A, 0x8E, 0x52, 0xCE, 0x5B, 0x0E, 0x7C, 0x10,
  0xBE, 0x58, 0xCE, 0x9A, 0xCE, 0xDB, 0xD6, 0xDB, 0xDE, 0xFB, 0xDF, 0x1B, 0xDF, 0x1B, 0xD7, 0x1B,
  0xD7, 0x1B, 0xD7, 0x1B, 0xDF, 0x1C, 0xDF, 0x1B, 0xDF, 0x1B, 0xDF, 0x1C, 0xE7, 0x1B, 0xDF, 0x1C,
  0xE7, 0x3C, 0xE7, 0x3C, 0xDF, 0x3C, 0xDF, 0x3B, 0xE7, 0x5B, 0xE7, 0x5B, 0xE7, 0x5C, 0xE7, 0x5D,
  0xE6, 0xDA, 0xE6, 0xD9, 0xE6, 0xD9, 0xEE, 0xDA, 0xEE, 0xDA, 0xEE, 0xDA, 0xEE, 0xDA, 0xEE, 0xDA,
  0xE6, 0xDA, 0xE6, 0xBA, 0xE6, 0xD9, 0xE6, 0xB9, 0xDE, 0x78, 0xD6, 0x78, 0xCE, 0x17, 0x94, 0x70,
  0x7B, 0xCE, 0x7B, 0xAE, 0x73, 0x6D, 0x73, 0x6D, 0x63, 0x0B, 0x8C, 0x50, 0x8C, 0x50, 0x52, 0x69,
  0x52, 0x8A, 0x52, 0x8A, 0x4A, 0x6A, 0x42, 0x49, 0x4A, 0x49, 0x4A, 0x49, 0x4A, 0x28, 0x4A, 0x49,
  0x4A, 0x49, 0x42, 0x49, 0x4A, 0x49, 0x52, 0x69, 0x52, 0xAA, 0x5A, 0xCB, 0x6B, 0x2C, 0x7B, 0x6D,
  0xCE, 0x17, 0xFF, 0x3B, 0xF7, 0x5B, 0xFF, 0x7C, 0xFF, 0x7C, 0xFF, 0x7C, 0xFF, 0x7C, 0xFF, 0x7C,
  0xFF, 0x9C, 0xFF, 0x7C, 0xFF, 0x7C, 0xFF, 0x7C, 0xFF, 0x7C, 0xF7, 0x3A, 0xF7, 0x1A, 0xFF, 0x7C,
  0xFF, 0x7B, 0xFF, 0x7C, 0xFF, 0x7C, 0xFF, 0x7C, 0xF7, 0x5B, 0xFF, 0x3B, 0xEE, 0xD9, 0xA4, 0x71,
  0xBC, 0xD3, 0xAC, 0xB2, 0xCE, 0x59, 0xB5, 0x96, 0x63, 0x0B, 0x52, 0xAA, 0x4A, 0x48, 0x42, 0x08,
  0x39, 0xE7, 0x39, 0xE7, 0x41, 0xE8, 0x41, 0xE8, 0x39, 0xE8, 0x31, 0xE8, 0x39, 0xE7, 0x39, 0xC6,
  0x39, 0xC7, 0x39, 0xC7, 0x39, 0xC7, 0x39, 0xC7, 0x39, 0xC7, 0x39, 0xC7, 0x39, 0xC7, 0x39, 0xE7,
  0x31, 0xE8, 0x39, 0xE8, 0x42, 0x08, 0x42, 0x08, 0x42, 0x28, 0x42, 0x08, 0x4A, 0x49, 0x52, 0x89,
  0xB5, 0x33, 0xF7, 0x3A, 0xF7, 0x5B, 0xFF, 0x7C, 0xFF, 0x7C, 0xFF, 0x7C, 0xFF, 0x7C, 0xFF, 0x7C,
  0xFF, 0x7C, 0xFF, 0x5C, 0xFF, 0x5C, 0xF7, 0x5B, 0xF7, 0x3B, 0xF7, 0x3B, 0xF7, 0x3B, 0xF6, 0xF9,
  0xE6, 0x98, 0xDE, 0x57, 0xDE, 0x37, 0xDE, 0x57, 0xDE, 0x78, 0xEF, 0x1A, 0xFF, 0x7C, 0xFF, 0x7C,
  0xFF, 0x5B, 0xFF, 0x5B, 0xCD, 0xF6, 0xDE, 0x78, 0xF7, 0x1B, 0xE6, 0xB9, 0x94, 0x2F, 0x83, 0xAD,
  0x83, 0xAE, 0x7B, 0x8D, 0xAC, 0xF2, 0xF7, 0x3B, 0xF7, 0x3B, 0xFF, 0x5C, 0xFF, 0x7C, 0xFF, 0x7C,
  0xFF, 0x7C, 0xFF, 0x7C, 0xFF, 0x7C, 0xFF, 0x7C, 0xFF, 0x7C, 0xFF, 0x5B, 0xF7, 0x1A, 0xBD, 0x53,
  0xE6, 0xB8, 0xFF, 0x3B, 0xFF, 0x3A, 0xFF, 0x5B, 0xFF, 0x7C, 0xFF, 0x7C, 0xFF, 0x5C, 0xFF, 0x5C,
  0xFF, 0x5C, 0xFF, 0x5C, 0xFF, 0x5C, 0xFF, 0x5C, 0xFF, 0x5C, 0xFF, 0x5C, 0xFF, 0x5B, 0xFF, 0x5B,
  0xFF, 0x5B, 0xFF, 0x1A, 0xFE, 0xFA, 0xB4, 0xD2, 0x62, 0xCA, 0x5A, 0xAA, 0x5A, 0xCB, 0x62, 0xEB,
  0x63, 0x0C, 0x6B, 0x8D, 0x7B, 0xCF, 0x94, 0xB2, 0xD6, 0xDB, 0xE7, 0x3C, 0xE7, 0x3C, 0xDF, 0x5C,
  0xDF, 0x1C, 0xD6, 0xDB, 0x94, 0xF4, 0x73, 0xD2, 0x63, 0x71, 0x63, 0x30, 0x5A, 0xEE, 0x62, 0xAC,
  0x83, 0x4E, 0x72, 0xED, 0x52, 0x6C, 0x52, 0x6C, 0x4A, 0x6D, 0x42, 0x4C, 0x42, 0x2D, 0x3A, 0x2D,
  0x42, 0x2C, 0x42, 0x2C, 0x3A, 0x0C, 0x32, 0x0C, 0x3A, 0x0B, 0x3A, 0x0C, 0x39, 0xEB, 0x39, 0xEC,
  0x39, 0xEC, 0x39, 0xEB, 0x39, 0xEB, 0x39, 0xEB, 0x39, 0xEB, 0x39, 0xEB, 0x39, 0xEC, 0x39, 0xEC,
  0x3A, 0x0C, 0x32, 0x0C, 0x3A, 0x2C, 0x42, 0x4D, 0x42, 0x6D, 0x4A, 0xAE, 0x5B, 0x2F, 0x63, 0x4E,
  0x9D, 0x14, 0xCE, 0x9A, 0xCE, 0xBA, 0xD6, 0xFB, 0xDE, 0xFB, 0xDF, 0x1C, 0xDF, 0x1C, 0xDF, 0x1C,
  0xDF, 0x1C, 0xDF, 0x3C, 0xDF, 0x3C, 0xDF, 0x3C, 0xD7, 0x3C, 0xDF, 0x3C, 0xE7, 0x3C, 0xE7, 0x3C,
  0xE7, 0x3C, 0xE7, 0x3B, 0xE7, 0x3C, 0xE7, 0x5C, 0xE7, 0x5C, 0xE7, 0x5C, 0xE7, 0x5D, 0xE7, 0x5D,
  0xE6, 0x99, 0xE6, 0xB9, 0xE6, 0x99, 0xE6, 0xB9, 0xE6, 0xB9, 0xE6, 0xB9, 0xE6, 0xB9, 0xE6, 0xB9,
  0xE6, 0xB9, 0xE6, 0xB9, 0xE6, 0xB9, 0xDE, 0x98, 0xDE, 0x99, 0xD6, 0x58, 0x9C, 0xB1, 0x83, 0xCE,
  0x7B, 0x8E, 0x73, 0x6E, 0x73, 0x6D, 0x6B, 0x2C, 0x7B, 0xCF, 0xAD, 0x34, 0x63, 0x0C, 0x52, 0x89,
  0x52, 0x8A, 0x52, 0x6A, 0x4A, 0x49, 0x4A, 0x49, 0x4A, 0x49, 0x4A, 0x49, 0x4A, 0x49, 0x4A, 0x49,
  0x4A, 0x49, 0x42, 0x49, 0x4A, 0x69, 0x52, 0x69, 0x52, 0x8A, 0x5A, 0xAA, 0x6B, 0x0C, 0x73, 0x4C,
  0x94, 0x2F, 0xEE, 0xD9, 0xFF, 0x5B, 0xF7, 0x5C, 0xFF, 0x7C, 0xFF, 0x7C, 0xFF, 0x7C, 0xFF, 0x7C,
  0xFF, 0x7C, 0xFF, 0x7C, 0xFF, 0x7C, 0xFF, 0x7C, 0xFF, 0x7C, 0xFF, 0x7C, 0xFF, 0x7C, 0xF7, 0x5C,
  0xF7, 0x5C, 0xF7, 0x5C, 0xF7, 0x5C, 0xFF, 0x5B, 0xFF, 0x5B, 0xFF, 0x7C, 0xD6, 0x16, 0x9C, 0x50,
  0xCD, 0x55, 0xB5, 0x13, 0xCE, 0x79, 0xD6, 0x79, 0x83, 0xEF, 0x5A, 0xAA, 0x4A, 0x6A, 0x42, 0x28,
  0x41, 0xE7, 0x41, 0xE7, 0x41, 0xE8, 0x41, 0xE8, 0x39, 0xE8, 0x31, 0xE8, 0x39, 0xE7, 0x39, 0xC7,
  0x39, 0xC7, 0x39, 0xC7, 0x39, 0xC7, 0x39, 0xC7, 0x39, 0xC7, 0x39, 0xC7, 0x39, 0xE6, 0x39, 0xE7,
  0x31, 0xE8, 0x39, 0xE8, 0x42, 0x08, 0x3A, 0x08, 0x42, 0x28, 0x4A, 0x28, 0x4A, 0x49, 0x5A, 0xAA,
  0xCD, 0xB5, 0xFF, 0x3B, 0xF7, 0x5B, 0xFF, 0x7C, 0xFF, 0x7C, 0xFF, 0x7C, 0xFF, 0x7C, 0xFF, 0x7B,
  0xF7, 0x5B, 0xF7, 0x1A, 0xFF, 0x1B, 0xFF, 0x1B, 0xF6, 0xFA, 0xF6, 0xFA, 0xF6, 0xFA, 0xF7, 0x1A,
  0xF7, 0x1A, 0xF7, 0x1A, 0xFF, 0x1A, 0xF7, 0x1A, 0xEE, 0xF9, 0xEE, 0xD9, 0xF7, 0x5B, 0xFF, 0x7C,
  0xF7, 0x7C, 0xFF, 0x5B, 0xEE, 0xFA, 0xDE, 0x57, 0xF7, 0x3B, 0xF7, 0x1A, 0xDE, 0x57, 0x9C, 0x70,
  0xAC, 0xB1, 0x8B, 0xCE, 0x94, 0x70, 0xE6, 0xB9, 0xF7, 0x3B, 0xFF, 0x5C, 0xFF, 0x7C, 0xFF, 0x7C,
  0xFF, 0x7C, 0xFF, 0x7C, 0xFF, 0x7C, 0xFF, 0x7C, 0xFF, 0x7C, 0xFF, 0x7C, 0xF7, 0x5B, 0xEF, 0x1A,
  0xFF, 0x5B, 0xFF, 0x5B, 0xFF, 0x5C, 0xFF, 0x7C, 0xFF, 0x7C, 0xFF, 0x5C, 0xFF, 0x5C, 0xFF, 0x5B,
  0xFF, 0x5B, 0xFF, 0x3B, 0xFF, 0x3B, 0xFF, 0x5B, 0xFF, 0x5B, 0xFF, 0x5B, 0xFF, 0x5A, 0xFF, 0x3A,
  0xFF, 0x3B, 0xF7, 0x1B, 0xF6, 0xFA, 0xAC, 0xD1, 0x62, 0xCA, 0x5A, 0xAA, 0x5A, 0xCB, 0x63, 0x0C,
  0x6B, 0x2D, 0x7B, 0xAE, 0x7B, 0xEF, 0xAD, 0x55, 0xDF, 0x1C, 0xDF, 0x3C, 0xE7, 0x5D, 0xDF, 0x5C,
  0xDF, 0x3C, 0xCE, 0x9A, 0x8C, 0x92, 0x73, 0xD2, 0x63, 0x72, 0x5B, 0x0F, 0x5A, 0xCE, 0x52, 0x8D,
  0x52, 0x6B, 0x52, 0x6C, 0x4A, 0x6D, 0x4A, 0x4D, 0x42, 0x4D, 0x42, 0x2D, 0x3A, 0x2C, 0x42, 0x2C,
  0x3A, 0x2C, 0x3A, 0x0C, 0x3A, 0x0C, 0x32, 0x0B, 0x39, 0xEB, 0x39, 0xEC, 0x39, 0xEC, 0x39, 0xEC,
  0x39, 0xEB, 0x39, 0xEB, 0x31, 0xEB, 0x31, 0xEC, 0x31, 0xEB, 0x39, 0xEB, 0x39, 0xEA, 0x39, 0xEB,
  0x3A, 0x0C, 0x32, 0x0B, 0x3A, 0x0C, 0x3A, 0x2D, 0x42, 0x6D, 0x4A, 0x8E, 0x52, 0xCF, 0x63, 0x2F,
  0x6B, 0xB0, 0xB5, 0xD8, 0xCE, 0xBA, 0xCE, 0xDA, 0xD6, 0xFB, 0xDF, 0x1C, 0xDF, 0x1C, 0xDF, 0x1C,
  0xDF, 0x1C, 0xDF, 0x1C, 0xDF, 0x3C, 0xDF, 0x3C, 0xDF, 0x3C, 0xDF, 0x3C, 0xE7, 0x3C, 0xE7, 0x3C,
  0xE7, 0x3C, 0xE7, 0x3B, 0xE7, 0x3C, 0xE7, 0x5D, 0xE7, 0x5D, 0xE7, 0x5D, 0xE7, 0x5D, 0xE7, 0x5D,
  0xB5, 0x34, 0xC5, 0xB5, 0xD6, 0x17, 0xE6, 0x78, 0xE6, 0x78, 0xDE, 0x78, 0xE6, 0x99, 0xE6, 0x98,
  0xDE, 0x98, 0xDE, 0x98, 0xDE, 0x98, 0xDE, 0x78, 0xD6, 0x38, 0xA4, 0xB2, 0x7B, 0xCE, 0x7B, 0xAE,
  0x73, 0x6D, 0x73, 0x6D, 0x6B, 0x4D, 0x73, 0x8E, 0xAD, 0x75, 0x7B, 0xEF, 0x52, 0x8A, 0x52, 0x8A,
  0x4A, 0x69, 0x4A, 0x69, 0x4A, 0x49, 0x4A, 0x48, 0x4A, 0x29, 0x4A, 0x49, 0x4A, 0x49, 0x4A, 0x49,
  0x4A, 0x49, 0x42, 0x49, 0x4A, 0x69, 0x52, 0x69, 0x52, 0x89, 0x5A, 0xCA, 0x6A, 0xEB, 0x73, 0x2C,
  0x83, 0x6C, 0xBD, 0x74, 0xFF, 0x5B, 0xF7, 0x3B, 0xFF, 0x5B, 0xFF, 0x7C, 0xFF, 0x7C, 0xFF, 0x7C,
  0xFF, 0x7C, 0xFF, 0x5C, 0xFF, 0x5C, 0xF7, 0x5B, 0xF7, 0x5B, 0xF7, 0x5B, 0xF7, 0x3B, 0xFF, 0x5B,
  0xFF, 0x5B, 0xFF, 0x5B, 0xFF, 0x7C, 0xF7, 0x3B, 0xEE, 0xBA, 0xDE, 0x58, 0xB4, 0xF2, 0xC5, 0x55,
  0xD5, 0x76, 0xB5, 0x34, 0xDE, 0xBA, 0xDE, 0xDA, 0xA5, 0x34, 0x63, 0x0B, 0x52, 0xAA, 0x4A, 0x48,
  0x42, 0x08, 0x42, 0x08, 0x41, 0xE8, 0x41, 0xE8, 0x41, 0xE8, 0x39, 0xE7, 0x31, 0xE7, 0x39, 0xE7,
  0x39, 0xC6, 0x39, 0xC7, 0x39, 0xC7, 0x39, 0xC7, 0x39, 0xC7, 0x39, 0xC6, 0x39, 0xE7, 0x39, 0xE8,
  0x31, 0xE8, 0x39, 0xE8, 0x42, 0x08, 0x42, 0x08, 0x42, 0x27, 0x4A, 0x28, 0x4A, 0x49, 0x62, 0xEB,
  0xD5, 0xF6, 0xFF, 0x3B, 0xFF, 0x5B, 0xFF, 0x7C, 0xFF, 0x7C, 0xFF, 0x7C, 0xFF, 0x5B, 0xF7, 0x1A,
  0xF7, 0x1A, 0xF7, 0x1A, 0xE6, 0x78, 0xC5, 0x94, 0xB5, 0x13, 0xAC, 0xB2, 0xA4, 0x90, 0xA4, 0xB1,
  0xAC, 0xD2, 0xB5, 0x33, 0xCD, 0xD6, 0xDE, 0x57, 0xEE, 0xD9, 0xFF, 0x3A, 0xFF, 0x7B, 0xFF, 0x7C,
  0xFF, 0x7C, 0xFF, 0x5C, 0xFF, 0x7C, 0xF7, 0x5B, 0xFF, 0x5B, 0xF7, 0x3B, 0xF7, 0x5B, 0xD6, 0x16,
  0xBD, 0x54, 0xB5, 0x13, 0x8C, 0x0E, 0xD6, 0x37, 0xFF, 0x5B, 0xF7, 0x5B, 0xFF, 0x7C, 0xFF, 0x7C,
  0xFF, 0x7C, 0xFF, 0x7C, 0xFF, 0x7C, 0xFF, 0x7C, 0xFF, 0x7C, 0xFF, 0x7C, 0xFF, 0x7C, 0xFF, 0x7C,
  0xF7, 0x5B, 0xFF, 0x7B, 0xFF, 0x5C, 0xFF, 0x7C, 0xFF, 0x5C, 0xFF, 0x5C, 0xFF, 0x5C, 0xFF, 0x3B,
  0xFF, 0x3A, 0xFF, 0x3B, 0xFF, 0x1B, 0xFF, 0x3B, 0xFF, 0x3B, 0xFF, 0x3B, 0xFF, 0x3B, 0xFF, 0x3B,
  0xFF, 0x1B, 0xF6, 0xFA, 0xF6, 0xD9, 0xA4, 0xB1, 0x62, 0xEA, 0x62, 0xCB, 0x62, 0xEB, 0x6B, 0x2C,
  0x6B, 0x6D, 0x7B, 0xEF, 0x8C, 0x50, 0xC6, 0x38, 0xE7, 0x1C, 0xDF, 0x3C, 0xE7, 0x5D, 0xE7, 0x3C,
  0xDF, 0x3C, 0xC6, 0x79, 0x8C, 0x72, 0x73, 0xF3, 0x63, 0x71, 0x5B, 0x0E, 0x52, 0xCD, 0x52, 0x8D,
  0x52, 0xAD, 0x4A, 0x6D, 0x42, 0x6C, 0x4A, 0x4D, 0x42, 0x4C, 0x3A, 0x2C, 0x42, 0x2B, 0x42, 0x2B,
  0x3A, 0x0C, 0x32, 0x0C, 0x3A, 0x0C, 0x3A, 0x0C, 0x39, 0xEC, 0x39, 0xEB, 0x31, 0xEB, 0x31, 0xEC,
  0x31, 0xEB, 0x31, 0xEB, 0x29, 0xEB, 0x29, 0xEB, 0x31, 0xEB, 0x31, 0xEB, 0x39, 0xEA, 0x39, 0xEB,
  0x39, 0xEC, 0x3A, 0x0C, 0x3A, 0x0C, 0x32, 0x2C, 0x42, 0x4D, 0x42, 0x8D, 0x4A, 0xAE, 0x5B, 0x0F,
  0x63, 0x50, 0x84, 0x33, 0xC6, 0x59, 0xCE, 0xBA, 0xD6, 0xFB, 0xDF, 0x1C, 0xDF, 0x1C, 0xDF, 0x3C,
  0xDF, 0x3C, 0xDF, 0x3C, 0xDF, 0x3C, 0xDF, 0x3C, 0xDF, 0x3C, 0xDF, 0x3C, 0xE7, 0x3C, 0xE7, 0x3C,
  0xE7, 0x3C, 0xE7, 0x3B, 0xE7, 0x5C, 0xE7, 0x5D, 0xE7, 0x5D, 0xE7, 0x5D, 0xE7, 0x5D, 0xE7, 0x5D,
  0x94, 0x50, 0x94, 0x2F, 0x9C, 0x70, 0xA4, 0xD2, 0xB5, 0x33, 0xBD, 0x74, 0xBD, 0xB5, 0xC5, 0xB5,
  0xBD, 0xB5, 0xBD, 0x95, 0xB5, 0x53, 0xA4, 0xD2, 0x8C, 0x10, 0x7B, 0xAD, 0x7B, 0xAE, 0x73, 0x6D,
  0x73, 0x6D, 0x6B, 0x6D, 0x6B, 0x4D, 0xAD, 0x75, 0x9C, 0xD3, 0x5A, 0xAA, 0x52, 0xAA, 0x52, 0x6A,
  0x4A, 0x69, 0x42, 0x48, 0x4A, 0x29, 0x4A, 0x29, 0x42, 0x29, 0x42, 0x29, 0x4A, 0x28, 0x4A, 0x49,
  0x4A, 0x49, 0x42, 0x49, 0x4A, 0x48, 0x52, 0x69, 0x5A, 0x8A, 0x5A, 0xCB, 0x73, 0x2C, 0xAC, 0xB2,
  0xAC, 0x92, 0x9B, 0xEE, 0xEE, 0xD9, 0xFF, 0x7C, 0xFF, 0x5B, 0xFF, 0x5B, 0xFF, 0x5B, 0xFF, 0x5B,
  0xFF, 0x5B, 0xFF, 0x5B, 0xFF, 0x5B, 0xFF, 0x7B, 0xFF, 0x5B, 0xFF, 0x5B, 0xFF, 0x5B, 0xF7, 0x1A,
  0xEE, 0xD9, 0xE6, 0x98, 0xDE, 0x17, 0xC5, 0x75, 0xBC, 0xF3, 0xBC, 0xF3, 0xCD, 0x75, 0xDD, 0xD7,
  0xD5, 0x76, 0xC5, 0x75, 0xDE, 0xFB, 0xD6, 0xFB, 0xC6, 0x58, 0x73, 0xAE, 0x5A, 0xEB, 0x52, 0x69,
  0x42, 0x28, 0x3A, 0x07, 0x41, 0xE8, 0x41, 0xE8, 0x41, 0xE8, 0x42, 0x08, 0x39, 0xE8, 0x39, 0xC7,
  0x39, 0xC7, 0x39, 0xE7, 0x39, 0xC7, 0x39, 0xC7, 0x39, 0xC7, 0x39, 0xE6, 0x39, 0xE8, 0x31, 0xE7,
  0x39, 0xE7, 0x42, 0x08, 0x3A, 0x08, 0x42, 0x07, 0x4A, 0x28, 0x4A, 0x29, 0x4A, 0x49, 0x6B, 0x0B,
  0xDE, 0x37, 0xFF, 0x3B, 0xFF, 0x5B, 0xFF, 0x7C, 0xFF, 0x5C, 0xF7, 0x5B, 0xF7, 0x1A, 0xEF, 0x1A,
  0xDE, 0x77, 0xAC, 0xF2, 0x83, 0x8D, 0x6B, 0x0A, 0x62, 0xEA, 0x62, 0xEA, 0x62, 0xEA, 0x62, 0xEA,
  0x62, 0xEB, 0x6B, 0x0B, 0x6B, 0x2B, 0x83, 0xCD, 0xC5, 0x95, 0xDE, 0x57, 0xE6, 0x98, 0xF7, 0x5B,
  0xFF, 0x7C, 0xFF, 0x7C, 0xFF, 0x7C, 0xFF, 0x7C, 0xFF, 0x7C, 0xFF, 0x5C, 0xF7, 0x3B, 0xFF, 0x3B,
  0xDE, 0x78, 0xE6, 0x98, 0xAC, 0xF1, 0xB5, 0x33, 0xFF, 0x5B, 0xFF, 0x5B, 0xFF, 0x7C, 0xFF, 0x7C,
  0xFF, 0x7C, 0xFF, 0x7C, 0xFF, 0x7C, 0xFF, 0x7C, 0xFF, 0x7C, 0xFF, 0x7C, 0xFF, 0x7C, 0xFF, 0x7C,
  0xFF, 0x7C, 0xFF, 0x7C, 0xFF, 0x7C, 0xFF, 0x7C, 0xFF, 0x5C, 0xFF, 0x5B, 0xFF, 0x5B, 0xFF, 0x3B,
  0xFF, 0x3B, 0xFF, 0x3B, 0xFF, 0x3B, 0xFF, 0x1B, 0xFF, 0x1B, 0xFF, 0x1B, 0xFF, 0x1B, 0xFF, 0x1B,
  0xFF, 0x1B, 0xF6, 0xFA, 0xF6, 0xD9, 0xA4, 0x70, 0x6A, 0xEA, 0x62, 0xEB, 0x62, 0xEC, 0x6B, 0x4D,
  0x73, 0xAE, 0x84, 0x10, 0x9C, 0xF3, 0xDE, 0xFB, 0xE7, 0x3C, 0xE7, 0x5D, 0xE7, 0x7D, 0xDF, 0x5D,
  0xE7, 0x5D, 0xC6, 0x79, 0x8C, 0x92, 0x74, 0x13, 0x63, 0x50, 0x5A, 0xEE, 0x52, 0xCD, 0x52, 0xAE,
  0x52, 0x8E, 0x4A, 0x6D, 0x4A, 0x6C, 0x4A, 0x4D, 0x42, 0x4C, 0x42, 0x2B, 0x42, 0x2C, 0x42, 0x0C,
  0x3A, 0x0C, 0x3A, 0x0C, 0x3A, 0x0C, 0x39, 0xEC, 0x39, 0xEB, 0x31, 0xEB, 0x31, 0xEB, 0x29, 0xEB,
  0x31, 0xCB, 0x29, 0xCA, 0x31, 0xCB, 0x31, 0xCA, 0x31, 0xCB, 0x29, 0xEB, 0x31, 0xEA, 0x31, 0xEB,
  0x39, 0xEC, 0x3A, 0x0C, 0x3A, 0x0C, 0x3A, 0x2B, 0x3A, 0x4C, 0x42, 0x6D, 0x4A, 0xAE, 0x52, 0xCF,
  0x63, 0x30, 0x63, 0x70, 0x9D, 0x15, 0xCE, 0xBA, 0xD6, 0xDA, 0xDE, 0xFB, 0xDF, 0x1C, 0xDF, 0x1C,
  0xDF, 0x3C, 0xDF, 0x3C, 0xDF, 0x3C, 0xDF, 0x3C, 0xDF, 0x3C, 0xDF, 0x3C, 0xE7, 0x3C, 0xE7, 0x3C,
  0xE7, 0x3C, 0xE7, 0x3C, 0xE7, 0x5C, 0xE7, 0x5D, 0xE7, 0x5D, 0xE7, 0x5D, 0xE7, 0x5D, 0xE7, 0x5D,
  0x94, 0x30, 0x8C, 0x30, 0x8B, 0xEF, 0x83, 0xCF, 0x7B, 0xCE, 0x83, 0xCE, 0x7B, 0xCF, 0x83, 0xCF,
  0x83, 0xEE, 0x83, 0xCE, 0x7B, 0x8E, 0x73, 0x6D, 0x73, 0x6D, 0x7B, 0x8E, 0x73, 0x6E, 0x73, 0x6E,
  0x6B, 0x6D, 0x6B, 0x4D, 0xA4, 0xF3, 0xB5, 0x76, 0x63, 0x2C, 0x52, 0xAA, 0x52, 0x8A, 0x4A, 0x6A,
  0x42, 0x48, 0x4A, 0x49, 0x42, 0x29, 0x42, 0x29, 0x3A, 0x29, 0x42, 0x28, 0x42, 0x28, 0x42, 0x29,
  0x4A, 0x49, 0x42, 0x48, 0x4A, 0x49, 0x52, 0x6A, 0x5A, 0xAB, 0x6A, 0xCB, 0xB4, 0x72, 0xEE, 0x39,
  0xC5, 0x14, 0xBD, 0x14, 0xC5, 0x34, 0xDE, 0x58, 0xF6, 0xFB, 0xF7, 0x1B, 0xF7, 0x3B, 0xF7, 0x3B,
  0xF7, 0x1A, 0xEE, 0xD9, 0xEE, 0x99, 0xE6, 0x78, 0xDE, 0x37, 0xDD, 0xF6, 0xCD, 0x95, 0xC5, 0x34,
  0xBC, 0xF3, 0xC5, 0x13, 0xCD, 0x34, 0xD5, 0x55, 0xDD, 0x76, 0xDD, 0xB7, 0xDD, 0x97, 0xE5, 0xD7,
  0xCD, 0x75, 0xC5, 0xB6, 0xDF, 0x1B, 0xD6, 0xFB, 0xDE, 0xFA, 0x94, 0xB2, 0x62, 0xEB, 0x52, 0xAA,
  0x42, 0x49, 0x42, 0x28, 0x3A, 0x07, 0x42, 0x08, 0x42, 0x08, 0x42, 0x08, 0x39, 0xE8, 0x31, 0xE8,
  0x39, 0xE7, 0x39, 0xE6, 0x39, 0xC7, 0x39, 0xC7, 0x39, 0xC7, 0x39, 0xE7, 0x39, 0xE8, 0x39, 0xE7,
  0x39, 0xE7, 0x42, 0x08, 0x42, 0x08, 0x42, 0x08, 0x4A, 0x29, 0x4A, 0x49, 0x4A, 0x48, 0x73, 0x4C,
  0xDE, 0x78, 0xFF, 0x1A, 0xFF, 0x5B, 0xFF, 0x5B, 0xF7, 0x3A, 0xF7, 0x19, 0xEE, 0xD9, 0xB5, 0x53,
  0x7B, 0x6B, 0x62, 0xA9, 0x62, 0xEA, 0x62, 0xEA, 0x62, 0xEA, 0x62, 0xEA, 0x62, 0xEA, 0x62, 0xEA,
  0x62, 0xEB, 0x62, 0xEA, 0x6B, 0x0B, 0x73, 0x2C, 0xB5, 0x33, 0xEE, 0xDA, 0xEE, 0xB9, 0xF7, 0x3B,
  0xFF, 0x7C, 0xFF, 0x7C, 0xFF, 0x7C, 0xFF, 0x7C, 0xFF, 0x7C, 0xFF, 0x7C, 0xFF, 0x5C, 0xFF, 0x5B,
  0xFF, 0x5B, 0xFF, 0x5B, 0xEE, 0xD9, 0xAC, 0xD2, 0xDE, 0x98, 0xFF, 0x9C, 0xF7, 0x5B, 0xFF, 0x7C,
  0xFF, 0x7C, 0xFF, 0x7C, 0xFF, 0x7C, 0xFF, 0x7C, 0xFF, 0x7C, 0xFF, 0x7C, 0xFF, 0x7C, 0xFF, 0x7C,
  0xFF, 0x7C, 0xFF, 0x7C, 0xFF, 0x7C, 0xFF, 0x5C, 0xFF, 0x5C, 0xFF, 0x3B, 0xFF, 0x3A, 0xFF, 0x3B,
  0xFF, 0x1B, 0xFF, 0x1B, 0xFF, 0x1B, 0xFF, 0x1B, 0xFF, 0x1B, 0xFF, 0x1B, 0xFF, 0x1B, 0xFF, 0x1B,
  0xF7, 0x1A, 0xFE, 0xFA, 0xF6, 0xB8, 0xA4, 0x90, 0x73, 0x4C, 0x62, 0xEB, 0x6B, 0x2C, 0x6B, 0x6D,
  0x7B, 0xCF, 0x84, 0x30, 0xBD, 0xF7, 0xE7, 0x3C, 0xE7, 0x5C, 0xE7, 0x5C, 0xE7, 0x7D, 0xDF, 0x7C,
  0xE7, 0x5D, 0xD6, 0xBB, 0x8C, 0xB3, 0x84, 0x33, 0x6B, 0x91, 0x63, 0x30, 0x5A, 0xEF, 0x52, 0xAE,
  0x4A, 0x8E, 0x42, 0x6D, 0x4A, 0x6C, 0x42, 0x4D, 0x3A, 0x4D, 0x42, 0x2C, 0x42, 0x2B, 0x3A, 0x0C,
  0x32, 0x0C, 0x3A, 0x0C, 0x39, 0xEC, 0x39, 0xEC, 0x31, 0xEB, 0x31, 0xEB, 0x29, 0xCB, 0x31, 0xCA,
  0x31, 0xCB, 0x31, 0xCB, 0x31, 0xCB, 0x31, 0xCB, 0x31, 0xCB, 0x31, 0xCB, 0x29, 0xEB, 0x29, 0xEB,
  0x39, 0xEB, 0x39, 0xEB, 0x3A, 0x0C, 0x3A, 0x0C, 0x42, 0x2D, 0x42, 0x4D, 0x4A, 0x8D, 0x4A, 0xCE,
  0x52, 0xEF, 0x63, 0x71, 0x73, 0xF2, 0xBD, 0xF8, 0xD6, 0xBA, 0xD6, 0xDB, 0xDF, 0x1C, 0xDF, 0x1C,
  0xDF, 0x3C, 0xDF, 0x3C, 0xD7, 0x3C, 0xDF, 0x3C, 0xDF, 0x3C, 0xE7, 0x3C, 0xE7, 0x3C, 0xE7, 0x3C,
  0xE7, 0x3B, 0xE7, 0x3C, 0xE7, 0x5D, 0xE7, 0x5D, 0xE7, 0x5D, 0xE7, 0x5D, 0xE7, 0x7D, 0xE7, 0x7D,
  0x83, 0xCF, 0x83, 0xEF, 0x7B, 0xAE, 0x73, 0x8D, 0x73, 0x8D, 0x73, 0x6D, 0x73, 0x6D, 0x73, 0x6D,
  0x73, 0x6D, 0x73, 0x6C, 0x6B, 0x4C, 0x6B, 0x4D, 0x6B, 0x6D, 0x73, 0x6D, 0x73, 0x6E, 0x73, 0x6E,
  0x6B, 0x4C, 0x9C, 0xD2, 0xBD, 0xD7, 0x73, 0xAE, 0x5A, 0xCA, 0x52, 0x8A, 0x4A, 0x6A, 0x42, 0x49,
  0x4A, 0x48, 0x4A, 0x29, 0x42, 0x29, 0x3A, 0x28, 0x42, 0x08, 0x42, 0x08, 0x3A, 0x28, 0x42, 0x29,
  0x4A, 0x49, 0x4A, 0x28, 0x4A, 0x49, 0x52, 0x8A, 0x5A, 0xAB, 0x7B, 0x4E, 0xDD, 0xB7, 0xF6, 0x19,
  0xDD, 0x96, 0xEE, 0x59, 0xEE, 0x79, 0xDD, 0xB7, 0xD5, 0x55, 0xCD, 0x75, 0xDD, 0xB6, 0xD5, 0x96,
  0xCD, 0x75, 0xCD, 0x34, 0xC4, 0xF3, 0xCD, 0x34, 0xCD, 0x14, 0xD5, 0x34, 0xD5, 0x34, 0xD5, 0x35,
  0xDD, 0x76, 0xDD, 0x76, 0xDD, 0x76, 0xE5, 0x77, 0xDD, 0x77, 0xDD, 0x77, 0xDD, 0x97, 0xDD, 0xD7,
  0xC5, 0x75, 0xD6, 0x99, 0xE7, 0x5C, 0xDF, 0x1B, 0xDF, 0x1B, 0xBD, 0xF7, 0x73, 0x6D, 0x5A, 0xEB,
  0x4A, 0x69, 0x42, 0x28, 0x42, 0x08, 0x42, 0x08, 0x42, 0x08, 0x42, 0x08, 0x39, 0xE8, 0x31, 0xE8,
  0x39, 0xE7, 0x39, 0xE7, 0x39, 0xE7, 0x39, 0xE6, 0x39, 0xE7, 0x39, 0xE8, 0x39, 0xE8, 0x39, 0xE8,
  0x42, 0x08, 0x42, 0x08, 0x3A, 0x08, 0x42, 0x28, 0x4A, 0x28, 0x4A, 0x69, 0x52, 0x49, 0x7B, 0x8D,
  0xE6, 0xB8, 0xFF, 0x1A, 0xFF, 0x3B, 0xF7, 0x1A, 0xF7, 0x1A, 0xE6, 0xB8, 0x9C, 0x4F, 0x62, 0xC9,
  0x62, 0xC9, 0x6A, 0xEA, 0x62, 0xCA, 0x6B, 0x2B, 0x83, 0xAD, 0x8B, 0xEE, 0x94, 0x4F, 0x9C, 0x50,
  0x94, 0x0F, 0x8B, 0xEE, 0x83, 0xCD, 0x7B, 0x8C, 0x83, 0xAD, 0xB5, 0x12, 0xF7, 0x1B, 0xFF, 0x5C,
  0xFF, 0x5C, 0xFF, 0x7C, 0xFF, 0x9C, 0xFF, 0x9C, 0xFF, 0x7C, 0xFF, 0x7C, 0xFF, 0x7C, 0xFF, 0x7C,
  0xFF, 0x5C, 0xF7, 0x3B, 0xFF, 0x7C, 0xE6, 0x99, 0xCD, 0xD6, 0xFF, 0x7B, 0xFF, 0x7C, 0xFF, 0x7C,
  0xFF, 0x7C, 0xFF, 0x7C, 0xFF, 0x7C, 0xFF, 0x7C, 0xFF, 0x7C, 0xFF, 0x7C, 0xFF, 0x7C, 0xFF, 0x7C,
  0xFF, 0x7C, 0xFF, 0x7C, 0xFF, 0x5C, 0xFF, 0x5C, 0xFF, 0x5B, 0xFF, 0x3B, 0xFF, 0x1B, 0xFF, 0x1B,
  0xFF, 0x1B, 0xFF, 0x1B, 0xFF, 0x1B, 0xFF, 0x1B, 0xFF, 0x1B, 0xFF, 0x1B, 0xFF, 0x1B, 0xFF, 0x1B,
  0xF6, 0xFA, 0xFE, 0xDA, 0xEE, 0x78, 0xA4, 0x70, 0x83, 0xAE, 0x6B, 0x0C, 0x73, 0x4D, 0x73, 0x8E,
  0x84, 0x0F, 0x94, 0xB2, 0xD6, 0xDB, 0xE7, 0x5C, 0xE7, 0x5D, 0xEF, 0x7D, 0xE7, 0x7D, 0xE7, 0x7D,
  0xE7, 0x5C, 0xE7, 0x5D, 0xB5, 0xD7, 0x84, 0x33, 0x7B, 0xF3, 0x6B, 0x51, 0x5B, 0x10, 0x52, 0xCF,
  0x4A, 0xAE, 0x4A, 0x8E, 0x42, 0x6D, 0x42, 0x6D, 0x42, 0x4D, 0x42, 0x2C, 0x3A, 0x2B, 0x3A, 0x2C,
  0x3A, 0x0C, 0x3A, 0x0C, 0x39, 0xEC, 0x39, 0xEB, 0x31, 0xEA, 0x29, 0xEB, 0x31, 0xCB, 0x31, 0xCB,
  0x31, 0xCB, 0x31, 0xCB, 0x31, 0xCB, 0x31, 0xCB, 0x31, 0xCB, 0x31, 0xCB, 0x31, 0xCB, 0x29, 0xEB,
  0x31, 0xEA, 0x39, 0xEB, 0x3A, 0x0C, 0x3A, 0x0B, 0x3A, 0x2C, 0x42, 0x4D, 0x42, 0x6D, 0x4A, 0x8D,
  0x52, 0xCE, 0x5B, 0x30, 0x6B, 0x71, 0x84, 0x53, 0xC6, 0x79, 0xCE, 0xDA, 0xD6, 0xFB, 0xDE, 0xFC,
  0xDF, 0x3C, 0xDF, 0x3C, 0xD7, 0x3C, 0xDF, 0x3C, 0xE7, 0x3C, 0xE7, 0x3C, 0xE7, 0x3C, 0xE7, 0x3C,
  0xE7, 0x3B, 0xE7, 0x5C, 0xE7, 0x5D, 0xE7, 0x5D, 0xE7, 0x5D, 0xE7, 0x5D, 0xE7, 0x7D, 0xE7, 0x7D,
  0x9C, 0x91, 0x7B, 0xAE, 0x6B, 0x4D, 0x73, 0x2C, 0x6B, 0x2C, 0x63, 0x0C, 0x63, 0x0C, 0x6B, 0x2C,
  0x63, 0x0B, 0x63, 0x0B, 0x63, 0x0B, 0x63, 0x0C, 0x6B, 0x2D, 0x73, 0x6D, 0x73, 0x6D, 0x6B, 0x2C,
  0x9C, 0x92, 0xC6, 0x17, 0x8C, 0x50, 0x5A, 0xCB, 0x5A, 0xCA, 0x52, 0x8A, 0x4A, 0x49, 0x4A, 0x48,
  0x4A, 0x29, 0x4A, 0x29, 0x42, 0x28, 0x3A, 0x08, 0x42, 0x08, 0x42, 0x07, 0x42, 0x08, 0x3A, 0x29,
  0x42, 0x49, 0x4A, 0x29, 0x4A, 0x49, 0x52, 0x8A, 0x5A, 0xAA, 0x93, 0xF0, 0xF6, 0x19, 0xF6, 0x5A,
  0xFE, 0x9A, 0xFE, 0x9A, 0xFE, 0x9B, 0xFE, 0xBB, 0xED, 0xF8, 0xDD, 0x77, 0xDD, 0x77, 0xDD, 0x76,
  0xDD, 0x76, 0xDD, 0x76, 0xDD, 0x76, 0xE5, 0x76, 0xE5, 0x76, 0xE5, 0x76, 0xDD, 0x36, 0xDD, 0x56,
  0xDD, 0x36, 0xDD, 0x36, 0xD5, 0x15, 0xCC, 0xF5, 0xDD, 0x57, 0xDD, 0x76, 0xE5, 0xB7, 0xDD, 0xB7,
  0xCD, 0xD7, 0xE7, 0x3C, 0xE7, 0x3C, 0xE7, 0x3C, 0xE7, 0x1B, 0xDE, 0xDA, 0x8C, 0x71, 0x5B, 0x0B,
  0x52, 0xAA, 0x4A, 0x49, 0x42, 0x28, 0x3A, 0x07, 0x42, 0x08, 0x42, 0x08, 0x39, 0xE8, 0x31, 0xE8,
  0x39, 0xE8, 0x39, 0xE7, 0x39, 0xE6, 0x39, 0xE6, 0x39, 0xE7, 0x39, 0xE8, 0x31, 0xE8, 0x39, 0xE8,
  0x42, 0x08, 0x42, 0x08, 0x42, 0x28, 0x42, 0x28, 0x42, 0x28, 0x4A, 0x69, 0x52, 0x69, 0x83, 0xCE,
  0xEE, 0xB9, 0xF6, 0xFA, 0xF6, 0xFA, 0xF6, 0xFA, 0xDE, 0x77, 0x8B, 0xAD, 0x62, 0xA9, 0x6A, 0xEA,
  0x6A, 0xCA, 0x6A, 0xEA, 0x94, 0x2F, 0xC5, 0xD5, 0xDE, 0x98, 0xEE, 0xB9, 0xEE, 0xD9, 0xEE, 0xD9,
  0xEE, 0xD9, 0xEE, 0xB9, 0xE6, 0x98, 0xD6, 0x37, 0xC5, 0x95, 0xBD, 0x53, 0xEE, 0xB9, 0xFF, 0x7C,
  0xF7, 0x5B, 0xFF, 0x7C, 0xFF, 0x9C, 0xFF, 0x7C, 0xFF, 0x7C, 0xFF, 0x7C, 0xFF, 0x7C, 0xFF, 0x7C,
  0xFF, 0x7C, 0xFF, 0x7C, 0xFF, 0x5C, 0xFF, 0x7C, 0xEE, 0xFA, 0xF7, 0x3B, 0xFF, 0x7C, 0xFF, 0x7C,
  0xFF, 0x7C, 0xFF, 0x7C, 0xFF, 0x7C, 0xFF, 0x7C, 0xFF, 0x7C, 0xFF, 0x7C, 0xFF, 0x7C, 0xFF, 0x7C,
  0xFF, 0x7C, 0xFF, 0x7C, 0xFF, 0x5C, 0xFF, 0x5C, 0xFF, 0x5B, 0xFF, 0x3B, 0xFF, 0x1B, 0xFF, 0x1B,
  0xFF, 0x1B, 0xFF, 0x1B, 0xFF, 0x1B, 0xFE, 0xFA, 0xFE, 0xFA, 0xFE, 0xFA, 0xFE, 0xFA, 0xFE, 0xFA,
  0xF6, 0xFA, 0xFE, 0xFA, 0xE6, 0x36, 0xA4, 0x90, 0x8B, 0xEE, 0x6B, 0x2C, 0x73, 0x8E, 0x7B, 0xEF,
  0x84, 0x30, 0xB5, 0x96, 0xEF, 0x5D, 0xE7, 0x5D, 0xEF, 0x7D, 0xEF, 0x7E, 0xEF, 0x9E, 0xEF, 0x7D,
  0xE7, 0x5D, 0xE7, 0x5D, 0xD7, 0x1C, 0x9D, 0x15, 0x7C, 0x13, 0x73, 0xB2, 0x63, 0x30, 0x53, 0x0F,
  0x52, 0xAE, 0x4A, 0x8E, 0x4A, 0x6D, 0x42, 0x6C, 0x3A, 0x4D, 0x42, 0x2D, 0x3A, 0x2C, 0x3A, 0x2C,
  0x3A, 0x0B, 0x3A, 0x0C, 0x39, 0xEC, 0x39, 0xEB, 0x31, 0xEA, 0x29, 0xCB, 0x31, 0xCB, 0x31, 0xCB,
  0x31, 0xCB, 0x31, 0xCB, 0x31, 0xCB, 0x31, 0xCB, 0x31, 0xCB, 0x31, 0xCB, 0x31, 0xCB, 0x29, 0xCB,
  0x31, 0xEB, 0x39, 0xEB, 0x3A, 0x0C, 0x32, 0x0C, 0x3A, 0x2C, 0x42, 0x2C, 0x42, 0x4C, 0x42, 0x6D,
  0x4A, 0xAE, 0x52, 0xEF, 0x6B, 0x71, 0x6B, 0xB1, 0x94, 0xF4, 0xCE, 0xB9, 0xD6, 0xDA, 0xDF, 0x1B,
  0xDF, 0x3C, 0xD7, 0x3C, 0xD7, 0x3C, 0xDF, 0x3C, 0xE7, 0x3B, 0xE7, 0x3B, 0xE7, 0x3B, 0xE7, 0x3B,
  0xE7, 0x3B, 0xE7, 0x5C, 0xE7, 0x5D, 0xE7, 0x5D, 0xE7, 0x5D, 0xE7, 0x5D, 0xE7, 0x7D, 0xE7, 0x7D,
  0xCD, 0xF7, 0xAD, 0x34, 0x83, 0xCE, 0x5A, 0xCA, 0x5A, 0xCA, 0x5A, 0xCB, 0x52, 0xAB, 0x5A, 0xCB,
  0x62, 0xEB, 0x62, 0xEB, 0x6B, 0x0C, 0x6B, 0x2C, 0x6B, 0x4D, 0x73, 0x4D, 0x6B, 0x2C, 0x94, 0x71,
  0xCE, 0x18, 0x9C, 0xB2, 0x62, 0xCB, 0x5A, 0xCA, 0x52, 0x8A, 0x4A, 0x69, 0x42, 0x48, 0x4A, 0x29,
  0x4A, 0x29, 0x42, 0x28, 0x42, 0x07, 0x42, 0x08, 0x42, 0x08, 0x42, 0x07, 0x42, 0x08, 0x42, 0x29,
  0x4A, 0x29, 0x4A, 0x49, 0x4A, 0x69, 0x52, 0x8A, 0x5A, 0xAA, 0x9C, 0x31, 0xF6, 0x39, 0xFE, 0x5A,
  0xFE, 0x9C, 0xFE, 0x9C, 0xFE, 0x9B, 0xFE, 0x9A, 0xEE, 0x19, 0xDD, 0x97, 0xDD, 0x77, 0xDD, 0x77,
  0xE5, 0x57, 0xE5, 0x56, 0xE5, 0x55, 0xE5, 0x55, 0xDD, 0x35, 0xDD, 0x36, 0xDD, 0x15, 0xDD, 0x35,
  0xD4, 0xF5, 0xD5, 0x35, 0xCC, 0xD4, 0xC4, 0xB3, 0xDD, 0x77, 0xDD, 0x77, 0xE5, 0xD8, 0xCD, 0x96,
  0xDE, 0x9A, 0xE7, 0x5C, 0xDF, 0x3B, 0xE7, 0x5C, 0xDF, 0x1B, 0xE7, 0x3B, 0xB5, 0xB6, 0x6B, 0x4D,
  0x5A, 0xEB, 0x4A, 0x69, 0x42, 0x28, 0x42, 0x08, 0x42, 0x08, 0x42, 0x08, 0x39, 0xE8, 0x39, 0xE8,
  0x31, 0xE8, 0x39, 0xE8, 0x39, 0xE7, 0x39, 0xE7, 0x39, 0xE8, 0x39, 0xE8, 0x31, 0xE8, 0x39, 0xE8,
  0x42, 0x08, 0x42, 0x08, 0x3A, 0x07, 0x42, 0x28, 0x4A, 0x29, 0x4A, 0x69, 0x52, 0x69, 0x8B, 0xEF,
  0xEE, 0xB9, 0xEE, 0xB9, 0xF6, 0xFA, 0xDE, 0x57, 0x7B, 0x6C, 0x5A, 0x89, 0x62, 0xCA, 0x62, 0xCA,
  0x73, 0x2B, 0xBD, 0x74, 0xEE, 0xDA, 0xEE, 0xFA, 0xF7, 0x3A, 0xF7, 0x1B, 0xF7, 0x1B, 0xF7, 0x1B,
  0xF7, 0x1B, 0xF7, 0x1B, 0xF7, 0x3B, 0xFF, 0x5B, 0xFF, 0x5C, 0xFF, 0x5B, 0xF7, 0x5B, 0xFF, 0x7C,
  0xFF, 0x7C, 0xFF, 0x7C, 0xFF, 0x7C, 0xFF, 0x7C, 0xFF, 0x7C, 0xFF, 0x7C, 0xFF, 0x7C, 0xFF, 0x7C,
  0xFF, 0x7C, 0xFF, 0x7C, 0xFF, 0x7C, 0xFF, 0x7B, 0xFF, 0x7C, 0xFF, 0x7C, 0xFF, 0x7B, 0xFF, 0x7C,
  0xFF, 0x7C, 0xFF, 0x7C, 0xFF, 0x7C, 0xFF, 0x7C, 0xFF, 0x7C, 0xFF, 0x7C, 0xFF, 0x7C, 0xFF, 0x7C,
  0xFF, 0x7C, 0xFF, 0x7C, 0xFF, 0x5C, 0xFF, 0x5C, 0xFF, 0x3B, 0xFF, 0x3B, 0xFF, 0x1B, 0xFF, 0x1B,
  0xFF, 0x1B, 0xFF, 0x1B, 0xFF, 0x1B, 0xFE, 0xFA, 0xFE, 0xF9, 0xFE, 0xF9, 0xFE, 0xF9, 0xFE, 0xF9,
  0xF6, 0xD9, 0xFE, 0xFA, 0xDD, 0xF6, 0xB4, 0xD2, 0x8B, 0xEE, 0x73, 0x6D, 0x7B, 0xCF, 0x84, 0x30,
  0x8C, 0x91, 0xD6, 0x9A, 0xEF, 0x7D, 0xEF, 0x7D, 0xF7, 0x9E, 0xF7, 0x9E, 0xEF, 0xBE, 0xEF, 0x9E,
  0xEF, 0x9E, 0xE7, 0x5D, 0xE7, 0x5D, 0xD6, 0xBB, 0x8C, 0x94, 0x7B, 0xF3, 0x6B, 0x91, 0x5B, 0x10,
  0x52, 0xEF, 0x4A, 0xAE, 0x4A, 0x8E, 0x42, 0x6D, 0x3A, 0x4C, 0x42, 0x4D, 0x42, 0x2D, 0x3A, 0x2C,
  0x32, 0x0B, 0x3A, 0x0C, 0x39, 0xEC, 0x39, 0xEB, 0x31, 0xEA, 0x29, 0xEB, 0x31, 0xCB, 0x31, 0xCB,
  0x31, 0xCB, 0x31, 0xCB, 0x31, 0xCB, 0x31, 0xCB, 0x31, 0xCB, 0x31, 0xCB, 0x31, 0xCB, 0x31, 0xCB,
  0x31, 0xEB, 0x31, 0xEA, 0x39, 0xEB, 0x39, 0xEC, 0x3A, 0x0C, 0x3A, 0x2C, 0x3A, 0x2D, 0x42, 0x6D,
  0x4A, 0x8E, 0x4A, 0xAE, 0x5B, 0x0F, 0x6B, 0x91, 0x73, 0xB0, 0xA5, 0x75, 0xD6, 0xFA, 0xD6, 0xFB,
  0xDF, 0x1C, 0xDF, 0x3C, 0xDF, 0x3C, 0xDF, 0x3C, 0xE7, 0x3C, 0xE7, 0x5C, 0xE7, 0x5C, 0xE7, 0x5C,
  0xE7, 0x5C, 0xE7, 0x5C, 0xE7, 0x5D, 0xE7, 0x5D, 0xE7, 0x5D, 0xE7, 0x5D, 0xE7, 0x7D, 0xE7, 0x7D,
  0x94, 0x71, 0x94, 0x71, 0x7B, 0xCE, 0x5A, 0xCB, 0x52, 0xAB, 0x5A, 0xCB, 0x5A, 0xCB, 0x5A, 0xCB,
  0x62, 0xEB, 0x62, 0xEA, 0x63, 0x0C, 0x6B, 0x2C, 0x6B, 0x2B, 0x73, 0x6D, 0xA4, 0xD2, 0xCE, 0x17,
  0xA4, 0xF3, 0x62, 0xEB, 0x5A, 0xCA, 0x52, 0x8A, 0x4A, 0x69, 0x4A, 0x48, 0x4A, 0x29, 0x4A, 0x29,
  0x42, 0x28, 0x3A, 0x07, 0x42, 0x08, 0x42, 0x08, 0x42, 0x08, 0x42, 0x08, 0x42, 0x07, 0x42, 0x28,
  0x42, 0x28, 0x42, 0x29, 0x4A, 0x49, 0x52, 0x8A, 0x5A, 0xAA, 0xAC, 0x93, 0xFE, 0x5A, 0xF6, 0x7A,
  0xFE, 0x9C, 0xFE, 0x9C, 0xFE, 0x9B, 0xFE, 0x9B, 0xF6, 0x3A, 0xDD, 0x76, 0xDD, 0x57, 0xDD, 0x56,
  0xDD, 0x36, 0xDD, 0x36, 0xDD, 0x56, 0xDD, 0x56, 0xDD, 0x36, 0xD5, 0x36, 0xDD, 0x15, 0xD4, 0xF4,
  0xB4, 0x31, 0xD5, 0x15, 0xC4, 0x92, 0xC4, 0xD3, 0xDD, 0x96, 0xE5, 0x97, 0xD5, 0x97, 0xC5, 0x76,
  0xE7, 0x1B, 0xE7, 0x3C, 0xE7, 0x5C, 0xE7, 0x5C, 0xE7, 0x5B, 0xE7, 0x1C, 0xD6, 0xBA, 0x84, 0x30,
  0x5B, 0x0B, 0x52, 0xAA, 0x4A, 0x49, 0x42, 0x08, 0x3A, 0x07, 0x42, 0x08, 0x42, 0x08, 0x39, 0xE8,
  0x39, 0xE8, 0x31, 0xE8, 0x39, 0xE8, 0x39, 0xE8, 0x39, 0xE8, 0x39, 0xE8, 0x39, 0xE8, 0x42, 0x08,
  0x42, 0x08, 0x42, 0x08, 0x3A, 0x07, 0x42, 0x28, 0x4A, 0x49, 0x4A, 0x89, 0x52, 0x89, 0x94, 0x2F,
  0xEE, 0xB9, 0xEE, 0xDA, 0xDE, 0x57, 0x83, 0x8C, 0x5A, 0x89, 0x62, 0xCA, 0x62, 0xCA, 0x6A, 0xEA,
  0xA4, 0xB2, 0xEE, 0xFB, 0xF6, 0xFA, 0xF7, 0x3B, 0xFF, 0x5B, 0xFF, 0x5C, 0xFF, 0x5B, 0xFF, 0x5B,
  0xFF, 0x5C, 0xFF, 0x5B, 0xF7, 0x5B, 0xF7, 0x5B, 0xF7, 0x5B, 0xFF, 0x5B, 0xFF, 0x7C, 0xFF, 0x7C,
  0xFF, 0x7C, 0xFF, 0x7C, 0xFF, 0x7C, 0xFF, 0x7C, 0xFF, 0x7C, 0xFF, 0x7C, 0xFF, 0x7C, 0xFF, 0x7C,
  0xFF, 0x7C, 0xFF, 0x7C, 0xFF, 0x7C, 0xFF, 0x7C, 0xFF, 0x5B, 0xFF, 0x7C, 0xFF, 0x7C, 0xFF, 0x7C,
  0xFF, 0x7C, 0xFF, 0x7C, 0xFF, 0x7C, 0xFF, 0x7C, 0xFF, 0x7C, 0xFF, 0x7C, 0xFF, 0x7C, 0xFF, 0x7C,
  0xFF, 0x7C, 0xFF, 0x7C, 0xFF, 0x5C, 0xFF, 0x5B, 0xFF, 0x3B, 0xFF, 0x3B, 0xFF, 0x1B, 0xFF, 0x1B,
  0xFF, 0x1B, 0xFF, 0x1B, 0xFF, 0x1B, 0xFE, 0xFA, 0xFE, 0xFA, 0xFE, 0xFA, 0xFE, 0xFA, 0xFE, 0xFA,
  0xFE, 0xD9, 0xFE, 0xFA, 0xCD, 0x95, 0xBD, 0x33, 0x83, 0xAE, 0x7B, 0x8E, 0x84, 0x10, 0x8C, 0x51,
  0xAD, 0x95, 0xEF, 0x7D, 0xEF, 0x9D, 0xF7, 0xBE, 0xF7, 0xBE, 0xF7, 0xBE, 0xF7, 0xBE, 0xF7, 0xBE,
  0xEF, 0xBD, 0xEF, 0x9E, 0xE7, 0x7D, 0xE7, 0x5D, 0xC6, 0x39, 0x84, 0x54, 0x73, 0xD3, 0x6B, 0x51,
  0x5B, 0x10, 0x52, 0xCF, 0x4A, 0x8E, 0x42, 0x6E, 0x3A, 0x4D, 0x42, 0x4D, 0x42, 0x2C, 0x3A, 0x2B,
  0x32, 0x0C, 0x3A, 0x0C, 0x3A, 0x0C, 0x39, 0xEB, 0x31, 0xEB, 0x29, 0xEB, 0x31, 0xCB, 0x31, 0xCB,
  0x31, 0xCB, 0x31, 0xCB, 0x31, 0xCB, 0x31, 0xCB, 0x31, 0xCB, 0x31, 0xCB, 0x31, 0xCB, 0x31, 0xCB,
  0x31, 0xEB, 0x31, 0xEA, 0x39, 0xEB, 0x39, 0xEC, 0x3A, 0x0C, 0x32, 0x0B, 0x42, 0x2C, 0x42, 0x4D,
  0x42, 0x6D, 0x4A, 0x8E, 0x52, 0xAF, 0x5B, 0x30, 0x6B, 0x91, 0x7C, 0x12, 0xBE, 0x38, 0xDE, 0xFB,
  0xDF, 0x1B, 0xE7, 0x3C, 0xE7, 0x3B, 0xE7, 0x5C, 0xE7, 0x5D, 0xE7, 0x5D, 0xE7, 0x5D, 0xE7, 0x5D,
  0xE7, 0x5D, 0xE7, 0x5D, 0xDF, 0x5D, 0xE7, 0x5D, 0xE7, 0x7D, 0xDF, 0x7D, 0xDF, 0x7D, 0xDF, 0x7D,
  0x6B, 0x2B, 0x5A, 0xEB, 0x5A, 0xCA, 0x62, 0xCB, 0x5A, 0xCB, 0x5A, 0xCB, 0x5A, 0xCB, 0x5A, 0xCB,
  0x62, 0xEB, 0x63, 0x0B, 0x63, 0x0C, 0x62, 0xEA, 0x7B, 0x8D, 0xB5, 0x34, 0xC5, 0xD6, 0x9C, 0x91,
  0x6A, 0xEB, 0x62, 0xCA, 0x5A, 0xAA, 0x52, 0x6A, 0x4A, 0x49, 0x42, 0x28, 0x4A, 0x29, 0x42, 0x08,
  0x3A, 0x07, 0x42, 0x08, 0x42, 0x08, 0x42, 0x08, 0x42, 0x08, 0x42, 0x08, 0x42, 0x08, 0x3A, 0x28,
  0x42, 0x29, 0x4A, 0x29, 0x4A, 0x49, 0x52, 0x8A, 0x5A, 0xAA, 0xB4, 0xB3, 0xFE, 0x5A, 0xF6, 0x7B,
  0xEE, 0x39, 0xF6, 0x7B, 0xFE, 0xBB, 0xE5, 0xF9, 0xE5, 0xB7, 0xE5, 0xB8, 0xDD, 0x36, 0xDD, 0x36,
  0xDD, 0x35, 0xD5, 0x36, 0xD5, 0x36, 0xDD, 0x36, 0xDD, 0x36, 0xD5, 0x15, 0xDD, 0x15, 0xC4, 0x93,
  0xB4, 0x32, 0xD5, 0x15, 0xB4, 0x72, 0xCD, 0x14, 0xDD, 0x76, 0xDD, 0xB7, 0xCD, 0x56, 0xD6, 0x38,
  0xE7, 0x5C, 0xDF, 0x3C, 0xDF, 0x5D, 0xE7, 0x5D, 0xE7, 0x5C, 0xDF, 0x3B, 0xDF, 0x1B, 0xAD, 0x75,
  0x6B, 0x6C, 0x5A, 0xEB, 0x4A, 0x69, 0x4A, 0x29, 0x42, 0x08, 0x3A, 0x28, 0x3A, 0x08, 0x42, 0x08,
  0x42, 0x08, 0x39, 0xE8, 0x31, 0xE8, 0x31, 0xE8, 0x31, 0xE8, 0x39, 0xE8, 0x42, 0x08, 0x42, 0x08,
  0x42, 0x08, 0x3A, 0x08, 0x42, 0x28, 0x4A, 0x28, 0x4A, 0x49, 0x52, 0x8A, 0x52, 0x8A, 0x9C, 0x4F,
  0xEE, 0xD9, 0xDE, 0x57, 0xAC, 0xD1, 0x73, 0x2B, 0x62, 0xCA, 0x62, 0xAA, 0x7B, 0xAD, 0xA4, 0xD2,
  0xDE, 0x58, 0xF7, 0x1B, 0xF7, 0x3B, 0xFF, 0x5C, 0xFF, 0x7C, 0xFF, 0x7C, 0xFF, 0x7C, 0xFF, 0x7C,
  0xFF, 0x7C, 0xFF, 0x7C, 0xFF, 0x7C, 0xFF, 0x7C, 0xFF, 0x7C, 0xFF, 0x7C, 0xFF, 0x7C, 0xFF, 0x7C,
  0xFF, 0x7C, 0xFF, 0x7C, 0xFF, 0x7C, 0xFF, 0x7C, 0xFF, 0x7C, 0xFF, 0x7C, 0xFF, 0x7C, 0xFF, 0x7C,
  0xFF, 0x7C, 0xFF, 0x7C, 0xFF, 0x7C, 0xFF, 0x7C, 0xFF, 0x7C, 0xFF, 0x7C, 0xFF, 0x7C, 0xFF, 0x7C,
  0xFF, 0x7C, 0xFF, 0x7C, 0xFF, 0x7C, 0xFF, 0x7C, 0xFF, 0x7C, 0xFF, 0x7C, 0xFF, 0x7C, 0xFF, 0x7C,
  0xFF, 0x7C, 0xFF, 0x7C, 0xFF, 0x5C, 0xFF, 0x5C, 0xFF, 0x3B, 0xFF, 0x3A, 0xFF, 0x1B, 0xFF, 0x1B,
  0xFF, 0x1B, 0xFF, 0x1B, 0xFF, 0x1B, 0xFF, 0x1B, 0xFF, 0x1B, 0xFF, 0x1B, 0xFF, 0x1B, 0xFF, 0x1B,
  0xFE, 0xFA, 0xF6, 0xD9, 0xCD, 0xB5, 0xC5, 0x74, 0x83, 0xAE, 0x83, 0xEF, 0x8C, 0x51, 0x94, 0xB2,
  0xDE, 0xDA, 0xF7, 0xBE, 0xEF, 0xBE, 0xF7, 0xDE, 0xF7, 0xDF, 0xF7, 0xDF, 0xF7, 0xDF, 0xF7, 0xBF,
  0xF7, 0xBE, 0xF7, 0xBE, 0xEF, 0x9E, 0xE7, 0x7D, 0xEF, 0x7E, 0xB5, 0xB8, 0x7C, 0x13, 0x73, 0xD2,
  0x63, 0x31, 0x52, 0xEF, 0x4A, 0xCF, 0x4A, 0x8E, 0x42, 0x6D, 0x42, 0x4D, 0x42, 0x2D, 0x3A, 0x2C,
  0x32, 0x0B, 0x3A, 0x0C, 0x3A, 0x0C, 0x39, 0xEC, 0x31, 0xEB, 0x31, 0xEB, 0x31, 0xCB, 0x31, 0xCB,
  0x31, 0xCB, 0x31, 0xCB, 0x31, 0xCB, 0x31, 0xCB, 0x31, 0xCB, 0x31, 0xCB, 0x31, 0xCB, 0x31, 0xCB,
  0x31, 0xCB, 0x31, 0xEB, 0x39, 0xEA, 0x39, 0xEB, 0x3A, 0x0C, 0x3A, 0x0C, 0x3A, 0x0B, 0x3A, 0x2C,
  0x42, 0x4D, 0x42, 0x6D, 0x4A, 0xAE, 0x52, 0xEF, 0x5B, 0x51, 0x6B, 0xB2, 0x8C, 0x92, 0xCE, 0x99,
  0xDF, 0x1B, 0xDF, 0x3C, 0xE7, 0x5C, 0xE7, 0x5D, 0xDF, 0x7D, 0xE7, 0x7D, 0xE7, 0x7D, 0xDF, 0x7D,
  0xE7, 0x7D, 0xDF, 0x5D, 0xE7, 0x5D, 0xE7, 0x5D, 0xE7, 0x5D, 0xE7, 0x5D, 0xE7, 0x7D, 0xE7, 0x7D,
  0x62, 0xEB, 0x62, 0xEB, 0x62, 0xCB, 0x5A, 0xCB, 0x5A, 0xCB, 0x5A, 0xCB, 0x5A, 0xCB, 0x5A, 0xEB,
  0x5A, 0xEA, 0x5A, 0xCA, 0x62, 0xEB, 0x8C, 0x0F, 0xBD, 0x95, 0xB5, 0x54, 0x83, 0xEF, 0x62, 0xCA,
  0x5A, 0xCA, 0x5A, 0x8A, 0x52, 0x6A, 0x52, 0x49, 0x4A, 0x29, 0x4A, 0x29, 0x42, 0x28, 0x3A, 0x08,
  0x42, 0x08, 0x42, 0x08, 0x42, 0x08, 0x42, 0x08, 0x42, 0x08, 0x42, 0x08, 0x42, 0x08, 0x42, 0x08,
  0x42, 0x08, 0x42, 0x28, 0x4A, 0x49, 0x52, 0x8A, 0x5A, 0xAA, 0xBC, 0xD4, 0xFE, 0x5A, 0xFE, 0x7B,
  0xE5, 0xF9, 0xDD, 0x97, 0xFE, 0xDC, 0xC4, 0xF5, 0xE5, 0xD8, 0xE5, 0x97, 0xCC, 0xB4, 0xDD, 0x56,
  0xD5, 0x35, 0xDD, 0x36, 0xDD, 0x36, 0xDD, 0x36, 0xDD, 0x35, 0xD4, 0xF4, 0xDC, 0xF5, 0xB4, 0x31,
  0xC4, 0x93, 0xC4, 0xD4, 0xBC, 0x52, 0xDD, 0x56, 0xDD, 0x76, 0xD5, 0x76, 0xC5, 0x55, 0xE6, 0xFB,
  0xE7, 0x3C, 0xE7, 0x5D, 0xE7, 0x5D, 0xE7, 0x5D, 0xE7, 0x5D, 0xE7, 0x3C, 0xDF, 0x1B, 0xD6, 0xBA,
  0x84, 0x30, 0x63, 0x2C, 0x52, 0xAA, 0x4A, 0x49, 0x42, 0x28, 0x42, 0x27, 0x42, 0x28, 0x3A, 0x08,
  0x42, 0x08, 0x41, 0xE8, 0x39, 0xE8, 0x39, 0xE8, 0x39, 0xE8, 0x3A, 0x08, 0x42, 0x08, 0x42, 0x08,
  0x42, 0x08, 0x42, 0x28, 0x42, 0x27, 0x4A, 0x28, 0x4A, 0x49, 0x52, 0x8A, 0x52, 0x8A, 0xA4, 0x91,
  0xE6, 0x78, 0xBD, 0x53, 0xCD, 0xF6, 0x7B, 0x6C, 0x62, 0xCA, 0x73, 0x4C, 0xBD, 0x95, 0xEE, 0xD9,
  0xF7, 0x1A, 0xFF, 0x3B, 0xFF, 0x5C, 0xFF, 0x7C, 0xFF, 0x7C, 0xFF, 0x7C, 0xFF, 0x7C, 0xFF, 0x7C,
  0xFF, 0x7C, 0xFF, 0x7C, 0xFF, 0x7C, 0xFF, 0x7C, 0xFF, 0x7C, 0xFF, 0x7C, 0xFF, 0x7C, 0xFF, 0x7C,
  0xFF, 0x7C, 0xFF, 0x7C, 0xFF, 0x7C, 0xFF, 0x7C, 0xFF, 0x7C, 0xFF, 0x7C, 0xFF, 0x7C, 0xFF, 0x7C,
  0xFF, 0x7C, 0xFF, 0x7C, 0xFF, 0x7C, 0xFF, 0x7C, 0xFF, 0x7C, 0xFF, 0x7C, 0xFF, 0x7B, 0xFF, 0x7B,
  0xFF, 0x7C, 0xFF, 0x7C, 0xFF, 0x7C, 0xFF, 0x7C, 0xFF, 0x7C, 0xFF, 0x7C, 0xFF, 0x7C, 0xFF, 0x7C,
  0xFF, 0x7C, 0xFF, 0x7C, 0xFF, 0x5C, 0xFF, 0x5C, 0xFF, 0x5B, 0xFF, 0x5A, 0xFF, 0x1B, 0xFF, 0x1B,
  0xFF, 0x1B, 0xFF, 0x1B, 0xFF, 0x1B, 0xFF, 0x1B, 0xFF, 0x1B, 0xFF, 0x1B, 0xFF, 0x1B, 0xFF, 0x1A,
  0xFF, 0x1A, 0xEE, 0x98, 0xDE, 0x16, 0xBD, 0x54, 0x83, 0xAE, 0x8C, 0x30, 0x8C, 0x71, 0xBD, 0xF7,
  0xF7, 0xBE, 0xF7, 0xBE, 0xF7, 0xDF, 0xF7, 0xDF, 0xF7, 0xDF, 0xF7, 0xDF, 0xF7, 0xDF, 0xF7, 0xDF,
  0xEF, 0xDF, 0xF7, 0xBF, 0xF7, 0xBE, 0xEF, 0xBE, 0xEF, 0x7E, 0xE7, 0x5D, 0x9D, 0x37, 0x7C, 0x13,
  0x6B, 0xB2, 0x5B, 0x10, 0x52, 0xEF, 0x4A, 0xAE, 0x42, 0x6E, 0x3A, 0x4D, 0x42, 0x2D, 0x3A, 0x2C,
  0x3A, 0x2B, 0x3A, 0x0C, 0x3A, 0x0C, 0x39, 0xEC, 0x39, 0xEB, 0x31, 0xEA, 0x29, 0xCB, 0x31, 0xCB,
  0x31, 0xCB, 0x31, 0xCB, 0x31, 0xCB, 0x31, 0xCB, 0x31, 0xCB, 0x31, 0xCB, 0x31, 0xCB, 0x31, 0xCB,
  0x31, 0xCB, 0x31, 0xEB, 0x31, 0xEB, 0x31, 0xEB, 0x39, 0xEC, 0x3A, 0x0C, 0x32, 0x0C, 0x3A, 0x2C,
  0x42, 0x2D, 0x42, 0x4D, 0x4A, 0x8E, 0x4A, 0xCF, 0x53, 0x10, 0x63, 0x71, 0x6B, 0xB1, 0x9D, 0x55,
  0xDF, 0x3C, 0xDF, 0x3C, 0xE7, 0x5D, 0xE7, 0x7D, 0xE7, 0x7D, 0xE7, 0x7D, 0xEF, 0x7D, 0xE7, 0x7D,
  0xE7, 0x7D, 0xE7, 0x5C, 0xEF, 0x5C, 0xEF, 0x7C, 0xE7, 0x7C, 0xEF, 0x7C, 0xEF, 0x7C, 0xEF, 0x7C,
  0x5A, 0xAA, 0x5A, 0xAA, 0x5A, 0xAA, 0x5A, 0xAA, 0x5A, 0x8A, 0x5A, 0x8A, 0x5A, 0x8A, 0x5A, 0xAA,
  0x62, 0xEA, 0x73, 0x8D, 0x9C, 0xD2, 0xAD, 0x34, 0x8C, 0x51, 0x6B, 0x2C, 0x5A, 0xAA, 0x5A, 0xCA,
  0x52, 0x8A, 0x52, 0x69, 0x4A, 0x49, 0x42, 0x49, 0x42, 0x29, 0x42, 0x28, 0x42, 0x07, 0x42, 0x08,
  0x42, 0x08, 0x42, 0x08, 0x42, 0x08, 0x42, 0x08, 0x39, 0xE8, 0x42, 0x08, 0x42, 0x08, 0x42, 0x08,
  0x3A, 0x07, 0x42, 0x28, 0x4A, 0x29, 0x52, 0x6B, 0x5A, 0xAC, 0xC5, 0x15, 0xF6, 0x3A, 0xF6, 0x7A,
  0xED, 0xF8, 0xCC, 0xD4, 0xE5, 0xD8, 0xC4, 0xF4, 0xF6, 0x3A, 0xCD, 0x15, 0xC4, 0xB4, 0xDD, 0x56,
  0xD5, 0x15, 0xDD, 0x36, 0xDD, 0x36, 0xDD, 0x36, 0xDD, 0x15, 0xD4, 0xF5, 0xCC, 0xD4, 0xAB, 0xF0,
  0xCC, 0xD4, 0xB4, 0x51, 0xC4, 0x93, 0xD5, 0x56, 0xDD, 0x76, 0xC5, 0x14, 0xCD, 0xF7, 0xE7, 0x1C,
  0xE7, 0x3C, 0xEF, 0x5D, 0xEF, 0x7D, 0xE7, 0x7D, 0xEF, 0x5D, 0xE7, 0x5D, 0xDF, 0x1C, 0xDF, 0x3C,
  0xB5, 0xB6, 0x6B, 0x6D, 0x63, 0x0C, 0x52, 0x8A, 0x4A, 0x48, 0x4A, 0x29, 0x4A, 0x29, 0x42, 0x28,
  0x3A, 0x07, 0x42, 0x08, 0x42, 0x08, 0x42, 0x08, 0x42, 0x08, 0x42, 0x08, 0x42, 0x08, 0x42, 0x08,
  0x42, 0x08, 0x42, 0x08, 0x4A, 0x27, 0x4A, 0x28, 0x4A, 0x49, 0x52, 0x8A, 0x5A, 0x8A, 0xA4, 0x91,
  0xE6, 0x78, 0xDE, 0x78, 0xDE, 0x57, 0x73, 0x4B, 0x8B, 0xEE, 0xAC, 0xF2, 0xE6, 0xB9, 0xF7, 0x1B,
  0xF7, 0x3B, 0xFF, 0x5C, 0xFF, 0x7C, 0xFF, 0x7C, 0xFF, 0x7C, 0xFF, 0x7C, 0xFF, 0x7C, 0xFF, 0x7C,
  0xFF, 0x7C, 0xFF, 0x7C, 0xFF, 0x7C, 0xFF, 0x7C, 0xFF, 0x7C, 0xFF, 0x7C, 0xFF, 0x7C, 0xFF, 0x7C,
  0xFF, 0x7C, 0xFF, 0x7C, 0xFF, 0x7C, 0xFF, 0x7C, 0xFF, 0x7C, 0xFF, 0x7C, 0xFF, 0x7C, 0xFF, 0x7C,
  0xFF, 0x7C, 0xFF, 0x7C, 0xFF, 0x7C, 0xFF, 0x7C, 0xFF, 0x7C, 0xFF, 0x7C, 0xFF, 0x7C, 0xFF, 0x7C,
  0xFF, 0x7B, 0xFF, 0x7C, 0xFF, 0x7C, 0xFF, 0x7C, 0xFF, 0x7C, 0xFF, 0x7C, 0xFF, 0x7C, 0xFF, 0x7C,
  0xFF, 0x7C, 0xFF, 0x7C, 0xFF, 0x7C, 0xFF, 0x5C, 0xFF, 0x5C, 0xFF, 0x5B, 0xFF, 0x3A, 0xFF, 0x3B,
  0xFF, 0x1B, 0xFF, 0x1B, 0xFF, 0x1B, 0xFF, 0x1B, 0xFF, 0x1B, 0xFF, 0x1B, 0xFF, 0x1B, 0xFF, 0x1B,
  0xFF, 0x1B, 0xEE, 0x99, 0xEE, 0x98, 0xAD, 0x12, 0x83, 0xEF, 0x94, 0x71, 0xA5, 0x34, 0xEF, 0x7D,
  0xF7, 0xDE, 0xFF, 0xDF, 0xFF, 0xDF, 0xF7, 0xDF, 0xF7, 0xDF, 0xF7, 0xFF, 0xFF, 0xFF, 0xF7, 0xDF,
  0xF7, 0xDF, 0xEF, 0xDF, 0xF7, 0xDF, 0xF7, 0xDF, 0xEF, 0xBE, 0xEF, 0xBE, 0xDF, 0x3D, 0x94, 0xB4,
  0x73, 0xF2, 0x6B, 0x92, 0x5B, 0x10, 0x52, 0xCF, 0x4A, 0xAE, 0x42, 0x6E, 0x42, 0x4D, 0x42, 0x2D,
  0x3A, 0x2B, 0x32, 0x0B, 0x3A, 0x0C, 0x3A, 0x0C, 0x39, 0xEC, 0x39, 0xEB, 0x31, 0xCA, 0x31, 0xCB,
  0x31, 0xCB, 0x31, 0xCB, 0x31, 0xCB, 0x31, 0xCB, 0x31, 0xCB, 0x31, 0xCB, 0x31, 0xCB, 0x31, 0xCB,
  0x31, 0xCB, 0x29, 0xCB, 0x31, 0xEB, 0x31, 0xEA, 0x39, 0xEB, 0x39, 0xEC, 0x3A, 0x0C, 0x3A, 0x0B,
  0x3A, 0x2C, 0x42, 0x4D, 0x42, 0x6D, 0x4A, 0x8E, 0x52, 0xCE, 0x5B, 0x30, 0x6B, 0x91, 0x7B, 0xF2,
  0xBD, 0xF9, 0xE7, 0x5D, 0xE7, 0x3C, 0xEF, 0x7D, 0xEF, 0x9E, 0xEF, 0x9E, 0xEF, 0x9D, 0xEF, 0x9E,
  0xE7, 0x7D, 0xEF, 0x9D, 0xEF, 0x7D, 0xEF, 0x7D, 0xEF, 0x7D, 0xEF, 0x7D, 0xEF, 0x9D, 0xEF, 0x7D,
  0x52, 0xA9, 0x5A, 0xAA, 0x5A, 0xCB, 0x63, 0x0B, 0x6B, 0x0C, 0x6B, 0x2C, 0x73, 0x8D, 0x83, 0xEF,
  0x8C, 0x50, 0x94, 0x71, 0x7B, 0xCE, 0x62, 0xEB, 0x52, 0xAA, 0x52, 0xAA, 0x5A, 0xAA, 0x52, 0x8A,
  0x4A, 0x69, 0x4A, 0x48, 0x4A, 0x49, 0x42, 0x28, 0x3A, 0x08, 0x42, 0x07, 0x42, 0x08, 0x42, 0x08,
  0x42, 0x08, 0x42, 0x08, 0x42, 0x08, 0x3A, 0x08, 0x39, 0xE8, 0x42, 0x08, 0x42, 0x08, 0x42, 0x08,
  0x42, 0x07, 0x42, 0x08, 0x4A, 0x2A, 0x52, 0x8B, 0x5A, 0xAC, 0xC4, 0xF4, 0xF6, 0x3A, 0xF6, 0x3A,
  0xDD, 0x77, 0xDD, 0x55, 0xAC, 0x11, 0xD5, 0x35, 0xFE, 0x5A, 0xBC, 0x93, 0xCC, 0xF5, 0xDD, 0x36,
  0xDD, 0x36, 0xDD, 0x36, 0xDD, 0x36, 0xDD, 0x16, 0xDC, 0xF5, 0xD5, 0x15, 0xC4, 0x93, 0xB4, 0x11,
  0xD4, 0xF4, 0xAB, 0xF1, 0xCC, 0xF4, 0xD5, 0x36, 0xD5, 0x35, 0xAC, 0x92, 0xDE, 0x79, 0xE7, 0x1C,
  0xE7, 0x3C, 0xE7, 0x5D, 0xEF, 0x7D, 0xEF, 0x7D, 0xEF, 0x5D, 0xE7, 0x5D, 0xDF, 0x3C, 0xDF, 0x1B,
  0xDE, 0xFB, 0x8C, 0x71, 0x63, 0x2C, 0x5A, 0xEB, 0x4A, 0x69, 0x4A, 0x48, 0x4A, 0x29, 0x4A, 0x28,
  0x42, 0x28, 0x3A, 0x08, 0x42, 0x08, 0x42, 0x08, 0x42, 0x08, 0x42, 0x08, 0x42, 0x08, 0x42, 0x08,
  0x42, 0x08, 0x42, 0x08, 0x4A, 0x28, 0x4A, 0x28, 0x4A, 0x49, 0x5A, 0x8A, 0x5A, 0xAA, 0x9C, 0x90,
  0xEE, 0xB9, 0xF7, 0x1A, 0xC5, 0xB5, 0x94, 0x2F, 0xD6, 0x17, 0xD6, 0x16, 0xF7, 0x3B, 0xF7, 0x3B,
  0xFF, 0x5C, 0xFF, 0x7C, 0xFF, 0x7C, 0xFF, 0x7C, 0xFF, 0x7C, 0xFF, 0x7C, 0xFF, 0x7C, 0xFF, 0x7C,
  0xFF, 0x7C, 0xFF, 0x7C, 0xFF, 0x7C, 0xFF, 0x7C, 0xFF, 0x7C, 0xFF, 0x7C, 0xFF, 0x7C, 0xFF, 0x7C,
  0xFF, 0x7C, 0xFF, 0x7C, 0xFF, 0x7C, 0xFF, 0x7C, 0xFF, 0x7C, 0xFF, 0x7C, 0xFF, 0x7C, 0xFF, 0x7C,
  0xFF, 0x7C, 0xFF, 0x7C, 0xFF, 0x7C, 0xFF, 0x7C, 0xFF, 0x7C, 0xFF, 0x7C, 0xF7, 0x5C, 0xEE, 0xFA,
  0xFF, 0x7C, 0xFF, 0x7C, 0xFF, 0x7C, 0xFF, 0x7C, 0xFF, 0x7C, 0xFF, 0x7C, 0xFF, 0x7C, 0xFF, 0x7C,
  0xFF, 0x7C, 0xFF, 0x7C, 0xFF, 0x7C, 0xFF, 0x5C, 0xFF, 0x5C, 0xFF, 0x5C, 0xFF, 0x3B, 0xFF, 0x3B,
  0xFF, 0x3B, 0xFF, 0x3B, 0xFF, 0x3B, 0xFF, 0x3B, 0xFF, 0x3B, 0xFF, 0x3A, 0xFF, 0x3B, 0xFF, 0x3B,
  0xF7, 0x1B, 0xFF, 0x1B, 0xEE, 0xB9, 0x9C, 0x91, 0x8C, 0x30, 0x94, 0xB2, 0xD6, 0x9A, 0xF7, 0xDE,
  0xF7, 0xBE, 0xFF, 0xFF, 0xFF, 0xFF, 0xFF, 0xFF, 0xFF, 0xFF, 0xFF, 0xFF, 0xFF, 0xFF, 0xFF, 0xFF,
  0xF7, 0xDF, 0xF7, 0xDE, 0xF7, 0xDE, 0xF7, 0xDF, 0xF7, 0xDF, 0xEF, 0xBE, 0xF7, 0xDF, 0xDF, 0x1C,
  0x84, 0x73, 0x73, 0xD2, 0x63, 0x71, 0x5A, 0xF0, 0x4A, 0xAF, 0x4A, 0x8E, 0x42, 0x4D, 0x42, 0x4C,
  0x42, 0x2C, 0x3A, 0x0C, 0x32, 0x0C, 0x3A, 0x0C, 0x39, 0xEC, 0x39, 0xEB, 0x31, 0xEA, 0x31, 0xEB,
  0x31, 0xCB, 0x31, 0xCB, 0x31, 0xCB, 0x31, 0xCB, 0x31, 0xCB, 0x31, 0xCB, 0x31, 0xCB, 0x31, 0xCB,
  0x31, 0xCB, 0x31, 0xCB, 0x31, 0xCB, 0x29, 0xCA, 0x39, 0xEB, 0x39, 0xEC, 0x3A, 0x0C, 0x32, 0x0C,
  0x3A, 0x2C, 0x42, 0x2C, 0x42, 0x4D, 0x42, 0x6D, 0x4A, 0xAE, 0x52, 0xEF, 0x5B, 0x30, 0x6B, 0xB2,
  0x84, 0x53, 0xC6, 0x9B, 0xEF, 0x7D, 0xEF, 0x9D, 0xEF, 0xBE, 0xF7, 0xBE, 0xF7, 0xBE, 0xEF, 0xBE,
  0xEF, 0x9E, 0xEF, 0x9E, 0xEF, 0x9E, 0xEF, 0x9E, 0xEF, 0x9E, 0xEF, 0x9E, 0xEF, 0x9E, 0xEF, 0x9E,
  0x52, 0x8A, 0x52, 0xAA, 0x5A, 0xCB, 0x63, 0x0C, 0x6B, 0x2C, 0x6B, 0x4D, 0x6B, 0x2D, 0x6B, 0x2C,
  0x5A, 0xCA, 0x5A, 0x8A, 0x52, 0x69, 0x52, 0x89, 0x52, 0xAA, 0x52, 0x89, 0x4A, 0x69, 0x4A, 0x49,
  0x4A, 0x49, 0x4A, 0x49, 0x42, 0x29, 0x42, 0x08, 0x42, 0x07, 0x42, 0x08, 0x42, 0x08, 0x42, 0x08,
  0x42, 0x08, 0x42, 0x08, 0x42, 0x08, 0x42, 0x08, 0x42, 0x08, 0x41, 0xE8, 0x41, 0xE8, 0x41, 0xE8,
  0x41, 0xE7, 0x42, 0x08, 0x4A, 0x2B, 0x52, 0x8C, 0x5A, 0xAC, 0xBC, 0xB3, 0xFE, 0x3A, 0xED, 0xF8,
  0xDD, 0x35, 0xE5, 0x56, 0xBC, 0x73, 0xCD, 0x35, 0xED, 0xF9, 0xBC, 0x93, 0xE5, 0xB7, 0xD5, 0x15,
  0xDD, 0x36, 0xDD, 0x36, 0xD5, 0x36, 0xDD, 0x16, 0xD4, 0xD4, 0xD5, 0x15, 0xB4, 0x31, 0xBC, 0x52,
  0xCC, 0xB4, 0xB4, 0x52, 0xD5, 0x36, 0xDD, 0x36, 0xBC, 0x93, 0xB4, 0xD3, 0xCD, 0xD7, 0xE7, 0x1C,
  0xE7, 0x3C, 0xEF, 0x5D, 0xEF, 0x7D, 0xEF, 0x7D, 0xEF, 0x7D, 0xE7, 0x5D, 0xDF, 0x5C, 0xDF, 0x3B,
  0xE7, 0x3C, 0xC6, 0x38, 0x73, 0xAE, 0x63, 0x2C, 0x52, 0xAA, 0x4A, 0x69, 0x4A, 0x48, 0x42, 0x49,
  0x42, 0x28, 0x42, 0x28, 0x3A, 0x08, 0x42, 0x08, 0x42, 0x08, 0x42, 0x08, 0x42, 0x08, 0x3A, 0x08,
  0x42, 0x07, 0x4A, 0x08, 0x4A, 0x29, 0x4A, 0x28, 0x4A, 0x49, 0x52, 0x8A, 0x5A, 0xAA, 0x9C, 0x70,
  0xEE, 0xDA, 0xEE, 0xB9, 0xAC, 0xF1, 0xDE, 0x77, 0xF7, 0x1A, 0xF7, 0x1A, 0xFF, 0x3B, 0xFF, 0x3B,
  0xFF, 0x5C, 0xFF, 0x5C, 0xFF, 0x5C, 0xFF, 0x5C, 0xFF, 0x5C, 0xFF, 0x5C, 0xFF, 0x5C, 0xFF, 0x5C,
  0xFF, 0x5C, 0xFF, 0x5C, 0xFF, 0x5C, 0xFF, 0x7C, 0xFF, 0x7C, 0xFF, 0x5C, 0xFF, 0x7C, 0xFF, 0x7C,
  0xFF, 0x7C, 0xFF, 0x7C, 0xFF, 0x7C, 0xFF, 0x7C, 0xFF, 0x7C, 0xFF, 0x7C, 0xFF, 0x7C, 0xFF, 0x7C,
  0xFF, 0x7C, 0xFF, 0x7C, 0xFF, 0x7C, 0xFF, 0x7C, 0xFF, 0x7C, 0xFF, 0x7C, 0xF7, 0x5C, 0xEF, 0x1A,
  0xFF, 0x7C, 0xFF, 0x7C, 0xFF, 0x7C, 0xFF, 0x7C, 0xFF, 0x7C, 0xFF, 0x7C, 0xFF, 0x7C, 0xFF, 0x7C,
  0xFF, 0x7C, 0xFF, 0x7C, 0xFF, 0x7C, 0xFF, 0x7C, 0xFF, 0x5C, 0xFF, 0x5C, 0xFF, 0x5C, 0xFF, 0x5C,
  0xFF, 0x5C, 0xFF, 0x5C, 0xFF, 0x5C, 0xFF, 0x5C, 0xFF, 0x5B, 0xFF, 0x5B, 0xFF, 0x3B, 0xFF, 0x3A,
  0xF7, 0x3A, 0xFF, 0x3B, 0xDE, 0x58, 0x9C, 0x70, 0x94, 0x71, 0xB5, 0x96, 0xF7, 0x9E, 0xF7, 0xBE,
  0xFF, 0xDF, 0xFF, 0xFF, 0xFF, 0xFF, 0xFF, 0xFF, 0xFF, 0xFF, 0xF7, 0xFF, 0xF7, 0xDE, 0xFF, 0xFF,
  0xFF, 0xFF, 0xFF, 0xFF, 0xFF, 0xFF, 0xF7, 0xDF, 0xF7, 0xDE, 0xEF, 0xFF, 0xF7, 0xDE, 0xF7, 0xFF,
  0xD6, 0xBB, 0x7C, 0x12, 0x73, 0xD2, 0x63, 0x51, 0x52, 0xEF, 0x4A, 0xAE, 0x42, 0x6D, 0x3A, 0x4D,
  0x42, 0x4D, 0x3A, 0x2D, 0x32, 0x0C, 0x3A, 0x0C, 0x39, 0xEC, 0x39, 0xEB, 0x31, 0xEA, 0x29, 0xEB,
  0x31, 0xCB, 0x31, 0xCB, 0x31, 0xCB, 0x31, 0xCB, 0x31, 0xCB, 0x31, 0xCB, 0x31, 0xCB, 0x31, 0xCB,
  0x31, 0xCB, 0x31, 0xCB, 0x31, 0xCB, 0x31, 0xCB, 0x31, 0xEA, 0x39, 0xEB, 0x39, 0xEC, 0x32, 0x0C,
  0x3A, 0x0B, 0x42, 0x2C, 0x42, 0x2D, 0x42, 0x4D, 0x4A, 0x8D, 0x4A, 0xAE, 0x52, 0xEF, 0x63, 0x71,
  0x6B, 0xD2, 0x8C, 0xB4, 0xDF, 0x1C, 0xF7, 0xBE, 0xF7, 0xBD, 0xF7, 0xDE, 0xEF, 0xDF, 0xF7, 0xDF,
  0xEF, 0xDE, 0xF7, 0xBE, 0xF7, 0xBD, 0xF7, 0xBD, 0xF7, 0xBD, 0xF7, 0xBE, 0xF7, 0xBE, 0xF7, 0xBE,
  0x52, 0x8A, 0x4A, 0x69, 0x4A, 0x69, 0x4A, 0x69, 0x4A, 0x49, 0x4A, 0x49, 0x4A, 0x49, 0x4A, 0x49,
  0x4A, 0x69, 0x52, 0x8A, 0x52, 0x8A, 0x52, 0x6A, 0x4A, 0x69, 0x4A, 0x49, 0x4A, 0x48, 0x4A, 0x49,
  0x42, 0x29, 0x42, 0x29, 0x42, 0x08, 0x42, 0x07, 0x42, 0x08, 0x42, 0x08, 0x42, 0x08, 0x42, 0x08,
  0x39, 0xE8, 0x39, 0xE8, 0x42, 0x08, 0x39, 0xE8, 0x39, 0xE8, 0x39, 0xE8, 0x39, 0xE8, 0x39, 0xE8,
  0x41, 0xE8, 0x42, 0x09, 0x4A, 0x2B, 0x52, 0x8D, 0x52, 0x8C, 0xAC, 0x73, 0xF6, 0x3A, 0xED, 0xB8,
  0xDD, 0x35, 0xDD, 0x16, 0xD5, 0x15, 0xBC, 0x93, 0xBC, 0x52, 0xCC, 0xF4, 0xF5, 0xF9, 0xD5, 0x35,
  0xDD, 0x36, 0xDD, 0x36, 0xD5, 0x16, 0xDC, 0xF6, 0xDC, 0xF5, 0xD4, 0xF5, 0xB4, 0x11, 0xCC, 0xB4,
  0xD4, 0xD4, 0xCC, 0xD5, 0xD5, 0x36, 0xD4, 0xF5, 0xB4, 0x72, 0xD5, 0xB7, 0xBD, 0x55, 0xDE, 0xDB,
  0xE7, 0x5D, 0xE7, 0x5C, 0xEF, 0x7D, 0xEF, 0x7D, 0xEF, 0x7D, 0xE7, 0x5D, 0xE7, 0x5D, 0xE7, 0x5C,
  0xE7, 0x1B, 0xE7, 0x3C, 0x9D, 0x14, 0x6B, 0x4D, 0x5B, 0x0B, 0x52, 0x8A, 0x52, 0x69, 0x4A, 0x48,
  0x4A, 0x49, 0x42, 0x28, 0x42, 0x08, 0x3A, 0x08, 0x42, 0x08, 0x42, 0x08, 0x42, 0x08, 0x42, 0x08,
  0x42, 0x08, 0x4A, 0x28, 0x4A, 0x29, 0x4A, 0x29, 0x4A, 0x49, 0x5A, 0x8A, 0x5A, 0xAA, 0x94, 0x50,
  0xEE, 0xFA, 0xDE, 0x57, 0xDE, 0x37, 0xFF, 0x5B, 0xFF, 0x3B, 0xFF, 0x5B, 0xFF, 0x5B, 0xFF, 0x5C,
  0xFF, 0x5C, 0xFF, 0x5C, 0xFF, 0x5C, 0xFF, 0x5B, 0xFF, 0x5B, 0xFF, 0x5B, 0xFF, 0x5B, 0xFF, 0x5B,
  0xFF, 0x5C, 0xFF, 0x5C, 0xFF, 0x5C, 0xFF, 0x5C, 0xFF, 0x5C, 0xFF, 0x5C, 0xFF, 0x7C, 0xFF, 0x7C,
  0xFF, 0x7C, 0xFF, 0x7C, 0xFF, 0x7C, 0xFF, 0x7C, 0xFF, 0x7C, 0xFF, 0x7C, 0xFF, 0x7C, 0xFF, 0x7C,
  0xFF, 0x7C, 0xFF, 0x7C, 0xFF, 0x7C, 0xFF, 0x7C, 0xFF, 0x7C, 0xFF, 0x7B, 0xFF, 0x7C, 0xFF, 0x7C,
  0xFF, 0x7B, 0xFF, 0x7C, 0xFF, 0x7C, 0xFF, 0x7C, 0xFF, 0x7C, 0xFF, 0x7C, 0xFF, 0x7C, 0xFF, 0x7C,
  0xFF, 0x7C, 0xFF, 0x7C, 0xFF, 0x7C, 0xFF, 0x7C, 0xFF, 0x7C, 0xFF, 0x7C, 0xFF, 0x7C, 0xFF, 0x5C,
  0xFF, 0x5C, 0xFF, 0x5C, 0xFF, 0x5C, 0xFF, 0x5C, 0xFF, 0x5C, 0xFF, 0x5C, 0xFF, 0x5C, 0xFF, 0x3B,
  0xF7, 0x3A, 0xFF, 0x3B, 0xCD, 0xF7, 0x94, 0x51, 0x9C, 0xB2, 0xD6, 0xBA, 0xFF, 0xDE, 0xF7, 0xDE,
  0xFF, 0xFF, 0xFF, 0xFF, 0xFF, 0xFF, 0xFF, 0xDF, 0xF7, 0xDF, 0xF7, 0xDE, 0xF7, 0xFF, 0xF7, 0xBE,
  0xE7, 0x5D, 0xE7, 0x5C, 0xEF, 0x7D, 0xF7, 0xDF, 0xF7, 0xFF, 0xF7, 0xDF, 0xF7, 0xDE, 0xEF, 0xBE,
  0xF7, 0xDF, 0xBE, 0x39, 0x73, 0xF2, 0x6B, 0xB2, 0x5B, 0x30, 0x52, 0xCF, 0x4A, 0x8E, 0x42, 0x6D,
  0x42, 0x4D, 0x42, 0x2D, 0x3A, 0x0C, 0x3A, 0x0C, 0x39, 0xEC, 0x39, 0xEB, 0x39, 0xEB, 0x31, 0xEB,
  0x29, 0xCB, 0x31, 0xCB, 0x31, 0xCB, 0x31, 0xCB, 0x31, 0xCB, 0x31, 0xCB, 0x31, 0xCB, 0x31, 0xCB,
  0x31, 0xCB, 0x31, 0xCB, 0x31, 0xCB, 0x29, 0xCB, 0x31, 0xEB, 0x39, 0xEB, 0x39, 0xEC, 0x3A, 0x0C,
  0x32, 0x0C, 0x3A, 0x0B, 0x3A, 0x2C, 0x42, 0x2D, 0x42, 0x4D, 0x4A, 0x8E, 0x4A, 0xCE, 0x53, 0x0F,
  0x6B, 0x71, 0x73, 0xF2, 0xA5, 0x36, 0xEF, 0x9E, 0xF7, 0xDE, 0xF7, 0xDF, 0xF7, 0xDF, 0xF7, 0xDF,
  0xF7, 0xDF, 0xF7, 0xDE, 0xF7, 0xDE, 0xF7, 0xDE, 0xF7, 0xDE, 0xF7, 0xDD, 0xF7, 0xDE, 0xEF, 0xDE,
  0x52, 0x8A, 0x52, 0x8A, 0x52, 0x8A, 0x52, 0x8A, 0x52, 0x8A, 0x52, 0x8A, 0x52, 0x69, 0x52, 0x69,
  0x52, 0x6A, 0x4A, 0x49, 0x4A, 0x49, 0x4A, 0x49, 0x4A, 0x48, 0x4A, 0x49, 0x42, 0x49, 0x42, 0x29,
  0x42, 0x29, 0x3A, 0x28, 0x42, 0x07, 0x42, 0x08, 0x42, 0x08, 0x42, 0x08, 0x42, 0x08, 0x42, 0x08,
  0x39, 0xE8, 0x31, 0xE8, 0x39, 0xE8, 0x39, 0xE8, 0x31, 0xE7, 0x39, 0xC7, 0x39, 0xC7, 0x39, 0xC7,
  0x41, 0xE8, 0x42, 0x0A, 0x4A, 0x2C, 0x4A, 0x6E, 0x52, 0x8D, 0x8B, 0xB0, 0xED, 0xF9, 0xE5, 0x97,
  0xD5, 0x15, 0xDD, 0x15, 0xD4, 0xF5, 0xD4, 0xF4, 0xA3, 0x8F, 0xD5, 0x36, 0xFE, 0x3A, 0xDD, 0x36,
  0xDD, 0x35, 0xE5, 0x36, 0xDD, 0x16, 0xDC, 0xF5, 0xDD, 0x16, 0xCC, 0x93, 0xB4, 0x11, 0xD4, 0xF5,
  0xD4, 0xF5, 0xDD, 0x16, 0xDD, 0x36, 0xBC, 0x93, 0xBC, 0xD3, 0xDD, 0xD8, 0xC5, 0x55, 0xD6, 0x79,
  0xE7, 0x5D, 0xE7, 0x5C, 0xEF, 0x7D, 0xEF, 0x7D, 0xEF, 0x7D, 0xE7, 0x7D, 0xE7, 0x5D, 0xDF, 0x5C,
  0xDF, 0x3B, 0xE7, 0x3C, 0xCE, 0x99, 0x7C, 0x0F, 0x63, 0x4C, 0x5A, 0xCB, 0x52, 0x8A, 0x5A, 0xAA,
  0x4A, 0x69, 0x4A, 0x48, 0x4A, 0x48, 0x42, 0x08, 0x3A, 0x08, 0x39, 0xE8, 0x42, 0x08, 0x42, 0x28,
  0x3A, 0x27, 0x42, 0x28, 0x4A, 0x29, 0x42, 0x28, 0x4A, 0x49, 0x5A, 0x8A, 0x5A, 0xAA, 0x94, 0x0F,
  0xEE, 0xD9, 0xF7, 0x1A, 0xFF, 0x5B, 0xFF, 0x5B, 0xFF, 0x5B, 0xFF, 0x5C, 0xFF, 0x5C, 0xFF, 0x5C,
  0xFF, 0x5C, 0xFF, 0x5C, 0xFF, 0x3B, 0xFF, 0x3B, 0xFF, 0x3A, 0xFF, 0x3B, 0xFF, 0x3A, 0xFF, 0x3B,
  0xFF, 0x3B, 0xFF, 0x5B, 0xFF, 0x5C, 0xFF, 0x5C, 0xFF, 0x5C, 0xFF, 0x5C, 0xFF, 0x7C, 0xFF, 0x7C,
  0xFF, 0x7C, 0xFF, 0x7C, 0xFF, 0x7C, 0xFF, 0x7C, 0xFF, 0x7C, 0xFF, 0x7C, 0xFF, 0x7C, 0xFF, 0x7C,
  0xFF, 0x7C, 0xFF, 0x7C, 0xFF, 0x7C, 0xFF, 0x7C, 0xFF, 0x7C, 0xFF, 0x7C, 0xFF, 0x7C, 0xFF, 0x5B,
  0xFF, 0x7C, 0xFF, 0x7C, 0xFF, 0x7C, 0xFF, 0x7C, 0xFF, 0x7C, 0xFF, 0x7C, 0xFF, 0x7C, 0xFF, 0x7C,
  0xFF, 0x7C, 0xFF, 0x7C, 0xFF, 0x7C, 0xFF, 0x7C, 0xFF, 0x7C, 0xFF, 0x7C, 0xFF, 0x7C, 0xFF, 0x7C,
  0xFF, 0x7C, 0xFF, 0x7C, 0xFF, 0x7C, 0xFF, 0x7C, 0xFF, 0x7C, 0xFF, 0x7C, 0xFF, 0x5C, 0xFF, 0x5C,
  0xFF, 0x3B, 0xFF, 0x3B, 0xBD, 0x74, 0x9C, 0x71, 0xAD, 0x34, 0xE7, 0x3C, 0xFF, 0xDF, 0xFF, 0xDE,
  0xF7, 0xFF, 0xF7, 0xFE, 0xF7, 0xDE, 0xF7, 0xDF, 0xF7, 0xFF, 0xEF, 0x7D, 0xCE, 0x7A, 0xA5, 0x56,
  0x94, 0xD4, 0x94, 0xB4, 0x94, 0xF4, 0xB5, 0x97, 0xD6, 0xBB, 0xEF, 0xBE, 0xF7, 0xFF, 0xEF, 0xBE,
  0xEF, 0x9E, 0xF7, 0xBE, 0xB5, 0xD8, 0x6B, 0xB2, 0x6B, 0x92, 0x5B, 0x10, 0x52, 0xCF, 0x4A, 0x8E,
  0x42, 0x6D, 0x42, 0x4D, 0x3A, 0x2D, 0x32, 0x2C, 0x3A, 0x0B, 0x39, 0xEC, 0x31, 0xEC, 0x29, 0xEC,
  0x31, 0xCB, 0x31, 0xCA, 0x31, 0xCB, 0x31, 0xCB, 0x31, 0xCB, 0x31, 0xCB, 0x31, 0xCB, 0x31, 0xCB,
  0x31, 0xCB, 0x31, 0xCB, 0x31, 0xCB, 0x29, 0xCB, 0x31, 0xCB, 0x31, 0xEA, 0x31, 0xEB, 0x39, 0xEC,
  0x3A, 0x0C, 0x32, 0x0C, 0x3A, 0x0B, 0x42, 0x2C, 0x3A, 0x4D, 0x42, 0x6D, 0x4A, 0xAE, 0x4A, 0xEE,
  0x53, 0x30, 0x6B, 0xB2, 0x7C, 0x13, 0xAD, 0xD8, 0xF7, 0xDF, 0xF7, 0xDE, 0xFF, 0xFF, 0xFF, 0xFF,
  0xFF, 0xFF, 0xFF, 0xFF, 0xFF, 0xFF, 0xFF, 0xFF, 0xFF, 0xFF, 0xFF, 0xFE, 0xF7, 0xFE, 0xF7, 0xFD,
  0x52, 0x8A, 0x52, 0x8A, 0x52, 0x8A, 0x52, 0x8A, 0x52, 0x8A, 0x52, 0x69, 0x4A, 0x68, 0x4A, 0x48,
  0x4A, 0x49, 0x4A, 0x49, 0x42, 0x48, 0x4A, 0x49, 0x4A, 0x29, 0x4A, 0x29, 0x42, 0x29, 0x3A, 0x29,
  0x42, 0x28, 0x42, 0x07, 0x42, 0x08, 0x42, 0x08, 0x42, 0x08, 0x42, 0x08, 0x42, 0x08, 0x42, 0x08,
  0x39, 0xE8, 0x31, 0xE8, 0x39, 0xE7, 0x39, 0xE7, 0x39, 0xC7, 0x39, 0xC7, 0x39, 0xC6, 0x39, 0xC7,
  0x41, 0xE9, 0x42, 0x0A, 0x42, 0x2C, 0x4A, 0x6D, 0x52, 0x8D, 0x6A, 0xCD, 0xD5, 0x56, 0xE5, 0x77,
  0xD4, 0xF4, 0xDC, 0xF5, 0xD4, 0xF4, 0xDD, 0x15, 0xCC, 0xB3, 0xC4, 0xB3, 0xF6, 0x3A, 0xED, 0xB8,
  0xD5, 0x15, 0xDD, 0x36, 0xDD, 0x16, 0xD4, 0xF5, 0xDC, 0xF5, 0xB4, 0x32, 0xBC, 0x52, 0xD5, 0x15,
  0xD5, 0x15, 0xDD, 0x36, 0xDD, 0x56, 0xBC, 0x93, 0xD5, 0x55, 0xDD, 0xD8, 0xCD, 0x76, 0xD6, 0x79,
  0xE7, 0x5D, 0xE7, 0x5D, 0xEF, 0x7D, 0xEF, 0x7D, 0xEF, 0x7D, 0xEF, 0x7D, 0xE7, 0x7D, 0xE7, 0x5C,
  0xE7, 0x5C, 0xE7, 0x3C, 0xE7, 0x5C, 0xB5, 0xB6, 0x73, 0x8E, 0x6B, 0x4D, 0x5A, 0xCB, 0x73, 0x4C,
  0x62, 0xAA, 0x52, 0x69, 0x4A, 0x49, 0x4A, 0x28, 0x42, 0x27, 0x42, 0x08, 0x42, 0x08, 0x42, 0x28,
  0x42, 0x28, 0x42, 0x28, 0x4A, 0x29, 0x42, 0x28, 0x4A, 0x49, 0x52, 0x8A, 0x5A, 0xAA, 0x7B, 0x8D,
  0xE6, 0x98, 0xF7, 0x3A, 0xFF, 0x5B, 0xFF, 0x5C, 0xFF, 0x5C, 0xFF, 0x5C, 0xFF, 0x5C, 0xFF, 0x5C,
  0xFF, 0x5C, 0xFF, 0x3B, 0xFF, 0x3A, 0xFF, 0x3B, 0xFF, 0x3B, 0xFF, 0x3B, 0xFF, 0x3B, 0xFF, 0x3B,
  0xFF, 0x3B, 0xFF, 0x3B, 0xFF, 0x3B, 0xFF, 0x5B, 0xFF, 0x5B, 0xFF, 0x5B, 0xFF, 0x7C, 0xFF, 0x7C,
  0xFF, 0x7C, 0xFF, 0x7C, 0xFF, 0x7C, 0xFF, 0x7C, 0xFF, 0x7C, 0xFF, 0x7C, 0xFF, 0x7C, 0xFF, 0x7C,
  0xFF, 0x7C, 0xFF, 0x7C, 0xFF, 0x7C, 0xFF, 0x7C, 0xFF, 0x7C, 0xFF, 0x7C, 0xFF, 0x7C, 0xFF, 0x7C,
  0xFF, 0x7C, 0xFF, 0x7C, 0xFF, 0x7C, 0xFF, 0x7C, 0xFF, 0x7C, 0xFF, 0x7C, 0xFF, 0x7C, 0xFF, 0x7C,
  0xFF, 0x7C, 0xFF, 0x7C, 0xFF, 0x7C, 0xFF, 0x7C, 0xFF, 0x7C, 0xFF, 0x7C, 0xFF, 0x7C, 0xFF, 0x7C,
  0xFF, 0x7C, 0xFF, 0x7C, 0xFF, 0x7C, 0xFF, 0x7C, 0xFF, 0x7C, 0xFF, 0x7C, 0xFF, 0x7C, 0xF7, 0x5B,
  0xFF, 0x5B, 0xEE, 0xFA, 0xA4, 0xD1, 0xB5, 0x74, 0xC5, 0xD7, 0xEF, 0x7D, 0xFF, 0xDE, 0xF7, 0xDF,
  0xF7, 0xDE, 0xF7, 0xDF, 0xF7, 0xDF, 0xEF, 0x7D, 0xC6, 0x39, 0x94, 0xF5, 0x84, 0x52, 0x84, 0x33,
  0x7C, 0x33, 0x7C, 0x14, 0x7C, 0x13, 0x7C, 0x12, 0x84, 0x33, 0xA5, 0x35, 0xD6, 0xFB, 0xF7, 0xDF,
  0xF7, 0xBF, 0xEF, 0x9E, 0xF7, 0x9E, 0xA5, 0x56, 0x6B, 0xB1, 0x63, 0x72, 0x53, 0x10, 0x4A, 0xAF,
  0x42, 0x6E, 0x42, 0x4D, 0x3A, 0x2C, 0x3A, 0x2C, 0x3A, 0x0C, 0x3A, 0x0B, 0x39, 0xEC, 0x31, 0xEC,
  0x29, 0xEB, 0x31, 0xCA, 0x31, 0xCB, 0x31, 0xCB, 0x31, 0xCB, 0x31, 0xCB, 0x31, 0xCB, 0x31, 0xCB,
  0x31, 0xCB, 0x31, 0xCB, 0x31, 0xCB, 0x31, 0xCB, 0x31, 0xCB, 0x31, 0xEB, 0x39, 0xEB, 0x39, 0xEB,
  0x39, 0xEC, 0x3A, 0x0C, 0x32, 0x0C, 0x3A, 0x0B, 0x42, 0x2D, 0x42, 0x4D, 0x42, 0x6D, 0x4A, 0xAE,
  0x52, 0xEF, 0x5B, 0x50, 0x73, 0xD2, 0x7C, 0x33, 0xC6, 0x59, 0xF7, 0xDE, 0xF7, 0xDE, 0xFF, 0xFF,
  0xFF, 0xFF, 0xFF, 0xFF, 0xFF, 0xFF, 0xFF, 0xFF, 0xFF, 0xFF, 0xFF, 0xFF, 0xFF, 0xFF, 0xFF, 0xFE,
  0x52, 0xAA, 0x52, 0x8A, 0x52, 0x8A, 0x52, 0x8A, 0x4A, 0x69, 0x4A, 0x68, 0x4A, 0x69, 0x42, 0x49,
  0x42, 0x48, 0x4A, 0x49, 0x4A, 0x49, 0x4A, 0x49, 0x4A, 0x29, 0x4A, 0x29, 0x42, 0x29, 0x3A, 0x29,
  0x42, 0x28, 0x42, 0x08, 0x42, 0x08, 0x42, 0x08, 0x42, 0x08, 0x42, 0x08, 0x42, 0x08, 0x42, 0x08,
  0x39, 0xE8, 0x31, 0xE8, 0x39, 0xE7, 0x39, 0xC6, 0x39, 0xC7, 0x39, 0xA7, 0x39, 0xA7, 0x39, 0xC7,
  0x41, 0xE9, 0x42, 0x0B, 0x42, 0x4C, 0x4A, 0x4D, 0x52, 0x8E, 0x5A, 0x6C, 0x9C, 0x11, 0xDD, 0x57,
  0xCC, 0xB4, 0xDC, 0xF5, 0xDC, 0xF5, 0xDC, 0xD5, 0xDC, 0xF5, 0xCC, 0x93, 0xCC, 0xF5, 0xF6, 0x19,
  0xDD, 0x36, 0xD5, 0x15, 0xDC, 0xF6, 0xDC, 0xF5, 0xD4, 0xD5, 0xAB, 0xF1, 0xCC, 0xD4, 0xD5, 0x15,
  0xDD, 0x16, 0xDD, 0x36, 0xDD, 0x57, 0xD5, 0x56, 0xD5, 0x97, 0xDD, 0xD8, 0xCD, 0x97, 0xD6, 0x79,
  0xE7, 0x5D, 0xE7, 0x5D, 0xEF, 0x7D, 0xEF, 0x7D, 0xEF, 0x7D, 0xEF, 0x7D, 0xE7, 0x5D, 0xE7, 0x5D,
  0xEF, 0x7D, 0xE7, 0x7D, 0xE7, 0x3C, 0xDF, 0x1B, 0x9C, 0xD2, 0x73, 0x6D, 0x6B, 0x2C, 0x83, 0x8D,
  0x73, 0x2B, 0x5A, 0x89, 0x52, 0x89, 0x4A, 0x49, 0x4A, 0x28, 0x4A, 0x28, 0x4A, 0x28, 0x4A, 0x28,
  0x4A, 0x29, 0x4A, 0x29, 0x4A, 0x29, 0x42, 0x28, 0x4A, 0x49, 0x52, 0x6A, 0x5A, 0xCB, 0x73, 0x2B,
  0xCE, 0x16, 0xFF, 0x3A, 0xFF, 0x3B, 0xFF, 0x5C, 0xFF, 0x5C, 0xFF, 0x5C, 0xFF, 0x5B, 0xFF, 0x5B,
  0xFF, 0x3B, 0xFF, 0x3B, 0xFF, 0x1B, 0xFF, 0x1B, 0xFF, 0x1B, 0xFF, 0x1B, 0xFF, 0x1B, 0xFF, 0x1B,
  0xFF, 0x1B, 0xFF, 0x3B, 0xFF, 0x3A, 0xFF, 0x3B, 0xFF, 0x5B, 0xFF, 0x5C, 0xFF, 0x5C, 0xFF, 0x7C,
  0xFF, 0x7C, 0xFF, 0x7C, 0xFF, 0x7C, 0xFF, 0x7C, 0xFF, 0x7C, 0xFF, 0x7C, 0xFF, 0x7C, 0xFF, 0x7C,
  0xFF, 0x7C, 0xFF, 0x7C, 0xFF, 0x7C, 0xFF, 0x7C, 0xFF, 0x7C, 0xFF, 0x7C, 0xFF, 0x7C, 0xFF, 0x7C,
  0xFF, 0x7C, 0xFF, 0x7C, 0xFF, 0x7C, 0xFF, 0x7C, 0xFF, 0x7C, 0xFF, 0x7C, 0xFF, 0x7C, 0xFF, 0x7C,
  0xFF, 0x7C, 0xFF, 0x7C, 0xFF, 0x7C, 0xFF, 0x7C, 0xFF, 0x7C, 0xFF, 0x7C, 0xFF, 0x7C, 0xFF, 0x7C,
  0xFF, 0x7C, 0xFF, 0x7C, 0xFF, 0x7C, 0xFF, 0x7C, 0xFF, 0x7C, 0xFF, 0x7C, 0xFF, 0x7C, 0xF7, 0x5B,
  0xFF, 0x5B, 0xD5, 0xF6, 0xAD, 0x13, 0xDE, 0x99, 0xC5, 0xD7, 0xF7, 0x9E, 0xEF, 0x9E, 0xF7, 0xBE,
  0xF7, 0xDE, 0xEF, 0x9D, 0xC6, 0x39, 0x94, 0xD4, 0x7C, 0x12, 0x7C, 0x12, 0x73, 0xF2, 0x6B, 0xB3,
  0x6B, 0xB2, 0x63, 0x91, 0x63, 0x91, 0x6B, 0xB1, 0x73, 0xB2, 0x73, 0xD2, 0x7C, 0x32, 0xB5, 0xD8,
  0xEF, 0xBE, 0xF7, 0xBF, 0xEF, 0x7E, 0xEF, 0x9D, 0x9D, 0x36, 0x6B, 0x71, 0x63, 0x51, 0x52, 0xEF,
  0x4A, 0x8E, 0x42, 0x6E, 0x42, 0x4D, 0x3A, 0x2D, 0x32, 0x0C, 0x3A, 0x0B, 0x3A, 0x0C, 0x39, 0xEC,
  0x31, 0xEB, 0x31, 0xEA, 0x31, 0xCB, 0x31, 0xCB, 0x31, 0xCB, 0x31, 0xCB, 0x31, 0xCB, 0x31, 0xCB,
  0x31, 0xCB, 0x31, 0xCB, 0x31, 0xCB, 0x31, 0xCB, 0x31, 0xCB, 0x31, 0xEB, 0x31, 0xEB, 0x31, 0xEA,
  0x39, 0xEB, 0x39, 0xEC, 0x39, 0xEC, 0x32, 0x0B, 0x3A, 0x2C, 0x42, 0x4D, 0x3A, 0x6D, 0x42, 0x8E,
  0x4A, 0xCE, 0x53, 0x0F, 0x63, 0x51, 0x73, 0xD3, 0x8C, 0x74, 0xD6, 0xDB, 0xF7, 0xFE, 0xF7, 0xDE,
  0xFF, 0xFF, 0xFF, 0xFF, 0xFF, 0xFF, 0xFF, 0xFF, 0xFF, 0xFF, 0xFF, 0xFF, 0xFF, 0xFF, 0xFF, 0xFF,
  0x52, 0xAA, 0x4A, 0x89, 0x52, 0x8A, 0x52, 0x8A, 0x4A, 0x69, 0x4A, 0x69, 0x4A, 0x69, 0x4A, 0x49,
  0x4A, 0x49, 0x4A, 0x49, 0x4A, 0x49, 0x4A, 0x49, 0x4A, 0x49, 0x4A, 0x29, 0x42, 0x29, 0x42, 0x29,
  0x42, 0x28, 0x42, 0x08, 0x42, 0x08, 0x42, 0x08, 0x42, 0x08, 0x42, 0x08, 0x42, 0x08, 0x42, 0x08,
  0x39, 0xE8, 0x31, 0xE8, 0x39, 0xC7, 0x39, 0xC7, 0x31, 0xA7, 0x31, 0xA7, 0x39, 0xA7, 0x39, 0xC8,
  0x42, 0x0A, 0x42, 0x2C, 0x42, 0x2C, 0x4A, 0x4D, 0x4A, 0x6D, 0x52, 0x8D, 0x6A, 0xED, 0xC4, 0xD4,
  0xCC, 0xD4, 0xD4, 0xD5, 0xD4, 0xF5, 0xDC, 0xF5, 0xDC, 0xF5, 0xDD, 0x15, 0xCC, 0xB4, 0xDD, 0x16,
  0xED, 0xB8, 0xDD, 0x16, 0xD4, 0xF5, 0xDC, 0xF5, 0xCC, 0x93, 0xB4, 0x11, 0xDD, 0x15, 0xDD, 0x16,
  0xDD, 0x36, 0xDD, 0x36, 0xDD, 0x57, 0xDD, 0x97, 0xDD, 0x97, 0xDD, 0xD8, 0xCD, 0xB7, 0xD6, 0x79,
  0xE7, 0x5D, 0xE7, 0x5C, 0xEF, 0x7D, 0xEF, 0x7D, 0xEF, 0x7D, 0xEF, 0x7D, 0xE7, 0x5D, 0xE7, 0x5D,
  0xEF, 0x7D, 0xEF, 0x7D, 0xE7, 0x5C, 0xE7, 0x3C, 0xD6, 0x9A, 0x84, 0x31, 0x7B, 0x8D, 0xA4, 0x70,
  0x8B, 0xAD, 0x5A, 0xAA, 0x52, 0x8A, 0x4A, 0x49, 0x4A, 0x28, 0x4A, 0x27, 0x4A, 0x28, 0x4A, 0x28,
  0x4A, 0x29, 0x4A, 0x29, 0x4A, 0x29, 0x42, 0x28, 0x4A, 0x49, 0x52, 0x6A, 0x5A, 0xCB, 0x6A, 0xEB,
  0xC5, 0x94, 0xFF, 0x3A, 0xF7, 0x3B, 0xFF, 0x5C, 0xFF, 0x5C, 0xFF, 0x5C, 0xFF, 0x5B, 0xFF, 0x3A,
  0xFF, 0x3B, 0xFF, 0x1B, 0xFF, 0x1B, 0xFF, 0x1B, 0xFF, 0x1B, 0xFF, 0x1B, 0xFF, 0x1B, 0xFF, 0x1B,
  0xFF, 0x1B, 0xFF, 0x1B, 0xFF, 0x3B, 0xFF, 0x3B, 0xFF, 0x5B, 0xFF, 0x5B, 0xFF, 0x5C, 0xFF, 0x7C,
  0xFF, 0x7C, 0xFF, 0x7C, 0xFF, 0x7C, 0xFF, 0x7C, 0xFF, 0x7C, 0xFF, 0x7C, 0xFF, 0x7C, 0xFF, 0x7C,
  0xFF, 0x7C, 0xFF, 0x7C, 0xFF, 0x7C, 0xFF, 0x7C, 0xFF, 0x7C, 0xFF, 0x7C, 0xFF, 0x7C, 0xFF, 0x7C,
  0xFF, 0x7B, 0xFF, 0x5B, 0xF7, 0x5B, 0xF7, 0x5B, 0xF7, 0x5B, 0xF7, 0x5B, 0xF7, 0x5B, 0xF7, 0x5B,
  0xFF, 0x7C, 0xFF, 0x7C, 0xFF, 0x7C, 0xFF, 0x7C, 0xFF, 0x7C, 0xFF, 0x7C, 0xFF, 0x7C, 0xFF, 0x7C,
  0xFF, 0x7C, 0xFF, 0x7C, 0xFF, 0x7C, 0xFF, 0x7C, 0xFF, 0x7C, 0xFF, 0x7C, 0xF7, 0x7B, 0xFF, 0x5C,
  0xF7, 0x3B, 0xB5, 0x32, 0xDE, 0x99, 0xCE, 0x17, 0xC6, 0x18, 0xF7, 0x9E, 0xF7, 0x9D, 0xEF, 0x9E,
  0xC6, 0x59, 0x9C, 0xF5, 0x7C, 0x12, 0x73, 0xD2, 0x73, 0xB2, 0x63, 0x91, 0x63, 0x51, 0x5B, 0x31,
  0x5B, 0x30, 0x5B, 0x10, 0x5B, 0x10, 0x5B, 0x30, 0x5B, 0x31, 0x63, 0x71, 0x6B, 0xB2, 0x73, 0xD1,
  0x9C, 0xF4, 0xE7, 0x5D, 0xF7, 0xBF, 0xEF, 0x9D, 0xEF, 0x7E, 0x94, 0xD4, 0x63, 0x50, 0x63, 0x51,
  0x52, 0xEF, 0x4A, 0x8E, 0x42, 0x6D, 0x42, 0x4C, 0x3A, 0x2C, 0x3A, 0x0C, 0x3A, 0x0C, 0x39, 0xEC,
  0x31, 0xEB, 0x29, 0xEB, 0x31, 0xCB, 0x31, 0xCB, 0x31, 0xCB, 0x31, 0xCB, 0x31, 0xCB, 0x31, 0xCB,
  0x31, 0xCB, 0x31, 0xCB, 0x31, 0xCB, 0x31, 0xCB, 0x31, 0xCB, 0x31, 0xCB, 0x31, 0xCB, 0x29, 0xCB,
  0x31, 0xEA, 0x39, 0xEB, 0x39, 0xEC, 0x32, 0x0C, 0x3A, 0x2C, 0x42, 0x2C, 0x42, 0x4D, 0x42, 0x6D,
  0x4A, 0x8E, 0x4A, 0xCE, 0x5B, 0x0F, 0x6B, 0x91, 0x73, 0xF3, 0x8C, 0xB4, 0xE7, 0x5C, 0xF7, 0xDE,
  0xF7, 0xDE, 0xFF, 0xFF, 0xFF, 0xFF, 0xFF, 0xFF, 0xFF, 0xFF, 0xFF, 0xFF, 0xFF, 0xFF, 0xFF, 0xFF,
  0x5A, 0xCA, 0x52, 0xAA, 0x52, 0x89, 0x4A, 0x8A, 0x52, 0x6A, 0x52, 0x6A, 0x4A, 0x69, 0x4A, 0x49,
  0x4A, 0x49, 0x4A, 0x49, 0x4A, 0x49, 0x4A, 0x49, 0x4A, 0x49, 0x4A, 0x49, 0x3A, 0x29, 0x3A, 0x29,
  0x42, 0x28, 0x42, 0x28, 0x42, 0x28, 0x42, 0x28, 0x42, 0x08, 0x42, 0x08, 0x42, 0x08, 0x42, 0x08,
  0x39, 0xE8, 0x39, 0xC7, 0x39, 0xC6, 0x31, 0xA7, 0x31, 0xA7, 0x31, 0xA7, 0x31, 0xA7, 0x39, 0xC9,
  0x42, 0x0B, 0x42, 0x2C, 0x42, 0x2C, 0x4A, 0x4D, 0x4A, 0x6D, 0x52, 0x8E, 0x5A, 0x8D, 0x93, 0xAF,
  0xC4, 0x94, 0xCC, 0x94, 0xD4, 0xD4, 0xDC, 0xF5, 0xDC, 0xF5, 0xDC, 0xF4, 0xDD, 0x15, 0xCC, 0xB4,
  0xDD, 0x16, 0xE5, 0x97, 0xD4, 0xF4, 0xDC, 0xF5, 0xCC, 0xB4, 0xCC, 0xB4, 0xDC, 0xF5, 0xDD, 0x16,
  0xDD, 0x36, 0xDD, 0x56, 0xE5, 0x77, 0xE5, 0x97, 0xE5, 0xB7, 0xE5, 0xF8, 0xCD, 0xB7, 0xD6, 0x99,
  0xEF, 0x5D, 0xE7, 0x5C, 0xEF, 0x7D, 0xEF, 0x7D, 0xEF, 0x7D, 0xEF, 0x7D, 0xEF, 0x7D, 0xEF, 0x7D,
  0xEF, 0x7D, 0xEF, 0x7D, 0xEF, 0x7D, 0xE7, 0x5C, 0xE7, 0x5C, 0xC6, 0x18, 0x84, 0x0F, 0xB4, 0xF2,
  0xA4, 0x90, 0x6A, 0xEB, 0x5A, 0xCA, 0x52, 0x8A, 0x4A, 0x29, 0x42, 0x28, 0x4A, 0x27, 0x4A, 0x28,
  0x4A, 0x29, 0x4A, 0x29, 0x4A, 0x29, 0x4A, 0x49, 0x52, 0x48, 0x52, 0x69, 0x5A, 0xAB, 0x62, 0xCA,
  0xAC, 0xD2, 0xF7, 0x1A, 0xF7, 0x3B, 0xFF, 0x5B, 0xFF, 0x5B, 0xFF, 0x5C, 0xFF, 0x3B, 0xFF, 0x3B,
  0xFF, 0x3B, 0xFF, 0x1B, 0xFF, 0x1B, 0xFF, 0x1B, 0xFF, 0x1B, 0xFE, 0xFA, 0xFE, 0xFA, 0xFF, 0x1B,
  0xFF, 0x1B, 0xFF, 0x1B, 0xFF, 0x3B, 0xFF, 0x3B, 0xFF, 0x3A, 0xFF, 0x5B, 0xFF, 0x5C, 0xFF, 0x7C,
  0xFF, 0x7C, 0xFF, 0x7C, 0xFF, 0x7C, 0xFF, 0x7C, 0xFF, 0x7C, 0xFF, 0x7C, 0xFF, 0x7C, 0xFF, 0x7C,
  0xFF, 0x7C, 0xFF, 0x7C, 0xFF, 0x7C, 0xFF, 0x7C, 0xFF, 0x5C, 0xF7, 0x5C, 0xF7, 0x5B, 0xFF, 0x5B,
  0xFF, 0x5B, 0xFF, 0x5B, 0xFF, 0x5B, 0xFF, 0x3A, 0xF7, 0x3A, 0xFF, 0x3A, 0xFF, 0x3B, 0xFF, 0x5B,
  0xFF, 0x5B, 0xFF, 0x7C, 0xFF, 0x7C, 0xFF, 0x7C, 0xFF, 0x7C, 0xFF, 0x7C, 0xFF, 0x7C, 0xFF, 0x7C,
  0xFF, 0x7C, 0xFF, 0x7C, 0xFF, 0x7C, 0xFF, 0x7C, 0xFF, 0x7C, 0xFF, 0x7C, 0xF7, 0x5B, 0xFF, 0x9C,
  0xDE, 0x78, 0xCD, 0xF6, 0xF7, 0x3B, 0xB5, 0x33, 0xD6, 0xBA, 0xF7, 0x9E, 0xCE, 0x9B, 0x94, 0xD5,
  0x73, 0xF1, 0x73, 0xB2, 0x6B, 0xB2, 0x63, 0x71, 0x5B, 0x30, 0x53, 0x10, 0x52, 0xEF, 0x52, 0xEF,
  0x52, 0xCF, 0x52, 0xCF, 0x4A, 0xCF, 0x52, 0xCF, 0x52, 0xEF, 0x53, 0x10, 0x5B, 0x30, 0x6B, 0x91,
  0x6B, 0x91, 0x84, 0x73, 0xD6, 0xDB, 0xF7, 0x9E, 0xEF, 0x5E, 0xE7, 0x3E, 0x8C, 0xB4, 0x63, 0x70,
  0x63, 0x51, 0x52, 0xCF, 0x42, 0x8E, 0x42, 0x6D, 0x42, 0x2C, 0x3A, 0x2D, 0x32, 0x0C, 0x3A, 0x0B,
  0x31, 0xEB, 0x29, 0xEC, 0x31, 0xEB, 0x31, 0xCB, 0x31, 0xCB, 0x31, 0xCB, 0x31, 0xCB, 0x31, 0xCB,
  0x31, 0xCB, 0x31, 0xCB, 0x31, 0xCB, 0x31, 0xCB, 0x31, 0xCB, 0x31, 0xCB, 0x31, 0xCB, 0x31, 0xCB,
  0x31, 0xCB, 0x31, 0xEB, 0x39, 0xEB, 0x39, 0xEC, 0x3A, 0x0C, 0x3A, 0x2C, 0x42, 0x2C, 0x3A, 0x4D,
  0x42, 0x6D, 0x4A, 0x8E, 0x52, 0xEF, 0x5B, 0x10, 0x6B, 0x91, 0x73, 0xF2, 0x9D, 0x35, 0xEF, 0x9D,
  0xF7, 0xBD, 0xF7, 0xFE, 0xFF, 0xFF, 0xFF, 0xFF, 0xFF, 0xFF, 0xFF, 0xFF, 0xFF, 0xFF, 0xFF, 0xFF,
  0x5A, 0xEB, 0x5A, 0xCB, 0x5A, 0xCA, 0x52, 0x8A, 0x52, 0x6A, 0x52, 0x6A, 0x4A, 0x69, 0x4A, 0x69,
  0x4A, 0x49, 0x4A, 0x49, 0x4A, 0x49, 0x4A, 0x49, 0x4A, 0x49, 0x4A, 0x49, 0x42, 0x29, 0x42, 0x29,
  0x42, 0x29, 0x3A, 0x29, 0x42, 0x29, 0x42, 0x28, 0x42, 0x07, 0x42, 0x08, 0x42, 0x08, 0x42, 0x08,
  0x39, 0xE7, 0x39, 0xC7, 0x31, 0xA7, 0x31, 0xA7, 0x31, 0xA7, 0x29, 0xA7, 0x31, 0xA8, 0x39, 0xE9,
  0x42, 0x0B, 0x42, 0x2C, 0x42, 0x2C, 0x42, 0x4D, 0x4A, 0x6C, 0x4A, 0x6D, 0x52, 0x8D, 0x62, 0x8C,
  0xAC, 0x11, 0xC4, 0x93, 0xCC, 0xB4, 0xD4, 0xD5, 0xDC, 0xF5, 0xDC, 0xF5, 0xDC, 0xF5, 0xDD, 0x15,
  0xCC, 0xB4, 0xCC, 0xB4, 0xDD, 0x36, 0xD4, 0xF5, 0xD4, 0xF5, 0xD4, 0xF5, 0xDC, 0xF6, 0xD5, 0x16,
  0xDD, 0x56, 0xE5, 0x57, 0xE5, 0x76, 0xE5, 0x97, 0xE5, 0xB8, 0xE5, 0xF8, 0xCD, 0xB7, 0xDE, 0xDA,
  0xEF, 0x7D, 0xEF, 0x5C, 0xEF, 0x7D, 0xEF, 0x7D, 0xEF, 0x7D, 0xEF, 0x7D, 0xEF, 0x7D, 0xEF, 0x7D,
  0xEF, 0x7D, 0xEF, 0x7D, 0xEF, 0x7D, 0xE7, 0x7D, 0xE7, 0x3C, 0xE7, 0x3C, 0xB5, 0x95, 0xAC, 0xD1,
  0xC5, 0x53, 0x7B, 0x6C, 0x5A, 0xCB, 0x52, 0xAA, 0x52, 0x49, 0x4A, 0x49, 0x42, 0x28, 0x4A, 0x28,
  0x4A, 0x29, 0x4A, 0x29, 0x4A, 0x49, 0x42, 0x49, 0x4A, 0x48, 0x52, 0x69, 0x5A, 0xAA, 0x62, 0xCA,
  0x94, 0x2F, 0xEE, 0xFA, 0xFF, 0x3B, 0xFF, 0x5A, 0xFF, 0x5C, 0xFF, 0x5B, 0xFF, 0x3A, 0xFF, 0x3B,
  0xFF, 0x1B, 0xFF, 0x1B, 0xFF, 0x1B, 0xFF, 0x1B, 0xFE, 0xFA, 0xFE, 0xF9, 0xFE, 0xFA, 0xFF, 0x1B,
  0xFF, 0x1B, 0xFF, 0x1B, 0xFF, 0x3B, 0xFF, 0x3B, 0xFF, 0x3B, 0xFF, 0x5B, 0xFF, 0x5C, 0xFF, 0x7C,
  0xFF, 0x7C, 0xFF, 0x7C, 0xFF, 0x7C, 0xFF, 0x7C, 0xFF, 0x7C, 0xFF, 0x7C, 0xFF, 0x7C, 0xFF, 0x7C,
  0xFF, 0x7C, 0xFF, 0x7C, 0xF7, 0x5B, 0xF7, 0x5B, 0xFF, 0x3B, 0xFF, 0x5B, 0xFF, 0x5B, 0xFF, 0x3B,
  0xF6, 0xFA, 0xE6, 0x98, 0xD5, 0xF5, 0xCD, 0x94, 0xC5, 0x53, 0xC5, 0x53, 0xCD, 0x94, 0xDE, 0x37,
  0xFF, 0x3B, 0xFF, 0x5B, 0xFF, 0x7C, 0xFF, 0x7C, 0xFF, 0x7C, 0xFF, 0x7C, 0xFF, 0x7C, 0xFF, 0x7C,
  0xFF, 0x7C, 0xFF, 0x7C, 0xFF, 0x7C, 0xFF, 0x7C, 0xFF, 0x9C, 0xFF, 0x7C, 0xFF, 0x7C, 0xF7, 0x5B,
  0xD6, 0x37, 0xF7, 0x3B, 0xDE, 0x99, 0xB5, 0x74, 0xDE, 0xBB, 0xA5, 0x36, 0x73, 0xD1, 0x6B, 0x90,
  0x6B, 0x91, 0x63, 0x71, 0x5B, 0x30, 0x52, 0xF0, 0x52, 0xEF, 0x52, 0xCF, 0x4A, 0xAE, 0x4A, 0xAE,
  0x4A, 0xAE, 0x4A, 0xAE, 0x4A, 0x8E, 0x4A, 0xAE, 0x4A, 0xAE, 0x4A, 0xCF, 0x52, 0xEF, 0x53, 0x30,
  0x63, 0x71, 0x6B, 0x71, 0x7C, 0x11, 0xCE, 0x9B, 0xF7, 0x9F, 0xE7, 0x5E, 0xE7, 0x3D, 0x84, 0x73,
  0x63, 0x50, 0x5B, 0x31, 0x4A, 0xAE, 0x42, 0x8E, 0x42, 0x4D, 0x3A, 0x2D, 0x32, 0x2C, 0x3A, 0x0B,
  0x31, 0xEC, 0x29, 0xEC, 0x31, 0xEC, 0x31, 0xCB, 0x31, 0xCA, 0x31, 0xCB, 0x31, 0xCB, 0x31, 0xCB,
  0x31, 0xCB, 0x31, 0xCB, 0x31, 0xCB, 0x31, 0xCB, 0x31, 0xCB, 0x31, 0xCB, 0x31, 0xCB, 0x31, 0xCB,
  0x31, 0xCB, 0x31, 0xCB, 0x31, 0xEA, 0x31, 0xEB, 0x3A, 0x0C, 0x32, 0x0C, 0x3A, 0x2C, 0x42, 0x2C,
  0x42, 0x4D, 0x42, 0x6D, 0x4A, 0xAE, 0x52, 0xEF, 0x5B, 0x30, 0x6B, 0xB2, 0x7B, 0xF3, 0xB5, 0xB7,
  0xF7, 0xDD, 0xF7, 0xBD, 0xFF, 0xFE, 0xFF, 0xFE, 0xFF, 0xFE, 0xFF, 0xFF, 0xFF, 0xFF, 0xFF, 0xFF,
  0x6B, 0x2D, 0x5A, 0xCB, 0x52, 0xAA, 0x52, 0x89, 0x52, 0x8A, 0x52, 0x8A, 0x4A, 0x69, 0x4A, 0x68,
  0x4A, 0x69, 0x4A, 0x48, 0x4A, 0x49, 0x4A, 0x49, 0x4A, 0x49, 0x4A, 0x49, 0x4A, 0x49, 0x4A, 0x49,
  0x4A, 0x49, 0x42, 0x29, 0x3A, 0x29, 0x42, 0x29, 0x42, 0x28, 0x42, 0x08, 0x42, 0x08, 0x42, 0x08,
  0x39, 0xE7, 0x39, 0xC6, 0x31, 0xA7, 0x29, 0xA7, 0x31, 0xA7, 0x31, 0xA6, 0x31, 0xA8, 0x39, 0xEA,
  0x42, 0x2B, 0x42, 0x2B, 0x3A, 0x2C, 0x42, 0x2D, 0x4A, 0x4D, 0x4A, 0x6D, 0x52, 0x8D, 0x52, 0x6D,
  0x8B, 0x4F, 0xC4, 0x53, 0xCC, 0x94, 0xD4, 0xD5, 0xDC, 0xF5, 0xDC, 0xF5, 0xDC, 0xF5, 0xDC, 0xF4,
  0xDD, 0x15, 0xCC, 0x94, 0xC4, 0x73, 0xD4, 0xF5, 0xDC, 0xF5, 0xDC, 0xF5, 0xDD, 0x16, 0xD5, 0x16,
  0xDD, 0x56, 0xE5, 0x57, 0xE5, 0x76, 0xE5, 0x97, 0xE5, 0xD8, 0xDD, 0xF8, 0xD6, 0x18, 0xE7, 0x5D,
  0xEF, 0x7D, 0xEF, 0x7D, 0xEF, 0x7D, 0xEF, 0x7D, 0xEF, 0x7D, 0xEF, 0x7D, 0xEF, 0x7D, 0xEF, 0x7D,
  0xEF, 0x7D, 0xEF, 0x7D, 0xEF, 0x7C, 0xEF, 0x7D, 0xE7, 0x5C, 0xE7, 0x5D, 0xD6, 0xBA, 0xB5, 0x13,
  0xD5, 0xB5, 0xA4, 0x70, 0x63, 0x0B, 0x5A, 0xCA, 0x52, 0x69, 0x4A, 0x48, 0x42, 0x29, 0x4A, 0x29,
  0x4A, 0x29, 0x4A, 0x29, 0x4A, 0x29, 0x42, 0x49, 0x4A, 0x49, 0x52, 0x49, 0x52, 0x8A, 0x5A, 0xCB,
  0x83, 0xAD, 0xE6, 0x99, 0xF7, 0x3B, 0xFF, 0x5A, 0xFF, 0x5C, 0xFF, 0x5B, 0xFF, 0x3A, 0xFF, 0x3B,
  0xFF, 0x1B, 0xFF, 0x1B, 0xFF, 0x1B, 0xFF, 0x1B, 0xFF, 0x1A, 0xFF, 0x1B, 0xFF, 0x1B, 0xFF, 0x1B,
  0xFF, 0x1B, 0xFF, 0x1B, 0xFF, 0x3B, 0xFF, 0x3B, 0xFF, 0x5B, 0xFF, 0x5B, 0xFF, 0x5C, 0xFF, 0x7C,
  0xFF, 0x7C, 0xFF, 0x7C, 0xFF, 0x7C, 0xFF, 0x7C, 0xFF, 0x7C, 0xFF, 0x7C, 0xFF, 0x7C, 0xF7, 0x5C,
  0xF7, 0x3B, 0xFF, 0x5B, 0xFF, 0x5B, 0xFF, 0x5B, 0xF7, 0x1A, 0xEE, 0x78, 0xDD, 0xF6, 0xD5, 0x74,
  0xC4, 0xD1, 0xBC, 0x4F, 0x9B, 0xCD, 0x8B, 0x4B, 0x83, 0x2B, 0x83, 0x2B, 0x83, 0x4B, 0x8B, 0xAD,
  0xDE, 0x37, 0xFF, 0x5B, 0xF7, 0x5B, 0xFF, 0x7C, 0xFF, 0x7C, 0xFF, 0x7C, 0xFF, 0x7C, 0xFF, 0x7C,
  0xFF, 0x7C, 0xFF, 0x7C, 0xFF, 0x7C, 0xFF, 0x7C, 0xFF, 0x9C, 0xFF, 0x7C, 0xFF, 0x7C, 0xFF, 0x5C,
  0xF7, 0x3B, 0xF7, 0x3B, 0xC5, 0xB5, 0xA4, 0xD3, 0x84, 0x12, 0x5B, 0x2F, 0x63, 0x70, 0x63, 0x50,
  0x5B, 0x0F, 0x52, 0xEF, 0x4A, 0xCF, 0x4A, 0xAF, 0x4A, 0xAE, 0x4A, 0x8E, 0x4A, 0x8E, 0x4A, 0x6E,
  0x4A, 0x6E, 0x4A, 0x6E, 0x4A, 0x6E, 0x4A, 0x6E, 0x4A, 0x6E, 0x4A, 0x6E, 0x4A, 0xAE, 0x4A, 0xCF,
  0x5A, 0xF0, 0x63, 0x51, 0x63, 0x70, 0x73, 0xD1, 0xC6, 0x7A, 0xE7, 0x9E, 0xE7, 0x5D, 0xD6, 0xFC,
  0x7C, 0x32, 0x5B, 0x50, 0x5B, 0x10, 0x4A, 0xAE, 0x42, 0x6E, 0x42, 0x2D, 0x3A, 0x2D, 0x3A, 0x2C,
  0x32, 0x0B, 0x32, 0x0C, 0x31, 0xEC, 0x31, 0xEB, 0x31, 0xCA, 0x31, 0xCB, 0x31, 0xCB, 0x31, 0xCB,
  0x31, 0xCB, 0x31, 0xCB, 0x31, 0xCB, 0x31, 0xCB, 0x31, 0xCB, 0x31, 0xCB, 0x31, 0xCB, 0x31, 0xCB,
  0x31, 0xCB, 0x31, 0xCB, 0x29, 0xCB, 0x31, 0xEB, 0x39, 0xEB, 0x31, 0xEC, 0x3A, 0x0B, 0x3A, 0x2C,
  0x42, 0x2D, 0x42, 0x4D, 0x4A, 0x8D, 0x4A, 0xAE, 0x52, 0xEF, 0x5B, 0x50, 0x73, 0xD2, 0x7C, 0x33,
  0xC6, 0x79, 0xF7, 0xDE, 0xF7, 0xBD, 0xFF, 0xDE, 0xFF, 0xFE, 0xFF, 0xFE, 0xFF, 0xFE, 0xFF, 0xFE,
  0xAD, 0x55, 0x8C, 0x50, 0x7B, 0xCE, 0x63, 0x0B, 0x4A, 0x69, 0x52, 0x6A, 0x42, 0x6A, 0x42, 0x69,
  0x4A, 0x69, 0x4A, 0x69, 0x4A, 0x48, 0x4A, 0x49, 0x4A, 0x49, 0x4A, 0x49, 0x4A, 0x49, 0x4A, 0x49,
  0x4A, 0x49, 0x4A, 0x49, 0x42, 0x29, 0x3A, 0x29, 0x3A, 0x29, 0x3A, 0x28, 0x42, 0x08, 0x42, 0x08,
  0x39, 0xE8, 0x31, 0xC7, 0x39, 0xA6, 0x31, 0x87, 0x31, 0xA6, 0x39, 0xA7, 0x31, 0xC9, 0x39, 0xEA,
  0x42, 0x2C, 0x42, 0x2C, 0x42, 0x2C, 0x42, 0x4D, 0x4A, 0x4D, 0x4A, 0x4D, 0x4A, 0x6D, 0x52, 0x8D,
  0x62, 0x8D, 0xA3, 0xF1, 0xCC, 0x73, 0xCC, 0xB4, 0xD4, 0xD5, 0xDC, 0xF5, 0xDD, 0x15, 0xDD, 0x15,
  0xDC, 0xF5, 0xD4, 0xF5, 0xCC, 0x94, 0xBC, 0x32, 0xD4, 0xD4, 0xDD, 0x15, 0xDD, 0x16, 0xDD, 0x35,
  0xDD, 0x56, 0xDD, 0x77, 0xE5, 0x76, 0xDD, 0x97, 0xE5, 0xF9, 0xD5, 0xD7, 0xDE, 0xDB, 0xEF, 0x7D,
  0xEF, 0x7D, 0xEF, 0x7D, 0xEF, 0x7D, 0xEF, 0x7C, 0xEF, 0x7D, 0xEF, 0x7D, 0xEF, 0x7D, 0xEF, 0x7C,
  0xEF, 0x7D, 0xEF, 0x7D, 0xEF, 0x9D, 0xEF, 0x9D, 0xEF, 0x7C, 0xE7, 0x5D, 0xDF, 0x1C, 0xBD, 0x74,
  0xD5, 0xB4, 0xCD, 0x53, 0x7B, 0x4C, 0x62, 0xCA, 0x52, 0x8A, 0x4A, 0x49, 0x4A, 0x28, 0x4A, 0x29,
  0x4A, 0x29, 0x4A, 0x29, 0x4A, 0x29, 0x4A, 0x49, 0x4A, 0x49, 0x4A, 0x49, 0x52, 0x8A, 0x5A, 0xCA,
  0x73, 0x4C, 0xD6, 0x16, 0xF7, 0x3A, 0xF7, 0x3B, 0xFF, 0x5C, 0xFF, 0x5C, 0xFF, 0x3B, 0xFF, 0x3B,
  0xFF, 0x1B, 0xFF, 0x1B, 0xFF, 0x1B, 0xFF, 0x1B, 0xFF, 0x1B, 0xFF, 0x1B, 0xFF, 0x1B, 0xFF, 0x1B,
  0xFF, 0x1B, 0xFF, 0x3B, 0xFF, 0x3B, 0xFF, 0x5A, 0xFF, 0x5B, 0xFF, 0x5C, 0xFF, 0x5C, 0xFF, 0x7C,
  0xFF, 0x7C, 0xFF, 0x7C, 0xFF, 0x7C, 0xFF, 0x7C, 0xFF, 0x7C, 0xFF, 0x5B, 0xF7, 0x3B, 0xFF, 0x5B,
  0xFF, 0x5B, 0xF6, 0xFA, 0xE6, 0x37, 0xD5, 0x94, 0xC4, 0xF2, 0xC4, 0x90, 0xCC, 0x70, 0xCC, 0x50,
  0xCC, 0x50, 0xCC, 0x4F, 0xBC, 0x2F, 0xA3, 0x6C, 0x8B, 0x0B, 0x8B, 0x2B, 0x8B, 0x4C, 0x8B, 0x6C,
  0xC5, 0x53, 0xFF, 0x5B, 0xF7, 0x5B, 0xFF, 0x7C, 0xFF, 0x7C, 0xFF, 0x7C, 0xFF, 0x7C, 0xFF, 0x7C,
  0xFF, 0x7C, 0xFF, 0x7C, 0xFF, 0x7C, 0xFF, 0x7C, 0xFF, 0x9C, 0xFF, 0x7C, 0xFF, 0x7C, 0xFF, 0x7C,
  0xF7, 0x5B, 0xEF, 0x1A, 0x9C, 0x71, 0x6B, 0x4F, 0x63, 0x50, 0x63, 0x30, 0x5B, 0x10, 0x52, 0xEF,
  0x52, 0xCE, 0x4A, 0xAE, 0x4A, 0xAE, 0x42, 0x8E, 0x42, 0x8E, 0x42, 0x6D, 0x42, 0x6D, 0x42, 0x4D,
  0x42, 0x4D, 0x42, 0x4D, 0x42, 0x6D, 0x42, 0x4D, 0x42, 0x4D, 0x42, 0x6D, 0x42, 0x6D, 0x42, 0x8E,
  0x4A, 0xAE, 0x52, 0xCF, 0x5B, 0x30, 0x5B, 0x50, 0x63, 0xB0, 0xB5, 0xF8, 0xE7, 0x7E, 0xE7, 0x5E,
  0xD6, 0xFC, 0x84, 0x72, 0x5B, 0x2F, 0x53, 0x10, 0x4A, 0xAE, 0x42, 0x6D, 0x3A, 0x2D, 0x32, 0x0C,
  0x3A, 0x0C, 0x31, 0xEC, 0x29, 0xEC, 0x31, 0xCB, 0x31, 0xCA, 0x31, 0xCB, 0x31, 0xCB, 0x31, 0xCB,
  0x31, 0xCB, 0x31, 0xCB, 0x31, 0xCB, 0x31, 0xCB, 0x31, 0xCB, 0x31, 0xCB, 0x31, 0xCB, 0x31, 0xCB,
  0x31, 0xCB, 0x31, 0xCB, 0x31, 0xCB, 0x29, 0xCA, 0x31, 0xEB, 0x39, 0xEC, 0x3A, 0x0C, 0x32, 0x0B,
  0x3A, 0x2C, 0x42, 0x4D, 0x42, 0x4D, 0x4A, 0x8D, 0x52, 0xAE, 0x5B, 0x10, 0x63, 0x71, 0x73, 0xD2,
  0x84, 0x73, 0xD6, 0xFA, 0xF7, 0xDD, 0xF7, 0xBD, 0xFF, 0xDE, 0xFF, 0xFD, 0xFF, 0xFD, 0xFF, 0xFD,
  0x73, 0x8E, 0x73, 0x8D, 0x73, 0xAD, 0x63, 0x0B, 0x4A, 0x69, 0x52, 0x89, 0x4A, 0x6A, 0x4A, 0x6A,
  0x42, 0x49, 0x42, 0x49, 0x42, 0x69, 0x42, 0x49, 0x42, 0x48, 0x42, 0x48, 0x42, 0x28, 0x42, 0x48,
  0x4A, 0x48, 0x4A, 0x48, 0x4A, 0x49, 0x42, 0x28, 0x42, 0x28, 0x42, 0x29, 0x42, 0x28, 0x42, 0x08,
  0x39, 0xC7, 0x39, 0xE8, 0x39, 0xC7, 0x39, 0xC7, 0x31, 0xC7, 0x31, 0xC8, 0x39, 0xE9, 0x42, 0x0B,
  0x42, 0x2C, 0x42, 0x2D, 0x42, 0x4D, 0x42, 0x4D, 0x42, 0x4D, 0x4A, 0x4D, 0x42, 0x4C, 0x4A, 0x6D,
  0x52, 0x8D, 0x73, 0x0E, 0xB4, 0x53, 0xC4, 0x73, 0xCC, 0xB4, 0xD4, 0xD5, 0xDC, 0xF5, 0xDC, 0xF5,
  0xDC, 0xF5, 0xD4, 0xF4, 0xDC, 0xF5, 0xD4, 0xF5, 0xD4, 0xF5, 0xDD, 0x16, 0xDD, 0x36, 0xDD, 0x35,
  0xDD, 0x56, 0xDD, 0x77, 0xDD, 0x77, 0xE5, 0xD8, 0xDD, 0xD8, 0xD6, 0x19, 0xEF, 0x7D, 0xE7, 0x7D,
  0xEF, 0x9E, 0xEF, 0x9E, 0xEF, 0x9E, 0xEF, 0x7D, 0xEF, 0x7C, 0xEF, 0x7D, 0xEF, 0x7D, 0xEF, 0x7D,
  0xEF, 0x7D, 0xEF, 0x7D, 0xEF, 0x9E, 0xEF, 0x9D, 0xEF, 0x7C, 0xE7, 0x5C, 0xE7, 0x7D, 0xC6, 0x17,
  0xCD, 0x73, 0xDD, 0xD5, 0x9C, 0x2E, 0x6A, 0xEB, 0x5A, 0xCA, 0x52, 0x69, 0x4A, 0x29, 0x42, 0x29,
  0x4A, 0x29, 0x4A, 0x29, 0x4A, 0x29, 0x4A, 0x49, 0x42, 0x49, 0x4A, 0x49, 0x52, 0x89, 0x5A, 0xAA,
  0x6B, 0x0B, 0xBD, 0x74, 0xF7, 0x3A, 0xFF, 0x3B, 0xFF, 0x5A, 0xFF, 0x5B, 0xFF, 0x5B, 0xFF, 0x3B,
  0xFF, 0x3B, 0xFF, 0x1B, 0xFF, 0x1B, 0xFF, 0x1B, 0xFF, 0x1B, 0xFF, 0x1B, 0xFF, 0x1B, 0xFF, 0x1B,
  0xFF, 0x3B, 0xFF, 0x3B, 0xFF, 0x5B, 0xFF, 0x5B, 0xFF, 0x5B, 0xFF, 0x5C, 0xFF, 0x7C, 0xFF, 0x7C,
  0xFF, 0x7C, 0xFF, 0x7C, 0xFF, 0x7C, 0xFF, 0x7C, 0xF7, 0x5B, 0xFF, 0x3B, 0xFF, 0x5B, 0xEE, 0xB9,
  0xD5, 0xB5, 0xC4, 0xD1, 0xC4, 0x70, 0xCC, 0x70, 0xD4, 0x90, 0xDC, 0x70, 0xD4, 0x70, 0xD4, 0x70,
  0xCC, 0x50, 0xCC, 0x2F, 0xC3, 0xEE, 0xBB, 0xCD, 0x9B, 0x2B, 0x82, 0xEA, 0x83, 0x2B, 0x8B, 0x2B,
  0xC5, 0x33, 0xFF, 0x5B, 0xF7, 0x5B, 0xFF, 0x7C, 0xFF, 0x7C, 0xFF, 0x7C, 0xFF, 0x7C, 0xFF, 0x7C,
  0xFF, 0x7C, 0xFF, 0x7C, 0xFF, 0x7C, 0xFF, 0x7C, 0xFF, 0x7C, 0xFF, 0x7C, 0xFF, 0x7C, 0xFF, 0x5B,
  0xFF, 0x5B, 0xCE, 0x16, 0x73, 0x6E, 0x6B, 0x30, 0x5B, 0x0F, 0x52, 0xEE, 0x52, 0xCE, 0x4A, 0xAE,
  0x4A, 0x8E, 0x42, 0x8E, 0x42, 0x6D, 0x4A, 0x6D, 0x42, 0x6D, 0x3A, 0x4D, 0x3A, 0x4C, 0x42, 0x4D,
  0x3A, 0x4D, 0x42, 0x4C, 0x42, 0x4D, 0x42, 0x4D, 0x42, 0x4D, 0x3A, 0x4C, 0x42, 0x4D, 0x42, 0x6D,
  0x42, 0x6E, 0x4A, 0x8E, 0x4A, 0xCF, 0x53, 0x10, 0x5B, 0x50, 0x63, 0x50, 0xA5, 0x56, 0xDF, 0x3D,
  0xDF, 0x3D, 0xDF, 0x1C, 0x84, 0x72, 0x52, 0xEE, 0x52, 0xEF, 0x42, 0x6E, 0x3A, 0x4D, 0x3A, 0x2D,
  0x3A, 0x0C, 0x3A, 0x0C, 0x31, 0xEC, 0x31, 0xCB, 0x31, 0xCA, 0x31, 0xCB, 0x31, 0xCB, 0x31, 0xCB,
  0x31, 0xCB, 0x31, 0xCB, 0x31, 0xCB, 0x31, 0xCB, 0x31, 0xCB, 0x31, 0xCB, 0x31, 0xCB, 0x31, 0xCB,
  0x31, 0xCB, 0x31, 0xCB, 0x31, 0xCB, 0x29, 0xCB, 0x31, 0xEB, 0x39, 0xEB, 0x3A, 0x0C, 0x3A, 0x0C,
  0x32, 0x0B, 0x3A, 0x2C, 0x42, 0x4D, 0x42, 0x6D, 0x4A, 0x8E, 0x4A, 0xCF, 0x53, 0x0F, 0x63, 0x71,
  0x73, 0xF2, 0x94, 0xF4, 0xEF, 0x7D, 0xF7, 0xBD, 0xF7, 0xBD, 0xF7, 0xDE, 0xF7, 0xFE, 0xFF, 0xFE,
  0x63, 0x0C, 0x63, 0x0B, 0x5A, 0xCA, 0x5A, 0xCA, 0x52, 0xCA, 0x52, 0xAA, 0x52, 0x8A, 0x52, 0x8A,
  0x4A, 0x8A, 0x4A, 0x8A, 0x4A, 0x69, 0x4A, 0x69, 0x4A, 0x69, 0x4A, 0x69, 0x4A, 0x69, 0x4A, 0x69,
  0x4A, 0x49, 0x4A, 0x49, 0x4A, 0x49, 0x4A, 0x49, 0x4A, 0x69, 0x4A, 0x69, 0x3A, 0x08, 0x3A, 0x08,
  0x52, 0xAA, 0x4A, 0x69, 0x39, 0xE8, 0x39, 0xE7, 0x39, 0xE7, 0x39, 0xE8, 0x3A, 0x0A, 0x42, 0x2B,
  0x42, 0x2C, 0x42, 0x2D, 0x42, 0x4D, 0x42, 0x4D, 0x3A, 0x4D, 0x42, 0x4D, 0x4A, 0x4C, 0x4A, 0x4D,
  0x52, 0x6E, 0x5A, 0x6C, 0x8B, 0x90, 0xC4, 0x73, 0xCC, 0x94, 0xD4, 0xD5, 0xDC, 0xF5, 0xDC, 0xF5,
  0xDC, 0xF5, 0xDC, 0xF5, 0xDC, 0xF4, 0xDC, 0xF5, 0xDD, 0x16, 0xDD, 0x16, 0xDD, 0x36, 0xD5, 0x35,
  0xDD, 0x56, 0xE5, 0x77, 0xDD, 0x77, 0xDD, 0xB8, 0xC5, 0x56, 0xE6, 0xDB, 0xEF, 0x9E, 0xEF, 0x9E,
  0xEF, 0x9E, 0xEF, 0x9E, 0xE7, 0x9E, 0xEF, 0x7D, 0xEF, 0x7C, 0xEF, 0x7D, 0xEF, 0x7D, 0xEF, 0x7D,
  0xEF, 0x7C, 0xEF, 0x7D, 0xEF, 0x9E, 0xEF, 0x9E, 0xEF, 0x7D, 0xEF, 0x7D, 0xEF, 0x7D, 0xDE, 0xFB,
  0xBD, 0x53, 0xE5, 0xD5, 0xBD, 0x12, 0x7B, 0x4C, 0x62, 0xCA, 0x52, 0x69, 0x4A, 0x49, 0x42, 0x49,
  0x4A, 0x29, 0x4A, 0x29, 0x4A, 0x29, 0x4A, 0x49, 0x42, 0x49, 0x4A, 0x49, 0x52, 0x69, 0x5A, 0xAA,
  0x62, 0xEA, 0xA4, 0xD2, 0xF7, 0x1A, 0xF7, 0x3A, 0xFF, 0x5B, 0xFF, 0x5B, 0xFF, 0x5B, 0xFF, 0x5B,
  0xFF, 0x3A, 0xFF, 0x3B, 0xFF, 0x1A, 0xFF, 0x1B, 0xFF, 0x1B, 0xFF, 0x1B, 0xFF, 0x1B, 0xFF, 0x3A,
  0xFF, 0x3A, 0xFF, 0x5A, 0xFF, 0x5B, 0xFF, 0x5C, 0xFF, 0x5B, 0xFF, 0x7C, 0xFF, 0x7C, 0xFF, 0x7C,
  0xFF, 0x7C, 0xFF, 0x7C, 0xFF, 0x5B, 0xFF, 0x3B, 0xFF, 0x5C, 0xF6, 0xFA, 0xD5, 0x94, 0xBC, 0x90,
  0xC4, 0x6F, 0xCC, 0x90, 0xDC, 0xB1, 0xDC, 0x91, 0xDC, 0x91, 0xDC, 0x90, 0xD4, 0x70, 0xD4, 0x70,
  0xD4, 0x50, 0xD4, 0x2F, 0xCC, 0x0F, 0xC3, 0xEE, 0xB3, 0xAD, 0x8B, 0x0B, 0x8B, 0x2B, 0x8B, 0x4C,
  0xCD, 0x74, 0xFF, 0x5B, 0xF7, 0x5B, 0xFF, 0x7C, 0xFF, 0x7C, 0xFF, 0x7C, 0xFF, 0x7C, 0xFF, 0x7C,
  0xFF, 0x7C, 0xFF, 0x7C, 0xFF, 0x7C, 0xFF, 0x7C, 0xFF, 0x7C, 0xFF, 0x7C, 0xFF, 0x5C, 0xF7, 0x3B,
  0xF7, 0x1B, 0x9C, 0x91, 0x63, 0x0E, 0x5B, 0x0F, 0x52, 0xCE, 0x4A, 0xAE, 0x4A, 0x8D, 0x42, 0x6D,
  0x42, 0x6D, 0x42, 0x6D, 0x42, 0x4C, 0x42, 0x6D, 0x42, 0x4C, 0x42, 0x2C, 0x42, 0x2C, 0x42, 0x2C,
  0x42, 0x2C, 0x3A, 0x2D, 0x3A, 0x2D, 0x42, 0x2C, 0x42, 0x2C, 0x42, 0x2D, 0x42, 0x4D, 0x42, 0x4D,
  0x42, 0x4D, 0x42, 0x6D, 0x42, 0x8D, 0x4A, 0xAE, 0x52, 0xEF, 0x5B, 0x31, 0x5B, 0x0F, 0x8C, 0xB4,
  0xD6, 0xFC, 0xDF, 0x3D, 0xD6, 0xFC, 0x84, 0x32, 0x4A, 0xAE, 0x52, 0xCF, 0x42, 0x6D, 0x3A, 0x2C,
  0x3A, 0x0C, 0x39, 0xEC, 0x31, 0xEC, 0x31, 0xEB, 0x31, 0xCA, 0x31, 0xCB, 0x31, 0xCB, 0x31, 0xCB,
  0x31, 0xCB, 0x31, 0xCB, 0x31, 0xCB, 0x31, 0xCB, 0x31, 0xCB, 0x31, 0xCB, 0x31, 0xCB, 0x31, 0xCB,
  0x31, 0xCB, 0x31, 0xCB, 0x31, 0xCB, 0x29, 0xCA, 0x31, 0xCB, 0x39, 0xEC, 0x3A, 0x0C, 0x3A, 0x0C,
  0x3A, 0x0C, 0x3A, 0x2C, 0x42, 0x2D, 0x42, 0x4D, 0x42, 0x6D, 0x4A, 0x8E, 0x4A, 0xCF, 0x53, 0x0F,
  0x6B, 0x91, 0x7B, 0xF2, 0xAD, 0x96, 0xEF, 0xBC, 0xEF, 0x9D, 0xF7, 0xDE, 0xF7, 0xFE, 0xFF, 0xFE,
  0x6B, 0x6D, 0x6B, 0x4C, 0x63, 0x2C, 0x5A, 0xEB, 0x5A, 0xEA, 0x5A, 0xCB, 0x52, 0xAB, 0x52, 0xAA,
  0x52, 0xAA, 0x52, 0xAA, 0x52, 0xAA, 0x52, 0x8A, 0x52, 0x8A, 0x52, 0x8A, 0x52, 0x8A, 0x52, 0xAA,
  0x52, 0xAA, 0x52, 0xAA, 0x52, 0xAA, 0x52, 0x8A, 0x4A, 0x69, 0x4A, 0x49, 0x63, 0x0C, 0x84, 0x10,
  0x63, 0x2C, 0x42, 0x28, 0x42, 0x28, 0x42, 0x08, 0x3A, 0x07, 0x42, 0x09, 0x42, 0x2B, 0x42, 0x2C,
  0x42, 0x2D, 0x42, 0x4D, 0x42, 0x4D, 0x42, 0x4D, 0x42, 0x4D, 0x42, 0x4D, 0x42, 0x4D, 0x42, 0x4D,
  0x4A, 0x4D, 0x52, 0x6D, 0x62, 0x8C, 0xAB, 0xF2, 0xCC, 0x73, 0xCC, 0x94, 0xD4, 0xD5, 0xDC, 0xF5,
  0xDC, 0xF5, 0xDC, 0xF5, 0xDC, 0xF5, 0xDC, 0xF5, 0xDD, 0x16, 0xDD, 0x16, 0xDD, 0x16, 0xD5, 0x35,
  0xDD, 0x36, 0xDD, 0x57, 0xDD, 0x97, 0xCD, 0x56, 0xC5, 0xB7, 0xF7, 0x7D, 0xEF, 0x7D, 0xEF, 0x9E,
  0xF7, 0xBE, 0xF7, 0x9E, 0xEF, 0x9E, 0xEF, 0x7E, 0xEF, 0x7D, 0xEF, 0x7D, 0xEF, 0x7D, 0xEF, 0x7D,
  0xEF, 0x7C, 0xEF, 0x7D, 0xEF, 0x9E, 0xEF, 0x9E, 0xEF, 0x7E, 0xEF, 0x7D, 0xE7, 0x7C, 0xE7, 0x7D,
  0xCE, 0x37, 0xCD, 0x94, 0xD5, 0xD5, 0x8B, 0xCE, 0x62, 0xEA, 0x5A, 0xAA, 0x4A, 0x49, 0x42, 0x29,
  0x4A, 0x29, 0x4A, 0x29, 0x4A, 0x29, 0x4A, 0x49, 0x42, 0x49, 0x4A, 0x48, 0x52, 0x69, 0x52, 0xAA,
  0x62, 0xCA, 0x8C, 0x2F, 0xEE, 0xD9, 0xF7, 0x1A, 0xFF, 0x5B, 0xFF, 0x5B, 0xFF, 0x5C, 0xFF, 0x5B,
  0xFF, 0x5B, 0xFF, 0x3B, 0xFF, 0x3B, 0xFF, 0x3B, 0xFF, 0x3A, 0xFF, 0x3A, 0xFF, 0x5B, 0xFF, 0x5B,
  0xFF, 0x5B, 0xFF, 0x5B, 0xFF, 0x5C, 0xFF, 0x5C, 0xFF, 0x5C, 0xFF, 0x7C, 0xFF, 0x7C, 0xFF, 0x7C,
  0xFF, 0x7C, 0xFF, 0x7C, 0xFF, 0x3B, 0xFF, 0x5B, 0xE6, 0x78, 0xC4, 0xF2, 0xC4, 0x70, 0xD4, 0xB1,
  0xDC, 0xB1, 0xE4, 0xB1, 0xE4, 0xF2, 0xED, 0x12, 0xF5, 0x12, 0xF5, 0x13, 0xF5, 0x13, 0xF4, 0xF2,
  0xEC, 0xF2, 0xE4, 0xB1, 0xDC, 0x90, 0xCC, 0x2F, 0xCB, 0xEE, 0xB3, 0xAD, 0x93, 0x2B, 0x93, 0x6C,
  0xDD, 0xD6, 0xFF, 0x3B, 0xF7, 0x5B, 0xFF, 0x7C, 0xFF, 0x7C, 0xFF, 0x7C, 0xFF, 0x7C, 0xFF, 0x7C,
  0xFF, 0x7C, 0xFF, 0x7C, 0xFF, 0x7C, 0xFF, 0x7C, 0xFF, 0x7C, 0xFF, 0x7C, 0xF7, 0x3B, 0xF7, 0x3A,
  0xDE, 0x58, 0x73, 0x8F, 0x63, 0x0E, 0x52, 0xCF, 0x4A, 0xAD, 0x42, 0x8D, 0x4A, 0x6D, 0x42, 0x6D,
  0x3A, 0x6C, 0x42, 0x4D, 0x3A, 0x4D, 0x3A, 0x2C, 0x3A, 0x2B, 0x3A, 0x2B, 0x3A, 0x2B, 0x3A, 0x0B,
  0x3A, 0x0C, 0x3A, 0x2C, 0x3A, 0x0C, 0x3A, 0x2C, 0x32, 0x2C, 0x3A, 0x2C, 0x3A, 0x2C, 0x3A, 0x2C,
  0x3A, 0x2D, 0x42, 0x4D, 0x42, 0x4D, 0x42, 0x6D, 0x4A, 0x8E, 0x4A, 0xCF, 0x5B, 0x30, 0x5B, 0x0F,
  0x8C, 0x73, 0xDF, 0x1C, 0xD6, 0xFC, 0xCE, 0x9B, 0x73, 0xF1, 0x4A, 0x8D, 0x4A, 0x8D, 0x3A, 0x4C,
  0x3A, 0x0C, 0x3A, 0x0C, 0x31, 0xEC, 0x31, 0xEB, 0x31, 0xCA, 0x31, 0xCB, 0x31, 0xCB, 0x31, 0xCB,
  0x31, 0xCB, 0x31, 0xCB, 0x31, 0xCB, 0x31, 0xCB, 0x31, 0xCB, 0x31, 0xCB, 0x31, 0xCB, 0x31, 0xCB,
  0x31, 0xCB, 0x31, 0xCB, 0x31, 0xCB, 0x31, 0xCA, 0x29, 0xCB, 0x31, 0xEB, 0x39, 0xEC, 0x39, 0xEC,
  0x3A, 0x0C, 0x32, 0x0B, 0x3A, 0x2C, 0x42, 0x2D, 0x42, 0x4C, 0x42, 0x6D, 0x4A, 0xAE, 0x52, 0xCF,
  0x5B, 0x30, 0x6B, 0xB2, 0x7C, 0x12, 0xBE, 0x18, 0xF7, 0xBD, 0xEF, 0xBD, 0xF7, 0xDE, 0xFF, 0xFE,
  0x73, 0xAE, 0x6B, 0x8D, 0x6B, 0x6D, 0x63, 0x4C, 0x5B, 0x2C, 0x5B, 0x0B, 0x5A, 0xEB, 0x5A, 0xEB,
  0x5A, 0xEB, 0x5A, 0xEB, 0x5A, 0xEB, 0x5A, 0xCB, 0x62, 0xEB, 0x5A, 0xEB, 0x5B, 0x0C, 0x5A, 0xEB,
  0x5B, 0x0B, 0x5A, 0xEB, 0x5A, 0xEB, 0x63, 0x0C, 0x7B, 0xCF, 0xA5, 0x55, 0xB5, 0x96, 0x6B, 0x6D,
  0x52, 0x6A, 0x52, 0x8A, 0x4A, 0x69, 0x42, 0x28, 0x42, 0x28, 0x42, 0x4B, 0x42, 0x4C, 0x3A, 0x4C,
  0x42, 0x4D, 0x42, 0x4D, 0x42, 0x4D, 0x42, 0x4D, 0x42, 0x4D, 0x42, 0x4D, 0x42, 0x4D, 0x3A, 0x4D,
  0x4A, 0x4C, 0x52, 0x6D, 0x52, 0x6C, 0x7B, 0x0E, 0xBC, 0x52, 0xCC, 0x73, 0xCC, 0xB4, 0xD4, 0xD5,
  0xDC, 0xF5, 0xDC, 0xF5, 0xDC, 0xF6, 0xDD, 0x16, 0xDD, 0x16, 0xDD, 0x16, 0xDD, 0x16, 0xDD, 0x36,
  0xD5, 0x36, 0xDD, 0x56, 0xD5, 0x56, 0xBC, 0xF4, 0xDE, 0xDA, 0xE7, 0x5C, 0xEF, 0x7D, 0xF7, 0x9E,
  0xF7, 0xBE, 0xF7, 0xBE, 0xF7, 0x9E, 0xEF, 0x9E, 0xEF, 0x7D, 0xEF, 0x7D, 0xEF, 0x5D, 0xEF, 0x5D,
  0xEF, 0x7D, 0xEF, 0x7D, 0xEF, 0x7D, 0xEF, 0x7D, 0xEF, 0x7D, 0xEF, 0x7D, 0xEF, 0x5D, 0xE7, 0x7D,
  0xE7, 0x3C, 0xBD, 0x94, 0xCD, 0xB5, 0xAC, 0xD1, 0x6A, 0xEA, 0x5A, 0xAA, 0x4A, 0x49, 0x4A, 0x28,
  0x4A, 0x29, 0x4A, 0x29, 0x4A, 0x29, 0x4A, 0x29, 0x4A, 0x49, 0x4A, 0x48, 0x4A, 0x69, 0x52, 0x8A,
  0x62, 0xCA, 0x7B, 0x8D, 0xDE, 0x79, 0xFF, 0x3B, 0xFF, 0x5B, 0xFF, 0x5C, 0xFF, 0x5C, 0xFF, 0x5C,
  0xFF, 0x5B, 0xFF, 0x5B, 0xFF, 0x5C, 0xFF, 0x5B, 0xFF, 0x5B, 0xFF, 0x5B, 0xFF, 0x5B, 0xFF, 0x5C,
  0xFF, 0x5C, 0xFF, 0x5C, 0xFF, 0x7C, 0xFF, 0x7C, 0xFF, 0x7C, 0xFF, 0x7C, 0xFF, 0x7C, 0xFF, 0x7C,
  0xFF, 0x7C, 0xF7, 0x5B, 0xFF, 0x7B, 0xEE, 0xB8, 0xBC, 0xB1, 0xCC, 0xD1, 0xDC, 0xB1, 0xE4, 0xD1,
  0xED, 0x12, 0xF5, 0x33, 0xFD, 0x54, 0xFD, 0x53, 0xFD, 0x33, 0xFD, 0x33, 0xFD, 0x33, 0xFD, 0x33,
  0xFD, 0x33, 0xF5, 0x32, 0xF5, 0x12, 0xEC, 0xD1, 0xDC, 0x70, 0xCC, 0x0F, 0xA3, 0xAC, 0x9B, 0xAD,
  0xE6, 0x58, 0xFF, 0x3B, 0xF7, 0x5B, 0xFF, 0x7C, 0xFF, 0x7C, 0xFF, 0x7C, 0xFF, 0x7C, 0xFF, 0x7C,
  0xFF, 0x7C, 0xFF, 0x7C, 0xFF, 0x7C, 0xFF, 0x7C, 0xFF, 0x7C, 0xFF, 0x5C, 0xF7, 0x1A, 0xF7, 0x1B,
  0xA4, 0xD3, 0x63, 0x0E, 0x5A, 0xEF, 0x4A, 0xAE, 0x4A, 0x8D, 0x4A, 0x6C, 0x42, 0x6D, 0x42, 0x4D,
  0x42, 0x4D, 0x42, 0x2D, 0x32, 0x2C, 0x3A, 0x2C, 0x3A, 0x2C, 0x32, 0x0C, 0x32, 0x0C, 0x3A, 0x0C,
  0x3A, 0x0C, 0x3A, 0x0C, 0x3A, 0x0C, 0x3A, 0x0C, 0x32, 0x0C, 0x3A, 0x0C, 0x3A, 0x0C, 0x32, 0x0B,
  0x3A, 0x2C, 0x3A, 0x2D, 0x42, 0x4D, 0x3A, 0x4D, 0x42, 0x6D, 0x42, 0x6E, 0x4A, 0xAF, 0x5B, 0x10,
  0x5A, 0xEE, 0x8C, 0x93, 0xD6, 0xDC, 0xD6, 0xBC, 0xC6, 0x7A, 0x6B, 0x8F, 0x3A, 0x2B, 0x42, 0x4C,
  0x3A, 0x0B, 0x3A, 0x0C, 0x31, 0xEB, 0x31, 0xEB, 0x31, 0xCB, 0x31, 0xCB, 0x31, 0xCB, 0x31, 0xCB,
  0x31, 0xCB, 0x31, 0xCB, 0x31, 0xCB, 0x31, 0xCB, 0x31, 0xCB, 0x31, 0xCB, 0x31, 0xCB, 0x31, 0xCB,
  0x31, 0xCB, 0x31, 0xCB, 0x31, 0xCB, 0x31, 0xCB, 0x31, 0xCB, 0x29, 0xCA, 0x31, 0xEB, 0x39, 0xEB,
  0x3A, 0x0C, 0x3A, 0x0C, 0x32, 0x0C, 0x3A, 0x2C, 0x42, 0x2C, 0x42, 0x4C, 0x4A, 0x8E, 0x4A, 0xAE,
  0x52, 0xEF, 0x63, 0x51, 0x73, 0xD2, 0x84, 0x32, 0xCE, 0xB9, 0xF7, 0xDD, 0xF7, 0xDE, 0xFF, 0xFE,
  0x94, 0xB2, 0x84, 0x30, 0x73, 0xEE, 0x6B, 0xAD, 0x73, 0xAE, 0x6B, 0x8D, 0x6B, 0x8D, 0x6B, 0x6D,
  0x6B, 0x6D, 0x6B, 0x6D, 0x6B, 0x6D, 0x6B, 0x4D, 0x6B, 0x4C, 0x6B, 0x4D, 0x73, 0x8E, 0x7B, 0xCE,
  0x84, 0x0F, 0x94, 0xB2, 0xAD, 0x74, 0xC6, 0x38, 0xDE, 0xDA, 0xB5, 0xB6, 0x6B, 0x4D, 0x5A, 0xAB,
  0x62, 0xEC, 0x5A, 0xAB, 0x52, 0x69, 0x63, 0x0B, 0x52, 0xAB, 0x4A, 0x6C, 0x4A, 0x6D, 0x42, 0x6D,
  0x3A, 0x4D, 0x42, 0x4D, 0x42, 0x4D, 0x42, 0x4D, 0x42, 0x2D, 0x42, 0x2D, 0x42, 0x2D, 0x42, 0x2D,
  0x42, 0x4D, 0x4A, 0x4D, 0x52, 0x8D, 0x52, 0x6C, 0x8B, 0x4F, 0xBC, 0x53, 0xCC, 0x73, 0xD4, 0xB4,
  0xD4, 0xD5, 0xDC, 0xF5, 0xDC, 0xF5, 0xDC, 0xF5, 0xDC, 0xF5, 0xDD, 0x15, 0xDD, 0x16, 0xDD, 0x16,
  0xD5, 0x15, 0xDD, 0x56, 0xB4, 0x93, 0xC5, 0x96, 0xE7, 0x1B, 0xDF, 0x3C, 0xEF, 0x7D, 0xF7, 0x9E,
  0xF7, 0xBE, 0xF7, 0xBE, 0xF7, 0x9E, 0xEF, 0x9E, 0xEF, 0x5D, 0xEF, 0x3D, 0xE7, 0x3C, 0xE7, 0x3C,
  0xE7, 0x5C, 0xE7, 0x5D, 0xE7, 0x5D, 0xE7, 0x5C, 0xEF, 0x5C, 0xEF, 0x7C, 0xEF, 0x7D, 0xE7, 0x5C,
  0xE7, 0x7D, 0xD6, 0xBA, 0xA4, 0xF2, 0xB5, 0x33, 0x83, 0x8D, 0x62, 0xCA, 0x4A, 0x89, 0x42, 0x28,
  0x42, 0x28, 0x42, 0x28, 0x4A, 0x28, 0x4A, 0x28, 0x4A, 0x49, 0x4A, 0x49, 0x4A, 0x49, 0x52, 0x69,
  0x5A, 0xCA, 0x6B, 0x2C, 0xD5, 0xF6, 0xFF, 0x3B, 0xF7, 0x3B, 0xFF, 0x5B, 0xFF, 0x7C, 0xFF, 0x7C,
  0xFF, 0x5B, 0xFF, 0x5C, 0xFF, 0x5C, 0xFF, 0x5C, 0xFF, 0x5C, 0xFF, 0x5C, 0xFF, 0x5C, 0xFF, 0x7C,
  0xFF, 0x5C, 0xFF, 0x7C, 0xFF, 0x7C, 0xFF, 0x7C, 0xFF, 0x7C, 0xFF, 0x7C, 0xFF, 0x7C, 0xFF, 0x7C,
  0xFF, 0x7C, 0xF7, 0x5B, 0xFF, 0x7B, 0xCD, 0x94, 0xBC, 0x70, 0xDC, 0xF2, 0xED, 0x13, 0xF5, 0x33,
  0xFD, 0x53, 0xFD, 0x54, 0xFD, 0x54, 0xFD, 0x54, 0xFD, 0x54, 0xFD, 0x54, 0xFD, 0x54, 0xFD, 0x53,
  0xFD, 0x53, 0xFD, 0x53, 0xFD, 0x53, 0xFD, 0x33, 0xEC, 0xF2, 0xE4, 0xB1, 0xB3, 0xEE, 0xA4, 0x2F,
  0xF6, 0xD9, 0xFF, 0x3B, 0xFF, 0x5B, 0xFF, 0x7C, 0xFF, 0x7C, 0xFF, 0x7C, 0xFF, 0x7C, 0xFF, 0x7C,
  0xFF, 0x7C, 0xFF, 0x7C, 0xFF, 0x7C, 0xFF, 0x7C, 0xFF, 0x5C, 0xF7, 0x3B, 0xF7, 0x3A, 0xCD, 0xF7,
  0x6B, 0x4E, 0x5A, 0xEF, 0x4A, 0xAE, 0x4A, 0x8E, 0x42, 0x6D, 0x42, 0x4C, 0x3A, 0x4D, 0x42, 0x2D,
  0x42, 0x2C, 0x3A, 0x2C, 0x3A, 0x0B, 0x3A, 0x0C, 0x3A, 0x0C, 0x3A, 0x0C, 0x3A, 0x0C, 0x39, 0xEC,
  0x39, 0xEB, 0x39, 0xEB, 0x39, 0xEB, 0x39, 0xEC, 0x39, 0xEC, 0x3A, 0x0C, 0x3A, 0x0C, 0x3A, 0x0C,
  0x3A, 0x0C, 0x32, 0x0C, 0x3A, 0x2C, 0x3A, 0x2D, 0x3A, 0x2D, 0x42, 0x4D, 0x42, 0x8D, 0x4A, 0x8E,
  0x52, 0xCF, 0x4A, 0xAD, 0x7B, 0xF1, 0x94, 0xD4, 0x9D, 0x35, 0xA5, 0x15, 0x5B, 0x0D, 0x3A, 0x0A,
  0x3A, 0x0B, 0x39, 0xEB, 0x31, 0xEB, 0x31, 0xCB, 0x31, 0xCB, 0x31, 0xCB, 0x31, 0xCB, 0x31, 0xCB,
  0x31, 0xCB, 0x31, 0xCB, 0x31, 0xCB, 0x31, 0xCB, 0x31, 0xCB, 0x31, 0xCB, 0x31, 0xCB, 0x31, 0xCB,
  0x31, 0xCB, 0x31, 0xCB, 0x31, 0xCB, 0x31, 0xCB, 0x31, 0xCB, 0x31, 0xCB, 0x31, 0xCA, 0x31, 0xEA,
  0x39, 0xEB, 0x39, 0xEB, 0x3A, 0x0B, 0x3A, 0x0C, 0x42, 0x2B, 0x42, 0x4C, 0x42, 0x6D, 0x4A, 0x8D,
  0x4A, 0xCE, 0x53, 0x0F, 0x63, 0x71, 0x73, 0xF2, 0x94, 0xB3, 0xDF, 0x3B, 0xF7, 0xDD, 0xF7, 0xDD,
  0xE7, 0x5C, 0xDE, 0xDA, 0xBE, 0x38, 0xAD, 0xB5, 0xA5, 0x34, 0x9C, 0xF3, 0x94, 0xD2, 0x94, 0xD2,
  0x94, 0xB2, 0x94, 0xB2, 0x94, 0xD2, 0x9C, 0xF3, 0xAD, 0x54, 0xBD, 0xB6, 0xCE, 0x58, 0xDE, 0xBA,
  0xE7, 0x1B, 0xE7, 0x5C, 0xEF, 0x7D, 0xDE, 0xDB, 0x9C, 0xF3, 0x6B, 0x6D, 0x6B, 0x4D, 0x6B, 0x4D,
  0x63, 0x2D, 0x63, 0x2C, 0x94, 0x91, 0xB5, 0x96, 0x5A, 0xEC, 0x52, 0x8C, 0x4A, 0x8D, 0x4A, 0x6D,
  0x42, 0x4C, 0x42, 0x4D, 0x42, 0x4D, 0x42, 0x4D, 0x42, 0x2D, 0x42, 0x2D, 0x42, 0x2D, 0x42, 0x2D,
  0x3A, 0x2D, 0x42, 0x4D, 0x4A, 0x6D, 0x4A, 0x6D, 0x5A, 0x6B, 0x9B, 0x90, 0xC4, 0x73, 0xC4, 0x93,
  0xD4, 0xB4, 0xD4, 0xD5, 0xDC, 0xF4, 0xDC, 0xF5, 0xDC, 0xF5, 0xDC, 0xF5, 0xDD, 0x15, 0xD4, 0xF5,
  0xCC, 0xF5, 0xC4, 0xB4, 0x8B, 0xAF, 0xBD, 0x96, 0xE6, 0xFB, 0xDF, 0x1B, 0xE7, 0x5C, 0xEF, 0x7D,
  0xF7, 0x9E, 0xF7, 0xBE, 0xF7, 0x9E, 0xEF, 0x7D, 0xE7, 0x5C, 0xE7, 0x5C, 0xE7, 0x3C, 0xE7, 0x1C,
  0xDE, 0xFB, 0xDF, 0x1B, 0xE7, 0x3D, 0xE7, 0x5D, 0xE7, 0x7D, 0xE7, 0x7D, 0xE7, 0x5D, 0xE7, 0x5D,
  0xDF, 0x3C, 0xE7, 0x5D, 0xCE, 0x78, 0x94, 0x70, 0x7B, 0x6D, 0x62, 0xEB, 0x52, 0x89, 0x4A, 0x48,
  0x42, 0x28, 0x42, 0x28, 0x4A, 0x27, 0x4A, 0x28, 0x4A, 0x29, 0x4A, 0x49, 0x42, 0x49, 0x4A, 0x49,
  0x5A, 0xAA, 0x62, 0xEA, 0xBD, 0x53, 0xF7, 0x1B, 0xF7, 0x1A, 0xFF, 0x5B, 0xFF, 0x7C, 0xFF, 0x7C,
  0xFF, 0x7C, 0xFF, 0x7C, 0xFF, 0x7C, 0xFF, 0x7C, 0xFF, 0x7C, 0xFF, 0x7C, 0xFF, 0x7C, 0xFF, 0x7C,
  0xFF, 0x7C, 0xFF, 0x7C, 0xFF, 0x7C, 0xFF, 0x7C, 0xFF, 0x7C, 0xFF, 0x7C, 0xFF, 0x7C, 0xFF, 0x7C,
  0xFF, 0x7C, 0xF7, 0x5B, 0xFF, 0x7B, 0xD5, 0xD5, 0xC4, 0xB1, 0xF5, 0x54, 0xF5, 0x54, 0xF5, 0x53,
  0xFD, 0x54, 0xFD, 0x74, 0xFD, 0x74, 0xFD, 0x74, 0xFD, 0x74, 0xFD, 0x74, 0xFD, 0x74, 0xFD, 0x74,
  0xFD, 0x74, 0xFD, 0x54, 0xFD, 0x74, 0xFD, 0x53, 0xF5, 0x33, 0xF5, 0x33, 0xCC, 0x90, 0xC5, 0x12,
  0xFF, 0x3A, 0xFF, 0x5A, 0xFF, 0x7C, 0xFF, 0x7C, 0xFF, 0x7C, 0xFF, 0x7C, 0xFF, 0x7C, 0xFF, 0x7C,
  0xFF, 0x7C, 0xFF, 0x7C, 0xFF, 0x7C, 0xFF, 0x5C, 0xF7, 0x3B, 0xF7, 0x1B, 0xDE, 0x78, 0x7B, 0xAE,
  0x62, 0xEE, 0x52, 0xCE, 0x4A, 0x8E, 0x4A, 0x6D, 0x3A, 0x4C, 0x42, 0x4D, 0x42, 0x4D, 0x42, 0x2D,
  0x3A, 0x2B, 0x32, 0x0C, 0x3A, 0x0C, 0x3A, 0x0C, 0x3A, 0x0C, 0x39, 0xEC, 0x39, 0xEB, 0x39, 0xEB,
  0x39, 0xEA, 0x39, 0xEB, 0x39, 0xEB, 0x39, 0xEB, 0x31, 0xEB, 0x31, 0xEB, 0x31, 0xEB, 0x31, 0xEB,
  0x3A, 0x0C, 0x3A, 0x0C, 0x3A, 0x0B, 0x32, 0x0C, 0x3A, 0x2C, 0x42, 0x2D, 0x42, 0x4D, 0x42, 0x6D,
  0x42, 0x6D, 0x4A, 0xAE, 0x4A, 0x8D, 0x4A, 0x8C, 0x4A, 0x8C, 0x52, 0x8C, 0x52, 0xCD, 0x31, 0xEA,
  0x31, 0xEA, 0x39, 0xEA, 0x31, 0xCB, 0x31, 0xCB, 0x31, 0xCB, 0x31, 0xCB, 0x31, 0xCB, 0x31, 0xCB,
  0x31, 0xCB, 0x31, 0xCB, 0x31, 0xCB, 0x31, 0xCB, 0x31, 0xCB, 0x31, 0xCB, 0x31, 0xAB, 0x31, 0xCB,
  0x31, 0xCB, 0x31, 0xCB, 0x31, 0xCB, 0x31, 0xCB, 0x31, 0xCB, 0x31, 0xCB, 0x29, 0xCB, 0x31, 0xEB,
  0x39, 0xEB, 0x39, 0xEB, 0x3A, 0x0B, 0x3A, 0x0B, 0x3A, 0x2C, 0x3A, 0x2C, 0x42, 0x4C, 0x42, 0x6D,
  0x4A, 0x8E, 0x52, 0xCE, 0x5B, 0x10, 0x6B, 0x92, 0x73, 0xF2, 0xA5, 0x55, 0xEF, 0xBD, 0xF7, 0xBC,
  0xF7, 0xBE, 0xF7, 0xBD, 0xEF, 0x9D, 0xEF, 0x9D, 0xEF, 0x7D, 0xEF, 0x5D, 0xDF, 0x3C, 0xE7, 0x3C,
  0xE7, 0x3D, 0xE7, 0x3D, 0xEF, 0x3D, 0xEF, 0x5D, 0xEF, 0x7D, 0xF7, 0x7D, 0xF7, 0x9D, 0xF7, 0x7D,
  0xEF, 0x7D, 0xEF, 0x5C, 0xC6, 0x38, 0x8C, 0x71, 0x73, 0xAE, 0x7B, 0xEF, 0x7B, 0xCF, 0x73, 0x8E,
  0x84, 0x30, 0xBD, 0xF7, 0xE7, 0x5C, 0xA5, 0x35, 0x52, 0xCD, 0x52, 0xCE, 0x4A, 0x8E, 0x42, 0x6E,
  0x42, 0x6D, 0x42, 0x4D, 0x42, 0x4D, 0x42, 0x4D, 0x42, 0x2D, 0x42, 0x2D, 0x42, 0x2D, 0x42, 0x2D,
  0x3A, 0x2D, 0x42, 0x4D, 0x4A, 0x4D, 0x4A, 0x6D, 0x4A, 0x8C, 0x62, 0x8C, 0xA3, 0xD1, 0xC4, 0x73,
  0xCC, 0x73, 0xD4, 0xB5, 0xD4, 0xD5, 0xDC, 0xF4, 0xDC, 0xF5, 0xDD, 0x16, 0xD4, 0xF5, 0xCC, 0xD5,
  0xC4, 0xD4, 0x9B, 0xD0, 0x7B, 0xAF, 0x9C, 0xB3, 0xD6, 0xBA, 0xDF, 0x1B, 0xE7, 0x3C, 0xEF, 0x7D,
  0xEF, 0x7D, 0xEF, 0x9E, 0xEF, 0x7D, 0xE7, 0x5C, 0xEF, 0x7D, 0xDE, 0xDB, 0xB5, 0xD7, 0xA5, 0x56,
  0x9D, 0x15, 0x9C, 0xF4, 0xA5, 0x56, 0xB5, 0xD8, 0xC6, 0x5A, 0xCE, 0xBB, 0xDF, 0x1C, 0xDF, 0x3D,
  0xE7, 0x5D, 0xDF, 0x3C, 0xDF, 0x3C, 0xCE, 0x59, 0x84, 0x0F, 0x5A, 0xCA, 0x52, 0x8A, 0x4A, 0x49,
  0x4A, 0x28, 0x42, 0x27, 0x3A, 0x07, 0x42, 0x28, 0x4A, 0x28, 0x4A, 0x28, 0x4A, 0x49, 0x4A, 0x49,
  0x5A, 0x8A, 0x5A, 0xAA, 0xA4, 0x70, 0xF7, 0x1A, 0xF7, 0x3A, 0xFF, 0x5B, 0xFF, 0x5C, 0xFF, 0x7C,
  0xFF, 0x7C, 0xFF, 0x7C, 0xFF, 0x7C, 0xFF, 0x7C, 0xFF, 0x7C, 0xFF, 0x7C, 0xFF, 0x7C, 0xFF, 0x7C,
  0xFF, 0x7C, 0xFF, 0x7C, 0xFF, 0x7C, 0xFF, 0x7C, 0xFF, 0x7C, 0xFF, 0x7C, 0xFF, 0x7C, 0xFF, 0x7C,
  0xFF, 0x7C, 0xF7, 0x7B, 0xFF, 0x5C, 0xEE, 0x98, 0xC4, 0xF2, 0xF5, 0x94, 0xFD, 0x53, 0xFD, 0x74,
  0xFD, 0x74, 0xFD, 0x74, 0xFD, 0x74, 0xFD, 0x74, 0xFD, 0x74, 0xFD, 0x74, 0xFD, 0x74, 0xFD, 0x74,
  0xFD, 0x74, 0xFD, 0x74, 0xFD, 0x73, 0xFD, 0x74, 0xFD, 0x53, 0xFD, 0x74, 0xCC, 0xD2, 0xDD, 0xF6,
  0xFF, 0x7B, 0xF7, 0x5B, 0xFF, 0x7C, 0xFF, 0x7C, 0xFF, 0x7C, 0xFF, 0x7C, 0xFF, 0x7C, 0xFF, 0x7C,
  0xFF, 0x7C, 0xFF, 0x7C, 0xFF, 0x7C, 0xF7, 0x3B, 0xF7, 0x1A, 0xEE, 0xB9, 0x8B, 0xCF, 0x62, 0xED,
  0x52, 0xCE, 0x4A, 0x8E, 0x42, 0x6D, 0x42, 0x4C, 0x42, 0x4D, 0x42, 0x2D, 0x42, 0x2C, 0x3A, 0x2C,
  0x32, 0x0B, 0x3A, 0x0C, 0x3A, 0x0C, 0x39, 0xEC, 0x39, 0xEC, 0x39, 0xEC, 0x31, 0xEB, 0x29, 0xEA,
  0x31, 0xEB, 0x31, 0xEB, 0x31, 0xEB, 0x31, 0xEB, 0x31, 0xEA, 0x31, 0xCA, 0x29, 0xEA, 0x31, 0xEB,
  0x31, 0xEB, 0x32, 0x0C, 0x3A, 0x0C, 0x3A, 0x0B, 0x3A, 0x0C, 0x3A, 0x0C, 0x3A, 0x2C, 0x3A, 0x2C,
  0x3A, 0x2D, 0x42, 0x4D, 0x4A, 0x6D, 0x4A, 0x4D, 0x42, 0x4D, 0x42, 0x2C, 0x3A, 0x0B, 0x39, 0xEA,
  0x31, 0xC9, 0x31, 0xA9, 0x31, 0xA9, 0x31, 0xCA, 0x31, 0xCA, 0x31, 0xCB, 0x31, 0xCB, 0x31, 0xCB,
  0x31, 0xCB, 0x31, 0xCB, 0x31, 0xCB, 0x31, 0xCB, 0x31, 0xCB, 0x31, 0xCB, 0x31, 0xCB, 0x31, 0xCB,
  0x31, 0xCB, 0x31, 0xCB, 0x31, 0xCB, 0x31, 0xCB, 0x31, 0xCB, 0x31, 0xCB, 0x31, 0xCB, 0x31, 0xEB,
  0x31, 0xEB, 0x39, 0xEA, 0x39, 0xEB, 0x3A, 0x0C, 0x32, 0x2C, 0x3A, 0x2B, 0x42, 0x2C, 0x42, 0x4D,
  0x4A, 0x8D, 0x4A, 0xAE, 0x4A, 0xEF, 0x5B, 0x30, 0x6B, 0xB2, 0x7C, 0x12, 0xC6, 0x38, 0xF7, 0xFE,
  0xEF, 0x9E, 0xEF, 0x7D, 0xEF, 0x7D, 0xE7, 0x5D, 0xEF, 0x7C, 0xEF, 0x5D, 0xE7, 0x5D, 0xE7, 0x5D,
  0xEF, 0x5D, 0xEF, 0x5D, 0xEF, 0x7D, 0xEF, 0x5D, 0xE7, 0x3D, 0xE7, 0x3C, 0xEF, 0x5D, 0xEF, 0x5C,
  0xD6, 0x99, 0xAD, 0x54, 0x8C, 0x50, 0x84, 0x30, 0x84, 0x30, 0x84, 0x10, 0x8C, 0x30, 0xB5, 0x95,
  0xE7, 0x3C, 0xF7, 0x9E, 0xDF, 0x1C, 0x84, 0x31, 0x5B, 0x0F, 0x52, 0xEE, 0x4A, 0x8E, 0x4A, 0x6E,
  0x42, 0x4D, 0x3A, 0x4D, 0x42, 0x2D, 0x42, 0x2D, 0x42, 0x2D, 0x42, 0x2D, 0x42, 0x2D, 0x42, 0x2D,
  0x42, 0x2D, 0x42, 0x2D, 0x42, 0x4D, 0x42, 0x4D, 0x4A, 0x6D, 0x52, 0x6C, 0x62, 0xAC, 0xAB, 0xF1,
  0xC4, 0x73, 0xCC, 0x74, 0xD4, 0xB4, 0xD4, 0xD5, 0xDC, 0xF5, 0xD4, 0xD5, 0xCC, 0xB5, 0xCC, 0xB5,
  0xA3, 0xF1, 0x7B, 0x4E, 0x7B, 0xD1, 0x8B, 0xF1, 0xCE, 0x39, 0xE6, 0xFB, 0xE7, 0x1C, 0xEF, 0x5C,
  0xEF, 0x5D, 0xE7, 0x7D, 0xEF, 0x7D, 0xEF, 0x5D, 0xC6, 0x19, 0x94, 0xB4, 0x84, 0x33, 0x7C, 0x32,
  0x7C, 0x12, 0x74, 0x12, 0x73, 0xF2, 0x73, 0xF2, 0x7C, 0x13, 0x84, 0x33, 0x8C, 0x94, 0x94, 0xF5,
  0xAD, 0xB7, 0xC6, 0x5A, 0xCE, 0xBB, 0xCE, 0xBB, 0xCE, 0x79, 0x7B, 0xF0, 0x52, 0x69, 0x4A, 0x69,
  0x42, 0x27, 0x4A, 0x28, 0x42, 0x08, 0x42, 0x07, 0x4A, 0x27, 0x4A, 0x28, 0x4A, 0x29, 0x4A, 0x48,
  0x52, 0x69, 0x5A, 0xAA, 0x83, 0x8D, 0xE6, 0x78, 0xFF, 0x3A, 0xF7, 0x1A, 0xFF, 0x5B, 0xFF, 0x7C,
  0xFF, 0x7C, 0xFF, 0x7C, 0xFF, 0x7C, 0xFF, 0x7C, 0xFF, 0x7C, 0xFF, 0x7C, 0xFF, 0x7C, 0xFF, 0x7C,
  0xFF, 0x7C, 0xFF, 0x7C, 0xFF, 0x7C, 0xFF, 0x7C, 0xFF, 0x7C, 0xFF, 0x7C, 0xFF, 0x7C, 0xFF, 0x7C,
  0xFF, 0x9C, 0xFF, 0x7C, 0xFF, 0x5B, 0xFF, 0x5B, 0xCD, 0x74, 0xDD, 0x33, 0xFD, 0x95, 0xF5, 0x53,
  0xFD, 0x74, 0xFD, 0x74, 0xFD, 0x74, 0xFD, 0x74, 0xFD, 0x74, 0xFD, 0x74, 0xFD, 0x74, 0xFD, 0x74,
  0xFD, 0x74, 0xFD, 0x73, 0xFD, 0x74, 0xFD, 0x74, 0xFD, 0x74, 0xED, 0x74, 0xCC, 0xF2, 0xF6, 0xF9,
  0xFF, 0x5B, 0xFF, 0x5B, 0xFF, 0x7C, 0xFF, 0x7C, 0xFF, 0x7C, 0xFF, 0x7C, 0xFF, 0x7C, 0xFF, 0x7C,
  0xFF, 0x7C, 0xFF, 0x7C, 0xF7, 0x3B, 0xF7, 0x1A, 0xEE, 0xFA, 0x8C, 0x30, 0x5A, 0xAC, 0x52, 0xCD,
  0x4A, 0x8D, 0x4A, 0x6D, 0x42, 0x4C, 0x3A, 0x4D, 0x42, 0x2D, 0x42, 0x2C, 0x3A, 0x2B, 0x32, 0x0C,
  0x3A, 0x0C, 0x3A, 0x0C, 0x39, 0xEC, 0x39, 0xEB, 0x39, 0xEB, 0x31, 0xEC, 0x31, 0xEB, 0x31, 0xCB,
  0x31, 0xCB, 0x31, 0xCB, 0x31, 0xCB, 0x31, 0xCB, 0x31, 0xCA, 0x31, 0xCA, 0x31, 0xCB, 0x31, 0xCA,
  0x29, 0xEB, 0x31, 0xEB, 0x39, 0xEC, 0x3A, 0x0C, 0x3A, 0x0C, 0x3A, 0x0C, 0x32, 0x0B, 0x3A, 0x0C,
  0x32, 0x0C, 0x3A, 0x2C, 0x3A, 0x0C, 0x3A, 0x0C, 0x3A, 0x0C, 0x3A, 0x0C, 0x3A, 0x0C, 0x31, 0xEB,
  0x31, 0xCA, 0x31, 0xA9, 0x29, 0xA9, 0x31, 0xCA, 0x31, 0xAA, 0x31, 0xAA, 0x31, 0xAA, 0x31, 0xAB,
  0x31, 0xCB, 0x31, 0xCB, 0x31, 0xCB, 0x31, 0xCB, 0x31, 0xCB, 0x31, 0xCB, 0x31, 0xCB, 0x31, 0xCB,
  0x31, 0xCB, 0x31, 0xCB, 0x31, 0xCB, 0x31, 0xCB, 0x31, 0xCB, 0x31, 0xCB, 0x31, 0xCB, 0x29, 0xCB,
  0x31, 0xEB, 0x31, 0xEB, 0x39, 0xEB, 0x39, 0xEB, 0x3A, 0x0C, 0x32, 0x0C, 0x3A, 0x2C, 0x42, 0x4C,
  0x42, 0x4D, 0x4A, 0x8D, 0x4A, 0xAE, 0x52, 0xEF, 0x5B, 0x50, 0x6B, 0xD2, 0x8C, 0x52, 0xD6, 0xFA,
  0xEF, 0x7D, 0xEF, 0x7D, 0xEF, 0x7D, 0xEF, 0x7D, 0xEF, 0x7C, 0xEF, 0x7D, 0xEF, 0x5D, 0xEF, 0x5D,
  0xE7, 0x3D, 0xE7, 0x3D, 0xE7, 0x3C, 0xE7, 0x3C, 0xEF, 0x5C, 0xEF, 0x5D, 0xDE, 0xDB, 0xBD, 0xB6,
  0x94, 0xB2, 0x8C, 0x30, 0x8C, 0x71, 0x94, 0x71, 0x8C, 0x50, 0xA5, 0x13, 0xD6, 0xBA, 0xFF, 0xBE,
  0xF7, 0x9E, 0xF7, 0xBE, 0xDE, 0xDB, 0x7B, 0xD0, 0x63, 0x50, 0x52, 0xCF, 0x4A, 0x8E, 0x42, 0x6D,
  0x42, 0x4D, 0x42, 0x4D, 0x42, 0x2D, 0x42, 0x2D, 0x42, 0x2D, 0x42, 0x2D, 0x42, 0x2D, 0x42, 0x2D,
  0x42, 0x2D, 0x42, 0x2D, 0x3A, 0x2D, 0x42, 0x2C, 0x4A, 0x4D, 0x4A, 0x6D, 0x4A, 0x6C, 0x6A, 0xCC,
  0xB4, 0x11, 0xC4, 0x53, 0xCC, 0x94, 0xD4, 0xB4, 0xD4, 0xD5, 0xD4, 0xD5, 0xCC, 0xB4, 0xBC, 0x52,
  0x7B, 0x2E, 0x6B, 0x4F, 0x73, 0x91, 0x7B, 0xB1, 0xBD, 0xB6, 0xE6, 0xFB, 0xE6, 0xFB, 0xE7, 0x1C,
  0xE7, 0x1B, 0xE7, 0x3C, 0xE7, 0x1C, 0xAD, 0x56, 0x84, 0x32, 0x84, 0x12, 0x73, 0xD2, 0x73, 0xD2,
  0x6B, 0x91, 0x63, 0x91, 0x63, 0x91, 0x6B, 0xB2, 0x6B, 0x91, 0x6B, 0x91, 0x6B, 0x91, 0x6B, 0x91,
  0x6B, 0x91, 0x6B, 0xB1, 0x74, 0x12, 0x84, 0x12, 0x94, 0xB3, 0x84, 0x51, 0x4A, 0x49, 0x4A, 0x49,
  0x42, 0x07, 0x4A, 0x49, 0x4A, 0x49, 0x3A, 0x07, 0x42, 0x08, 0x4A, 0x28, 0x4A, 0x49, 0x42, 0x48,
  0x4A, 0x49, 0x52, 0x89, 0x6A, 0xEA, 0xB5, 0x12, 0xEE, 0xB9, 0xFF, 0x1A, 0xF7, 0x3A, 0xFF, 0x5B,
  0xFF, 0x7C, 0xFF, 0x7C, 0xFF, 0x7C, 0xFF, 0x7C, 0xFF, 0x7C, 0xFF, 0x9C, 0xFF, 0x7C, 0xFF, 0x7C,
  0xFF, 0x7C, 0xFF, 0x7C, 0xFF, 0x7C, 0xFF, 0x7C, 0xFF, 0x7C, 0xFF, 0x7C, 0xFF, 0x7C, 0xFF, 0x7C,
  0xFF, 0x7C, 0xFF, 0x7C, 0xF7, 0x5C, 0xFF, 0x5B, 0xF6, 0xFA, 0xCD, 0x33, 0xED, 0x74, 0xFD, 0xB5,
  0xFD, 0x74, 0xFD, 0x94, 0xFD, 0x95, 0xFD, 0x74, 0xFD, 0x73, 0xFD, 0x73, 0xFD, 0x73, 0xFD, 0x74,
  0xFD, 0x94, 0xFD, 0x94, 0xFD, 0x95, 0xF5, 0x94, 0xFD, 0xB5, 0xDD, 0x33, 0xE6, 0x37, 0xFF, 0x5B,
  0xF7, 0x5B, 0xFF, 0x7C, 0xFF, 0x7C, 0xFF, 0x7C, 0xFF, 0x7C, 0xFF, 0x7C, 0xFF, 0x7C, 0xFF, 0x7C,
  0xFF, 0x5C, 0xF7, 0x3A, 0xEF, 0x1A, 0xE6, 0xD9, 0x94, 0x71, 0x52, 0x8B, 0x52, 0xAC, 0x4A, 0x8C,
  0x42, 0x6D, 0x42, 0x6D, 0x3A, 0x4D, 0x42, 0x2D, 0x42, 0x2C, 0x3A, 0x2C, 0x32, 0x0C, 0x3A, 0x0C,
  0x3A, 0x0C, 0x39, 0xEB, 0x31, 0xEB, 0x31, 0xEB, 0x31, 0xEA, 0x29, 0xCB, 0x31, 0xCB, 0x31, 0xCA,
  0x31, 0xCB, 0x31, 0xCB, 0x31, 0xCB, 0x31, 0xCB, 0x31, 0xAA, 0x31, 0xAA, 0x31, 0xCA, 0x31, 0xCA,
  0x31, 0xCB, 0x31, 0xEA, 0x39, 0xEB, 0x39, 0xEB, 0x39, 0xEC, 0x39, 0xEC, 0x39, 0xEC, 0x39, 0xEB,
  0x39, 0xEB, 0x39, 0xEB, 0x31, 0xEB, 0x29, 0xCA, 0x31, 0xCA, 0x31, 0xEB, 0x31, 0xEB, 0x29, 0xCB,
  0x31, 0xCA, 0x31, 0xCA, 0x29, 0xA9, 0x31, 0xA9, 0x31, 0xA9, 0x31, 0xA9, 0x31, 0xAA, 0x31, 0xAB,
  0x31, 0xCA, 0x31, 0xCB, 0x31, 0xCB, 0x31, 0xAB, 0x31, 0xAB, 0x31, 0xAA, 0x31, 0xAA, 0x31, 0xAB,
  0x31, 0xCB, 0x31, 0xCB, 0x31, 0xCB, 0x31, 0xCB, 0x31, 0xCB, 0x31, 0xCB, 0x31, 0xCB, 0x31, 0xCB,
  0x31, 0xCB, 0x29, 0xEB, 0x31, 0xEB, 0x39, 0xEA, 0x39, 0xEB, 0x32, 0x0C, 0x3A, 0x0B, 0x3A, 0x2C,
  0x42, 0x4D, 0x42, 0x4D, 0x42, 0x8D, 0x4A, 0xAE, 0x53, 0x0F, 0x63, 0x71, 0x73, 0xD2, 0x8C, 0x93,
  0xEF, 0x5D, 0xEF, 0x5D, 0xEF, 0x5C, 0xEF, 0x5C, 0xEF, 0x5D, 0xEF, 0x5D, 0xEF, 0x5C, 0xEF, 0x3C,
  0xE7, 0x3C, 0xDF, 0x1C, 0xE7, 0x3C, 0xE7, 0x3C, 0xDE, 0xDA, 0xBD, 0xD7, 0x9C, 0xD3, 0x94, 0x71,
  0x94, 0x71, 0x94, 0x71, 0x8C, 0x71, 0x9C, 0xD2, 0xC5, 0xF7, 0xEF, 0x5D, 0xFF, 0xDE, 0xFF, 0xBE,
  0xF7, 0xBE, 0xFF, 0xDF, 0xC6, 0x18, 0x6B, 0xB0, 0x63, 0x51, 0x52, 0xCF, 0x4A, 0xAE, 0x42, 0x6D,
  0x42, 0x4D, 0x42, 0x4D, 0x42, 0x2D, 0x42, 0x2D, 0x42, 0x2D, 0x42, 0x2D, 0x42, 0x2D, 0x42, 0x2D,
  0x42, 0x2D, 0x42, 0x2D, 0x42, 0x2D, 0x3A, 0x2D, 0x42, 0x2D, 0x4A, 0x4D, 0x4A, 0x6D, 0x52, 0x6C,
  0x72, 0xCC, 0xB4, 0x32, 0xC4, 0x73, 0xCC, 0x93, 0xCC, 0xB4, 0xCC, 0x94, 0xCC, 0x94, 0x9B, 0x8F,
  0x6A, 0xED, 0x6B, 0x30, 0x6B, 0x71, 0x73, 0x70, 0x9C, 0xD3, 0xE6, 0xDB, 0xE6, 0xDB, 0xDE, 0xFB,
  0xDE, 0xFB, 0xD6, 0xBB, 0x9C, 0xF4, 0x7B, 0xF2, 0x7B, 0xF3, 0x6B, 0x91, 0x6B, 0x71, 0x63, 0x51,
  0x63, 0x30, 0x5B, 0x30, 0x5B, 0x30, 0x5B, 0x30, 0x5B, 0x30, 0x5B, 0x30, 0x5B, 0x30, 0x5B, 0x50,
  0x5B, 0x50, 0x5B, 0x30, 0x5B, 0x0F, 0x53, 0x0F, 0x52, 0xAD, 0x4A, 0x8B, 0x4A, 0x4A, 0x4A, 0x29,
  0x4A, 0x27, 0x42, 0x08, 0x41, 0xE8, 0x41, 0xE8, 0x3A, 0x08, 0x42, 0x27, 0x4A, 0x28, 0x4A, 0x49,
  0x4A, 0x48, 0x52, 0x89, 0x5A, 0xA9, 0x73, 0x0A, 0xB4, 0xF2, 0xF6, 0xB9, 0xFF, 0x1A, 0xFF, 0x3A,
  0xFF, 0x7C, 0xFF, 0x7C, 0xFF, 0x7C, 0xFF, 0x7C, 0xFF, 0x7C, 0xFF, 0x7C, 0xFF, 0x7C, 0xFF, 0x7C,
  0xFF, 0x7C, 0xFF, 0x7C, 0xFF, 0x7C, 0xFF, 0x7C, 0xFF, 0x7C, 0xFF, 0x7C, 0xFF, 0x7C, 0xFF, 0x7C,
  0xFF, 0x7C, 0xFF, 0x7C, 0xFF, 0x7C, 0xF7, 0x5C, 0xFF, 0x5B, 0xF6, 0xD9, 0xD5, 0x54, 0xED, 0x74,
  0xFD, 0xD5, 0xFD, 0x95, 0xFD, 0x95, 0xFD, 0x94, 0xFD, 0x94, 0xFD, 0x94, 0xFD, 0x94, 0xFD, 0x94,
  0xFD, 0x95, 0xFD, 0x95, 0xFD, 0x95, 0xFD, 0xB5, 0xF5, 0xB5, 0xEE, 0x16, 0xFF, 0x5B, 0xFF, 0x5C,
  0xFF, 0x7C, 0xFF, 0x7C, 0xFF, 0x7C, 0xFF, 0x7C, 0xFF, 0x7C, 0xFF, 0x7C, 0xFF, 0x7C, 0xFF, 0x5C,
  0xF7, 0x1B, 0xF7, 0x1A, 0xDE, 0x98, 0x8C, 0x30, 0x52, 0x8B, 0x52, 0x8C, 0x4A, 0x4B, 0x4A, 0x4B,
  0x42, 0x4C, 0x3A, 0x4C, 0x42, 0x4C, 0x42, 0x2C, 0x3A, 0x2B, 0x3A, 0x0C, 0x3A, 0x0C, 0x3A, 0x0C,
  0x31, 0xEC, 0x31, 0xEB, 0x31, 0xEA, 0x29, 0xEB, 0x31, 0xCB, 0x31, 0xCB, 0x31, 0xCB, 0x31, 0xCB,
  0x31, 0xCB, 0x31, 0xCB, 0x31, 0xCB, 0x31, 0xCA, 0x29, 0xA9, 0x29, 0xA9, 0x31, 0xCA, 0x31, 0xCA,
  0x31, 0xCB, 0x31, 0xEB, 0x31, 0xEA, 0x31, 0xEA, 0x39, 0xEB, 0x31, 0xEB, 0x31, 0xEB, 0x39, 0xEB,
  0x31, 0xEB, 0x31, 0xCB, 0x31, 0xAA, 0x31, 0xA9, 0x31, 0xAA, 0x29, 0xCA, 0x31, 0xCA, 0x31, 0xCB,
  0x31, 0xCA, 0x31, 0xC9, 0x31, 0xAA, 0x31, 0xA9, 0x31, 0xA9, 0x31, 0xAA, 0x31, 0xAA, 0x31, 0xAA,
  0x31, 0xAA, 0x31, 0xAA, 0x31, 0xAB, 0x31, 0xAB, 0x31, 0xAB, 0x31, 0xAA, 0x31, 0xAA, 0x31, 0xAB,
  0x31, 0xCB, 0x31, 0xCB, 0x31, 0xCB, 0x31, 0xCB, 0x31, 0xCB, 0x31, 0xCB, 0x31, 0xCB, 0x31, 0xCB,
  0x31, 0xCB, 0x31, 0xCB, 0x29, 0xEB, 0x31, 0xEA, 0x39, 0xEB, 0x39, 0xEC, 0x3A, 0x0C, 0x32, 0x0C,
  0x42, 0x2C, 0x42, 0x4C, 0x42, 0x6D, 0x4A, 0x8E, 0x4A, 0xCE, 0x53, 0x0F, 0x63, 0x91, 0x7C, 0x12,
  0xE7, 0x3C, 0xE7, 0x3C, 0xE7, 0x3C, 0xE7, 0x1C, 0xEF, 0x3C, 0xE7, 0x1B, 0xE7, 0x3B, 0xE7, 0x1B,
  0xE7, 0x1C, 0xDE, 0xFB, 0xD6, 0x79, 0xBD, 0xD7, 0xA5, 0x14, 0x94, 0xB2, 0x94, 0xB2, 0x94, 0xB2,
  0x94, 0x92, 0x9C, 0xD2, 0xBD, 0x96, 0xDE, 0xBA, 0xF7, 0x9D, 0xF7, 0xBD, 0xF7, 0xBE, 0xFF, 0xDF,
  0xF7, 0xBF, 0xF7, 0xBF, 0xA5, 0x56, 0x6B, 0x90, 0x5B, 0x51, 0x52, 0xCF, 0x4A, 0x8E, 0x42, 0x6E,
  0x3A, 0x4D, 0x42, 0x4C, 0x3A, 0x2D, 0x32, 0x2D, 0x3A, 0x2D, 0x3A, 0x2D, 0x3A, 0x2D, 0x32, 0x2D,
  0x3A, 0x2D, 0x42, 0x2D, 0x42, 0x2C, 0x42, 0x2C, 0x42, 0x2C, 0x42, 0x4C, 0x4A, 0x4D, 0x52, 0x6E,
  0x52, 0x6C, 0x7B, 0x0D, 0xBC, 0x32, 0xC4, 0x53, 0xC4, 0x73, 0xC4, 0x73, 0xBC, 0x53, 0x83, 0x2E,
  0x62, 0xCE, 0x63, 0x10, 0x63, 0x30, 0x63, 0x50, 0x84, 0x11, 0xD6, 0x59, 0xD6, 0x99, 0xDE, 0xBA,
  0xC6, 0x39, 0x8C, 0x52, 0x73, 0xB1, 0x73, 0xD2, 0x63, 0x71, 0x5B, 0x31, 0x5B, 0x10, 0x5B, 0x10,
  0x52, 0xEF, 0x52, 0xEF, 0x52, 0xEF, 0x52, 0xEF, 0x52, 0xEF, 0x52, 0xEF, 0x4A, 0xCF, 0x4A, 0xCF,
  0x4A, 0xCF, 0x52, 0xCF, 0x4A, 0xCF, 0x4A, 0xCF, 0x4A, 0xAE, 0x4A, 0x8D, 0x42, 0x4B, 0x42, 0x2A,
  0x42, 0x28, 0x42, 0x07, 0x39, 0xC7, 0x41, 0xE7, 0x41, 0xE8, 0x3A, 0x08, 0x42, 0x27, 0x4A, 0x28,
  0x4A, 0x29, 0x4A, 0x48, 0x52, 0x69, 0x5A, 0x69, 0x6A, 0xCB, 0xB4, 0xD2, 0xEE, 0xB9, 0xF7, 0x1A,
  0xF7, 0x3A, 0xFF, 0x5B, 0xFF, 0x7C, 0xFF, 0x7C, 0xFF, 0x7C, 0xFF, 0x7C, 0xFF, 0x7C, 0xFF, 0x7C,
  0xFF, 0x7C, 0xFF, 0x7C, 0xFF, 0x7C, 0xFF, 0x7C, 0xFF, 0x7C, 0xFF, 0x7C, 0xFF, 0x7C, 0xFF, 0x7C,
  0xFF, 0x7C, 0xFF, 0x7C, 0xFF, 0x7C, 0xFF, 0x7C, 0xF7, 0x5C, 0xFF, 0x5C, 0xF6, 0xFA, 0xDD, 0xD5,
  0xE5, 0x74, 0xF5, 0x95, 0xFD, 0xB5, 0xFD, 0xB5, 0xFD, 0xB5, 0xFD, 0xB5, 0xFD, 0xB5, 0xFD, 0xB5,
  0xFD, 0xB5, 0xFD, 0xB5, 0xF5, 0xB5, 0xF5, 0xF6, 0xFE, 0x98, 0xFF, 0x3B, 0xFF, 0x5B, 0xFF, 0x7C,
  0xFF, 0x7C, 0xFF, 0x7C, 0xFF, 0x7C, 0xFF, 0x7C, 0xFF, 0x7C, 0xFF, 0x7C, 0xF7, 0x5C, 0xF7, 0x1A,
  0xF7, 0x1A, 0xD6, 0x37, 0x7B, 0xAE, 0x52, 0x8A, 0x4A, 0x8B, 0x4A, 0x4B, 0x42, 0x2B, 0x3A, 0x4B,
  0x42, 0x4C, 0x42, 0x2C, 0x42, 0x2C, 0x3A, 0x2C, 0x3A, 0x0C, 0x32, 0x0C, 0x3A, 0x0C, 0x39, 0xEB,
  0x31, 0xEC, 0x29, 0xEB, 0x31, 0xCB, 0x31, 0xCB, 0x31, 0xCB, 0x31, 0xCB, 0x31, 0xCB, 0x31, 0xCB,
  0x31, 0xCB, 0x31, 0xCB, 0x31, 0xAA, 0x31, 0xAA, 0x29, 0xA9, 0x29, 0xA9, 0x31, 0xCB, 0x31, 0xCB,
  0x31, 0xCB, 0x31, 0xCB, 0x29, 0xEB, 0x29, 0xEB, 0x31, 0xEB, 0x31, 0xCA, 0x31, 0xCA, 0x31, 0xCB,
  0x29, 0xCA, 0x31, 0xAA, 0x29, 0x88, 0x29, 0x88, 0x29, 0x88, 0x31, 0xA9, 0x31, 0xCB, 0x31, 0xCB,
  0x31, 0xCB, 0x31, 0xCB, 0x31, 0xAA, 0x31, 0xA9, 0x29, 0xAA, 0x29, 0x89, 0x31, 0x89, 0x31, 0xAA,
  0x31, 0xA9, 0x31, 0xAA, 0x31, 0xAA, 0x29, 0xAA, 0x21, 0xAB, 0x29, 0xAB, 0x29, 0xAB, 0x29, 0xAB,
  0x29, 0xAB, 0x21, 0xAA, 0x29, 0xAA, 0x31, 0xCB, 0x31, 0xCB, 0x31, 0xCB, 0x31, 0xCB, 0x31, 0xCB,
  0x31, 0xCB, 0x31, 0xCB, 0x31, 0xCB, 0x31, 0xEB, 0x31, 0xEB, 0x39, 0xEB, 0x3A, 0x0B, 0x3A, 0x0C,
  0x3A, 0x2B, 0x42, 0x2C, 0x42, 0x4D, 0x42, 0x6D, 0x4A, 0xAE, 0x52, 0xEF, 0x63, 0x31, 0x6B, 0xD2,
  0xE7, 0x1B, 0xE7, 0x1B, 0xE7, 0x1B, 0xE6, 0xFB, 0xE7, 0x1B, 0xE6, 0xFB, 0xDE, 0xDA, 0xD6, 0xBA,
  0xC6, 0x38, 0xB5, 0x95, 0xA5, 0x13, 0x9C, 0xD2, 0x94, 0xB2, 0x94, 0xB2, 0x9C, 0xB2, 0x9C, 0xD3,
  0xB5, 0x96, 0xDE, 0x9A, 0xEF, 0x3C, 0xEF, 0x5D, 0xF7, 0x9E, 0xFF, 0xDE, 0xFF, 0xDF, 0xFF, 0xBE,
  0xFF, 0xDF, 0xEF, 0x7D, 0x8C, 0xB3, 0x6B, 0x90, 0x5B, 0x30, 0x4A, 0xCF, 0x4A, 0x8E, 0x42, 0x6E,
  0x42, 0x4D, 0x42, 0x4C, 0x3A, 0x2D, 0x32, 0x2D, 0x3A, 0x0D, 0x3A, 0x0D, 0x3A, 0x0D, 0x3A, 0x0D,
  0x3A, 0x0D, 0x3A, 0x2D, 0x42, 0x2C, 0x42, 0x2C, 0x42, 0x2C, 0x42, 0x2C, 0x42, 0x2D, 0x42, 0x4D,
  0x4A, 0x6E, 0x52, 0x6C, 0x83, 0x0E, 0xB4, 0x32, 0xBC, 0x32, 0xBC, 0x32, 0xB3, 0xF1, 0x72, 0xEC,
  0x5A, 0xCE, 0x5A, 0xCF, 0x5A, 0xF0, 0x63, 0x2F, 0x73, 0x90, 0xBD, 0xD7, 0xD6, 0x79, 0xB5, 0xB6,
  0x7B, 0xF0, 0x73, 0x90, 0x6B, 0x91, 0x63, 0x31, 0x5B, 0x10, 0x5B, 0x10, 0x52, 0xEF, 0x52, 0xCE,
  0x4A, 0xAE, 0x4A, 0xAE, 0x4A, 0xAF, 0x4A, 0xAE, 0x4A, 0xAE, 0x4A, 0xAE, 0x4A, 0xAE, 0x4A, 0xAE,
  0x4A, 0xAE, 0x4A, 0xAE, 0x4A, 0x8E, 0x42, 0x8E, 0x42, 0x6E, 0x42, 0x4D, 0x3A, 0x2B, 0x3A, 0x0A,
  0x42, 0x08, 0x41, 0xE8, 0x41, 0xE8, 0x41, 0xE8, 0x41, 0xE8, 0x41, 0xE8, 0x42, 0x08, 0x42, 0x28,
  0x4A, 0x28, 0x42, 0x29, 0x4A, 0x49, 0x52, 0x49, 0x52, 0x8A, 0x62, 0xCB, 0xAC, 0xB1, 0xEE, 0x98,
  0xF6, 0xFA, 0xF7, 0x3A, 0xF7, 0x5B, 0xFF, 0x5C, 0xFF, 0x7C, 0xFF, 0x7C, 0xFF, 0x7C, 0xFF, 0x7C,
  0xFF, 0x7C, 0xFF, 0x7C, 0xFF, 0x7C, 0xFF, 0x7C, 0xFF, 0x7C, 0xFF, 0x7C, 0xFF, 0x7C, 0xFF, 0x7C,
  0xFF, 0x7C, 0xFF, 0x7C, 0xFF, 0x7C, 0xFF, 0x7C, 0xFF, 0x7C, 0xF7, 0x5C, 0xFF, 0x5B, 0xFF, 0x5B,
  0xEE, 0x57, 0xE5, 0xB5, 0xED, 0xB5, 0xF5, 0xD6, 0xF5, 0xB5, 0xFD, 0xB5, 0xFD, 0xB5, 0xFD, 0xB6,
  0xFD, 0xD6, 0xFE, 0x17, 0xF6, 0x78, 0xF6, 0xF9, 0xFF, 0x5B, 0xFF, 0x5B, 0xFF, 0x5C, 0xFF, 0x7C,
  0xFF, 0x7C, 0xFF, 0x7C, 0xFF, 0x7C, 0xFF, 0x7C, 0xFF, 0x7C, 0xFF, 0x5C, 0xF7, 0x1A, 0xF7, 0x1A,
  0xD5, 0xF6, 0x73, 0x4C, 0x52, 0x8B, 0x4A, 0x8B, 0x42, 0x4A, 0x4A, 0x4B, 0x42, 0x2B, 0x42, 0x2A,
  0x42, 0x2B, 0x42, 0x2C, 0x42, 0x2C, 0x3A, 0x2C, 0x32, 0x0C, 0x3A, 0x0C, 0x39, 0xEC, 0x39, 0xEB,
  0x31, 0xEB, 0x31, 0xCB, 0x31, 0xCB, 0x31, 0xCB, 0x31, 0xCB, 0x31, 0xCB, 0x31, 0xCB, 0x31, 0xCB,
  0x31, 0xCB, 0x31, 0xCB, 0x31, 0xCB, 0x31, 0xAA, 0x29, 0xA8, 0x29, 0xA9, 0x31, 0xAB, 0x31, 0xAB,
  0x31, 0xCA, 0x31, 0xCA, 0x31, 0xCB, 0x31, 0xCA, 0x31, 0xCB, 0x31, 0xCB, 0x31, 0xCB, 0x31, 0xCA,
  0x31, 0xA9, 0x29, 0x89, 0x21, 0x88, 0x21, 0x87, 0x29, 0x88, 0x31, 0xA9, 0x31, 0xCA, 0x31, 0xAB,
  0x31, 0xCB, 0x31, 0xCB, 0x31, 0xAA, 0x31, 0xA9, 0x31, 0xAA, 0x29, 0x89, 0x29, 0x88, 0x29, 0x89,
  0x31, 0xAA, 0x31, 0xAA, 0x31, 0xAA, 0x29, 0xAA, 0x21, 0xAB, 0x29, 0xAB, 0x29, 0xAB, 0x29, 0xAB,
  0x29, 0xAB, 0x21, 0xAA, 0x29, 0xAA, 0x31, 0xCB, 0x31, 0xCB, 0x31, 0xCB, 0x31, 0xCB, 0x31, 0xCB,
  0x31, 0xCB, 0x31, 0xCB, 0x31, 0xCB, 0x31, 0xCB, 0x31, 0xEB, 0x31, 0xEB, 0x39, 0xEA, 0x3A, 0x0B,
  0x32, 0x0C, 0x3A, 0x2C, 0x42, 0x4D, 0x42, 0x4D, 0x4A, 0x8E, 0x4A, 0xAE, 0x52, 0xEF, 0x63, 0x51,
  0xE6, 0xFB, 0xE6, 0xFA, 0xDE, 0xDA, 0xD6, 0xBA, 0xD6, 0x78, 0xC6, 0x17, 0xBD, 0xB6, 0xB5, 0x55,
  0xA5, 0x13, 0xA5, 0x13, 0xA4, 0xF3, 0xA4, 0xF3, 0xA5, 0x13, 0xAD, 0x55, 0xBD, 0xB6, 0xD6, 0x59,
  0xE6, 0xFB, 0xEF, 0x1B, 0xE7, 0x1B, 0xEF, 0x7C, 0xFF, 0xBD, 0xFF, 0xDE, 0xFF, 0xFF, 0xF7, 0xBE,
  0xFF, 0xFF, 0xD6, 0xDB, 0x7C, 0x11, 0x6B, 0x91, 0x5B, 0x10, 0x4A, 0xAF, 0x4A, 0x8E, 0x42, 0x6E,
  0x3A, 0x4D, 0x3A, 0x4D, 0x3A, 0x2D, 0x32, 0x2D, 0x3A, 0x0D, 0x3A, 0x0D, 0x3A, 0x0D, 0x3A, 0x0D,
  0x3A, 0x0D, 0x32, 0x0D, 0x3A, 0x2D, 0x42, 0x2D, 0x42, 0x2C, 0x42, 0x2C, 0x3A, 0x2D, 0x42, 0x2D,
  0x42, 0x4D, 0x4A, 0x6D, 0x52, 0x6C, 0x83, 0x2E, 0xAC, 0x12, 0xB4, 0x11, 0x9B, 0x8F, 0x5A, 0x6B,
  0x52, 0x8E, 0x52, 0xAE, 0x52, 0xCF, 0x5A, 0xEF, 0x63, 0x2E, 0xB5, 0x96, 0xAD, 0x35, 0x6B, 0x6F,
  0x63, 0x70, 0x63, 0x50, 0x5B, 0x10, 0x5B, 0x10, 0x52, 0xCF, 0x4A, 0xCF, 0x4A, 0xAE, 0x4A, 0x8E,
  0x42, 0x6D, 0x42, 0x6D, 0x4A, 0x6E, 0x4A, 0x6E, 0x42, 0x6E, 0x42, 0x6E, 0x42, 0x6E, 0x42, 0x6E,
  0x42, 0x6E, 0x42, 0x6E, 0x42, 0x6D, 0x42, 0x6D, 0x42, 0x4D, 0x42, 0x4D, 0x42, 0x2B, 0x42, 0x0A,
  0x39, 0xE8, 0x41, 0xE8, 0x41, 0xE9, 0x41, 0xE9, 0x41, 0xE8, 0x39, 0xE8, 0x39, 0xE7, 0x42, 0x08,
  0x4A, 0x27, 0x4A, 0x28, 0x42, 0x29, 0x42, 0x29, 0x4A, 0x49, 0x52, 0x6A, 0x62, 0xCB, 0x9C, 0x50,
  0xDE, 0x16, 0xF6, 0xD9, 0xFF, 0x1A, 0xF7, 0x3B, 0xFF, 0x5B, 0xFF, 0x7B, 0xFF, 0x7C, 0xFF, 0x7C,
  0xFF, 0x7C, 0xFF, 0x7C, 0xFF, 0x7C, 0xFF, 0x7C, 0xFF, 0x7C, 0xFF, 0x7C, 0xFF, 0x7C, 0xFF, 0x7C,
  0xFF, 0x7C, 0xFF, 0x7C, 0xFF, 0x7C, 0xFF, 0x7C, 0xFF, 0x7C, 0xFF, 0x7C, 0xFF, 0x5C, 0xFF, 0x5B,
  0xFF, 0x7C, 0xFF, 0x1B, 0xF6, 0xD9, 0xF6, 0x98, 0xF6, 0x57, 0xFE, 0x57, 0xFE, 0x77, 0xFE, 0x78,
  0xFE, 0xD9, 0xFF, 0x1B, 0xFF, 0x5B, 0xFF, 0x5B, 0xFF, 0x7C, 0xFF, 0x7C, 0xFF, 0x7C, 0xFF, 0x7C,
  0xFF, 0x7C, 0xFF, 0x7C, 0xFF, 0x7C, 0xFF, 0x7C, 0xFF, 0x5B, 0xF7, 0x1B, 0xF7, 0x3B, 0xC5, 0xB5,
  0x6B, 0x0C, 0x52, 0x8B, 0x4A, 0x8B, 0x42, 0x49, 0x42, 0x2B, 0x42, 0x4A, 0x42, 0x2B, 0x42, 0x2B,
  0x42, 0x2A, 0x42, 0x2B, 0x3A, 0x0C, 0x3A, 0x0C, 0x32, 0x0B, 0x3A, 0x0B, 0x39, 0xEB, 0x31, 0xEB,
  0x29, 0xCB, 0x31, 0xCB, 0x31, 0xCB, 0x31, 0xCB, 0x31, 0xCB, 0x31, 0xCB, 0x31, 0xCB, 0x31, 0xCB,
  0x31, 0xCB, 0x31, 0xCB, 0x31, 0xAB, 0x29, 0x8A, 0x29, 0x88, 0x29, 0xA9, 0x31, 0xAA, 0x31, 0xA9,
  0x31, 0xA9, 0x31, 0xAA, 0x31, 0xCB, 0x31, 0xCA, 0x31, 0xAA, 0x31, 0xAA, 0x31, 0xAA, 0x29, 0xAA,
  0x29, 0x89, 0x29, 0x68, 0x29, 0x67, 0x29, 0x67, 0x29, 0x89, 0x29, 0xAA, 0x31, 0xAA, 0x31, 0xAB,
  0x31, 0xAA, 0x31, 0xAB, 0x31, 0xAA, 0x31, 0xA9, 0x31, 0xAA, 0x31, 0xAA, 0x29, 0x88, 0x29, 0x88,
  0x31, 0xAA, 0x31, 0xAA, 0x31, 0xA9, 0x29, 0xAA, 0x21, 0xAB, 0x29, 0xAB, 0x29, 0xAB, 0x29, 0xAA,
  0x29, 0xAA, 0x21, 0xAA, 0x29, 0xAA, 0x31, 0xCB, 0x31, 0xCB, 0x31, 0xCB, 0x31, 0xCB, 0x31, 0xCB,
  0x31, 0xCB, 0x31, 0xCB, 0x31, 0xCB, 0x31, 0xCB, 0x31, 0xEB, 0x31, 0xEA, 0x31, 0xEB, 0x39, 0xEB,
  0x3A, 0x0B, 0x3A, 0x2C, 0x42, 0x2C, 0x42, 0x4D, 0x42, 0x6D, 0x4A, 0x8D, 0x52, 0xCE, 0x5B, 0x0F,
  0xCE, 0x38, 0xC5, 0xF7, 0xBD, 0xD6, 0xB5, 0x95, 0xB5, 0x54, 0xAD, 0x54, 0xAD, 0x54, 0xAD, 0x54,
  0xAD, 0x54, 0xB5, 0x74, 0xBD, 0xB6, 0xC5, 0xF7, 0xD6, 0x79, 0xDE, 0xDA, 0xE7, 0x1B, 0xEF, 0x1B,
  0xEF, 0x1B, 0xEF, 0x3C, 0xEF, 0x5C, 0xF7, 0x7D, 0xFF, 0xBE, 0xFF, 0xDE, 0xFF, 0xFF, 0xF7, 0xDE,
  0xFF, 0xDF, 0xBE, 0x19, 0x73, 0xD1, 0x6B, 0x91, 0x53, 0x10, 0x4A, 0xAF, 0x42, 0x6E, 0x42, 0x6D,
  0x42, 0x4C, 0x3A, 0x2D, 0x32, 0x2D, 0x3A, 0x2C, 0x3A, 0x0C, 0x3A, 0x0D, 0x3A, 0x0D, 0x3A, 0x0C,
  0x3A, 0x0C, 0x3A, 0x0C, 0x32, 0x0D, 0x3A, 0x0C, 0x3A, 0x2B, 0x42, 0x2C, 0x42, 0x2D, 0x3A, 0x2D,
  0x42, 0x2D, 0x42, 0x4C, 0x4A, 0x6D, 0x52, 0x4C, 0x72, 0xED, 0x9B, 0xD0, 0x72, 0xAC, 0x4A, 0x4B,
  0x52, 0x8E, 0x4A, 0x8E, 0x4A, 0x8E, 0x52, 0xAE, 0x5A, 0xAD, 0x73, 0xAF, 0x63, 0x0E, 0x5B, 0x0E,
  0x5B, 0x0F, 0x52, 0xEF, 0x52, 0xCF, 0x4A, 0xAF, 0x4A, 0xAE, 0x4A, 0x8E, 0x4A, 0x8E, 0x4A, 0x6E,
  0x42, 0x4D, 0x42, 0x4C, 0x42, 0x6D, 0x42, 0x4D, 0x42, 0x4E, 0x3A, 0x4E, 0x3A, 0x4D, 0x3A, 0x4D,
  0x3A, 0x4D, 0x3A, 0x4D, 0x42, 0x4D, 0x42, 0x4C, 0x42, 0x4C, 0x42, 0x4C, 0x42, 0x2C, 0x42, 0x0B,
  0x39, 0xEA, 0x39, 0xE8, 0x39, 0xE8, 0x39, 0xC8, 0x39, 0xE9, 0x39, 0xE8, 0x39, 0xE8, 0x42, 0x07,
  0x42, 0x08, 0x42, 0x08, 0x42, 0x28, 0x3A, 0x28, 0x42, 0x08, 0x4A, 0x49, 0x4A, 0x6A, 0x52, 0x8A,
  0x83, 0x8D, 0xC5, 0x54, 0xEE, 0xB8, 0xFF, 0x1B, 0xFF, 0x3A, 0xFF, 0x5B, 0xFF, 0x7C, 0xFF, 0x7C,
  0xFF, 0x7C, 0xFF, 0x7C, 0xFF, 0x7C, 0xFF, 0x7C, 0xFF, 0x7C, 0xFF, 0x7C, 0xFF, 0x7C, 0xFF, 0x7C,
  0xFF, 0x7C, 0xFF, 0x7C, 0xFF, 0x7C, 0xFF, 0x7C, 0xFF, 0x7C, 0xFF, 0x7C, 0xFF, 0x7C, 0xFF, 0x7C,
  0xFF, 0x5B, 0xFF, 0x7C, 0xFF, 0x7C, 0xFF, 0x5B, 0xFF, 0x5B, 0xFF, 0x5B, 0xFF, 0x5B, 0xFF, 0x5B,
  0xFF, 0x7C, 0xFF, 0x7C, 0xFF, 0x5C, 0xFF, 0x7C, 0xFF, 0x7C, 0xFF, 0x7C, 0xFF, 0x7C, 0xFF, 0x9C,
  0xFF, 0x7C, 0xFF, 0x7C, 0xFF, 0x7C, 0xFF, 0x5B, 0xF7, 0x3A, 0xF7, 0x3B, 0xBD, 0x74, 0x63, 0x0C,
  0x52, 0x8B, 0x4A, 0x6A, 0x42, 0x2A, 0x42, 0x2A, 0x3A, 0x2A, 0x42, 0x4B, 0x42, 0x2C, 0x42, 0x2B,
  0x3A, 0x0B, 0x3A, 0x0B, 0x32, 0x0C, 0x3A, 0x0C, 0x3A, 0x0B, 0x39, 0xEB, 0x39, 0xEB, 0x31, 0xEA,
  0x29, 0xCB, 0x31, 0xCB, 0x31, 0xCB, 0x31, 0xCB, 0x31, 0xCB, 0x31, 0xCB, 0x31, 0xCB, 0x31, 0xCB,
  0x31, 0xCB, 0x31, 0xCB, 0x31, 0xAA, 0x29, 0xAA, 0x21, 0x88, 0x29, 0xA9, 0x31, 0xAA, 0x31, 0xA9,
  0x31, 0xAA, 0x31, 0xAA, 0x31, 0xAA, 0x31, 0xAA, 0x31, 0xAA, 0x31, 0xAA, 0x29, 0xA9, 0x29, 0x89,
  0x21, 0x68, 0x29, 0x66, 0x29, 0x67, 0x29, 0x68, 0x21, 0x89, 0x21, 0xAA, 0x31, 0xAA, 0x31, 0xAA,
  0x31, 0xAA, 0x31, 0xAB, 0x31, 0xAA, 0x31, 0xAA, 0x31, 0xAA, 0x31, 0xAA, 0x29, 0x89, 0x21, 0x68,
  0x29, 0x89, 0x31, 0xAA, 0x31, 0xAA, 0x29, 0xAA, 0x21, 0xAA, 0x29, 0xAA, 0x29, 0xAB, 0x29, 0xAA,
  0x29, 0xA9, 0x21, 0xAA, 0x29, 0xAA, 0x31, 0xAA, 0x31, 0xAA, 0x31, 0xCB, 0x31, 0xCB, 0x31, 0xCB,
  0x31, 0xCB, 0x31, 0xCB, 0x31, 0xCB, 0x31, 0xCB, 0x31, 0xCB, 0x29, 0xEB, 0x31, 0xEB, 0x39, 0xEA,
  0x39, 0xEB, 0x32, 0x0C, 0x3A, 0x2C, 0x42, 0x2C, 0x42, 0x4D, 0x42, 0x6D, 0x4A, 0xAE, 0x52, 0xEF,
  0xBD, 0xD5, 0xBD, 0xD6, 0xBD, 0xD6, 0xBD, 0xB5, 0xBD, 0xB5, 0xC5, 0xD6, 0xCE, 0x17, 0xD6, 0x37,
  0xD6, 0x79, 0xDE, 0x9A, 0xE6, 0xDA, 0xE6, 0xFB, 0xEF, 0x1B, 0xE7, 0x1B, 0xEF, 0x1A, 0xEF, 0x1A,
  0xEF, 0x3B, 0xF7, 0x5C, 0xFF, 0x5C, 0xFF, 0x7D, 0xFF, 0xBE, 0xFF, 0xDF, 0xFF, 0xFF, 0xF7, 0xDF,
  0xF7, 0xBE, 0xA5, 0x36, 0x73, 0xB2, 0x63, 0x71, 0x52, 0xEF, 0x4A, 0xAE, 0x42, 0x6E, 0x3A, 0x4D,
  0x42, 0x4C, 0x3A, 0x2D, 0x32, 0x2C, 0x3A, 0x0C, 0x3A, 0x0B, 0x3A, 0x0C, 0x3A, 0x0C, 0x3A, 0x0C,
  0x3A, 0x0C, 0x3A, 0x0C, 0x3A, 0x0C, 0x3A, 0x0C, 0x32, 0x0B, 0x3A, 0x0C, 0x3A, 0x2D, 0x42, 0x2D,
  0x42, 0x2D, 0x3A, 0x2D, 0x42, 0x4D, 0x42, 0x4D, 0x4A, 0x2B, 0x52, 0x4B, 0x52, 0x2B, 0x4A, 0x4C,
  0x4A, 0x6D, 0x4A, 0x6D, 0x4A, 0x6D, 0x4A, 0x6D, 0x4A, 0x8D, 0x4A, 0x6B, 0x4A, 0xAE, 0x4A, 0xAF,
  0x4A, 0xAF, 0x4A, 0xAE, 0x4A, 0x8E, 0x4A, 0x8E, 0x42, 0x6D, 0x42, 0x6D, 0x42, 0x6D, 0x42, 0x6D,
  0x3A, 0x4D, 0x42, 0x2C, 0x42, 0x2C, 0x3A, 0x4D, 0x42, 0x4D, 0x42, 0x4D, 0x42, 0x4D, 0x42, 0x4D,
  0x42, 0x4C, 0x42, 0x4C, 0x3A, 0x2D, 0x3A, 0x2D, 0x42, 0x2D, 0x42, 0x2D, 0x3A, 0x2B, 0x3A, 0x0C,
  0x31, 0xEB, 0x39, 0xE8, 0x39, 0xE7, 0x31, 0xC8, 0x39, 0xE9, 0x39, 0xE9, 0x39, 0xC8, 0x39, 0xE8,
  0x42, 0x08, 0x3A, 0x07, 0x42, 0x08, 0x42, 0x07, 0x3A, 0x09, 0x42, 0x29, 0x42, 0x29, 0x52, 0x6A,
  0x52, 0x8A, 0x6B, 0x0C, 0xA4, 0x70, 0xE6, 0x36, 0xFF, 0x3B, 0xFF, 0x5B, 0xF7, 0x5B, 0xF7, 0x5C,
  0xFF, 0x7C, 0xFF, 0x7C, 0xFF, 0x7C, 0xFF, 0x7C, 0xFF, 0x7C, 0xFF, 0x7C, 0xFF, 0x7C, 0xFF, 0x7C,
  0xFF, 0x7C, 0xFF, 0x7C, 0xFF, 0x7C, 0xFF, 0x7C, 0xFF, 0x7C, 0xFF, 0x7C, 0xFF, 0x7C, 0xFF, 0x7C,
  0xFF, 0x7C, 0xFF, 0x7C, 0xFF, 0x7C, 0xFF, 0x7C, 0xFF, 0x7C, 0xFF, 0x7C, 0xFF, 0x7C, 0xFF, 0x7C,
  0xFF, 0x7C, 0xFF, 0x7C, 0xFF, 0x7C, 0xFF, 0x7C, 0xFF, 0x7C, 0xFF, 0x7C, 0xFF, 0x7C, 0xFF, 0x7C,
  0xFF, 0x7C, 0xFF, 0x7C, 0xF7, 0x5B, 0xF7, 0x5B, 0xF7, 0x5B, 0xB5, 0x34, 0x63, 0x0C, 0x52, 0xAB,
  0x4A, 0x6B, 0x4A, 0x2A, 0x42, 0x29, 0x42, 0x2A, 0x42, 0x2A, 0x42, 0x4C, 0x42, 0x2C, 0x3A, 0x2C,
  0x32, 0x0B, 0x32, 0x0A, 0x3A, 0x0A, 0x39, 0xEB, 0x32, 0x0C, 0x31, 0xEC, 0x39, 0xEB, 0x31, 0xCB,
  0x29, 0xCB, 0x31, 0xCB, 0x31, 0xCB, 0x31, 0xCB, 0x31, 0xCB, 0x31, 0xAB, 0x31, 0xAB, 0x31, 0xCB,
  0x31, 0xCB, 0x31, 0xCB, 0x31, 0xAA, 0x29, 0xAA, 0x21, 0x89, 0x29, 0xA9, 0x31, 0xAA, 0x31, 0xA9,
  0x31, 0xAA, 0x31, 0xAA, 0x31, 0xA9, 0x31, 0xA9, 0x29, 0xAA, 0x29, 0xAA, 0x29, 0x89, 0x29, 0x68,
  0x29, 0x67, 0x29, 0x67, 0x29, 0x67, 0x29, 0x87, 0x29, 0xA9, 0x29, 0xAA, 0x31, 0xCA, 0x31, 0xAA,
  0x31, 0xA9, 0x31, 0xAA, 0x31, 0xAA, 0x31, 0xAA, 0x29, 0xAA, 0x29, 0xAA, 0x29, 0x89, 0x21, 0x68,
  0x29, 0x89, 0x31, 0xAA, 0x31, 0xAA, 0x31, 0xAA, 0x31, 0xA9, 0x29, 0xAA, 0x21, 0xAA, 0x29, 0xAA,
  0x29, 0xAA, 0x29, 0xAA, 0x21, 0xAA, 0x29, 0xA9, 0x31, 0xAA, 0x31, 0xCB, 0x31, 0xCB, 0x31, 0xCB,
  0x31, 0xCB, 0x31, 0xCB, 0x31, 0xCB, 0x31, 0xCB, 0x31, 0xCB, 0x31, 0xEB, 0x29, 0xEB, 0x31, 0xEB,
  0x39, 0xEA, 0x3A, 0x0B, 0x32, 0x0C, 0x3A, 0x0C, 0x42, 0x4C, 0x42, 0x6D, 0x4A, 0x8E, 0x52, 0xAE,
  0xE6, 0xDA, 0xE6, 0xBA, 0xE6, 0xBA, 0xE6, 0xBA, 0xE6, 0xD9, 0xE6, 0xD9, 0xEF, 0x1A, 0xEF, 0x1B,
  0xEE, 0xFB, 0xEF, 0x1B, 0xEF, 0x1B, 0xEF, 0x1B, 0xEF, 0x1A, 0xEF, 0x1B, 0xEF, 0x3B, 0xF7, 0x3B,
  0xF7, 0x3C, 0xF7, 0x5C, 0xFF, 0x7C, 0xFF, 0x9D, 0xFF, 0xBE, 0xFF, 0xDE, 0xFF, 0xFF, 0xF7, 0xDF,
  0xE7, 0x3C, 0x8C, 0x94, 0x73, 0xB2, 0x63, 0x51, 0x52, 0xCF, 0x4A, 0xAE, 0x42, 0x6E, 0x42, 0x6D,
  0x42, 0x4D, 0x3A, 0x2D, 0x32, 0x2D, 0x3A, 0x0C, 0x3A, 0x0C, 0x3A, 0x0C, 0x3A, 0x0C, 0x3A, 0x0C,
  0x3A, 0x0C, 0x3A, 0x0C, 0x3A, 0x0C, 0x3A, 0x0C, 0x3A, 0x0C, 0x32, 0x0C, 0x3A, 0x0C, 0x3A, 0x0C,
  0x42, 0x2D, 0x42, 0x0C, 0x3A, 0x2D, 0x42, 0x2D, 0x42, 0x2C, 0x42, 0x2B, 0x42, 0x0B, 0x42, 0x0B,
  0x42, 0x4C, 0x42, 0x4D, 0x42, 0x4D, 0x4A, 0x4D, 0x42, 0x4C, 0x4A, 0x6C, 0x4A, 0x8E, 0x42, 0x8E,
  0x42, 0x8E, 0x42, 0x8E, 0x4A, 0x6E, 0x4A, 0x6E, 0x42, 0x4D, 0x3A, 0x4C, 0x3A, 0x4C, 0x42, 0x4D,
  0x42, 0x2C, 0x3A, 0x0B, 0x3A, 0x2C, 0x3A, 0x2C, 0x3A, 0x2D, 0x3A, 0x2D, 0x3A, 0x2D, 0x3A, 0x2D,
  0x3A, 0x2D, 0x3A, 0x2D, 0x32, 0x2D, 0x32, 0x2D, 0x3A, 0x2D, 0x3A, 0x2D, 0x3A, 0x0C, 0x3A, 0x0C,
  0x39, 0xEB, 0x39, 0xC9, 0x39, 0xE7, 0x39, 0xC8, 0x39, 0xE8, 0x39, 0xE9, 0x39, 0xC9, 0x41, 0xE8,
  0x42, 0x08, 0x42, 0x07, 0x42, 0x08, 0x42, 0x08, 0x42, 0x08, 0x42, 0x09, 0x42, 0x28, 0x42, 0x29,
  0x4A, 0x6A, 0x52, 0xAB, 0x62, 0xCB, 0x93, 0xEF, 0xC5, 0x74, 0xF6, 0xD9, 0xFF, 0x5B, 0xFF, 0x5C,
  0xF7, 0x5C, 0xFF, 0x5C, 0xFF, 0x7C, 0xFF, 0x7C, 0xFF, 0x7C, 0xFF, 0x7C, 0xFF, 0x7C, 0xFF, 0x7C,
  0xFF, 0x7C, 0xFF, 0x7C, 0xFF, 0x7C, 0xFF, 0x7C, 0xFF, 0x7C, 0xFF, 0x7C, 0xFF, 0x7C, 0xFF, 0x7C,
  0xFF, 0x7C, 0xFF, 0x7C, 0xFF, 0x7C, 0xFF, 0x7C, 0xFF, 0x7C, 0xFF, 0x7C, 0xFF, 0x7C, 0xFF, 0x7C,
  0xFF, 0x7C, 0xFF, 0x7C, 0xFF, 0x7C, 0xFF, 0x7C, 0xFF, 0x7C, 0xFF, 0x7C, 0xFF, 0x7C, 0xFF, 0x7C,
  0xFF, 0x5B, 0xF7, 0x5B, 0xFF, 0x5B, 0xF7, 0x1A, 0xB5, 0x34, 0x9C, 0xB3, 0x6B, 0x6E, 0x4A, 0x8B,
  0x42, 0x4A, 0x42, 0x2A, 0x3A, 0x29, 0x3A, 0x2A, 0x42, 0x2B, 0x42, 0x4C, 0x42, 0x2C, 0x3A, 0x2C,
  0x3A, 0x0B, 0x3A, 0x0A, 0x32, 0x0A, 0x31, 0xEB, 0x31, 0xEC, 0x31, 0xEC, 0x31, 0xEB, 0x31, 0xCB,
  0x31, 0xCB, 0x31, 0xCB, 0x31, 0xAB, 0x31, 0xAB, 0x31, 0xCB, 0x31, 0xAA, 0x31, 0x8A, 0x31, 0xAB,
  0x31, 0xCB, 0x31, 0xCB, 0x31, 0xAA, 0x29, 0x89, 0x21, 0x89, 0x29, 0xAA, 0x31, 0xA9, 0x31, 0xAA,
  0x31, 0xA9, 0x31, 0xA9, 0x31, 0xAA, 0x31, 0xAA, 0x29, 0xAA, 0x21, 0xA9, 0x29, 0x67, 0x29, 0x67,
  0x29, 0x67, 0x29, 0x67, 0x21, 0x67, 0x29, 0x89, 0x31, 0xAA, 0x29, 0xAA, 0x29, 0xAA, 0x31, 0xAA,
  0x31, 0xA9, 0x31, 0xA9, 0x31, 0xA9, 0x31, 0xA9, 0x29, 0xAA, 0x31, 0xAA, 0x29, 0x89, 0x21, 0x88,
  0x29, 0x89, 0x29, 0x8A, 0x31, 0xAA, 0x31, 0xAA, 0x31, 0xAA, 0x29, 0xAA, 0x21, 0xAA, 0x29, 0xAA,
  0x29, 0xA9, 0x29, 0xAA, 0x21, 0xAA, 0x29, 0xAA, 0x31, 0xA9, 0x31, 0xAA, 0x31, 0xAB, 0x31, 0xCB,
  0x31, 0xCB, 0x31, 0xCB, 0x31, 0xCB, 0x31, 0xCB, 0x31, 0xCB, 0x31, 0xCB, 0x31, 0xCB, 0x31, 0xEB,
  0x31, 0xEA, 0x39, 0xEB, 0x3A, 0x0C, 0x32, 0x0B, 0x42, 0x2C, 0x42, 0x4D, 0x42, 0x6D, 0x4A, 0x8E,
  0xEE, 0xFB, 0xEE, 0xFB, 0xEE, 0xFB, 0xEE, 0xFB, 0xEE, 0xFA, 0xEF, 0x1A, 0xEF, 0x1B, 0xEF, 0x3A,
  0xEF, 0x1B, 0xEF, 0x3B, 0xF7, 0x3B, 0xF7, 0x3B, 0xF7, 0x3C, 0xF7, 0x5C, 0xF7, 0x5C, 0xF7, 0x5C,
  0xFF, 0x5C, 0xFF, 0x7C, 0xFF, 0x7D, 0xFF, 0x9D, 0xFF, 0xBE, 0xFF, 0xDE, 0xF7, 0xDF, 0xFF, 0xDF,
  0xCE, 0x59, 0x84, 0x12, 0x6B, 0xB2, 0x5B, 0x30, 0x52, 0xD0, 0x4A, 0x8E, 0x42, 0x6E, 0x42, 0x6E,
  0x42, 0x4D, 0x3A, 0x2D, 0x32, 0x2D, 0x3A, 0x2D, 0x3A, 0x0C, 0x3A, 0x0C, 0x3A, 0x0C, 0x3A, 0x0C,
  0x3A, 0x0C, 0x3A, 0x0C, 0x3A, 0x0C, 0x3A, 0x0C, 0x3A, 0x0C, 0x3A, 0x0C, 0x3A, 0x0B, 0x3A, 0x0C,
  0x3A, 0x0B, 0x3A, 0x0C, 0x42, 0x2D, 0x42, 0x2D, 0x42, 0x2D, 0x42, 0x2C, 0x42, 0x0B, 0x3A, 0x0B,
  0x42, 0x0B, 0x42, 0x2C, 0x42, 0x2C, 0x42, 0x4C, 0x42, 0x2B, 0x42, 0x2B, 0x42, 0x4D, 0x42, 0x4D,
  0x42, 0x4D, 0x42, 0x4D, 0x42, 0x4D, 0x42, 0x4D, 0x42, 0x4D, 0x42, 0x4D, 0x42, 0x4D, 0x3A, 0x2D,
  0x3A, 0x2D, 0x3A, 0x0B, 0x32, 0x0B, 0x3A, 0x2C, 0x3A, 0x2C, 0x32, 0x2C, 0x32, 0x2C, 0x32, 0x2C,
  0x32, 0x2D, 0x32, 0x2D, 0x3A, 0x2D, 0x3A, 0x2D, 0x32, 0x0D, 0x32, 0x0C, 0x3A, 0x0C, 0x3A, 0x0C,
  0x3A, 0x0B, 0x39, 0xEA, 0x39, 0xC8, 0x39, 0xE8, 0x39, 0xE8, 0x31, 0xE9, 0x39, 0xE9, 0x39, 0xE9,
  0x39, 0xE8, 0x42, 0x08, 0x42, 0x08, 0x42, 0x07, 0x41, 0xE8, 0x41, 0xE8, 0x42, 0x09, 0x3A, 0x08,
  0x42, 0x29, 0x4A, 0x4A, 0x52, 0x8C, 0x84, 0x12, 0x9C, 0xF5, 0xA4, 0xD3, 0xCD, 0xD6, 0xF6, 0xFA,
  0xFF, 0x3B, 0xFF, 0x5B, 0xFF, 0x5B, 0xFF, 0x5B, 0xFF, 0x7B, 0xFF, 0x7C, 0xFF, 0x7C, 0xFF, 0x7B,
  0xFF, 0x7C, 0xFF, 0x7C, 0xFF, 0x7C, 0xFF, 0x7C, 0xFF, 0x7C, 0xFF, 0x7C, 0xFF, 0x7C, 0xFF, 0x7C,
  0xFF, 0x7C, 0xFF, 0x7C, 0xFF, 0x7C, 0xFF, 0x7C, 0xFF, 0x7C, 0xFF, 0x7C, 0xFF, 0x9C, 0xFF, 0x7C,
  0xFF, 0x7C, 0xFF, 0x7C, 0xFF, 0x7C, 0xFF, 0x7C, 0xFF, 0x7B, 0xFF, 0x7C, 0xFF, 0x7C, 0xFF, 0x5B,
  0xFF, 0x5B, 0xFF, 0x5B, 0xE6, 0x78, 0xAC, 0xF3, 0xA5, 0x77, 0xAD, 0xDA, 0x63, 0x4E, 0x4A, 0x6B,
  0x42, 0x4A, 0x3A, 0x29, 0x3A, 0x2A, 0x3A, 0x2A, 0x3A, 0x4B, 0x42, 0x4C, 0x3A, 0x2C, 0x3A, 0x2C,
  0x3A, 0x0B, 0x3A, 0x0B, 0x29, 0xEB, 0x29, 0xEB, 0x31, 0xEB, 0x31, 0xEB, 0x31, 0xCB, 0x31, 0xCB,
  0x31, 0xCB, 0x31, 0xCB, 0x31, 0xCB, 0x31, 0xCB, 0x31, 0xCB, 0x31, 0xCA, 0x31, 0xCA, 0x31, 0xCB,
  0x31, 0xCB, 0x31, 0xCB, 0x29, 0xAA, 0x21, 0x89, 0x21, 0x89, 0x29, 0xAA, 0x31, 0xAA, 0x31, 0xAA,
  0x31, 0xAA, 0x31, 0xAA, 0x31, 0xAA, 0x31, 0xAA, 0x29, 0xAA, 0x21, 0x88, 0x29, 0x47, 0x29, 0x46,
  0x29, 0x47, 0x21, 0x67, 0x29, 0x89, 0x31, 0xAA, 0x31, 0xAA, 0x31, 0xAB, 0x31, 0xAB, 0x31, 0xAA,
  0x31, 0xAA, 0x31, 0xAA, 0x31, 0xAA, 0x31, 0xAA, 0x31, 0xAB, 0x31, 0xAA, 0x29, 0x8A, 0x29, 0x89,
  0x21, 0x88, 0x29, 0x8A, 0x29, 0xAA, 0x29, 0xAA, 0x31, 0xAA, 0x31, 0xAA, 0x29, 0xAA, 0x21, 0xAA,
  0x21, 0xAA, 0x21, 0xAA, 0x29, 0xAA, 0x31, 0xAA, 0x31, 0xAA, 0x31, 0xAA, 0x31, 0xAB, 0x31, 0xCB,
  0x31, 0xCB, 0x31, 0xCB, 0x31, 0xCB, 0x31, 0xCB, 0x31, 0xCB, 0x31, 0xCB, 0x31, 0xCB, 0x29, 0xEB,
  0x31, 0xEA, 0x39, 0xEB, 0x39, 0xEC, 0x32, 0x0C, 0x3A, 0x0C, 0x42, 0x2D, 0x42, 0x4C, 0x4A, 0x8D,
  0xF7, 0x1B, 0xF7, 0x1B, 0xF7, 0x1B, 0xF7, 0x1B, 0xF7, 0x1B, 0xF7, 0x3B, 0xF7, 0x3B, 0xF7, 0x3B,
  0xF7, 0x3B, 0xF7, 0x3C, 0xF7, 0x3C, 0xF7, 0x3C, 0xF7, 0x5C, 0xEF, 0x5C, 0xF7, 0x5C, 0xFF, 0x5B,
  0xFF, 0x7C, 0xFF, 0x7D, 0xFF, 0x7C, 0xFF, 0x9D, 0xFF, 0xBE, 0xFF, 0xDE, 0xFF, 0xBE, 0xF7, 0x9E,
  0xAD, 0x56, 0x7B, 0xF2, 0x6B, 0x91, 0x5B, 0x10, 0x4A, 0xCF, 0x42, 0x8E, 0x42, 0x6E, 0x42, 0x4D,
  0x3A, 0x4C, 0x32, 0x2D, 0x3A, 0x2D, 0x3A, 0x2D, 0x3A, 0x0C, 0x3A, 0x0C, 0x3A, 0x0C, 0x3A, 0x0C,
  0x3A, 0x0C, 0x3A, 0x0C, 0x3A, 0x0C, 0x3A, 0x0C, 0x3A, 0x0C, 0x3A, 0x0C, 0x3A, 0x0C, 0x3A, 0x0C,
  0x3A, 0x0C, 0x3A, 0x0D, 0x3A, 0x0D, 0x3A, 0x2D, 0x42, 0x2D, 0x42, 0x2C, 0x42, 0x2C, 0x42, 0x2B,
  0x42, 0x0C, 0x42, 0x0C, 0x42, 0x2B, 0x42, 0x2C, 0x3A, 0x0B, 0x3A, 0x0B, 0x42, 0x4D, 0x42, 0x4D,
  0x42, 0x4C, 0x42, 0x2C, 0x42, 0x4D, 0x42, 0x4D, 0x42, 0x4D, 0x42, 0x2D, 0x3A, 0x2D, 0x3A, 0x2D,
  0x32, 0x2C, 0x3A, 0x0C, 0x39, 0xEB, 0x3A, 0x0B, 0x3A, 0x0C, 0x3A, 0x0C, 0x3A, 0x0C, 0x3A, 0x0C,
  0x3A, 0x0C, 0x3A, 0x2D, 0x3A, 0x0D, 0x3A, 0x0D, 0x3A, 0x0C, 0x3A, 0x0C, 0x3A, 0x0B, 0x3A, 0x0C,
  0x3A, 0x0C, 0x39, 0xEB, 0x39, 0xC9, 0x39, 0xC8, 0x39, 0xC8, 0x39, 0xC9, 0x31, 0xEA, 0x31, 0xE9,
  0x39, 0xE8, 0x39, 0xE7, 0x3A, 0x08, 0x42, 0x08, 0x41, 0xE8, 0x39, 0xE8, 0x39, 0xE9, 0x41, 0xE9,
  0x42, 0x09, 0x42, 0x2A, 0x4A, 0x4B, 0x63, 0x2E, 0xAD, 0x99, 0xAD, 0xB9, 0x9D, 0x15, 0xAD, 0x13,
  0xD5, 0xF6, 0xEE, 0xB8, 0xFF, 0x3B, 0xFF, 0x5B, 0xFF, 0x5B, 0xFF, 0x5B, 0xF7, 0x5B, 0xF7, 0x7C,
  0xFF, 0x7B, 0xFF, 0x7B, 0xFF, 0x7B, 0xFF, 0x7C, 0xFF, 0x7C, 0xFF, 0x7C, 0xFF, 0x7C, 0xFF, 0x7C,
  0xFF, 0x7C, 0xFF, 0x7C, 0xFF, 0x7C, 0xFF, 0x7C, 0xFF, 0x7C, 0xFF, 0x7C, 0xFF, 0x7C, 0xFF, 0x7C,
  0xFF, 0x7C, 0xFF, 0x7C, 0xFF, 0x7C, 0xFF, 0x7B, 0xFF, 0x7C, 0xFF, 0x7C, 0xFF, 0x5C, 0xFF, 0x5B,
  0xFF, 0x3A, 0xD5, 0xF6, 0xA4, 0xF3, 0xBD, 0xFA, 0xB6, 0x5C, 0x9D, 0x9A, 0x63, 0x4F, 0x42, 0x6B,
  0x42, 0x4B, 0x42, 0x2A, 0x3A, 0x2A, 0x3A, 0x2B, 0x32, 0x4C, 0x3A, 0x4C, 0x3A, 0x2C, 0x3A, 0x2C,
  0x3A, 0x0B, 0x39, 0xEA, 0x31, 0xEB, 0x31, 0xEA, 0x31, 0xEB, 0x31, 0xEB, 0x31, 0xCB, 0x31, 0xCB,
  0x31, 0xCB, 0x31, 0xCB, 0x31, 0xCB, 0x31, 0xCB, 0x31, 0xCB, 0x31, 0xCB, 0x31, 0xCB, 0x31, 0xCB,
  0x31, 0xCB, 0x31, 0xCB, 0x29, 0xAA, 0x21, 0x89, 0x29, 0x89, 0x31, 0xAA, 0x31, 0xAB, 0x31, 0xAB,
  0x31, 0xAB, 0x31, 0xAB, 0x31, 0xAA, 0x31, 0xAA, 0x21, 0xA9, 0x29, 0x68, 0x29, 0x47, 0x29, 0x47,
  0x29, 0x67, 0x21, 0x68, 0x29, 0x89, 0x31, 0xAA, 0x31, 0xAA, 0x29, 0xAA, 0x29, 0xAB, 0x29, 0xAB,
  0x29, 0xAB, 0x29, 0xAB, 0x29, 0xAB, 0x29, 0xAB, 0x29, 0xAA, 0x29, 0xAA, 0x29, 0xAA, 0x29, 0x89,
  0x29, 0x88, 0x29, 0x89, 0x21, 0xAA, 0x29, 0xAA, 0x31, 0xAA, 0x31, 0xAA, 0x29, 0xAA, 0x29, 0xAA,
  0x29, 0xAA, 0x29, 0xAA, 0x29, 0xAA, 0x31, 0xAA, 0x31, 0xAA, 0x31, 0xA9, 0x31, 0xAA, 0x31, 0xCB,
  0x31, 0xCB, 0x31, 0xCB, 0x31, 0xCB, 0x31, 0xCB, 0x31, 0xCB, 0x31, 0xCB, 0x31, 0xCB, 0x29, 0xCB,
  0x31, 0xEB, 0x39, 0xEB, 0x39, 0xEB, 0x3A, 0x0B, 0x3A, 0x0B, 0x3A, 0x2C, 0x3A, 0x4D, 0x42, 0x6D,
  0xF7, 0x3A, 0xF7, 0x3A, 0xF7, 0x3A, 0xF7, 0x3A, 0xEF, 0x3C, 0xEF, 0x3C, 0xEF, 0x3C, 0xF7, 0x3C,
  0xF7, 0x3C, 0xF7, 0x3C, 0xFF, 0x5C, 0xFF, 0x5C, 0xFF, 0x5C, 0xFF, 0x5C, 0xFF, 0x5C, 0xFF, 0x7C,
  0xFF, 0x7D, 0xFF, 0x7D, 0xFF, 0x7C, 0xFF, 0x9D, 0xFF, 0xBE, 0xFF, 0xDD, 0xFF, 0xDE, 0xE7, 0x3C,
  0x94, 0x93, 0x73, 0xD2, 0x5B, 0x71, 0x52, 0xEF, 0x4A, 0xAF, 0x42, 0x8E, 0x42, 0x6D, 0x42, 0x4C,
  0x3A, 0x2D, 0x32, 0x2D, 0x3A, 0x2C, 0x3A, 0x0C, 0x3A, 0x0C, 0x3A, 0x0C, 0x32, 0x0C, 0x39, 0xEC,
  0x39, 0xEC, 0x39, 0xEC, 0x3A, 0x0C, 0x3A, 0x0C, 0x3A, 0x0C, 0x3A, 0x0C, 0x3A, 0x0C, 0x3A, 0x0B,
  0x3A, 0x0C, 0x3A, 0x0C, 0x32, 0x0C, 0x3A, 0x0D, 0x3A, 0x0C, 0x3A, 0x0B, 0x3A, 0x0C, 0x3A, 0x2C,
  0x3A, 0x2C, 0x3A, 0x2C, 0x3A, 0x2C, 0x3A, 0x2C, 0x3A, 0x0A, 0x3A, 0x0B, 0x42, 0x2C, 0x3A, 0x2C,
  0x3A, 0x2D, 0x3A, 0x2D, 0x3A, 0x2D, 0x3A, 0x2D, 0x3A, 0x2D, 0x3A, 0x2D, 0x32, 0x2D, 0x3A, 0x2D,
  0x3A, 0x0C, 0x3A, 0x0B, 0x39, 0xEA, 0x39, 0xEA, 0x3A, 0x0C, 0x3A, 0x0C, 0x3A, 0x0C, 0x3A, 0x0B,
  0x3A, 0x0C, 0x3A, 0x0C, 0x3A, 0x0C, 0x3A, 0x0C, 0x3A, 0x0B, 0x3A, 0x0C, 0x3A, 0x0C, 0x3A, 0x0C,
  0x3A, 0x0C, 0x39, 0xEC, 0x39, 0xCA, 0x31, 0xC8, 0x39, 0xC7, 0x39, 0xC8, 0x39, 0xC9, 0x39, 0xEA,
  0x39, 0xE9, 0x31, 0xE8, 0x39, 0xE8, 0x42, 0x08, 0x41, 0xE8, 0x39, 0xE7, 0x31, 0xE8, 0x39, 0xE9,
  0x3A, 0x09, 0x42, 0x0A, 0x4A, 0x4B, 0x4A, 0x6B, 0x7C, 0x32, 0xAD, 0xFB, 0xBE, 0x3C, 0xBE, 0x1A,
  0xAD, 0x97, 0xB5, 0x75, 0xCD, 0xF6, 0xE6, 0x78, 0xF6, 0xD9, 0xFE, 0xFA, 0xFF, 0x3B, 0xFF, 0x5B,
  0xFF, 0x5B, 0xFF, 0x5B, 0xF7, 0x5B, 0xF7, 0x5B, 0xFF, 0x5B, 0xFF, 0x5B, 0xFF, 0x5B, 0xFF, 0x7C,
  0xFF, 0x7C, 0xFF, 0x7C, 0xFF, 0x7C, 0xFF, 0x7C, 0xFF, 0x7C, 0xFF, 0x7C, 0xFF, 0x7C, 0xFF, 0x7C,
  0xFF, 0x7C, 0xFF, 0x7C, 0xFF, 0x7C, 0xFF, 0x7C, 0xFF, 0x5C, 0xFF, 0x5B, 0xFF, 0x3B, 0xF6, 0xFA,
  0xC5, 0x94, 0xAD, 0x14, 0xC6, 0x3B, 0xBE, 0x7D, 0xAE, 0x1C, 0xA5, 0x9A, 0x5B, 0x4F, 0x42, 0x6B,
  0x42, 0x6B, 0x42, 0x2A, 0x42, 0x2B, 0x3A, 0x4C, 0x3A, 0x4C, 0x3A, 0x4B, 0x3A, 0x2B, 0x3A, 0x2C,
  0x3A, 0x0C, 0x3A, 0x0B, 0x31, 0xE9, 0x31, 0xEA, 0x31, 0xEB, 0x31, 0xEB, 0x31, 0xCB, 0x31, 0xCB,
  0x31, 0xCB, 0x31, 0xCB, 0x31, 0xCB, 0x31, 0xCB, 0x31, 0xCB, 0x31, 0xCB, 0x31, 0xCB, 0x31, 0xCB,
  0x31, 0xAB, 0x31, 0xAA, 0x29, 0xAA, 0x21, 0xA9, 0x29, 0xA9, 0x31, 0xAA, 0x31, 0xAB, 0x31, 0xAB,
  0x31, 0xAB, 0x31, 0xAB, 0x29, 0xAA, 0x29, 0x89, 0x21, 0x68, 0x29, 0x67, 0x29, 0x67, 0x29, 0x67,
  0x21, 0x88, 0x29, 0x89, 0x31, 0xAA, 0x31, 0xAA, 0x31, 0xAA, 0x29, 0xAB, 0x21, 0xAB, 0x21, 0xAB,
  0x21, 0xAB, 0x21, 0xAB, 0x21, 0xAB, 0x21, 0xAB, 0x21, 0xAA, 0x29, 0xA9, 0x21, 0xAA, 0x29, 0xAA,
  0x29, 0x88, 0x29, 0x89, 0x21, 0xAA, 0x29, 0xAA, 0x31, 0xAA, 0x31, 0xAA, 0x31, 0xAA, 0x31, 0xA9,
  0x31, 0xA9, 0x31, 0xAA, 0x31, 0xAA, 0x31, 0xAA, 0x31, 0xAA, 0x31, 0xA9, 0x31, 0xAA, 0x31, 0xAB,
  0x31, 0xAB, 0x31, 0xCB, 0x31, 0xCB, 0x31, 0xCB, 0x31, 0xCB, 0x31, 0xCB, 0x31, 0xCB, 0x29, 0xCB,
  0x31, 0xCB, 0x31, 0xEB, 0x31, 0xEA, 0x39, 0xEB, 0x32, 0x0C, 0x3A, 0x2B, 0x42, 0x2C, 0x42, 0x4D,
  0xF7, 0x3B, 0xF7, 0x3B, 0xF7, 0x3B, 0xF7, 0x3B, 0xF7, 0x3C, 0xF7, 0x3C, 0xF7, 0x3C, 0xF7, 0x5C,
  0xFF, 0x5C, 0xFF, 0x5C, 0xFF, 0x5C, 0xFF, 0x5C, 0xFF, 0x5C, 0xFF, 0x5C, 0xFF, 0x7B, 0xFF, 0x7C,
  0xFF, 0x7D, 0xFF, 0x7D, 0xFF, 0x7C, 0xFF, 0x9D, 0xFF, 0xDE, 0xF7, 0xBD, 0xFF, 0xDF, 0xCE, 0x7A,
  0x84, 0x32, 0x73, 0xB2, 0x5B, 0x30, 0x52, 0xCF, 0x4A, 0xAE, 0x42, 0x8E, 0x42, 0x4D, 0x42, 0x4D,
  0x3A, 0x2D, 0x3A, 0x2D, 0x3A, 0x2C, 0x3A, 0x0B, 0x3A, 0x0C, 0x3A, 0x0C, 0x31, 0xEC, 0x31, 0xEC,
  0x31, 0xEC, 0x31, 0xEC, 0x3A, 0x0C, 0x3A, 0x0C, 0x39, 0xEC, 0x3A, 0x0C, 0x3A, 0x0C, 0x3A, 0x0C,
  0x3A, 0x0C, 0x3A, 0x0B, 0x3A, 0x0B, 0x3A, 0x0C, 0x32, 0x0C, 0x32, 0x0C, 0x32, 0x0C, 0x32, 0x0C,
  0x32, 0x2C, 0x32, 0x2C, 0x32, 0x0C, 0x32, 0x0C, 0x39, 0xEA, 0x3A, 0x0B, 0x3A, 0x0C, 0x32, 0x2C,
  0x32, 0x2D, 0x32, 0x2D, 0x3A, 0x2D, 0x3A, 0x2D, 0x3A, 0x2D, 0x3A, 0x2D, 0x3A, 0x0D, 0x3A, 0x0C,
  0x3A, 0x0C, 0x3A, 0x0C, 0x39, 0xEB, 0x39, 0xEA, 0x39, 0xEB, 0x31, 0xEC, 0x32, 0x0B, 0x3A, 0x0C,
  0x3A, 0x0C, 0x3A, 0x0B, 0x3A, 0x0B, 0x3A, 0x0B, 0x31, 0xEC, 0x31, 0xEC, 0x31, 0xEC, 0x31, 0xEC,
  0x39, 0xEC, 0x39, 0xEC, 0x31, 0xEB, 0x31, 0xC9, 0x31, 0xC7, 0x39, 0xC8, 0x39, 0xC9, 0x39, 0xEB,
  0x39, 0xE9, 0x39, 0xE8, 0x39, 0xE8, 0x39, 0xE8, 0x39, 0xE8, 0x39, 0xE7, 0x39, 0xE8, 0x39, 0xE9,
  0x39, 0xE9, 0x3A, 0x09, 0x42, 0x2A, 0x4A, 0x4B, 0x5A, 0xCE, 0x9D, 0x37, 0xAD, 0xFC, 0xBE, 0x5D,
  0xC6, 0x9E, 0xC6, 0x7C, 0xBD, 0xF9, 0xB5, 0x96, 0xC5, 0x95, 0xCD, 0xB5, 0xDE, 0x16, 0xE6, 0x78,
  0xF6, 0xD9, 0xFF, 0x1A, 0xFF, 0x3A, 0xFF, 0x3A, 0xFF, 0x5A, 0xFF, 0x5A, 0xFF, 0x5B, 0xFF, 0x5B,
  0xFF, 0x5B, 0xFF, 0x5B, 0xFF, 0x7B, 0xFF, 0x7C, 0xFF, 0x5C, 0xFF, 0x7C, 0xFF, 0x7C, 0xFF, 0x7C,
  0xFF, 0x7C, 0xFF, 0x5C, 0xFF, 0x5C, 0xFF, 0x5B, 0xF7, 0x3B, 0xFF, 0x1A, 0xEE, 0x78, 0xB4, 0xF2,
  0xAD, 0x14, 0xCE, 0x9C, 0xBE, 0x7D, 0xB6, 0x5C, 0xAE, 0x3C, 0xA5, 0x9A, 0x5B, 0x4F, 0x42, 0x6B,
  0x42, 0x6B, 0x42, 0x2A, 0x42, 0x4B, 0x42, 0x4C, 0x3A, 0x4C, 0x3A, 0x4B, 0x3A, 0x2C, 0x3A, 0x2C,
  0x3A, 0x0C, 0x32, 0x0B, 0x29, 0xEA, 0x31, 0xEA, 0x31, 0xEA, 0x31, 0xEB, 0x31, 0xEB, 0x31, 0xCB,
  0x31, 0xCB, 0x31, 0xCB, 0x31, 0xCB, 0x31, 0xCB, 0x31, 0xCB, 0x31, 0xCB, 0x31, 0xCB, 0x31, 0xCB,
  0x31, 0xAB, 0x31, 0xAA, 0x29, 0xAA, 0x21, 0xA9, 0x29, 0xA9, 0x31, 0xAA, 0x31, 0xAB, 0x31, 0xAB,
  0x31, 0xAB, 0x29, 0xAA, 0x21, 0xA9, 0x29, 0x88, 0x29, 0x47, 0x29, 0x47, 0x29, 0x67, 0x21, 0x68,
  0x29, 0xA9, 0x31, 0xAA, 0x31, 0xAA, 0x31, 0xA9, 0x29, 0xAA, 0x21, 0xAB, 0x29, 0xAB, 0x29, 0xAB,
  0x29, 0xAB, 0x29, 0xAB, 0x29, 0xAB, 0x29, 0xAB, 0x29, 0xAA, 0x29, 0xA9, 0x29, 0xAA, 0x29, 0xAA,
  0x29, 0x88, 0x29, 0x88, 0x29, 0xAA, 0x29, 0xAA, 0x31, 0xAA, 0x31, 0xAA, 0x31, 0xAA, 0x31, 0xAA,
  0x31, 0xAA, 0x31, 0xAA, 0x31, 0xAA, 0x31, 0xAA, 0x31, 0xAA, 0x31, 0xAA, 0x31, 0xA9, 0x31, 0xAA,
  0x31, 0xAA, 0x31, 0xAB, 0x31, 0xCB, 0x31, 0xCB, 0x31, 0xCB, 0x31, 0xCB, 0x31, 0xCB, 0x31, 0xCB,
  0x31, 0xCB, 0x29, 0xCB, 0x31, 0xEB, 0x39, 0xEB, 0x3A, 0x0B, 0x3A, 0x2C, 0x42, 0x2C, 0x42, 0x4C,
  0xF7, 0x3C, 0xF7, 0x3C, 0xEF, 0x3C, 0xEF, 0x3C, 0xF7, 0x5C, 0xF7, 0x5C, 0xF7, 0x5C, 0xFF, 0x5C,
  0xFF, 0x5C, 0xFF, 0x5C, 0xFF, 0x5C, 0xFF, 0x7C, 0xFF, 0x7C, 0xFF, 0x7C, 0xFF, 0x7C, 0xFF, 0x7C,
  0xFF, 0x7D, 0xFF, 0x7D, 0xFF, 0x7C, 0xFF, 0x9D, 0xFF, 0xDE, 0xFF, 0xBD, 0xFF, 0xDE, 0xB5, 0xB6,
  0x7B, 0xF2, 0x6B, 0x92, 0x5B, 0x10, 0x52, 0xCF, 0x4A, 0x8E, 0x42, 0x6D, 0x42, 0x4D, 0x42, 0x4D,
  0x32, 0x2D, 0x3A, 0x0D, 0x3A, 0x0C, 0x3A, 0x0B, 0x3A, 0x0C, 0x31, 0xEC, 0x31, 0xEC, 0x31, 0xEC,
  0x29, 0xEC, 0x29, 0xEC, 0x31, 0xEC, 0x31, 0xEC, 0x31, 0xEC, 0x31, 0xEC, 0x31, 0xEC, 0x3A, 0x0C,
  0x3A, 0x0C, 0x3A, 0x0C, 0x3A, 0x0C, 0x3A, 0x0C, 0x3A, 0x0C, 0x3A, 0x0C, 0x3A, 0x0C, 0x3A, 0x0C,
  0x3A, 0x0C, 0x3A, 0x0C, 0x3A, 0x0C, 0x39, 0xEB, 0x31, 0xEA, 0x39, 0xEB, 0x3A, 0x0C, 0x3A, 0x0D,
  0x3A, 0x0D, 0x3A, 0x2D, 0x3A, 0x2D, 0x3A, 0x2D, 0x3A, 0x0C, 0x3A, 0x0C, 0x3A, 0x0C, 0x3A, 0x0C,
  0x3A, 0x0C, 0x39, 0xEC, 0x39, 0xEB, 0x31, 0xCA, 0x31, 0xEB, 0x31, 0xEC, 0x31, 0xEC, 0x31, 0xEC,
  0x31, 0xEC, 0x31, 0xEC, 0x31, 0xEC, 0x31, 0xEC, 0x29, 0xEC, 0x29, 0xEC, 0x29, 0xEC, 0x29, 0xEC,
  0x31, 0xEC, 0x31, 0xEC, 0x31, 0xEC, 0x31, 0xCA, 0x31, 0xC8, 0x31, 0xC7, 0x31, 0xC8, 0x39, 0xEA,
  0x39, 0xEA, 0x39, 0xE9, 0x39, 0xE8, 0x31, 0xE7, 0x39, 0xE8, 0x39, 0xE7, 0x31, 0xE8, 0x39, 0xE8,
  0x39, 0xE8, 0x31, 0xE9, 0x3A, 0x09, 0x42, 0x4B, 0x4A, 0x6B, 0x6B, 0xD1, 0xAD, 0xDA, 0xB6, 0x1C,
  0xBE, 0x7E, 0xC6, 0x9E, 0xC6, 0x9E, 0xC6, 0x9D, 0xC6, 0x5C, 0xBD, 0xF9, 0xB5, 0x97, 0xAD, 0x35,
  0xAC, 0xF2, 0xBD, 0x53, 0xD5, 0xD5, 0xDE, 0x16, 0xEE, 0x77, 0xF6, 0xB8, 0xF6, 0xD8, 0xF6, 0xF9,
  0xFF, 0x1A, 0xFF, 0x3A, 0xFF, 0x3A, 0xFF, 0x5B, 0xFF, 0x5C, 0xFF, 0x5B, 0xFF, 0x5B, 0xFF, 0x5B,
  0xFF, 0x5B, 0xFF, 0x5B, 0xFF, 0x5B, 0xFF, 0x1A, 0xF6, 0xD9, 0xD5, 0xD4, 0xB4, 0xB1, 0x9C, 0x92,
  0xC6, 0x5C, 0xC6, 0x9D, 0xC6, 0x7D, 0xBE, 0x7E, 0xAE, 0x3C, 0x9D, 0x9A, 0x5B, 0x4F, 0x42, 0x6B,
  0x42, 0x6B, 0x3A, 0x4B, 0x3A, 0x4C, 0x32, 0x4C, 0x3A, 0x6C, 0x3A, 0x4C, 0x32, 0x4C, 0x3A, 0x2C,
  0x32, 0x2B, 0x32, 0x0B, 0x31, 0xEB, 0x31, 0xEA, 0x31, 0xEA, 0x31, 0xCB, 0x31, 0xEB, 0x31, 0xEB,
  0x31, 0xCB, 0x31, 0xCB, 0x31, 0xCB, 0x31, 0xCB, 0x31, 0xCB, 0x31, 0xCB, 0x31, 0xCB, 0x31, 0xCB,
  0x31, 0xAB, 0x31, 0xAA, 0x29, 0xA9, 0x29, 0xA9, 0x31, 0xA9, 0x31, 0xAA, 0x31, 0xAA, 0x31, 0xAA,
  0x29, 0xAA, 0x21, 0xAA, 0x29, 0x89, 0x29, 0x68, 0x29, 0x47, 0x29, 0x67, 0x21, 0x68, 0x29, 0x89,
  0x31, 0xAA, 0x31, 0xAA, 0x31, 0xAA, 0x31, 0xAA, 0x29, 0xAA, 0x21, 0xAB, 0x29, 0xAB, 0x29, 0xAB,
  0x29, 0xAB, 0x29, 0xAB, 0x29, 0xAB, 0x29, 0xAB, 0x29, 0xAA, 0x21, 0xA9, 0x29, 0xAA, 0x29, 0xAA,
  0x29, 0x88, 0x29, 0x87, 0x29, 0x89, 0x21, 0xAA, 0x29, 0xAA, 0x31, 0xAA, 0x31, 0xAA, 0x31, 0xAA,
  0x31, 0xAA, 0x31, 0xAA, 0x31, 0xAA, 0x31, 0xAA, 0x31, 0xAA, 0x31, 0xAA, 0x31, 0xAA, 0x31, 0xAA,
  0x31, 0xAA, 0x31, 0xAA, 0x31, 0xCB, 0x31, 0xCB, 0x31, 0xCA, 0x31, 0xCB, 0x31, 0xCB, 0x31, 0xCB,
  0x31, 0xCB, 0x31, 0xCB, 0x31, 0xEB, 0x39, 0xEA, 0x3A, 0x0B, 0x32, 0x0C, 0x3A, 0x2B, 0x42, 0x2C,
  0xF7, 0x5C, 0xF7, 0x5C, 0xF7, 0x5C, 0xF7, 0x5C, 0xF7, 0x5C, 0xF7, 0x5C, 0xF7, 0x5C, 0xFF, 0x5C,
  0xFF, 0x5C, 0xFF, 0x7C, 0xFF, 0x7C, 0xFF, 0x7C, 0xFF, 0x7C, 0xFF, 0x7C, 0xFF, 0x7C, 0xFF, 0x7C,
  0xFF, 0x7C, 0xFF, 0x7D, 0xFF, 0x7C, 0xFF, 0x9D, 0xF7, 0xBE, 0xFF, 0xBE, 0xEF, 0x7C, 0x9C, 0xD4,
  0x7B, 0xD2, 0x63, 0x71, 0x52, 0xEF, 0x52, 0xAE, 0x4A, 0x8E, 0x42, 0x6D, 0x3A, 0x4C, 0x42, 0x2D,
  0x3A, 0x2D, 0x32, 0x0C, 0x3A, 0x0B, 0x32, 0x0C, 0x31, 0xEC, 0x29, 0xEC, 0x31, 0xEC, 0x31, 0xEC,
  0x31, 0xEC, 0x31, 0xEC, 0x31, 0xEC, 0x31, 0xEC, 0x31, 0xEC, 0x29, 0xEC, 0x31, 0xEC, 0x31, 0xEC,
  0x31, 0xEC, 0x31, 0xEC, 0x31, 0xEC, 0x31, 0xEC, 0x3A, 0x0C, 0x3A, 0x0C, 0x3A, 0x0C, 0x3A, 0x0C,
  0x3A, 0x0C, 0x3A, 0x0C, 0x39, 0xEC, 0x31, 0xCB, 0x31, 0xCA, 0x3A, 0x0B, 0x3A, 0x0C, 0x3A, 0x0C,
  0x3A, 0x0C, 0x3A, 0x0C, 0x3A, 0x0C, 0x3A, 0x0D, 0x3A, 0x0C, 0x3A, 0x0B, 0x3A, 0x0C, 0x3A, 0x0C,
  0x3A, 0x0B, 0x31, 0xEC, 0x31, 0xEB, 0x29, 0xCA, 0x29, 0xCA, 0x31, 0xEB, 0x31, 0xEC, 0x29, 0xEC,
  0x31, 0xEC, 0x31, 0xEC, 0x31, 0xEC, 0x31, 0xEC, 0x31, 0xEC, 0x31, 0xEC, 0x31, 0xEC, 0x31, 0xEC,
  0x29, 0xEC, 0x29, 0xEC, 0x31, 0xEC, 0x29, 0xEB, 0x29, 0xC9, 0x31, 0xA8, 0x31, 0xA8, 0x31, 0xC9,
  0x39, 0xEA, 0x31, 0xEA, 0x31, 0xC9, 0x39, 0xC8, 0x39, 0xE8, 0x39, 0xE8, 0x39, 0xE8, 0x39, 0xE7,
  0x39, 0xE8, 0x39, 0xE9, 0x3A, 0x09, 0x3A, 0x2A, 0x42, 0x6B, 0x4A, 0xAC, 0x8C, 0xB5, 0xB6, 0x1C,
  0xB6, 0x3D, 0xBE, 0x7E, 0xC6, 0x9E, 0xBE, 0x9E, 0xC6, 0x9E, 0xC6, 0xBE, 0xC6, 0x9E, 0xC6, 0x7C,
  0xAD, 0x77, 0x94, 0x50, 0xB4, 0xF2, 0xBD, 0x32, 0xC5, 0x12, 0xC5, 0x12, 0xCD, 0x74, 0xD5, 0xD5,
  0xDE, 0x16, 0xEE, 0x57, 0xF6, 0x98, 0xF6, 0xB9, 0xF6, 0xF9, 0xFF, 0x19, 0xFF, 0x1A, 0xFF, 0x1A,
  0xFF, 0x19, 0xF6, 0xF9, 0xF6, 0xD9, 0xE6, 0x36, 0xBC, 0xF1, 0xB4, 0xB0, 0xBD, 0x12, 0xB5, 0x97,
  0xC6, 0x7D, 0xBE, 0x7E, 0xC6, 0x9D, 0xBE, 0x7E, 0xAE, 0x3D, 0x9D, 0x9A, 0x4B, 0x0E, 0x3A, 0x8C,
  0x3A, 0x6C, 0x32, 0x6B, 0x3A, 0x6C, 0x3A, 0x6C, 0x3A, 0x6B, 0x3A, 0x6B, 0x32, 0x4B, 0x32, 0x4B,
  0x2A, 0x2B, 0x2A, 0x0B, 0x32, 0x0B, 0x31, 0xEA, 0x31, 0xEA, 0x31, 0xCB, 0x31, 0xEA, 0x31, 0xEB,
  0x31, 0xEB, 0x31, 0xEB, 0x31, 0xCB, 0x31, 0xCB, 0x31, 0xCB, 0x31, 0xCB, 0x31, 0xCB, 0x31, 0xCB,
  0x31, 0xAB, 0x31, 0xAB, 0x29, 0xA9, 0x29, 0xA9, 0x31, 0xAA, 0x31, 0xAA, 0x31, 0xAA, 0x31, 0xAA,
  0x29, 0xAA, 0x29, 0x89, 0x29, 0x68, 0x21, 0x67, 0x29, 0x47, 0x21, 0x68, 0x29, 0x89, 0x31, 0xAA,
  0x31, 0xA9, 0x31, 0xAA, 0x31, 0xAB, 0x31, 0xCB, 0x29, 0xAB, 0x21, 0xAB, 0x29, 0xAB, 0x29, 0xAB,
  0x29, 0xAB, 0x29, 0xAB, 0x29, 0xAA, 0x21, 0xAA, 0x29, 0xAA, 0x29, 0xAA, 0x29, 0xAA, 0x21, 0xAA,
  0x29, 0x89, 0x29, 0x68, 0x29, 0x88, 0x29, 0xAA, 0x29, 0xAA, 0x29, 0xAA, 0x29, 0xAA, 0x31, 0xAA,
  0x31, 0xAA, 0x31, 0xAA, 0x31, 0xAA, 0x31, 0xAA, 0x31, 0xAA, 0x31, 0xAA, 0x31, 0xAA, 0x31, 0xAA,
  0x31, 0xAA, 0x31, 0xAA, 0x31, 0xCB, 0x31, 0xCB, 0x31, 0xAA, 0x31, 0xCA, 0x31, 0xAB, 0x31, 0xAB,
  0x31, 0xCB, 0x31, 0xEB, 0x29, 0xEB, 0x31, 0xEB, 0x39, 0xEA, 0x32, 0x0B, 0x3A, 0x0C, 0x42, 0x2C,
  0xF7, 0x5C, 0xF7, 0x5C, 0xFF, 0x5C, 0xFF, 0x5C, 0xFF, 0x5C, 0xFF, 0x5C, 0xFF, 0x5C, 0xFF, 0x5C,
  0xFF, 0x7C, 0xFF, 0x7C, 0xFF, 0x7C, 0xFF, 0x7D, 0xFF, 0x7D, 0xFF, 0x7C, 0xFF, 0x7C, 0xFF, 0x7C,
  0xFF, 0x7C, 0xFF, 0x7D, 0xFF, 0x7C, 0xFF, 0x9D, 0xF7, 0x9E, 0xFF, 0xDE, 0xE6, 0xFB, 0x8C, 0x73,
  0x73, 0xB2, 0x63, 0x31, 0x52, 0xCF, 0x4A, 0xAE, 0x4A, 0x6D, 0x42, 0x4D, 0x3A, 0x2C, 0x42, 0x2D,
  0x3A, 0x2D, 0x32, 0x0C, 0x3A, 0x0B, 0x31, 0xEC, 0x29, 0xEC, 0x31, 0xEC, 0x31, 0xEC, 0x31, 0xEC,
  0x31, 0xEC, 0x31, 0xEC, 0x31, 0xEC, 0x31, 0xEC, 0x31, 0xEC, 0x31, 0xEC, 0x31, 0xEC, 0x29, 0xEC,
  0x29, 0xEC, 0x29, 0xEC, 0x29, 0xEC, 0x31, 0xEC, 0x39, 0xEC, 0x39, 0xEC, 0x3A, 0x0C, 0x39, 0xEC,
  0x3A, 0x0C, 0x3A, 0x0C, 0x39, 0xEC, 0x31, 0xCA, 0x31, 0xCA, 0x3A, 0x0B, 0x32, 0x0C, 0x32, 0x0C,
  0x31, 0xEB, 0x3A, 0x0B, 0x3A, 0x0B, 0x3A, 0x0C, 0x3A, 0x0C, 0x3A, 0x0B, 0x3A, 0x0C, 0x31, 0xEC,
  0x31, 0xEC, 0x31, 0xEC, 0x29, 0xEB, 0x31, 0xCA, 0x31, 0xAA, 0x31, 0xEB, 0x31, 0xEC, 0x31, 0xEC,
  0x31, 0xEC, 0x31, 0xEC, 0x31, 0xEC, 0x31, 0xEC, 0x31, 0xEC, 0x31, 0xEC, 0x31, 0xEC, 0x31, 0xEC,
  0x31, 0xEC, 0x31, 0xEC, 0x31, 0xEC, 0x31, 0xEB, 0x31, 0xEA, 0x31, 0xA9, 0x31, 0xA7, 0x31, 0xA8,
  0x31, 0xCA, 0x31, 0xEB, 0x31, 0xCA, 0x31, 0xC9, 0x31, 0xC8, 0x39, 0xE8, 0x39, 0xE8, 0x39, 0xE8,
  0x39, 0xE8, 0x39, 0xE9, 0x39, 0xE9, 0x32, 0x09, 0x42, 0x2B, 0x42, 0x6B, 0x5B, 0x4F, 0xA5, 0x9A,
  0xAE, 0x1C, 0xB6, 0x7D, 0xBE, 0x9E, 0xC6, 0xBE, 0xC6, 0xBE, 0xBE, 0x9D, 0xBE, 0x9E, 0xBE, 0x7D,
  0xC6, 0xBE, 0xBE, 0x3B, 0xB5, 0x55, 0xCD, 0x75, 0xDD, 0xD5, 0xD5, 0x94, 0xCD, 0x52, 0xC5, 0x32,
  0xBD, 0x11, 0xBC, 0xF1, 0xCD, 0x32, 0xCD, 0x93, 0xCD, 0x93, 0xD5, 0xB4, 0xDD, 0xD5, 0xDD, 0xD5,
  0xDD, 0xF5, 0xDD, 0xF5, 0xCD, 0x73, 0xB4, 0xB0, 0xBD, 0x12, 0xD5, 0xB4, 0xAD, 0x14, 0xC6, 0x5B,
  0xC6, 0x9E, 0xBE, 0x9D, 0xBE, 0x9E, 0xB6, 0x7E, 0xAE, 0x3C, 0x95, 0x79, 0x4B, 0x0E, 0x3A, 0xAC,
  0x3A, 0x8C, 0x3A, 0x6B, 0x3A, 0x6B, 0x32, 0x6B, 0x32, 0x8B, 0x32, 0xAB, 0x32, 0xAB, 0x32, 0xCC,
  0x32, 0x6B, 0x2A, 0x0A, 0x32, 0x0B, 0x31, 0xEA, 0x31, 0xC9, 0x31, 0xCA, 0x31, 0xEB, 0x31, 0xEB,
  0x31, 0xCB, 0x31, 0xEB, 0x31, 0xCB, 0x31, 0xCB, 0x31, 0xCB, 0x31, 0xCB, 0x31, 0xCB, 0x31, 0xCB,
  0x31, 0xAB, 0x31, 0xAA, 0x29, 0xA9, 0x29, 0xA9, 0x31, 0xAA, 0x31, 0xAA, 0x31, 0xAA, 0x31, 0xAA,
  0x29, 0xAA, 0x29, 0x89, 0x29, 0x68, 0x21, 0x67, 0x29, 0x68, 0x29, 0x88, 0x31, 0xA9, 0x31, 0xAA,
  0x31, 0xAA, 0x31, 0xAA, 0x31, 0xCB, 0x31, 0xCB, 0x31, 0xAB, 0x29, 0xAB, 0x21, 0xAB, 0x29, 0xAB,
  0x29, 0xAB, 0x29, 0xAB, 0x29, 0xAA, 0x21, 0xA9, 0x29, 0xAA, 0x31, 0xAA, 0x29, 0xAA, 0x29, 0xAA,
  0x29, 0x89, 0x29, 0x88, 0x29, 0x88, 0x29, 0xA9, 0x29, 0xAA, 0x21, 0xAA, 0x29, 0xAA, 0x31, 0xAA,
  0x31, 0xAA, 0x31, 0xAA, 0x31, 0xAA, 0x31, 0xAA, 0x31, 0xAA, 0x31, 0xAA, 0x31, 0xAA, 0x31, 0xAA,
  0x31, 0xAA, 0x31, 0xAA, 0x31, 0xCB, 0x31, 0xCB, 0x31, 0xAA, 0x31, 0xAA, 0x31, 0xAA, 0x31, 0xAA,
  0x31, 0xCB, 0x31, 0xCB, 0x29, 0xEB, 0x31, 0xEB, 0x39, 0xEB, 0x32, 0x0B, 0x3A, 0x0C, 0x42, 0x2C,
  0xF7, 0x5C, 0xF7, 0x5C, 0xFF, 0x5C, 0xFF, 0x5C, 0xFF, 0x5C, 0xFF, 0x5C, 0xFF, 0x5C, 0xFF, 0x7C,
  0xFF, 0x7C, 0xFF, 0x7B, 0xFF, 0x7B, 0xFF, 0x7C, 0xFF, 0x7C, 0xFF, 0x7C, 0xFF, 0x7C, 0xFF, 0x7B,
  0xFF, 0x7C, 0xFF, 0x7D, 0xFF, 0x7C, 0xFF, 0x9D, 0xF7, 0x9E, 0xFF, 0xDE, 0xCE, 0x39, 0x84, 0x12,
  0x6B, 0x92, 0x5B, 0x10, 0x52, 0xCE, 0x4A, 0xAE, 0x42, 0x6D, 0x3A, 0x4C, 0x42, 0x2D, 0x3A, 0x2D,
  0x3A, 0x0C, 0x3A, 0x0C, 0x31, 0xEC, 0x31, 0xEC, 0x31, 0xEC, 0x31, 0xEC, 0x31, 0xEC, 0x31, 0xEC,
  0x31, 0xEC, 0x31, 0xEC, 0x31, 0xEC, 0x31, 0xEC, 0x31, 0xEC, 0x31, 0xEC, 0x31, 0xEC, 0x31, 0xEC,
  0x31, 0xEC, 0x31, 0xEC, 0x29, 0xEC, 0x31, 0xEC, 0x39, 0xEC, 0x39, 0xEC, 0x39, 0xEC, 0x39, 0xEC,
  0x39, 0xEB, 0x39, 0xEB, 0x31, 0xEB, 0x31, 0xCA, 0x31, 0xEB, 0x39, 0xEC, 0x31, 0xEC, 0x31, 0xEC,
  0x31, 0xEC, 0x3A, 0x0C, 0x3A, 0x0C, 0x3A, 0x0C, 0x3A, 0x0C, 0x3A, 0x0C, 0x3A, 0x0C, 0x31, 0xEC,
  0x29, 0xEC, 0x31, 0xEC, 0x31, 0xEC, 0x31, 0xCB, 0x31, 0xA9, 0x31, 0xCA, 0x31, 0xEC, 0x31, 0xEC,
  0x31, 0xEC, 0x31, 0xEC, 0x31, 0xEC, 0x31, 0xEC, 0x31, 0xEC, 0x31, 0xEC, 0x31, 0xEC, 0x31, 0xEC,
  0x31, 0xEC, 0x31, 0xEC, 0x31, 0xEC, 0x31, 0xEC, 0x31, 0xEB, 0x31, 0xEA, 0x31, 0xA8, 0x31, 0xA7,
  0x29, 0xC9, 0x29, 0xCA, 0x31, 0xEB, 0x31, 0xCA, 0x31, 0xC8, 0x39, 0xC7, 0x39, 0xE7, 0x39, 0xE8,
  0x39, 0xE9, 0x39, 0xE9, 0x39, 0xE8, 0x3A, 0x09, 0x3A, 0x0A, 0x42, 0x6B, 0x42, 0x8C, 0x74, 0x13,
  0xAD, 0xFB, 0xB6, 0x3C, 0xBE, 0x9E, 0xC6, 0xBE, 0xC6, 0xBE, 0xC6, 0xBD, 0xC6, 0xBD, 0xC6, 0x9E,
  0xC6, 0x7D, 0xBE, 0x9D, 0xBE, 0x5C, 0xB5, 0xB8, 0xBD, 0x55, 0xCD, 0x95, 0xE6, 0x15, 0xE6, 0x16,
  0xE5, 0xD4, 0xDD, 0xB4, 0xDD, 0xB4, 0xDD, 0x94, 0xD5, 0x73, 0xD5, 0x73, 0xD5, 0x73, 0xCD, 0x73,
  0xD5, 0x94, 0xD5, 0x93, 0xD5, 0x72, 0xDD, 0xB4, 0xE6, 0x16, 0xB5, 0x12, 0xBD, 0xD8, 0xC6, 0x7E,
  0xBE, 0x7D, 0xBE, 0x9E, 0xB6, 0x7E, 0xAE, 0x3D, 0xA6, 0x1C, 0x8D, 0x58, 0x43, 0x0D, 0x42, 0xCC,
  0x3A, 0x8C, 0x3A, 0xAB, 0x33, 0x0D, 0x33, 0x4D, 0x33, 0xAE, 0x2B, 0xEE, 0x34, 0x0E, 0x2B, 0xEF,
  0x33, 0xAE, 0x2A, 0x6A, 0x29, 0xEA, 0x31, 0xEB, 0x31, 0xCA, 0x31, 0xCA, 0x31, 0xEB, 0x31, 0xEB,
  0x31, 0xCB, 0x31, 0xEB, 0x31, 0xCB, 0x31, 0xCB, 0x29, 0xCB, 0x29, 0xAB, 0x31, 0xCB, 0x31, 0xCB,
  0x31, 0xAB, 0x31, 0xAA, 0x29, 0xA9, 0x29, 0xA9, 0x31, 0xAA, 0x31, 0xAA, 0x31, 0xA9, 0x31, 0xAA,
  0x29, 0x89, 0x29, 0x88, 0x21, 0x67, 0x29, 0x67, 0x29, 0x88, 0x31, 0xA9, 0x31, 0xAA, 0x31, 0xAA,
  0x31, 0xAB, 0x31, 0xCB, 0x31, 0xCB, 0x31, 0xCB, 0x31, 0xAB, 0x29, 0xAB, 0x21, 0xAB, 0x29, 0xAB,
  0x29, 0xAB, 0x21, 0xAB, 0x21, 0xAA, 0x21, 0xAA, 0x29, 0xAA, 0x31, 0xAA, 0x31, 0xAA, 0x31, 0xAA,
  0x21, 0xAA, 0x29, 0x88, 0x29, 0x68, 0x29, 0x89, 0x29, 0xAA, 0x29, 0xAA, 0x29, 0xA9, 0x31, 0xAA,
  0x31, 0xAA, 0x31, 0xAA, 0x31, 0xAA, 0x31, 0xAA, 0x31, 0xAA, 0x31, 0xAA, 0x31, 0xAA, 0x31, 0xAA,
  0x31, 0xAA, 0x31, 0xAA, 0x31, 0xCB, 0x31, 0xCB, 0x31, 0xAA, 0x31, 0xAA, 0x31, 0xA9, 0x31, 0xAA,
  0x31, 0xCB, 0x31, 0xCB, 0x29, 0xEB, 0x31, 0xEB, 0x39, 0xEB, 0x3A, 0x0A, 0x3A, 0x0C, 0x3A, 0x2C,
  0xFF, 0x5C, 0xFF, 0x5C, 0xFF, 0x7C, 0xFF, 0x7C, 0xFF, 0x7C, 0xFF, 0x7C, 0xFF, 0x7B, 0xFF, 0x7C,
  0xFF, 0x7C, 0xFF, 0x7C, 0xFF, 0x7C, 0xFF, 0x7C, 0xFF, 0x7C, 0xFF, 0x7C, 0xFF, 0x7D, 0xFF, 0x7D,
  0xFF, 0x7D, 0xFF, 0x7D, 0xFF, 0x7D, 0xFF, 0x9D, 0xFF, 0xBE, 0xFF, 0xBE, 0xAD, 0x76, 0x73, 0xF2,
  0x63, 0x71, 0x53, 0x10, 0x4A, 0xAF, 0x4A, 0x8E, 0x42, 0x6D, 0x42, 0x4C, 0x3A, 0x2D, 0x3A, 0x2D,
  0x3A, 0x0C, 0x3A, 0x0B, 0x31, 0xEC, 0x29, 0xEC, 0x31, 0xEC, 0x31, 0xEC, 0x31, 0xEC, 0x31, 0xEC,
  0x31, 0xEC, 0x31, 0xEC, 0x31, 0xEC, 0x31, 0xEC, 0x31, 0xEC, 0x31, 0xEC, 0x31, 0xEC, 0x31, 0xEC,
  0x31, 0xEC, 0x31, 0xEC, 0x31, 0xEC, 0x31, 0xEC, 0x31, 0xEC, 0x31, 0xEC, 0x31, 0xEC, 0x31, 0xEC,
  0x39, 0xEB, 0x31, 0xEB, 0x29, 0xCA, 0x31, 0xC9, 0x31, 0xEB, 0x39, 0xEC, 0x31, 0xEC, 0x31, 0xEC,
  0x29, 0xEC, 0x31, 0xEC, 0x31, 0xEC, 0x31, 0xEB, 0x31, 0xEC, 0x31, 0xEC, 0x31, 0xEC, 0x31, 0xEC,
  0x31, 0xEC, 0x31, 0xEC, 0x31, 0xEC, 0x31, 0xEC, 0x29, 0xAA, 0x29, 0xAA, 0x31, 0xEB, 0x31, 0xEC,
  0x31, 0xEC, 0x31, 0xEC, 0x31, 0xEC, 0x31, 0xEC, 0x31, 0xEC, 0x31, 0xEC, 0x31, 0xEC, 0x31, 0xEC,
  0x31, 0xEC, 0x31, 0xEC, 0x31, 0xEC, 0x31, 0xEC, 0x31, 0xEC, 0x31, 0xEB, 0x31, 0xCA, 0x31, 0xA8,
  0x31, 0xA8, 0x29, 0xA9, 0x31, 0xCA, 0x39, 0xCA, 0x31, 0xC8, 0x39, 0xC8, 0x39, 0xE8, 0x39, 0xE8,
  0x39, 0xE8, 0x39, 0xE9, 0x3A, 0x09, 0x3A, 0x09, 0x3A, 0x0A, 0x3A, 0x2A, 0x42, 0x6B, 0x4A, 0xCD,
  0x95, 0x18, 0xB6, 0x1C, 0xB6, 0x5D, 0xBE, 0x9E, 0xBE, 0xBE, 0xC6, 0xBE, 0xC6, 0xBE, 0xC6, 0xBE,
  0xC6, 0x9E, 0xBE, 0x9D, 0xBE, 0x9E, 0xBE, 0x9E, 0xC6, 0x5B, 0xB5, 0x97, 0xBD, 0x54, 0xD5, 0xB5,
  0xE6, 0x16, 0xEE, 0x16, 0xED, 0xF5, 0xED, 0xF5, 0xED, 0xF5, 0xEE, 0x15, 0xF6, 0x15, 0xF6, 0x15,
  0xEE, 0x15, 0xED, 0xF4, 0xED, 0xF4, 0xED, 0xF5, 0xBD, 0x32, 0xAD, 0x56, 0xBE, 0x7D, 0xBE, 0x7D,
  0xBE, 0x9E, 0xBE, 0x7E, 0xB6, 0x5D, 0xA6, 0x3C, 0x8D, 0xB9, 0x64, 0x53, 0x33, 0x0D, 0x33, 0x0D,
  0x3B, 0x6E, 0x3B, 0xEF, 0x34, 0x50, 0x34, 0x70, 0x34, 0x70, 0x34, 0x6F, 0x34, 0x4F, 0x2C, 0x0E,
  0x2B, 0xEE, 0x2A, 0xEB, 0x21, 0xEA, 0x2A, 0x0B, 0x29, 0xEA, 0x29, 0xEA, 0x31, 0xEA, 0x31, 0xEB,
  0x31, 0xCB, 0x31, 0xEB, 0x31, 0xCB, 0x31, 0xCB, 0x31, 0xCB, 0x29, 0xAB, 0x31, 0xCB, 0x31, 0xCB,
  0x31, 0xAA, 0x31, 0xAA, 0x29, 0xAA, 0x29, 0xA9, 0x31, 0xAA, 0x31, 0xAA, 0x31, 0xA9, 0x31, 0xAA,
  0x29, 0x88, 0x29, 0x67, 0x29, 0x68, 0x29, 0x88, 0x31, 0x89, 0x31, 0xAA, 0x31, 0xAA, 0x31, 0xAB,
  0x31, 0xCB, 0x31, 0xCB, 0x31, 0xCB, 0x31, 0xCB, 0x31, 0xAB, 0x31, 0xAB, 0x31, 0xAB, 0x29, 0xAB,
  0x29, 0xAB, 0x29, 0xAB, 0x29, 0xAA, 0x29, 0xAA, 0x31, 0xAA, 0x31, 0xAA, 0x31, 0xAA, 0x31, 0xAA,
  0x29, 0xAA, 0x29, 0x89, 0x29, 0x68, 0x21, 0x88, 0x29, 0xAA, 0x31, 0xAA, 0x31, 0xAA, 0x31, 0xAA,
  0x31, 0xAA, 0x31, 0xAA, 0x31, 0xAA, 0x31, 0xAA, 0x31, 0xAA, 0x31, 0xAA, 0x31, 0xAA, 0x31, 0xAA,
  0x31, 0xAA, 0x31, 0xAA, 0x31, 0xAA, 0x31, 0xAA, 0x31, 0xAA, 0x31, 0xAA, 0x31, 0xAA, 0x31, 0xCB,
  0x31, 0xCB, 0x31, 0xCB, 0x29, 0xEB, 0x31, 0xEB, 0x39, 0xEB, 0x3A, 0x0B, 0x32, 0x0C, 0x3A, 0x2C,
  0xFF, 0x7C, 0xFF, 0x7C, 0xFF, 0x7C, 0xFF, 0x7C, 0xFF, 0x7B, 0xFF, 0x7B, 0xFF, 0x7C, 0xFF, 0x7D,
  0xFF, 0x7D, 0xFF, 0x7D, 0xFF, 0x7D, 0xFF, 0x7D, 0xFF, 0x7D, 0xFF, 0x7D, 0xFF, 0x7D, 0xFF, 0x7D,
  0xFF, 0x7D, 0xFF, 0x7C, 0xFF, 0x9D, 0xFF, 0x9E, 0xFF, 0xBE, 0xEF, 0x7D, 0x94, 0xD4, 0x7B, 0xD1,
  0x63, 0x70, 0x52, 0xEF, 0x4A, 0xAE, 0x42, 0x8E, 0x42, 0x4D, 0x42, 0x4C, 0x3A, 0x2D, 0x3A, 0x2D,
  0x3A, 0x0C, 0x3A, 0x0B, 0x31, 0xEC, 0x31, 0xEC, 0x31, 0xEC, 0x31, 0xEC, 0x31, 0xEC, 0x31, 0xEC,
  0x31, 0xEC, 0x31, 0xEC, 0x31, 0xEC, 0x31, 0xEC, 0x31, 0xEC, 0x31, 0xEC, 0x31, 0xEC, 0x31, 0xEC,
  0x31, 0xEC, 0x31, 0xEC, 0x31, 0xEC, 0x31, 0xEC, 0x31, 0xEC, 0x31, 0xEC, 0x31, 0xEC, 0x31, 0xEC,
  0x31, 0xEB, 0x29, 0xEB, 0x31, 0xAA, 0x29, 0xCA, 0x31, 0xEB, 0x39, 0xEC, 0x39, 0xEC, 0x31, 0xEC,
  0x29, 0xEC, 0x31, 0xEC, 0x29, 0xEC, 0x29, 0xEC, 0x29, 0xEC, 0x31, 0xEC, 0x31, 0xEC, 0x31, 0xEC,
  0x31, 0xEC, 0x31, 0xEC, 0x31, 0xEC, 0x31, 0xEC, 0x29, 0xCA, 0x29, 0xA9, 0x31, 0xEB, 0x31, 0xEB,
  0x31, 0xEC, 0x31, 0xEC, 0x31, 0xEC, 0x31, 0xEC, 0x31, 0xEC, 0x31, 0xEC, 0x31, 0xEC, 0x31, 0xEC,
  0x31, 0xEC, 0x31, 0xEC, 0x31, 0xEC, 0x31, 0xEC, 0x31, 0xEC, 0x31, 0xEC, 0x31, 0xCB, 0x31, 0xCA,
  0x31, 0xA8, 0x29, 0xA8, 0x31, 0xA9, 0x39, 0xC9, 0x31, 0xC9, 0x31, 0xCA, 0x39, 0xE9, 0x39, 0xE9,
  0x39, 0xE8, 0x3A, 0x09, 0x3A, 0x0A, 0x3A, 0x0A, 0x3A, 0x0A, 0x3A, 0x0A, 0x42, 0x4B, 0x42, 0x6B,
  0x63, 0x70, 0xA5, 0xBA, 0xAE, 0x1C, 0xB6, 0x7D, 0xBE, 0x9E, 0xC6, 0xBF, 0xC6, 0xBF, 0xC6, 0xBF,
  0xC6, 0xBF, 0xC6, 0xBE, 0xC6, 0x9D, 0xBE, 0x9E, 0xBE, 0x9E, 0xC6, 0x9E, 0xBE, 0x3B, 0xB5, 0x76,
  0xC5, 0x34, 0xDD, 0xB5, 0xED, 0xF5, 0xED, 0xF5, 0xE5, 0xD4, 0xE5, 0xD4, 0xE5, 0xF4, 0xED, 0xF4,
  0xEE, 0x15, 0xE5, 0xF4, 0xED, 0xF4, 0xD5, 0x73, 0xAD, 0x13, 0xC6, 0x7C, 0xBE, 0x5D, 0xBE, 0x7E,
  0xBE, 0x7E, 0xB6, 0x7D, 0xAE, 0x3C, 0x85, 0x37, 0x53, 0xF2, 0x3B, 0x6F, 0x33, 0x4D, 0x33, 0xAE,
  0x3C, 0x50, 0x34, 0x90, 0x34, 0x90, 0x2C, 0x8F, 0x34, 0x90, 0x34, 0x90, 0x34, 0x6F, 0x2C, 0x2F,
  0x23, 0x8D, 0x22, 0xAB, 0x2A, 0x0A, 0x2A, 0x0A, 0x21, 0xE9, 0x29, 0xE9, 0x31, 0xEA, 0x31, 0xEA,
  0x31, 0xEB, 0x31, 0xEB, 0x31, 0xCB, 0x31, 0xCB, 0x31, 0xAB, 0x31, 0xAA, 0x31, 0xCA, 0x31, 0xCB,
  0x31, 0xCA, 0x31, 0xAA, 0x31, 0xAA, 0x31, 0xAA, 0x31, 0xAA, 0x31, 0xA9, 0x31, 0xAA, 0x31, 0xA9,
  0x29, 0x88, 0x29, 0x67, 0x29, 0x88, 0x31, 0xA9, 0x31, 0xAA, 0x31, 0xAB, 0x31, 0xAB, 0x31, 0xCB,
  0x31, 0xCB, 0x31, 0xCB, 0x31, 0xCB, 0x31, 0xCB, 0x31, 0xCB, 0x31, 0xCB, 0x31, 0xCB, 0x31, 0xCB,
  0x31, 0xCB, 0x31, 0xCA, 0x31, 0xAA, 0x31, 0xA9, 0x31, 0xAA, 0x31, 0xAA, 0x31, 0xAA, 0x31, 0xAA,
  0x31, 0xAA, 0x29, 0xA9, 0x21, 0x88, 0x29, 0x88, 0x29, 0xA9, 0x31, 0xAA, 0x31, 0xAB, 0x31, 0xAA,
  0x31, 0xA9, 0x31, 0xAA, 0x31, 0xAA, 0x31, 0xA9, 0x31, 0xA9, 0x31, 0xA9, 0x31, 0xA9, 0x31, 0xA9,
  0x31, 0xA9, 0x31, 0xA9, 0x31, 0xA9, 0x31, 0xA9, 0x31, 0xA9, 0x31, 0xAA, 0x31, 0xAB, 0x31, 0xCB,
  0x31, 0xCB, 0x31, 0xCB, 0x29, 0xEB, 0x31, 0xEB, 0x39, 0xEB, 0x3A, 0x0B, 0x32, 0x0B, 0x3A, 0x2C,
  0xFF, 0x7B, 0xFF, 0x7B, 0xFF, 0x7B, 0xFF, 0x7B, 0xFF, 0x7C, 0xFF, 0x7C, 0xFF, 0x7D, 0xFF, 0x7D,
  0xFF, 0x7D, 0xFF, 0x7D, 0xFF, 0x7D, 0xFF, 0x7D, 0xFF, 0x7D, 0xFF, 0x7D, 0xFF, 0x7D, 0xFF, 0x7D,
  0xFF, 0x7D, 0xFF, 0x7D, 0xFF, 0x7C, 0xF7, 0x9D, 0xFF, 0xBE, 0xDE, 0xFB, 0x8C, 0x53, 0x73, 0xD2,
  0x5B, 0x50, 0x52, 0xCF, 0x4A, 0x8E, 0x42, 0x6D, 0x42, 0x4D, 0x3A, 0x4D, 0x3A, 0x2D, 0x3A, 0x0D,
  0x3A, 0x0C, 0x31, 0xEB, 0x29, 0xEC, 0x31, 0xEC, 0x31, 0xEC, 0x31, 0xEC, 0x31, 0xEC, 0x31, 0xEC,
  0x31, 0xEC, 0x31, 0xEC, 0x31, 0xEC, 0x31, 0xEC, 0x31, 0xEC, 0x31, 0xEC, 0x31, 0xEC, 0x31, 0xEC,
  0x31, 0xEC, 0x31, 0xEC, 0x31, 0xEC, 0x31, 0xEC, 0x31, 0xEC, 0x31, 0xEC, 0x31, 0xEC, 0x31, 0xCB,
  0x31, 0xCA, 0x31, 0xCA, 0x29, 0xA9, 0x31, 0xCA, 0x31, 0xEB, 0x31, 0xEC, 0x31, 0xEC, 0x29, 0xEC,
  0x31, 0xEC, 0x31, 0xEC, 0x31, 0xEB, 0x31, 0xEB, 0x31, 0xEC, 0x31, 0xEC, 0x31, 0xEC, 0x31, 0xEC,
  0x31, 0xEC, 0x31, 0xEC, 0x31, 0xEC, 0x31, 0xEC, 0x31, 0xCA, 0x31, 0xA9, 0x31, 0xCA, 0x31, 0xEB,
  0x31, 0xEC, 0x31, 0xEC, 0x31, 0xEC, 0x31, 0xEC, 0x31, 0xEC, 0x31, 0xEC, 0x31, 0xEC, 0x31, 0xEC,
  0x31, 0xEC, 0x31, 0xEC, 0x31, 0xEC, 0x31, 0xEC, 0x31, 0xEC, 0x31, 0xEC, 0x31, 0xEB, 0x31, 0xCB,
  0x31, 0xAA, 0x31, 0x88, 0x29, 0xA9, 0x31, 0xA9, 0x31, 0xC9, 0x31, 0xCA, 0x39, 0xEA, 0x39, 0xE9,
  0x39, 0xE8, 0x39, 0xE9, 0x3A, 0x0A, 0x3A, 0x0B, 0x3A, 0x0B, 0x3A, 0x0A, 0x3A, 0x2A, 0x42, 0x6B,
  0x42, 0x6C, 0x74, 0x33, 0xAD, 0xFB, 0xAE, 0x1C, 0xBE, 0x7D, 0xBE, 0x9E, 0xBE, 0x9E, 0xBE, 0x9E,
  0xBE, 0x9E, 0xBE, 0x9E, 0xBE, 0x9E, 0xBE, 0x9E, 0xBE, 0x7D, 0xB6, 0x7E, 0xBE, 0x7D, 0xBE, 0x9D,
  0xBD, 0xF9, 0xB5, 0x76, 0xBD, 0x54, 0xDD, 0xD4, 0xEE, 0x15, 0xED, 0xF5, 0xED, 0xD4, 0xED, 0xF5,
  0xED, 0xF4, 0xED, 0xF4, 0xE5, 0xD4, 0xB4, 0xF2, 0xB5, 0xF9, 0xBE, 0x5D, 0xB6, 0x5D, 0xAE, 0x5D,
  0xB6, 0x5D, 0xA6, 0x1B, 0x6C, 0xB4, 0x4C, 0x11, 0x3B, 0xF0, 0x2B, 0x6E, 0x2B, 0x6D, 0x34, 0x2F,
  0x34, 0x70, 0x2C, 0x90, 0x34, 0xB0, 0x34, 0xB0, 0x34, 0xB0, 0x34, 0x90, 0x2C, 0x90, 0x24, 0x0E,
  0x1B, 0x2B, 0x22, 0xAA, 0x2A, 0x0A, 0x2A, 0x0A, 0x21, 0xEA, 0x21, 0xEA, 0x31, 0xEA, 0x31, 0xEA,
  0x31, 0xEB, 0x31, 0xEB, 0x31, 0xCB, 0x31, 0xCB, 0x31, 0xAB, 0x31, 0xAA, 0x31, 0xCA, 0x31, 0xCB,
  0x31, 0xCA, 0x31, 0xCA, 0x29, 0xAA, 0x29, 0xAA, 0x31, 0xCA, 0x31, 0xAA, 0x31, 0xAA, 0x29, 0xA9,
  0x29, 0x87, 0x31, 0x88, 0x31, 0xA9, 0x31, 0xCA, 0x31, 0xCB, 0x31, 0xCB, 0x31, 0xCB, 0x31, 0xCB,
  0x31, 0xCB, 0x31, 0xCA, 0x31, 0xCA, 0x31, 0xCA, 0x31, 0xCA, 0x31, 0xCA, 0x31, 0xCB, 0x31, 0xCB,
  0x31, 0xCA, 0x31, 0xCA, 0x31, 0xCA, 0x31, 0xCA, 0x31, 0xCB, 0x31, 0xCB, 0x31, 0xAB, 0x31, 0xAB,
  0x31, 0xAA, 0x29, 0xAA, 0x21, 0xA9, 0x29, 0x88, 0x29, 0xA9, 0x31, 0xAA, 0x31, 0xAB, 0x31, 0xAA,
  0x31, 0xA9, 0x31, 0xAA, 0x31, 0xAA, 0x31, 0xAA, 0x31, 0xAA, 0x31, 0xAA, 0x31, 0xAA, 0x31, 0xAA,
  0x31, 0xAA, 0x31, 0xAA, 0x31, 0xAA, 0x31, 0xA9, 0x31, 0xAA, 0x31, 0xCB, 0x31, 0xCB, 0x31, 0xCB,
  0x31, 0xCB, 0x31, 0xCB, 0x29, 0xEB, 0x31, 0xEB, 0x39, 0xEB, 0x3A, 0x0A, 0x3A, 0x0C, 0x3A, 0x2C,
  0xFF, 0x7C, 0xFF, 0x7C, 0xFF, 0x7C, 0xFF, 0x7C, 0xFF, 0x7D, 0xFF, 0x7D, 0xFF, 0x7D, 0xFF, 0x7D,
  0xFF, 0x7D, 0xFF, 0x7D, 0xFF, 0x7D, 0xFF, 0x7D, 0xFF, 0x7D, 0xFF, 0x7D, 0xFF, 0x7D, 0xFF, 0x7D,
  0xFF, 0x7D, 0xFF, 0x7D, 0xFF, 0x9D, 0xF7, 0x9C, 0xFF, 0xBE, 0xD6, 0x79, 0x7C, 0x12, 0x6B, 0xB2,
  0x5B, 0x10, 0x52, 0xCF, 0x4A, 0x8E, 0x42, 0x6D, 0x42, 0x4D, 0x3A, 0x2D, 0x32, 0x2D, 0x3A, 0x0C,
  0x3A, 0x0B, 0x31, 0xEC, 0x29, 0xEC, 0x31, 0xEC, 0x31, 0xEC, 0x31, 0xEC, 0x31, 0xEC, 0x31, 0xEC,
  0x31, 0xEC, 0x31, 0xEC, 0x31, 0xEC, 0x31, 0xEC, 0x31, 0xEC, 0x31, 0xEC, 0x31, 0xEC, 0x31, 0xEC,
  0x31, 0xEC, 0x31, 0xEC, 0x31, 0xEC, 0x31, 0xEC, 0x31, 0xEC, 0x31, 0xEC, 0x31, 0xCB, 0x31, 0xCA,
  0x31, 0xCB, 0x29, 0xAA, 0x29, 0xA9, 0x31, 0xCA, 0x31, 0xCB, 0x29, 0xCB, 0x29, 0xEC, 0x31, 0xEB,
  0x31, 0xEC, 0x31, 0xEC, 0x31, 0xEB, 0x31, 0xEB, 0x31, 0xEC, 0x31, 0xEC, 0x31, 0xEC, 0x31, 0xEC,
  0x31, 0xEC, 0x31, 0xEC, 0x31, 0xEC, 0x31, 0xEB, 0x31, 0xCB, 0x29, 0xA9, 0x31, 0xA9, 0x31, 0xCB,
  0x31, 0xEC, 0x31, 0xEC, 0x31, 0xEC, 0x31, 0xEC, 0x31, 0xEC, 0x31, 0xEC, 0x31, 0xEC, 0x31, 0xEC,
  0x31, 0xEC, 0x31, 0xEC, 0x31, 0xEC, 0x31, 0xEC, 0x31, 0xEC, 0x31, 0xEC, 0x31, 0xEB, 0x31, 0xCB,
  0x31, 0xCA, 0x31, 0xC9, 0x31, 0xA9, 0x29, 0x88, 0x31, 0xC8, 0x31, 0xEA, 0x31, 0xEA, 0x39, 0xEA,
  0x39, 0xE9, 0x39, 0xE8, 0x3A, 0x0A, 0x3A, 0x0B, 0x3A, 0x0C, 0x3A, 0x0B, 0x3A, 0x2B, 0x3A, 0x2B,
  0x42, 0x6C, 0x42, 0xAC, 0x84, 0xF7, 0xA5, 0xFC, 0xAE, 0x1C, 0xB6, 0x7D, 0xB6, 0x7D, 0xB6, 0x7D,
  0xB6, 0x7D, 0xB6, 0x7E, 0xB6, 0x7D, 0xB6, 0x7D, 0xB6, 0x7E, 0xB6, 0x5D, 0xB6, 0x5D, 0xB6, 0x5D,
  0xBE, 0x7D, 0xBE, 0x7C, 0xB5, 0xF9, 0xAD, 0x55, 0xBD, 0x34, 0xDD, 0xD4, 0xEE, 0x15, 0xE5, 0xD4,
  0xE5, 0xD4, 0xED, 0xF4, 0xCD, 0x32, 0xAD, 0x35, 0xBE, 0x7D, 0xAE, 0x3B, 0xAE, 0x1C, 0xAE, 0x3C,
  0x95, 0xD9, 0x5C, 0x73, 0x44, 0x51, 0x3C, 0x71, 0x2B, 0xAF, 0x23, 0x4D, 0x2B, 0xAE, 0x34, 0x70,
  0x34, 0xB0, 0x34, 0xB0, 0x34, 0xD1, 0x2C, 0xB1, 0x2C, 0xB0, 0x2C, 0x90, 0x2C, 0x70, 0x1B, 0x6D,
  0x1A, 0xEB, 0x22, 0xAA, 0x2A, 0x2A, 0x2A, 0x0B, 0x29, 0xEB, 0x29, 0xCA, 0x29, 0xCA, 0x31, 0xEB,
  0x31, 0xEB, 0x31, 0xEB, 0x31, 0xCB, 0x31, 0xCB, 0x31, 0xCB, 0x31, 0xAA, 0x31, 0xCB, 0x31, 0xCB,
  0x31, 0xCA, 0x31, 0xCA, 0x29, 0xCA, 0x29, 0xCA, 0x31, 0xCA, 0x31, 0xAA, 0x31, 0xA9, 0x29, 0xA9,
  0x29, 0xA8, 0x31, 0xA9, 0x31, 0xAA, 0x31, 0xCB, 0x31, 0xCB, 0x31, 0xCB, 0x31, 0xCB, 0x31, 0xCB,
  0x31, 0xCA, 0x31, 0xCA, 0x31, 0xC9, 0x31, 0xC9, 0x31, 0xCA, 0x31, 0xCA, 0x31, 0xCB, 0x31, 0xCB,
  0x31, 0xCB, 0x31, 0xCB, 0x31, 0xCB, 0x31, 0xCB, 0x31, 0xCB, 0x31, 0xCB, 0x31, 0xCB, 0x31, 0xCB,
  0x31, 0xCB, 0x31, 0xAA, 0x29, 0xA9, 0x21, 0x89, 0x29, 0x88, 0x31, 0xA9, 0x31, 0xAB, 0x31, 0xAA,
  0x31, 0xAA, 0x31, 0xAA, 0x31, 0xAA, 0x31, 0xAB, 0x31, 0xAB, 0x31, 0xAB, 0x31, 0xAB, 0x31, 0xAB,
  0x31, 0xAB, 0x31, 0xAB, 0x31, 0xAA, 0x31, 0xA9, 0x31, 0xAA, 0x31, 0xCB, 0x31, 0xCB, 0x31, 0xCB,
  0x31, 0xCB, 0x29, 0xCB, 0x31, 0xEB, 0x39, 0xEB, 0x39, 0xEB, 0x32, 0x0B, 0x3A, 0x2B, 0x42, 0x2C,
  0xFF, 0x7D, 0xFF, 0x7D, 0xFF, 0x7D, 0xFF, 0x7D, 0xFF, 0x7D, 0xFF, 0x7D, 0xFF, 0x9D, 0xFF, 0x9D,
  0xFF, 0x9D, 0xFF, 0x9D, 0xFF, 0x9D, 0xFF, 0x7D, 0xFF, 0x7D, 0xFF, 0x7D, 0xFF, 0x7D, 0xFF, 0x7D,
  0xFF, 0x9D, 0xFF, 0x9D, 0xFF, 0x9D, 0xF7, 0x9C, 0xFF, 0xBD, 0xC5, 0xF8, 0x7B, 0xD2, 0x6B, 0x92,
  0x53, 0x10, 0x52, 0xAF, 0x4A, 0x8E, 0x42, 0x6D, 0x42, 0x4D, 0x3A, 0x2D, 0x32, 0x0C, 0x3A, 0x0C,
  0x3A, 0x0B, 0x31, 0xEC, 0x29, 0xEC, 0x31, 0xEC, 0x31, 0xEC, 0x31, 0xEC, 0x31, 0xEC, 0x31, 0xEC,
  0x31, 0xEB, 0x31, 0xEB, 0x31, 0xEC, 0x31, 0xEC, 0x31, 0xEC, 0x31, 0xEC, 0x31, 0xEC, 0x31, 0xEC,
  0x31, 0xEC, 0x31, 0xEC, 0x31, 0xEC, 0x31, 0xEC, 0x31, 0xEC, 0x31, 0xCB, 0x31, 0xCA, 0x31, 0xCB,
  0x29, 0xAA, 0x29, 0x88, 0x29, 0x88, 0x29, 0xAA, 0x31, 0xAA, 0x31, 0xCB, 0x31, 0xCC, 0x31, 0xEB,
  0x31, 0xEC, 0x31, 0xEC, 0x31, 0xEC, 0x31, 0xEC, 0x31, 0xEC, 0x31, 0xEC, 0x31, 0xEC, 0x31, 0xEC,
  0x31, 0xEC, 0x31, 0xEC, 0x31, 0xEC, 0x31, 0xEB, 0x31, 0xCB, 0x29, 0xAA, 0x29, 0xA9, 0x31, 0xCA,
  0x31, 0xEB, 0x31, 0xEB, 0x31, 0xEC, 0x31, 0xEC, 0x31, 0xEC, 0x31, 0xEC, 0x31, 0xEC, 0x31, 0xEC,
  0x31, 0xEC, 0x31, 0xEC, 0x29, 0xEC, 0x31, 0xEC, 0x31, 0xEC, 0x31, 0xEC, 0x31, 0xEC, 0x31, 0xEB,
  0x31, 0xCB, 0x31, 0xCA, 0x31, 0xA9, 0x29, 0xA8, 0x31, 0xA8, 0x39, 0xCA, 0x31, 0xEB, 0x31, 0xEB,
  0x39, 0xEA, 0x39, 0xEA, 0x3A, 0x09, 0x3A, 0x0A, 0x3A, 0x0B, 0x3A, 0x2C, 0x3A, 0x2C, 0x3A, 0x4C,
  0x3A, 0x6C, 0x42, 0x6C, 0x53, 0x4F, 0x9D, 0x99, 0xA5, 0xFB, 0xA6, 0x1C, 0xAE, 0x5D, 0xAE, 0x7D,
  0xAE, 0x5D, 0xAE, 0x5D, 0xAE, 0x5D, 0xAE, 0x5D, 0xAE, 0x5D, 0xAE, 0x5D, 0xAE, 0x7D, 0xB6, 0x5D,
  0xAE, 0x3C, 0xAE, 0x3C, 0xBE, 0x5D, 0xB6, 0x5B, 0xB5, 0xB8, 0xA4, 0xD3, 0xC5, 0x53, 0xE5, 0xD4,
  0xE5, 0xB3, 0xED, 0xB3, 0xB4, 0xF2, 0xAD, 0xB8, 0xA5, 0xFA, 0xAE, 0x1B, 0xA6, 0x3B, 0x85, 0x37,
  0x54, 0x51, 0x44, 0x91, 0x3C, 0xB1, 0x2B, 0xEF, 0x23, 0x6D, 0x23, 0x6D, 0x2C, 0x0F, 0x34, 0x91,
  0x2C, 0xB0, 0x2C, 0xD1, 0x34, 0xD1, 0x2C, 0xB1, 0x24, 0xB0, 0x2C, 0x90, 0x23, 0xEE, 0x1B, 0x0C,
  0x1A, 0xEB, 0x22, 0xAA, 0x2A, 0x4A, 0x2A, 0x0B, 0x2A, 0x0B, 0x29, 0xEB, 0x29, 0xCA, 0x31, 0xEA,
  0x31, 0xEB, 0x31, 0xEB, 0x31, 0xEA, 0x31, 0xCA, 0x31, 0xCB, 0x31, 0xCA, 0x31, 0xCA, 0x31, 0xCA,
  0x31, 0xCA, 0x31, 0xC9, 0x31, 0xCA, 0x31, 0xCA, 0x31, 0xCA, 0x31, 0xAA, 0x31, 0xA9, 0x29, 0xA9,
  0x29, 0xCA, 0x31, 0xCA, 0x39, 0xEB, 0x39, 0xEB, 0x39, 0xEA, 0x31, 0xEA, 0x29, 0xEB, 0x31, 0xCA,
  0x31, 0xC9, 0x31, 0xC9, 0x31, 0xCA, 0x31, 0xCA, 0x29, 0xEB, 0x31, 0xEB, 0x31, 0xCB, 0x31, 0xCB,
  0x31, 0xCB, 0x31, 0xCB, 0x31, 0xCA, 0x31, 0xCA, 0x31, 0xCB, 0x31, 0xCB, 0x31, 0xCB, 0x31, 0xCB,
  0x31, 0xCB, 0x31, 0xAA, 0x31, 0xA9, 0x31, 0xA9, 0x29, 0xA8, 0x29, 0xA9, 0x31, 0xAA, 0x31, 0xAB,
  0x31, 0xAB, 0x31, 0xCB, 0x31, 0xCB, 0x31, 0xCB, 0x31, 0xCB, 0x31, 0xAB, 0x31, 0xAB, 0x31, 0xAB,
  0x31, 0xAB, 0x31, 0xAB, 0x31, 0xAA, 0x31, 0xAA, 0x31, 0xCB, 0x31, 0xCB, 0x31, 0xCB, 0x31, 0xCB,
  0x31, 0xCB, 0x31, 0xEB, 0x31, 0xEB, 0x39, 0xEA, 0x3A, 0x0B, 0x32, 0x0B, 0x3A, 0x2C, 0x42, 0x4C,
  0xFF, 0x9D, 0xFF, 0x7D, 0xFF, 0x7D, 0xFF, 0x7D, 0xFF, 0x7D, 0xFF, 0x7D, 0xFF, 0x9D, 0xFF, 0x9D,
  0xFF, 0x9D, 0xFF, 0x9D, 0xFF, 0x9D, 0xFF, 0x7D, 0xFF, 0x7D, 0xFF, 0x7D, 0xFF, 0x7D, 0xFF, 0x9D,
  0xFF, 0x9D, 0xFF, 0x9C, 0xF7, 0x9D, 0xFF, 0x9D, 0xF7, 0x9D, 0xAD, 0x35, 0x73, 0xD2, 0x63, 0x71,
  0x52, 0xEF, 0x52, 0xAE, 0x42, 0x6E, 0x3A, 0x4D, 0x42, 0x4D, 0x3A, 0x2C, 0x32, 0x0C, 0x3A, 0x0C,
  0x31, 0xEB, 0x29, 0xEC, 0x31, 0xEC, 0x31, 0xEC, 0x31, 0xEC, 0x31, 0xEC, 0x31, 0xEC, 0x31, 0xEC,
  0x31, 0xEB, 0x31, 0xEB, 0x31, 0xEC, 0x31, 0xEC, 0x31, 0xEC, 0x31, 0xEC, 0x31, 0xEC, 0x31, 0xEC,
  0x31, 0xEC, 0x31, 0xEC, 0x31, 0xEC, 0x31, 0xEC, 0x31, 0xEB, 0x31, 0xCB, 0x31, 0xCB, 0x31, 0xCA,
  0x29, 0x89, 0x21, 0x67, 0x29, 0x68, 0x21, 0x89, 0x29, 0xAA, 0x31, 0xAA, 0x31, 0xCB, 0x31, 0xCC,
  0x31, 0xEB, 0x31, 0xEB, 0x31, 0xEC, 0x31, 0xEC, 0x31, 0xEC, 0x31, 0xEC, 0x31, 0xEC, 0x31, 0xEC,
  0x31, 0xEC, 0x31, 0xEC, 0x31, 0xEC, 0x31, 0xEC, 0x31, 0xCB, 0x29, 0xAA, 0x29, 0xA9, 0x31, 0xCA,
  0x31, 0xEB, 0x31, 0xEB, 0x31, 0xEC, 0x31, 0xEC, 0x31, 0xEC, 0x31, 0xEC, 0x31, 0xEC, 0x31, 0xEC,
  0x31, 0xEC, 0x31, 0xEC, 0x31, 0xEC, 0x31, 0xEC, 0x29, 0xEC, 0x31, 0xEC, 0x31, 0xEC, 0x31, 0xEC,
  0x31, 0xCB, 0x31, 0xCB, 0x31, 0xCA, 0x31, 0xA9, 0x31, 0xA8, 0x31, 0xCA, 0x31, 0xEB, 0x31, 0xEB,
  0x3A, 0x0B, 0x3A, 0x0B, 0x3A, 0x0A, 0x3A, 0x0A, 0x3A, 0x0B, 0x32, 0x2B, 0x3A, 0x2C, 0x3A, 0x4C,
  0x3A, 0x4B, 0x42, 0x8C, 0x3A, 0x8B, 0x6C, 0x12, 0x9D, 0xBA, 0x95, 0x99, 0x8D, 0x78, 0x74, 0xF6,
  0x6C, 0xD5, 0x6C, 0xF5, 0x6C, 0xF5, 0x75, 0x15, 0x75, 0x36, 0x75, 0x16, 0x85, 0x58, 0x95, 0xDA,
  0xAE, 0x3B, 0xAE, 0x3C, 0xAE, 0x1C, 0xAE, 0x1B, 0xAE, 0x3C, 0xB6, 0x1B, 0xA4, 0xF4, 0xBC, 0xF2,
  0xE5, 0xB3, 0xDD, 0x73, 0xAC, 0xD3, 0x8D, 0x16, 0x63, 0xF2, 0x8D, 0x37, 0x7C, 0xF5, 0x4C, 0x30,
  0x44, 0xD1, 0x3C, 0xB1, 0x34, 0x70, 0x23, 0x8D, 0x23, 0x4D, 0x23, 0x8E, 0x2C, 0x6F, 0x2C, 0xB0,
  0x2C, 0xB1, 0x2C, 0xD1, 0x34, 0xD1, 0x2C, 0xB0, 0x24, 0x90, 0x2C, 0x50, 0x1B, 0x6D, 0x1B, 0x0B,
  0x1A, 0xEB, 0x23, 0x2C, 0x2A, 0x8A, 0x2A, 0x0A, 0x2A, 0x0B, 0x29, 0xEA, 0x31, 0xCA, 0x31, 0xEB,
  0x31, 0xEB, 0x31, 0xEB, 0x31, 0xEB, 0x31, 0xEB, 0x31, 0xCA, 0x31, 0xCA, 0x31, 0xC9, 0x31, 0xCA,
  0x31, 0xCA, 0x31, 0xCA, 0x31, 0xCA, 0x31, 0xCA, 0x31, 0xCA, 0x31, 0xC9, 0x31, 0xA9, 0x31, 0xC9,
  0x31, 0xCA, 0x31, 0xEB, 0x39, 0xEB, 0x39, 0xEB, 0x39, 0xEA, 0x31, 0xEA, 0x31, 0xEB, 0x31, 0xEA,
  0x31, 0xE9, 0x31, 0xEA, 0x31, 0xEB, 0x31, 0xEB, 0x31, 0xEB, 0x31, 0xEB, 0x31, 0xEB, 0x31, 0xEB,
  0x31, 0xEB, 0x31, 0xEB, 0x31, 0xCB, 0x31, 0xEB, 0x31, 0xEB, 0x31, 0xCB, 0x31, 0xCB, 0x31, 0xCB,
  0x31, 0xCB, 0x31, 0xCB, 0x31, 0xCA, 0x31, 0xAA, 0x29, 0xA9, 0x29, 0xA9, 0x31, 0xAA, 0x31, 0xAA,
  0x31, 0xAB, 0x31, 0xCB, 0x31, 0xAB, 0x31, 0xAA, 0x31, 0xAA, 0x31, 0xAA, 0x31, 0xAA, 0x31, 0xAA,
  0x31, 0xAA, 0x31, 0xAA, 0x31, 0xAA, 0x31, 0xAA, 0x31, 0xCB, 0x31, 0xCB, 0x31, 0xCB, 0x31, 0xCB,
  0x31, 0xCB, 0x31, 0xEB, 0x31, 0xEB, 0x31, 0xEB, 0x3A, 0x0B, 0x32, 0x0C, 0x3A, 0x2B, 0x42, 0x4C,
  0xFF, 0x9D, 0xFF, 0x9D, 0xFF, 0x9D, 0xFF, 0x9D, 0xFF, 0x9D, 0xFF, 0x9D, 0xFF, 0x9D, 0xFF, 0x9D,
  0xFF, 0x9D, 0xFF, 0x9D, 0xFF, 0x9D, 0xFF, 0x9D, 0xFF, 0x9D, 0xFF, 0x9D, 0xFF, 0x9D, 0xFF, 0x9D,
  0xFF, 0x9D, 0xFF, 0x9D, 0xF7, 0x9E, 0xFF, 0x9D, 0xE7, 0x1B, 0x94, 0x73, 0x73, 0xD2, 0x63, 0x51,
  0x52, 0xEF, 0x4A, 0xAE, 0x42, 0x6E, 0x42, 0x4D, 0x3A, 0x2D, 0x32, 0x2D, 0x3A, 0x0C, 0x3A, 0x0B,
  0x31, 0xEC, 0x31, 0xEC, 0x31, 0xEC, 0x31, 0xEC, 0x31, 0xEC, 0x31, 0xEC, 0x31, 0xEC, 0x31, 0xEC,
  0x31, 0xEC, 0x31, 0xEC, 0x31, 0xEC, 0x31, 0xEC, 0x31, 0xEC, 0x31, 0xEC, 0x31, 0xEC, 0x31, 0xEC,
  0x31, 0xEC, 0x31, 0xEC, 0x31, 0xEC, 0x31, 0xEC, 0x31, 0xEA, 0x31, 0xCB, 0x31, 0xCB, 0x31, 0xAA,
  0x29, 0x88, 0x21, 0x46, 0x29, 0x67, 0x29, 0x67, 0x21, 0x89, 0x29, 0xAA, 0x31, 0xAA, 0x31, 0xCB,
  0x31, 0xEB, 0x31, 0xEB, 0x31, 0xEC, 0x31, 0xEC, 0x31, 0xEC, 0x31, 0xEC, 0x31, 0xEC, 0x31, 0xEC,
  0x31, 0xEC, 0x31, 0xEC, 0x31, 0xEC, 0x31, 0xEC, 0x31, 0xCB, 0x31, 0xCA, 0x31, 0xA9, 0x31, 0xA9,
  0x31, 0xCB, 0x31, 0xCB, 0x31, 0xEC, 0x31, 0xEC, 0x31, 0xEC, 0x31, 0xEC, 0x31, 0xEC, 0x31, 0xEC,
  0x31, 0xEC, 0x29, 0xEC, 0x31, 0xEC, 0x39, 0xEC, 0x31, 0xEC, 0x31, 0xEC, 0x31, 0xEC, 0x31, 0xEC,
  0x31, 0xEB, 0x31, 0xEA, 0x31, 0xCA, 0x31, 0xCA, 0x31, 0xA9, 0x31, 0xCA, 0x31, 0xEB, 0x32, 0x0B,
  0x3A, 0x0B, 0x3A, 0x0B, 0x3A, 0x0A, 0x3A, 0x0A, 0x3A, 0x0A, 0x3A, 0x2B, 0x3A, 0x2C, 0x3A, 0x4B,
  0x3A, 0x6C, 0x3A, 0x6C, 0x3A, 0x8B, 0x42, 0xEC, 0x5B, 0xF1, 0x4B, 0xB0, 0x43, 0x8F, 0x3B, 0x8F,
  0x44, 0x50, 0x4C, 0xD3, 0x4C, 0xF2, 0x4C, 0xF2, 0x4D, 0x13, 0x4C, 0xF2, 0x4C, 0x92, 0x54, 0x52,
  0x64, 0x94, 0x85, 0x58, 0x9D, 0xFA, 0xA6, 0x1B, 0xAE, 0x1B, 0x95, 0x57, 0x95, 0x36, 0x94, 0x71,
  0xCD, 0x53, 0xC5, 0x11, 0x94, 0xD3, 0x95, 0x98, 0x85, 0x36, 0x53, 0xB0, 0x44, 0x30, 0x44, 0xD2,
  0x3C, 0xD0, 0x34, 0xB0, 0x2B, 0xEF, 0x23, 0x4D, 0x2B, 0x6D, 0x2B, 0xEE, 0x2C, 0x90, 0x2C, 0xB0,
  0x34, 0xD1, 0x34, 0xD1, 0x2C, 0xD1, 0x2C, 0xB0, 0x2C, 0x90, 0x23, 0xEE, 0x1B, 0x2B, 0x1B, 0x0C,
  0x1B, 0x2C, 0x23, 0xCE, 0x22, 0xAA, 0x2A, 0x0A, 0x2A, 0x2B, 0x29, 0xEA, 0x31, 0xEA, 0x31, 0xEA,
  0x31, 0xEB, 0x31, 0xEB, 0x31, 0xEC, 0x31, 0xEC, 0x31, 0xEA, 0x31, 0xC9, 0x31, 0xCA, 0x29, 0xEA,
  0x29, 0xCA, 0x31, 0xCA, 0x29, 0xEA, 0x29, 0xEA, 0x31, 0xC9, 0x29, 0xC9, 0x31, 0xCA, 0x39, 0xEA,
  0x39, 0xEA, 0x39, 0xEA, 0x39, 0xEB, 0x39, 0xEB, 0x39, 0xEB, 0x31, 0xEB, 0x31, 0xEB, 0x39, 0xEB,
  0x3A, 0x0A, 0x3A, 0x0B, 0x39, 0xEB, 0x39, 0xEB, 0x39, 0xEB, 0x39, 0xEA, 0x39, 0xEB, 0x39, 0xEB,
  0x39, 0xEB, 0x39, 0xEA, 0x31, 0xEB, 0x31, 0xEC, 0x31, 0xEB, 0x31, 0xEB, 0x31, 0xEB, 0x31, 0xEB,
  0x31, 0xCB, 0x31, 0xEB, 0x31, 0xCB, 0x31, 0xCB, 0x31, 0xA9, 0x31, 0xA9, 0x31, 0xC9, 0x31, 0xCA,
  0x31, 0xCA, 0x31, 0xCA, 0x31, 0xCB, 0x31, 0xCA, 0x31, 0xCA, 0x31, 0xCA, 0x31, 0xCA, 0x31, 0xCA,
  0x31, 0xCA, 0x31, 0xCA, 0x31, 0xAA, 0x31, 0xCA, 0x31, 0xCB, 0x31, 0xCB, 0x31, 0xCB, 0x31, 0xEB,
  0x31, 0xEB, 0x31, 0xEB, 0x39, 0xEB, 0x39, 0xEB, 0x3A, 0x0C, 0x3A, 0x0C, 0x42, 0x2C, 0x42, 0x4C,
  0xFF, 0x9D, 0xFF, 0x9C, 0xFF, 0x9D, 0xFF, 0x9D, 0xFF, 0x9D, 0xFF, 0x9D, 0xFF, 0x9D, 0xFF, 0x9D,
  0xFF, 0x9D, 0xFF, 0x9D, 0xFF, 0x9D, 0xFF, 0x9D, 0xFF, 0x9D, 0xFF, 0x9D, 0xFF, 0x9D, 0xFF, 0x9D,
  0xFF, 0x9D, 0xFF, 0x9D, 0xF7, 0x9D, 0xFF, 0xBD, 0xD6, 0x99, 0x84, 0x32, 0x73, 0xB2, 0x5B, 0x30,
  0x52, 0xCF, 0x4A, 0xAE, 0x42, 0x6D, 0x42, 0x4D, 0x3A, 0x2D, 0x32, 0x2D, 0x3A, 0x0C, 0x3A, 0x0C,
  0x31, 0xEC, 0x31, 0xEC, 0x31, 0xEC, 0x31, 0xEC, 0x31, 0xEC, 0x31, 0xEC, 0x31, 0xEC, 0x31, 0xEC,
  0x31, 0xEC, 0x31, 0xEC, 0x31, 0xEC, 0x31, 0xEC, 0x31, 0xEC, 0x31, 0xEC, 0x31, 0xEC, 0x31, 0xEC,
  0x31, 0xEC, 0x31, 0xEC, 0x31, 0xEC, 0x31, 0xCC, 0x31, 0xCB, 0x31, 0xCB, 0x31, 0xCA, 0x29, 0xA9,
  0x21, 0x67, 0x29, 0x67, 0x29, 0x67, 0x29, 0x66, 0x29, 0x67, 0x29, 0x89, 0x31, 0xAA, 0x31, 0xAA,
  0x31, 0xCB, 0x31, 0xCB, 0x31, 0xEB, 0x31, 0xEC, 0x31, 0xEC, 0x31, 0xEC, 0x31, 0xEC, 0x31, 0xEC,
  0x31, 0xEC, 0x31, 0xEC, 0x31, 0xEC, 0x31, 0xEC, 0x31, 0xEB, 0x31, 0xCB, 0x29, 0xA9, 0x29, 0xA9,
  0x31, 0xCB, 0x31, 0xCB, 0x31, 0xEC, 0x31, 0xEC, 0x31, 0xEC, 0x31, 0xEC, 0x31, 0xEC, 0x31, 0xEC,
  0x31, 0xEC, 0x31, 0xEC, 0x31, 0xEC, 0x31, 0xEC, 0x31, 0xEC, 0x31, 0xEC, 0x31, 0xEC, 0x31, 0xEC,
  0x31, 0xEB, 0x31, 0xEB, 0x31, 0xCB, 0x31, 0xAA, 0x31, 0xA9, 0x31, 0xCA, 0x31, 0xEB, 0x2A, 0x0B,
  0x32, 0x0C, 0x3A, 0x0C, 0x3A, 0x0B, 0x3A, 0x0B, 0x3A, 0x0B, 0x3A, 0x2C, 0x3A, 0x4C, 0x3A, 0x6C,
  0x32, 0x4C, 0x32, 0xAC, 0x3B, 0x2C, 0x43, 0xCE, 0x33, 0xAE, 0x2B, 0x6E, 0x33, 0x8E, 0x3B, 0xF0,
  0x44, 0xB2, 0x3C, 0xF2, 0x3C, 0xF2, 0x3C, 0xF2, 0x3D, 0x12, 0x3D, 0x12, 0x3C, 0xF2, 0x44, 0xD2,
  0x3C, 0x30, 0x3B, 0x8F, 0x53, 0xF1, 0x7C, 0xF6, 0x7C, 0xD5, 0x6C, 0x31, 0x74, 0x52, 0x7C, 0x31,
  0xAC, 0xD2, 0xAC, 0xB1, 0x8C, 0xF4, 0xA5, 0xFA, 0x74, 0xB4, 0x4C, 0x10, 0x4C, 0xF2, 0x34, 0xD1,
  0x34, 0xB0, 0x2C, 0x6F, 0x1B, 0x8D, 0x23, 0x4D, 0x23, 0x8E, 0x2C, 0x4F, 0x2C, 0x90, 0x2C, 0xB0,
  0x34, 0xD1, 0x34, 0xD1, 0x24, 0xB0, 0x2C, 0x8F, 0x24, 0x6F, 0x1B, 0x8D, 0x1B, 0x0B, 0x1B, 0x0C,
  0x23, 0xAD, 0x2C, 0x0E, 0x2A, 0xAA, 0x2A, 0x0A, 0x2A, 0x0B, 0x2A, 0x0A, 0x31, 0xEB, 0x31, 0xEB,
  0x32, 0x0B, 0x32, 0x0C, 0x31, 0xEC, 0x31, 0xEC, 0x31, 0xEB, 0x31, 0xEA, 0x29, 0xEA, 0x31, 0xEA,
  0x31, 0xCA, 0x31, 0xCA, 0x31, 0xEA, 0x31, 0xE9, 0x31, 0xC9, 0x31, 0xEA, 0x39, 0xEA, 0x39, 0xEB,
  0x3A, 0x0B, 0x3A, 0x0B, 0x3A, 0x0B, 0x3A, 0x0B, 0x3A, 0x0B, 0x3A, 0x0A, 0x3A, 0x0B, 0x3A, 0x0A,
  0x3A, 0x0A, 0x3A, 0x0B, 0x32, 0x0C, 0x3A, 0x0C, 0x3A, 0x0B, 0x3A, 0x0B, 0x3A, 0x0B, 0x39, 0xEB,
  0x39, 0xEB, 0x39, 0xEB, 0x39, 0xEB, 0x39, 0xEB, 0x31, 0xEB, 0x31, 0xEB, 0x29, 0xEB, 0x29, 0xEB,
  0x29, 0xEB, 0x29, 0xEB, 0x31, 0xEB, 0x31, 0xCB, 0x31, 0xCA, 0x31, 0xC9, 0x31, 0xCA, 0x31, 0xCA,
  0x31, 0xCA, 0x31, 0xCB, 0x31, 0xCB, 0x31, 0xCB, 0x31, 0xCB, 0x31, 0xCB, 0x31, 0xCB, 0x31, 0xCB,
  0x31, 0xCB, 0x31, 0xCB, 0x31, 0xCA, 0x31, 0xCA, 0x31, 0xCB, 0x31, 0xCB, 0x31, 0xEB, 0x29, 0xEB,
  0x31, 0xEB, 0x31, 0xEB, 0x31, 0xEB, 0x39, 0xEB, 0x32, 0x0C, 0x3A, 0x2B, 0x42, 0x4C, 0x42, 0x6D,
  0xFF, 0x9D, 0xFF, 0x9D, 0xFF, 0x9D, 0xFF, 0x9C, 0xFF, 0x9C, 0xFF, 0x9C, 0xFF, 0x9C, 0xFF, 0x9C,
  0xFF, 0x9C, 0xFF, 0x9C, 0xFF, 0x9C, 0xFF, 0x9C, 0xFF, 0x9C, 0xFF, 0x9C, 0xFF, 0x9D, 0xFF, 0x9C,
  0xFF, 0x9C, 0xFF, 0x9D, 0xF7, 0x9D, 0xFF, 0x9D, 0xC5, 0xF7, 0x7B, 0xF1, 0x6B, 0x91, 0x5B, 0x10,
  0x4A, 0xCF, 0x4A, 0x8E, 0x42, 0x6D, 0x3A, 0x4C, 0x42, 0x2D, 0x3A, 0x0D, 0x3A, 0x0C, 0x31, 0xEC,
  0x31, 0xEC, 0x31, 0xEC, 0x31, 0xEC, 0x31, 0xEC, 0x31, 0xEC, 0x31, 0xEC, 0x31, 0xEC, 0x31, 0xEC,
  0x31, 0xEC, 0x31, 0xEC, 0x31, 0xEB, 0x31, 0xEB, 0x31, 0xEB, 0x31, 0xEB, 0x31, 0xEB, 0x31, 0xEB,
  0x31, 0xEB, 0x31, 0xEB, 0x31, 0xEB, 0x31, 0xCB, 0x31, 0xCB, 0x31, 0xCA, 0x31, 0xAA, 0x29, 0x88,
  0x21, 0x67, 0x29, 0x67, 0x29, 0x66, 0x29, 0x67, 0x29, 0x66, 0x21, 0x67, 0x29, 0x88, 0x29, 0xA9,
  0x31, 0xAA, 0x31, 0xAA, 0x31, 0xCB, 0x31, 0xCB, 0x31, 0xEC, 0x31, 0xEC, 0x31, 0xEC, 0x31, 0xCC,
  0x31, 0xEC, 0x31, 0xEC, 0x31, 0xEC, 0x31, 0xEC, 0x31, 0xEB, 0x31, 0xCB, 0x29, 0xAA, 0x29, 0xA9,
  0x31, 0xCA, 0x31, 0xCB, 0x31, 0xCB, 0x31, 0xEC, 0x31, 0xEC, 0x31, 0xEC, 0x31, 0xEC, 0x31, 0xEC,
  0x31, 0xEC, 0x31, 0xEC, 0x31, 0xEC, 0x29, 0xEC, 0x31, 0xEC, 0x31, 0xEC, 0x31, 0xEC, 0x31, 0xEC,
  0x31, 0xEC, 0x31, 0xEB, 0x31, 0xCB, 0x31, 0xAA, 0x31, 0xA9, 0x31, 0xCA, 0x31, 0xEC, 0x31, 0xEC,
  0x2A, 0x0C, 0x32, 0x0C, 0x32, 0x0C, 0x32, 0x2C, 0x3A, 0x2C, 0x3A, 0x2C, 0x3A, 0x4C, 0x32, 0x4B,
  0x32, 0xEC, 0x3B, 0xCE, 0x34, 0x2F, 0x34, 0x0F, 0x23, 0x6E, 0x23, 0x4E, 0x23, 0x6D, 0x34, 0x2F,
  0x34, 0xB1, 0x3C, 0xD1, 0x34, 0xF1, 0x2C, 0xF1, 0x34, 0xF1, 0x34, 0xD1, 0x34, 0xB1, 0x34, 0x70,
  0x23, 0xCF, 0x2B, 0xAE, 0x33, 0x8E, 0x3B, 0xAF, 0x3B, 0x4E, 0x74, 0xD4, 0x85, 0x15, 0x63, 0xAF,
  0x7C, 0x0F, 0x7B, 0xEE, 0x8D, 0x15, 0x74, 0xD4, 0x44, 0x10, 0x3C, 0xF2, 0x34, 0xD1, 0x34, 0xB0,
  0x34, 0x90, 0x23, 0xEE, 0x1B, 0x4D, 0x23, 0x4D, 0x23, 0xCF, 0x2C, 0x90, 0x2C, 0xB0, 0x34, 0xD1,
  0x2C, 0xD1, 0x2C, 0xB0, 0x24, 0x8F, 0x24, 0x90, 0x24, 0x0F, 0x13, 0x4C, 0x13, 0x0B, 0x23, 0x8D,
  0x2C, 0x0E, 0x24, 0x0D, 0x22, 0xAA, 0x2A, 0x0A, 0x32, 0x0B, 0x32, 0x0B, 0x32, 0x0A, 0x32, 0x0A,
  0x32, 0x0B, 0x31, 0xEC, 0x39, 0xEB, 0x39, 0xEB, 0x39, 0xEB, 0x31, 0xEB, 0x31, 0xEA, 0x39, 0xEA,
  0x39, 0xEA, 0x39, 0xEA, 0x39, 0xEA, 0x39, 0xE9, 0x31, 0xE9, 0x39, 0xEA, 0x42, 0x0B, 0x42, 0x2B,
  0x42, 0x2C, 0x42, 0x2C, 0x42, 0x2B, 0x42, 0x2C, 0x42, 0x2B, 0x42, 0x2B, 0x42, 0x0B, 0x42, 0x2B,
  0x42, 0x2C, 0x3A, 0x2C, 0x3A, 0x2C, 0x3A, 0x2C, 0x3A, 0x0B, 0x3A, 0x0A, 0x3A, 0x0B, 0x39, 0xEA,
  0x39, 0xEA, 0x39, 0xE9, 0x31, 0xE9, 0x31, 0xE9, 0x31, 0xEA, 0x29, 0xEB, 0x31, 0xEB, 0x31, 0xEB,
  0x31, 0xEB, 0x31, 0xEB, 0x29, 0xEB, 0x29, 0xEB, 0x31, 0xEB, 0x31, 0xCA, 0x31, 0xC9, 0x31, 0xCA,
  0x31, 0xAA, 0x31, 0xCA, 0x31, 0xCB, 0x31, 0xCB, 0x31, 0xCB, 0x31, 0xCB, 0x31, 0xCB, 0x31, 0xCB,
  0x31, 0xCB, 0x31, 0xCB, 0x31, 0xCB, 0x31, 0xCA, 0x31, 0xCB, 0x29, 0xEB, 0x31, 0xEB, 0x31, 0xEB,
  0x31, 0xEA, 0x31, 0xEA, 0x39, 0xEB, 0x3A, 0x0C, 0x3A, 0x0C, 0x3A, 0x2B, 0x3A, 0x4C, 0x42, 0x6D,
  0xFF, 0xBD, 0xFF, 0xBE, 0xFF, 0xBD, 0xFF, 0xBD, 0xFF, 0xBD, 0xFF, 0xBD, 0xFF, 0xBD, 0xFF, 0xBD,
  0xFF, 0xBD, 0xFF, 0xBD, 0xFF, 0xBD, 0xFF, 0x9D, 0xFF, 0x9D, 0xFF, 0x9D, 0xFF, 0x9D, 0xFF, 0x9D,
  0xFF, 0x9D, 0xFF, 0x9D, 0xF7, 0x9D, 0xF7, 0x9D, 0xAD, 0x56, 0x73, 0xD1, 0x6B, 0x72, 0x5B, 0x10,
  0x4A, 0xAE, 0x42, 0x8E, 0x42, 0x4D, 0x42, 0x4D, 0x42, 0x2D, 0x3A, 0x0D, 0x3A, 0x0C, 0x31, 0xEC,
  0x29, 0xEC, 0x31, 0xEC, 0x31, 0xEC, 0x31, 0xEC, 0x31, 0xEC, 0x31, 0xEC, 0x31, 0xEC, 0x31, 0xEC,
  0x31, 0xEC, 0x31, 0xEC, 0x31, 0xEA, 0x31, 0xEA, 0x31, 0xEA, 0x31, 0xEA, 0x31, 0xEA, 0x31, 0xEA,
  0x31, 0xEA, 0x31, 0xEA, 0x31, 0xEA, 0x31, 0xCA, 0x31, 0xCB, 0x31, 0xCB, 0x29, 0xA9, 0x21, 0x89,
  0x29, 0x88, 0x29, 0x88, 0x29, 0x67, 0x21, 0x66, 0x29, 0x67, 0x29, 0x67, 0x29, 0x67, 0x21, 0x67,
  0x29, 0x89, 0x29, 0xAA, 0x31, 0xAA, 0x31, 0xCB, 0x31, 0xCB, 0x31, 0xCB, 0x31, 0xEC, 0x31, 0xCC,
  0x31, 0xCC, 0x31, 0xEC, 0x31, 0xEC, 0x31, 0xEC, 0x31, 0xEB, 0x31, 0xEB, 0x31, 0xCA, 0x29, 0x89,
  0x29, 0xCA, 0x31, 0xCB, 0x31, 0xCB, 0x31, 0xEC, 0x31, 0xEC, 0x31, 0xEC, 0x31, 0xEC, 0x31, 0xEC,
  0x31, 0xEC, 0x31, 0xEC, 0x31, 0xEC, 0x31, 0xEC, 0x31, 0xEB, 0x31, 0xEB, 0x31, 0xEC, 0x31, 0xEC,
  0x31, 0xEC, 0x31, 0xEB, 0x31, 0xEB, 0x31, 0xCA, 0x31, 0xA9, 0x31, 0xEB, 0x31, 0xEC, 0x31, 0xEC,
  0x32, 0x0C, 0x32, 0x0C, 0x2A, 0x0C, 0x32, 0x2B, 0x3A, 0x2C, 0x3A, 0x2C, 0x32, 0x2B, 0x32, 0xCC,
  0x3B, 0xEE, 0x34, 0x0E, 0x34, 0x2F, 0x23, 0xAD, 0x23, 0x2C, 0x2B, 0x2D, 0x2B, 0x8E, 0x34, 0x70,
  0x34, 0xD1, 0x34, 0xD1, 0x34, 0xF1, 0x34, 0xD1, 0x34, 0xD0, 0x34, 0xB0, 0x34, 0xB0, 0x24, 0x0E,
  0x23, 0x6D, 0x2B, 0x6E, 0x2B, 0xCE, 0x3C, 0x71, 0x44, 0x71, 0x3B, 0xEF, 0x54, 0x10, 0x53, 0xAE,
  0x53, 0x6D, 0x53, 0x2B, 0x6C, 0x51, 0x4B, 0xEF, 0x44, 0xB1, 0x34, 0xD1, 0x2C, 0xB0, 0x34, 0xB0,
  0x2C, 0x6F, 0x1B, 0x8D, 0x23, 0x4D, 0x23, 0x6D, 0x2C, 0x2F, 0x2C, 0x70, 0x2C, 0xB0, 0x34, 0xD1,
  0x2C, 0xD1, 0x24, 0xB0, 0x2C, 0x8F, 0x2C, 0x70, 0x1B, 0xAE, 0x1B, 0x2C, 0x1B, 0x4C, 0x24, 0x0E,
  0x2C, 0x2E, 0x2C, 0x0D, 0x22, 0x8A, 0x2A, 0x0A, 0x32, 0x0B, 0x32, 0x0A, 0x32, 0x0B, 0x32, 0x0B,
  0x32, 0x0C, 0x2A, 0x0C, 0x3A, 0x0B, 0x3A, 0x0B, 0x3A, 0x0B, 0x39, 0xEB, 0x39, 0xEA, 0x39, 0xEA,
  0x39, 0xE9, 0x3A, 0x0A, 0x3A, 0x0A, 0x3A, 0x0A, 0x3A, 0x0A, 0x3A, 0x2A, 0x42, 0x2A, 0x3A, 0x4A,
  0x3A, 0x4B, 0x42, 0x4B, 0x42, 0x4A, 0x42, 0x4B, 0x42, 0x4B, 0x42, 0x4C, 0x42, 0x2B, 0x42, 0x4C,
  0x42, 0x4C, 0x42, 0x2B, 0x42, 0x2B, 0x42, 0x2C, 0x3A, 0x2B, 0x32, 0x2B, 0x3A, 0x0A, 0x39, 0xEA,
  0x39, 0xE9, 0x39, 0xE9, 0x31, 0xE9, 0x29, 0xE9, 0x31, 0xE9, 0x31, 0xEA, 0x39, 0xEA, 0x39, 0xEA,
  0x39, 0xEB, 0x39, 0xEB, 0x31, 0xEB, 0x31, 0xEB, 0x31, 0xEB, 0x31, 0xCB, 0x31, 0xEA, 0x31, 0xCA,
  0x29, 0xC9, 0x29, 0xEA, 0x29, 0xEB, 0x31, 0xEB, 0x31, 0xEB, 0x31, 0xEA, 0x31, 0xEB, 0x31, 0xEB,
  0x31, 0xEB, 0x31, 0xEB, 0x31, 0xEB, 0x31, 0xEB, 0x31, 0xEA, 0x31, 0xEA, 0x31, 0xEB, 0x39, 0xEB,
  0x39, 0xEB, 0x39, 0xEB, 0x3A, 0x0C, 0x32, 0x0C, 0x3A, 0x2C, 0x42, 0x4C, 0x42, 0x4C, 0x4A, 0x6D,
  0xFF, 0xBE, 0xFF, 0xBE, 0xFF, 0xBE, 0xFF, 0xBE, 0xFF, 0xBE, 0xFF, 0xBE, 0xFF, 0xBE, 0xFF, 0xBE,
  0xFF, 0xBE, 0xFF, 0xBE, 0xFF, 0xBE, 0xFF, 0xBE, 0xFF, 0xBE, 0xFF, 0xBE, 0xFF, 0xBE, 0xFF, 0xBE,
  0xFF, 0xBE, 0xFF, 0xBD, 0xFF, 0x9D, 0xF7, 0x5C, 0x9C, 0xD4, 0x73, 0xB1, 0x63, 0x51, 0x5A, 0xEF,
  0x4A, 0x8E, 0x42, 0x6D, 0x42, 0x4D, 0x42, 0x2D, 0x42, 0x2D, 0x3A, 0x2C, 0x32, 0x0B, 0x29, 0xEC,
  0x31, 0xEC, 0x31, 0xEC, 0x31, 0xEC, 0x31, 0xEB, 0x31, 0xEB, 0x31, 0xEC, 0x31, 0xEC, 0x31, 0xEC,
  0x31, 0xEB, 0x31, 0xEA, 0x31, 0xEB, 0x31, 0xEB, 0x31, 0xEB, 0x31, 0xEB, 0x31, 0xEB, 0x31, 0xEB,
  0x31, 0xEB, 0x31, 0xEB, 0x31, 0xEB, 0x31, 0xCB, 0x31, 0xCB, 0x31, 0xCA, 0x29, 0xA9, 0x29, 0xA9,
  0x31, 0xAA, 0x29, 0xAA, 0x29, 0x89, 0x29, 0x68, 0x29, 0x67, 0x21, 0x67, 0x21, 0x66, 0x29, 0x67,
  0x29, 0x68, 0x21, 0x89, 0x29, 0xAA, 0x31, 0xAA, 0x31, 0xCB, 0x31, 0xCB, 0x31, 0xEB, 0x31, 0xCC,
  0x31, 0xCC, 0x31, 0xEC, 0x31, 0xEC, 0x31, 0xEC, 0x31, 0xEB, 0x31, 0xEB, 0x31, 0xCB, 0x29, 0xA9,
  0x31, 0xA9, 0x31, 0xCB, 0x31, 0xEA, 0x31, 0xEB, 0x31, 0xEC, 0x31, 0xEC, 0x31, 0xEC, 0x31, 0xEC,
  0x31, 0xEC, 0x31, 0xEC, 0x31, 0xCB, 0x31, 0xCB, 0x31, 0xAA, 0x31, 0xCB, 0x31, 0xEC, 0x31, 0xEC,
  0x31, 0xEC, 0x31, 0xEB, 0x31, 0xEB, 0x31, 0xCA, 0x31, 0xA9, 0x29, 0xEC, 0x31, 0xEC, 0x31, 0xEC,
  0x32, 0x0C, 0x32, 0x0C, 0x2A, 0x0C, 0x32, 0x2C, 0x3A, 0x2C, 0x3A, 0x2C, 0x32, 0x4B, 0x3B, 0x4D,
  0x34, 0x0E, 0x34, 0x0E, 0x2C, 0x0E, 0x23, 0x4D, 0x23, 0x2C, 0x23, 0x4D, 0x2C, 0x0F, 0x34, 0x91,
  0x34, 0xD1, 0x34, 0xD1, 0x34, 0xD0, 0x2C, 0xD1, 0x2C, 0xD1, 0x2C, 0xB1, 0x24, 0x4F, 0x1B, 0x8D,
  0x23, 0x4D, 0x23, 0x6D, 0x2C, 0x0F, 0x34, 0x91, 0x34, 0xB1, 0x3C, 0xB1, 0x3C, 0x50, 0x33, 0x8D,
  0x3B, 0x0B, 0x3B, 0x0B, 0x3B, 0x2B, 0x44, 0x70, 0x3C, 0xB0, 0x34, 0x8F, 0x2C, 0x8F, 0x2C, 0x90,
  0x23, 0xEE, 0x1B, 0x4C, 0x23, 0x4C, 0x23, 0x8D, 0x24, 0x4F, 0x24, 0x6F, 0x2C, 0xB1, 0x34, 0xD1,
  0x2C, 0xB0, 0x2C, 0x8F, 0x2C, 0x90, 0x24, 0x0F, 0x1B, 0x4D, 0x1B, 0x2C, 0x23, 0xAD, 0x2C, 0x4F,
  0x2C, 0x2F, 0x2C, 0x0E, 0x22, 0x8A, 0x2A, 0x0A, 0x32, 0x2B, 0x32, 0x2B, 0x32, 0x2C, 0x32, 0x0C,
  0x32, 0x0C, 0x32, 0x0C, 0x3A, 0x0C, 0x3A, 0x0C, 0x3A, 0x0C, 0x3A, 0x0B, 0x3A, 0x0A, 0x3A, 0x0A,
  0x42, 0x09, 0x3A, 0x0A, 0x42, 0x09, 0x42, 0x29, 0x42, 0x4A, 0x42, 0x4B, 0x42, 0x4B, 0x42, 0x6B,
  0x42, 0x6B, 0x4A, 0x6B, 0x4A, 0x4B, 0x4A, 0x6C, 0x4A, 0x6C, 0x42, 0x4C, 0x42, 0x4B, 0x42, 0x4B,
  0x42, 0x4B, 0x3A, 0x4B, 0x3A, 0x2B, 0x42, 0x2B, 0x3A, 0x2B, 0x3A, 0x2B, 0x3A, 0x09, 0x32, 0x0A,
  0x32, 0x0A, 0x39, 0xE9, 0x39, 0xE8, 0x39, 0xE8, 0x39, 0xE9, 0x39, 0xE9, 0x39, 0xE9, 0x39, 0xE9,
  0x39, 0xEA, 0x39, 0xEA, 0x39, 0xEA, 0x39, 0xEB, 0x3A, 0x0B, 0x3A, 0x0B, 0x3A, 0x0B, 0x39, 0xEB,
  0x31, 0xEB, 0x31, 0xEB, 0x31, 0xEB, 0x31, 0xEA, 0x39, 0xEB, 0x39, 0xEB, 0x39, 0xEB, 0x39, 0xEA,
  0x39, 0xEA, 0x39, 0xEA, 0x39, 0xEA, 0x39, 0xEA, 0x39, 0xEB, 0x39, 0xEB, 0x39, 0xEB, 0x3A, 0x0B,
  0x3A, 0x0C, 0x3A, 0x0C, 0x32, 0x0C, 0x32, 0x2C, 0x3A, 0x2C, 0x42, 0x4C, 0x4A, 0x6D, 0x4A, 0x8D,
  0xFF, 0xBE, 0xFF, 0xBE, 0xFF, 0xBE, 0xFF, 0xBE, 0xFF, 0xBD, 0xFF, 0xBD, 0xFF, 0xBD, 0xFF, 0xBD,
  0xFF, 0xBD, 0xFF, 0xBD, 0xFF, 0xBD, 0xFF, 0xBD, 0xFF, 0xBD, 0xFF, 0xBD, 0xFF, 0xBD, 0xFF, 0xBD,
  0xFF, 0xBD, 0xF7, 0x9E, 0xFF, 0x9D, 0xE7, 0x1B, 0x8C, 0x72, 0x73, 0xB1, 0x5B, 0x30, 0x52, 0xCF,
  0x4A, 0x8E, 0x4A, 0x6D, 0x42, 0x4D, 0x42, 0x2D, 0x3A, 0x0D, 0x3A, 0x0C, 0x31, 0xEB, 0x29, 0xEC,
  0x31, 0xEC, 0x31, 0xEC, 0x31, 0xEC, 0x31, 0xEB, 0x31, 0xEB, 0x31, 0xEB, 0x31, 0xEB, 0x31, 0xEB,
  0x31, 0xEB, 0x31, 0xEB, 0x31, 0xEB, 0x31, 0xEB, 0x31, 0xCB, 0x31, 0xCB, 0x31, 0xCB, 0x31, 0xCB,
  0x31, 0xCB, 0x31, 0xCB, 0x31, 0xCB, 0x31, 0xCB, 0x31, 0xCB, 0x29, 0xAA, 0x29, 0x89, 0x31, 0xAA,
  0x31, 0xAB, 0x31, 0xAA, 0x31, 0xCB, 0x31, 0xAA, 0x29, 0x89, 0x29, 0x88, 0x21, 0x67, 0x29, 0x67,
  0x21, 0x67, 0x29, 0x67, 0x29, 0x68, 0x29, 0x89, 0x31, 0xAA, 0x31, 0xAB, 0x31, 0xCB, 0x31, 0xCB,
  0x31, 0xCC, 0x31, 0xCC, 0x31, 0xEB, 0x31, 0xEC, 0x31, 0xEB, 0x31, 0xEB, 0x31, 0xCB, 0x31, 0xAA,
  0x29, 0xA9, 0x31, 0xCB, 0x31, 0xCB, 0x31, 0xEB, 0x31, 0xEB, 0x31, 0xEC, 0x31, 0xEC, 0x31, 0xEC,
  0x31, 0xEC, 0x31, 0xEB, 0x31, 0xCA, 0x31, 0xCB, 0x31, 0xCB, 0x31, 0xEB, 0x31, 0xEC, 0x31, 0xCC,
  0x31, 0xCC, 0x31, 0xEB, 0x31, 0xEB, 0x31, 0xCA, 0x29, 0xA9, 0x31, 0xEB, 0x31, 0xEC, 0x31, 0xEC,
  0x32, 0x0C, 0x32, 0x0C, 0x32, 0x0C, 0x32, 0x2B, 0x32, 0x2C, 0x32, 0x2C, 0x2A, 0x2B, 0x33, 0x2D,
  0x34, 0x0F, 0x2C, 0x0F, 0x23, 0xAD, 0x1B, 0x2C, 0x23, 0x2D, 0x23, 0x6D, 0x2C, 0x70, 0x2C, 0x90,
  0x2C, 0xD1, 0x2C, 0xF1, 0x34, 0xD1, 0x2C, 0xD0, 0x24, 0xB0, 0x2C, 0x90, 0x1B, 0xCE, 0x1B, 0x4C,
  0x23, 0x4C, 0x23, 0xAE, 0x2C, 0x70, 0x2C, 0xB1, 0x34, 0xB0, 0x34, 0xB1, 0x34, 0xB0, 0x3C, 0x70,
  0x2B, 0x6C, 0x3C, 0x0E, 0x33, 0xAC, 0x3C, 0x4F, 0x34, 0x90, 0x34, 0xB0, 0x2C, 0x90, 0x2C, 0x90,
  0x23, 0xCE, 0x23, 0x4C, 0x1B, 0x4C, 0x2B, 0xEE, 0x34, 0x90, 0x2C, 0x90, 0x2C, 0xB0, 0x2C, 0xD0,
  0x24, 0xB0, 0x2C, 0x90, 0x2C, 0x70, 0x1B, 0xCD, 0x1B, 0x4C, 0x23, 0x4C, 0x2C, 0x0E, 0x2C, 0x4F,
  0x2C, 0x4F, 0x2C, 0x0E, 0x2A, 0x8A, 0x2A, 0x2A, 0x32, 0x2B, 0x32, 0x2C, 0x32, 0x2C, 0x32, 0x2C,
  0x32, 0x0C, 0x3A, 0x0C, 0x3A, 0x0C, 0x3A, 0x2C, 0x3A, 0x2C, 0x32, 0x2B, 0x3A, 0x2B, 0x42, 0x2A,
  0x42, 0x29, 0x42, 0x4A, 0x4A, 0x4A, 0x4A, 0x8B, 0x52, 0x8C, 0x52, 0xAC, 0x52, 0xCD, 0x5A, 0xEE,
  0x52, 0xED, 0x52, 0xEE, 0x52, 0xEE, 0x52, 0xEE, 0x52, 0xCD, 0x52, 0xCE, 0x4A, 0xCD, 0x4A, 0xAC,
  0x4A, 0x8C, 0x42, 0x6C, 0x42, 0x6C, 0x42, 0x4B, 0x42, 0x4B, 0x42, 0x2B, 0x3A, 0x2A, 0x3A, 0x2A,
  0x3A, 0x2A, 0x3A, 0x09, 0x3A, 0x09, 0x3A, 0x09, 0x39, 0xE9, 0x39, 0xE9, 0x39, 0xE9, 0x3A, 0x0A,
  0x32, 0x0A, 0x32, 0x0A, 0x3A, 0x09, 0x3A, 0x0A, 0x3A, 0x0A, 0x3A, 0x0B, 0x32, 0x0B, 0x3A, 0x0B,
  0x3A, 0x0B, 0x3A, 0x0B, 0x3A, 0x0B, 0x39, 0xEB, 0x39, 0xEB, 0x39, 0xEC, 0x39, 0xEB, 0x39, 0xEB,
  0x39, 0xEB, 0x39, 0xEB, 0x39, 0xEB, 0x39, 0xEB, 0x39, 0xEC, 0x3A, 0x0C, 0x3A, 0x0B, 0x3A, 0x0B,
  0x3A, 0x0C, 0x3A, 0x0B, 0x3A, 0x2B, 0x3A, 0x2C, 0x3A, 0x4C, 0x42, 0x6D, 0x4A, 0x8D, 0x4A, 0xAE,
  0xFF, 0xDE, 0xFF, 0xDF, 0xFF, 0xDF, 0xFF, 0xDE, 0xFF, 0xDE, 0xFF, 0xDE, 0xFF, 0xDE, 0xFF, 0xDE,
  0xFF, 0xDE, 0xFF, 0xDE, 0xFF, 0xDE, 0xFF, 0xDE, 0xFF, 0xDE, 0xFF, 0xBE, 0xFF, 0xDE, 0xFF, 0xDE,
  0xFF, 0xDE, 0xF7, 0xBD, 0xFF, 0xBE, 0xD6, 0x79, 0x7C, 0x11, 0x6B, 0x92, 0x5B, 0x10, 0x52, 0xCE,
  0x42, 0x8E, 0x42, 0x6D, 0x42, 0x4C, 0x42, 0x2D, 0x3A, 0x0D, 0x3A, 0x0C, 0x31, 0xEB, 0x29, 0xEC,
  0x31, 0xEC, 0x31, 0xEC, 0x31, 0xEC, 0x31, 0xEC, 0x31, 0xEB, 0x31, 0xEA, 0x31, 0xEA, 0x31, 0xEA,
  0x31, 0xEB, 0x31, 0xEB, 0x31, 0xCB, 0x31, 0xCB, 0x31, 0xCB, 0x31, 0xCB, 0x31, 0xCB, 0x31, 0xCB,
  0x31, 0xCB, 0x31, 0xCB, 0x31, 0xCB, 0x31, 0xCB, 0x31, 0xAA, 0x29, 0x88, 0x29, 0x89, 0x31, 0xAA,
  0x31, 0xCB, 0x31, 0xCB, 0x31, 0xCB, 0x31, 0xCB, 0x31, 0xAA, 0x31, 0xAA, 0x29, 0x89, 0x29, 0x68,
  0x21, 0x67, 0x29, 0x67, 0x29, 0x67, 0x29, 0x88, 0x29, 0x89, 0x31, 0xAA, 0x31, 0xAA, 0x31, 0xCB,
  0x31, 0xCB, 0x31, 0xCB, 0x31, 0xCB, 0x31, 0xEB, 0x31, 0xEB, 0x31, 0xEB, 0x31, 0xCB, 0x29, 0xAA,
  0x29, 0x89, 0x31, 0xAA, 0x31, 0xCB, 0x31, 0xEB, 0x31, 0xEB, 0x31, 0xEC, 0x31, 0xEC, 0x31, 0xEC,
  0x31, 0xEC, 0x31, 0xEB, 0x31, 0xEA, 0x31, 0xCB, 0x31, 0xEC, 0x31, 0xEC, 0x31, 0xEC, 0x31, 0xCC,
  0x31, 0xCC, 0x31, 0xEB, 0x31, 0xCB, 0x31, 0xAA, 0x31, 0xA9, 0x31, 0xCA, 0x31, 0xEC, 0x31, 0xEC,
  0x32, 0x0C, 0x32, 0x0C, 0x32, 0x0C, 0x32, 0x2C, 0x32, 0x2C, 0x32, 0x2C, 0x2A, 0x2B, 0x32, 0xEC,
  0x34, 0x0E, 0x2B, 0xEE, 0x23, 0x4C, 0x23, 0x0C, 0x1B, 0x4C, 0x2B, 0xEE, 0x2C, 0x90, 0x2C, 0x8F,
  0x34, 0xD1, 0x34, 0xD1, 0x34, 0xD1, 0x2C, 0xB0, 0x2C, 0xAF, 0x24, 0x4F, 0x1B, 0x8D, 0x1B, 0x4C,
  0x1B, 0x6D, 0x24, 0x2F, 0x2C, 0x90, 0x2C, 0xB0, 0x34, 0xB1, 0x34, 0xB0, 0x2C, 0x8F, 0x34, 0x90,
  0x33, 0xEE, 0x3C, 0x2E, 0x2B, 0xCD, 0x33, 0xED, 0x34, 0x90, 0x2C, 0x6F, 0x2C, 0x4F, 0x2C, 0x0E,
  0x23, 0x4C, 0x1B, 0x0B, 0x1B, 0x0B, 0x23, 0x6C, 0x2B, 0xCD, 0x2C, 0x0E, 0x2C, 0x4E, 0x2C, 0x6F,
  0x2C, 0x6F, 0x2C, 0x90, 0x24, 0x4F, 0x1B, 0x6C, 0x1B, 0x2B, 0x23, 0x8D, 0x2C, 0x4F, 0x24, 0x4F,
  0x2C, 0x2F, 0x23, 0xEE, 0x2A, 0x8A, 0x32, 0x2B, 0x32, 0x2C, 0x32, 0x2C, 0x32, 0x2C, 0x32, 0x0C,
  0x3A, 0x0C, 0x3A, 0x0C, 0x3A, 0x2C, 0x3A, 0x2C, 0x3A, 0x2B, 0x3A, 0x2C, 0x42, 0x4C, 0x4A, 0x6B,
  0x52, 0x6A, 0x52, 0x8A, 0x52, 0xCC, 0x5A, 0xEC, 0x63, 0x2D, 0x63, 0x2D, 0x63, 0x4E, 0x6B, 0x6E,
  0x6B, 0x6E, 0x6B, 0x6E, 0x6B, 0x6F, 0x63, 0x4F, 0x6B, 0x4E, 0x6B, 0x4E, 0x63, 0x4E, 0x63, 0x4E,
  0x63, 0x2E, 0x5B, 0x0D, 0x52, 0xED, 0x52, 0xCD, 0x52, 0xAC, 0x4A, 0x8C, 0x4A, 0x8C, 0x4A, 0x6B,
  0x42, 0x6B, 0x42, 0x4A, 0x42, 0x4A, 0x42, 0x2A, 0x42, 0x2A, 0x3A, 0x0A, 0x3A, 0x09, 0x3A, 0x09,
  0x3A, 0x09, 0x3A, 0x0A, 0x32, 0x0A, 0x3A, 0x09, 0x32, 0x0A, 0x3A, 0x0B, 0x3A, 0x0A, 0x3A, 0x2B,
  0x42, 0x2C, 0x3A, 0x2C, 0x3A, 0x2B, 0x3A, 0x2C, 0x32, 0x2C, 0x32, 0x2C, 0x32, 0x2C, 0x32, 0x2C,
  0x32, 0x2C, 0x32, 0x2C, 0x3A, 0x0C, 0x3A, 0x0C, 0x32, 0x0C, 0x32, 0x2B, 0x3A, 0x0C, 0x3A, 0x2C,
  0x42, 0x2B, 0x42, 0x2C, 0x42, 0x2C, 0x3A, 0x4C, 0x42, 0x6D, 0x42, 0x8D, 0x4A, 0xAD, 0x52, 0xEF,
  0xFF, 0xDF, 0xFF, 0xFF, 0xFF, 0xFF, 0xFF, 0xFF, 0xFF, 0xFF, 0xFF, 0xFF, 0xFF, 0xFF, 0xFF, 0xFF,
  0xFF, 0xFF, 0xFF, 0xFF, 0xFF, 0xFF, 0xFF, 0xDF, 0xFF, 0xDF, 0xFF, 0xDF, 0xFF, 0xFF, 0xFF, 0xFF,
  0xFF, 0xDF, 0xF7, 0xBE, 0xFF, 0xDE, 0xBD, 0xD7, 0x73, 0xF2, 0x6B, 0x92, 0x53, 0x10, 0x52, 0xAE,
  0x4A, 0x6E, 0x42, 0x6D, 0x42, 0x4C, 0x42, 0x2D, 0x3A, 0x0C, 0x3A, 0x0B, 0x31, 0xEC, 0x31, 0xEC,
  0x31, 0xEC, 0x31, 0xEC, 0x31, 0xEC, 0x31, 0xEC, 0x31, 0xEB, 0x31, 0xEB, 0x31, 0xEB, 0x31, 0xEB,
  0x31, 0xEB, 0x31, 0xCB, 0x31, 0xCB, 0x31, 0xCB, 0x31, 0xCB, 0x31, 0xCB, 0x31, 0xCB, 0x31, 0xCB,
  0x31, 0xCB, 0x31, 0xCB, 0x31, 0xCB, 0x31, 0xCA, 0x29, 0xA9, 0x29, 0x88, 0x31, 0xA9, 0x31, 0xCA,
  0x31, 0xCB, 0x31, 0xCB, 0x31, 0xCB, 0x31, 0xCB, 0x31, 0xCA, 0x31, 0xAA, 0x31, 0xAA, 0x29, 0xAA,
  0x29, 0x89, 0x29, 0x69, 0x21, 0x67, 0x29, 0x47, 0x21, 0x68, 0x29, 0x89, 0x29, 0x8A, 0x31, 0xAA,
  0x31, 0xCB, 0x31, 0xCB, 0x31, 0xCB, 0x31, 0xCB, 0x31, 0xCB, 0x31, 0xCB, 0x31, 0xCB, 0x29, 0xAA,
  0x29, 0x89, 0x31, 0xAA, 0x31, 0xCB, 0x31, 0xCB, 0x31, 0xEC, 0x31, 0xEC, 0x31, 0xEC, 0x31, 0xEC,
  0x31, 0xEC, 0x31, 0xEC, 0x31, 0xEB, 0x31, 0xCB, 0x31, 0xEB, 0x31, 0xEC, 0x31, 0xCB, 0x31, 0xCB,
  0x31, 0xCB, 0x31, 0xCB, 0x31, 0xCB, 0x31, 0xAA, 0x31, 0xA9, 0x31, 0xCA, 0x31, 0xEC, 0x31, 0xEC,
  0x31, 0xEC, 0x32, 0x0C, 0x32, 0x0C, 0x32, 0x0C, 0x32, 0x2C, 0x32, 0x2C, 0x32, 0x2B, 0x2A, 0x8B,
  0x2B, 0xAE, 0x23, 0x6D, 0x1B, 0x0B, 0x23, 0x0C, 0x23, 0x6D, 0x2C, 0x4F, 0x2C, 0x90, 0x2C, 0xB0,
  0x2C, 0xD1, 0x2C, 0xD1, 0x2C, 0xB1, 0x2C, 0xB0, 0x2C, 0x90, 0x1B, 0xEE, 0x1B, 0x4C, 0x23, 0x4C,
  0x23, 0xAE, 0x2C, 0x50, 0x2C, 0x70, 0x24, 0xB0, 0x2C, 0xB0, 0x2C, 0xB0, 0x2C, 0xB0, 0x2C, 0x90,
  0x2B, 0xCD, 0x33, 0xEE, 0x2C, 0x2E, 0x23, 0x4B, 0x2B, 0xAC, 0x2B, 0xCD, 0x23, 0xCD, 0x2B, 0xCD,
  0x2B, 0xEE, 0x2B, 0xEE, 0x2C, 0x0E, 0x2B, 0xED, 0x23, 0xED, 0x24, 0x0E, 0x2B, 0xEE, 0x2B, 0xCD,
  0x2B, 0xAC, 0x23, 0xAD, 0x1B, 0x8C, 0x1B, 0x2B, 0x23, 0x2C, 0x2C, 0x0F, 0x2C, 0x6F, 0x2C, 0x4F,
  0x24, 0x4F, 0x2B, 0xCE, 0x2A, 0x8A, 0x32, 0x4B, 0x32, 0x2C, 0x32, 0x2B, 0x32, 0x2B, 0x32, 0x2C,
  0x3A, 0x0C, 0x3A, 0x0C, 0x3A, 0x2C, 0x32, 0x2C, 0x3A, 0x4C, 0x42, 0x4C, 0x42, 0x8D, 0x52, 0xAB,
  0x5A, 0xCB, 0x73, 0x8E, 0x8C, 0x51, 0x9C, 0xB3, 0xA5, 0x35, 0xAD, 0x76, 0xB5, 0xB7, 0xBD, 0xD8,
  0xBD, 0xD7, 0xB5, 0xB7, 0xB5, 0x96, 0xAD, 0x76, 0xA5, 0x14, 0x9C, 0xF4, 0x94, 0xB3, 0x84, 0x51,
  0x7C, 0x11, 0x73, 0xAF, 0x6B, 0x6F, 0x6B, 0x4F, 0x63, 0x4F, 0x5B, 0x2D, 0x5B, 0x0D, 0x52, 0xEE,
  0x52, 0xED, 0x52, 0xCC, 0x4A, 0xCB, 0x4A, 0x8B, 0x42, 0x6B, 0x42, 0x6B, 0x42, 0x4A, 0x42, 0x2A,
  0x42, 0x2A, 0x42, 0x2A, 0x3A, 0x0A, 0x3A, 0x0A, 0x3A, 0x2A, 0x3A, 0x2B, 0x42, 0x2B, 0x42, 0x2B,
  0x42, 0x2B, 0x42, 0x2B, 0x42, 0x2C, 0x3A, 0x2C, 0x3A, 0x2C, 0x3A, 0x2C, 0x3A, 0x2C, 0x3A, 0x2B,
  0x3A, 0x2B, 0x3A, 0x2B, 0x3A, 0x2B, 0x3A, 0x2B, 0x3A, 0x2C, 0x3A, 0x2C, 0x3A, 0x2C, 0x42, 0x2C,
  0x3A, 0x2C, 0x3A, 0x4D, 0x42, 0x4D, 0x42, 0x6D, 0x42, 0x8D, 0x4A, 0xAE, 0x4A, 0xCE, 0x53, 0x0F,
  0xFF, 0xFF, 0xFF, 0xFF, 0xFF, 0xFF, 0xFF, 0xFF, 0xFF, 0xFF, 0xFF, 0xFF, 0xFF, 0xFF, 0xFF, 0xFF,
  0xFF, 0xFF, 0xFF, 0xFF, 0xFF, 0xFF, 0xFF, 0xFF, 0xFF, 0xFF, 0xFF, 0xFF, 0xFF, 0xFF, 0xFF, 0xFF,
  0xF7, 0xFE, 0xFF, 0xDF, 0xF7, 0x9E, 0xA5, 0x35, 0x73, 0xF2, 0x63, 0x51, 0x52, 0xEF, 0x4A, 0xAE,
  0x4A, 0x6D, 0x42, 0x4D, 0x42, 0x2C, 0x3A, 0x2C, 0x3A, 0x0C, 0x3A, 0x0C, 0x31, 0xEC, 0x31, 0xEC,
  0x31, 0xEC, 0x31, 0xEC, 0x31, 0xEB, 0x31, 0xCB, 0x31, 0xCB, 0x31, 0xCB, 0x31, 0xCB, 0x31, 0xCB,
  0x31, 0xCB, 0x31, 0xCB, 0x31, 0xCB, 0x31, 0xCB, 0x31, 0xCB, 0x31, 0xCB, 0x31, 0xCB, 0x31, 0xCB,
  0x31, 0xCB, 0x31, 0xCB, 0x31, 0xCB, 0x31, 0xAA, 0x29, 0x89, 0x21, 0x89, 0x29, 0xA9, 0x31, 0xAA,
  0x31, 0xAA, 0x31, 0xAA, 0x31, 0xCB, 0x31, 0xCB, 0x31, 0xCB, 0x31, 0xCB, 0x31, 0xAB, 0x31, 0xAB,
  0x31, 0xCB, 0x31, 0xAA, 0x29, 0x89, 0x29, 0x68, 0x21, 0x67, 0x29, 0x67, 0x29, 0x88, 0x29, 0x89,
  0x29, 0xAA, 0x31, 0xAA, 0x31, 0xCB, 0x31, 0xCB, 0x31, 0xCB, 0x31, 0xAA, 0x31, 0xCA, 0x31, 0xCB,
  0x31, 0xA9, 0x31, 0xA9, 0x31, 0xCB, 0x31, 0xCB, 0x31, 0xCB, 0x31, 0xCA, 0x31, 0xEB, 0x31, 0xEC,
  0x31, 0xEC, 0x31, 0xEC, 0x31, 0xEC, 0x31, 0xEB, 0x31, 0xEB, 0x31, 0xEC, 0x31, 0xEB, 0x31, 0xCA,
  0x31, 0xCA, 0x31, 0xCB, 0x31, 0xCB, 0x31, 0xCA, 0x31, 0xA9, 0x31, 0xCA, 0x31, 0xEC, 0x31, 0xEC,
  0x31, 0xEC, 0x32, 0x0C, 0x32, 0x0C, 0x32, 0x0C, 0x32, 0x2C, 0x32, 0x2B, 0x32, 0x4C, 0x2A, 0x4B,
  0x2B, 0x2D, 0x23, 0x2C, 0x1A, 0xEC, 0x23, 0x0C, 0x23, 0xCE, 0x2C, 0x70, 0x2C, 0x8F, 0x2C, 0xD0,
  0x24, 0xD1, 0x2C, 0xD1, 0x2C, 0xB0, 0x2C, 0x90, 0x24, 0x4F, 0x1B, 0x8D, 0x1B, 0x2C, 0x23, 0x4D,
  0x2B, 0xEF, 0x2C, 0x70, 0x2C, 0x6F, 0x24, 0x6F, 0x2C, 0xB0, 0x2C, 0x6F, 0x2C, 0x0E, 0x23, 0xAD,
  0x23, 0x0B, 0x2B, 0xAD, 0x2C, 0x2E, 0x23, 0x4B, 0x2C, 0x0E, 0x2C, 0x6F, 0x2C, 0x8F, 0x2C, 0x90,
  0x2C, 0x90, 0x2C, 0x90, 0x2C, 0xB0, 0x2C, 0xB0, 0x2C, 0xB0, 0x2C, 0xB0, 0x2C, 0xB0, 0x2C, 0x8F,
  0x2C, 0x6F, 0x24, 0x2E, 0x2B, 0xCD, 0x23, 0x8C, 0x1B, 0x4B, 0x23, 0x8C, 0x2C, 0x2E, 0x34, 0x4F,
  0x2C, 0x4F, 0x2B, 0xCE, 0x2A, 0x6A, 0x22, 0x4B, 0x32, 0x2C, 0x32, 0x2B, 0x32, 0x2B, 0x32, 0x2C,
  0x3A, 0x2C, 0x3A, 0x2C, 0x3A, 0x2B, 0x3A, 0x4C, 0x42, 0x4D, 0x42, 0x6D, 0x4A, 0xAD, 0x5A, 0xED,
  0xA5, 0x35, 0xE6, 0xFC, 0xEF, 0x5D, 0xF7, 0x9D, 0xF7, 0xBE, 0xFF, 0xBF, 0xF7, 0xDF, 0xF7, 0xBF,
  0xF7, 0xBF, 0xF7, 0xBF, 0xF7, 0xBF, 0xF7, 0xBE, 0xF7, 0x9E, 0xEF, 0x9E, 0xEF, 0x7D, 0xDF, 0x1B,
  0xD6, 0xBA, 0xC6, 0x39, 0xAD, 0x76, 0x94, 0xF3, 0x8C, 0x72, 0x7C, 0x30, 0x73, 0xD0, 0x6B, 0xAF,
  0x6B, 0x6E, 0x63, 0x4E, 0x63, 0x4E, 0x63, 0x2E, 0x5A, 0xED, 0x52, 0xCC, 0x52, 0xAC, 0x4A, 0xAC,
  0x4A, 0x8C, 0x4A, 0x6B, 0x4A, 0x6B, 0x42, 0x4B, 0x42, 0x4B, 0x42, 0x4B, 0x42, 0x4A, 0x42, 0x4A,
  0x3A, 0x2A, 0x3A, 0x4B, 0x3A, 0x4C, 0x42, 0x4C, 0x42, 0x4C, 0x42, 0x4B, 0x42, 0x4C, 0x42, 0x4C,
  0x42, 0x4C, 0x42, 0x4C, 0x3A, 0x4C, 0x3A, 0x4C, 0x42, 0x4D, 0x42, 0x4D, 0x3A, 0x4C, 0x42, 0x6D,
  0x42, 0x6D, 0x42, 0x6C, 0x4A, 0x8D, 0x42, 0x8D, 0x4A, 0xAE, 0x4A, 0xCE, 0x52, 0xEF, 0x5B, 0x50,
  0xFF, 0xFF, 0xFF, 0xFF, 0xFF, 0xFF, 0xFF, 0xFF, 0xFF, 0xFF, 0xFF, 0xFF, 0xFF, 0xFF, 0xFF, 0xFF,
  0xFF, 0xFF, 0xFF, 0xFF, 0xFF, 0xFF, 0xFF, 0xFF, 0xFF, 0xFF, 0xFF, 0xFF, 0xFF, 0xFF, 0xFF, 0xFF,
  0xF7, 0xDE, 0xFF, 0xDF, 0xEF, 0x7D, 0x94, 0xD3, 0x73, 0xD2, 0x5B, 0x51, 0x52, 0xCF, 0x4A, 0x8E,
  0x42, 0x6D, 0x42, 0x4D, 0x3A, 0x2C, 0x3A, 0x0B, 0x3A, 0x0C, 0x39, 0xEC, 0x31, 0xEB, 0x31, 0xEB,
  0x31, 0xEB, 0x31, 0xEB, 0x31, 0xCB, 0x31, 0xCA, 0x31, 0xCB, 0x31, 0xCB, 0x31, 0xCB, 0x31, 0xCB,
  0x31, 0xCB, 0x31, 0xCB, 0x31, 0xCB, 0x31, 0xCB, 0x31, 0xCB, 0x31, 0xCB, 0x31, 0xCB, 0x31, 0xCB,
  0x31, 0xCB, 0x31, 0xCB, 0x31, 0xCB, 0x29, 0xAA, 0x21, 0x89, 0x29, 0x89, 0x29, 0x89, 0x29, 0x8A,
  0x31, 0xAA, 0x31, 0xAB, 0x31, 0xAB, 0x31, 0xCB, 0x31, 0xCB, 0x31, 0xCB, 0x31, 0xAB, 0x31, 0xCB,
  0x31, 0xCB, 0x31, 0xAB, 0x31, 0xAA, 0x29, 0xAA, 0x29, 0x89, 0x29, 0x88, 0x29, 0x68, 0x21, 0x68,
  0x29, 0x88, 0x29, 0x89, 0x31, 0xCB, 0x31, 0xCB, 0x31, 0xEB, 0x31, 0xCB, 0x31, 0xCB, 0x31, 0xCB,
  0x29, 0xA9, 0x29, 0xA9, 0x31, 0xCB, 0x31, 0xCB, 0x31, 0xCB, 0x31, 0xCB, 0x31, 0xEB, 0x31, 0xEC,
  0x31, 0xEB, 0x31, 0xEB, 0x31, 0xEB, 0x31, 0xEB, 0x31, 0xEB, 0x31, 0xEB, 0x31, 0xCB, 0x31, 0xCB,
  0x31, 0xCB, 0x31, 0xCB, 0x31, 0xCB, 0x29, 0xA9, 0x29, 0xA9, 0x31, 0xCA, 0x31, 0xEC, 0x31, 0xEC,
  0x31, 0xEC, 0x32, 0x0C, 0x32, 0x0C, 0x32, 0x0B, 0x32, 0x2C, 0x32, 0x2C, 0x32, 0x2C, 0x2A, 0x4B,
  0x2A, 0x8B, 0x22, 0xCC, 0x22, 0xEC, 0x23, 0x4C, 0x24, 0x2F, 0x2C, 0x90, 0x2C, 0xAF, 0x2C, 0xB0,
  0x2C, 0xD1, 0x2C, 0xD0, 0x2C, 0xAF, 0x2C, 0x90, 0x24, 0x0E, 0x1B, 0x4C, 0x1B, 0x2C, 0x1B, 0x8D,
  0x2C, 0x2F, 0x2C, 0x4F, 0x2C, 0x4F, 0x2C, 0x2E, 0x23, 0xCD, 0x1B, 0xAD, 0x23, 0xCD, 0x24, 0x2E,
  0x2B, 0xED, 0x23, 0x8C, 0x2B, 0xED, 0x23, 0xAC, 0x2C, 0x6F, 0x24, 0x6F, 0x2C, 0x6F, 0x24, 0x8F,
  0x24, 0x90, 0x2C, 0xAF, 0x2C, 0xB0, 0x24, 0x90, 0x2C, 0xB0, 0x2C, 0xB0, 0x2C, 0xB0, 0x2C, 0xB0,
  0x2C, 0xB0, 0x2C, 0xB0, 0x2C, 0xB0, 0x2C, 0x8F, 0x2C, 0x4E, 0x2B, 0xCD, 0x23, 0xAD, 0x23, 0xAD,
  0x23, 0xAD, 0x23, 0x2B, 0x2A, 0x4B, 0x2A, 0x6C, 0x32, 0x2B, 0x32, 0x2B, 0x32, 0x2C, 0x32, 0x2C,
  0x3A, 0x2C, 0x3A, 0x2B, 0x3A, 0x2C, 0x3A, 0x4D, 0x3A, 0x4D, 0x42, 0x8E, 0x4A, 0xEF, 0x63, 0x2F,
  0xCE, 0x59, 0xF7, 0xDE, 0xF7, 0x9E, 0xFF, 0xDE, 0xFF, 0xDE, 0xFF, 0xDE, 0xF7, 0xDE, 0xF7, 0xDE,
  0xF7, 0xDE, 0xF7, 0xDE, 0xF7, 0xDE, 0xF7, 0xDF, 0xF7, 0xBE, 0xF7, 0xBE, 0xF7, 0xDE, 0xF7, 0xDF,
  0xF7, 0xDE, 0xF7, 0xDE, 0xEF, 0xBD, 0xEF, 0x9D, 0xDF, 0x3B, 0xD6, 0xFA, 0xC6, 0x79, 0xB5, 0xF7,
  0xA5, 0x75, 0x9C, 0xF3, 0x84, 0x71, 0x73, 0xF0, 0x6B, 0xAF, 0x6B, 0x6E, 0x63, 0x4E, 0x63, 0x2D,
  0x5B, 0x0D, 0x5B, 0x0D, 0x52, 0xEC, 0x52, 0xCC, 0x4A, 0xCC, 0x4A, 0x8B, 0x4A, 0x8B, 0x42, 0x8B,
  0x42, 0x6B, 0x42, 0x4B, 0x42, 0x4C, 0x42, 0x4B, 0x42, 0x6C, 0x42, 0x6C, 0x42, 0x6C, 0x42, 0x6D,
  0x42, 0x6D, 0x42, 0x6D, 0x42, 0x6D, 0x42, 0x6D, 0x42, 0x6D, 0x42, 0x6D, 0x42, 0x6D, 0x42, 0x6D,
  0x4A, 0x8C, 0x4A, 0x8D, 0x4A, 0xAE, 0x4A, 0xAE, 0x52, 0xCE, 0x52, 0xEF, 0x63, 0x30, 0x6B, 0xB2,
  0xFF, 0xFF, 0xFF, 0xFF, 0xFF, 0xFF, 0xFF, 0xFF, 0xFF, 0xFF, 0xFF, 0xFF, 0xFF, 0xFF, 0xFF, 0xFF,
  0xFF, 0xFF, 0xFF, 0xFF, 0xFF, 0xFF, 0xFF, 0xFF, 0xFF, 0xFF, 0xFF, 0xFF, 0xFF, 0xFF, 0xFF, 0xFF,
  0xF7, 0xFE, 0xFF, 0xFF, 0xDF, 0x1C, 0x84, 0x52, 0x6B, 0xB2, 0x5B, 0x31, 0x52, 0xCE, 0x4A, 0x8E,
  0x42, 0x4D, 0x42, 0x2D, 0x3A, 0x2C, 0x32, 0x0B, 0x3A, 0x0C, 0x31, 0xEC, 0x31, 0xEB, 0x31, 0xEB,
  0x31, 0xCA, 0x31, 0xCA, 0x31, 0xCB, 0x31, 0xCB, 0x31, 0xCB, 0x31, 0xCB, 0x31, 0xCB, 0x31, 0xCB,
  0x31, 0xCB, 0x31, 0xCB, 0x31, 0xCB, 0x31, 0xCB, 0x31, 0xCB, 0x31, 0xCB, 0x31, 0xCB, 0x31, 0xCB,
  0x31, 0xCB, 0x31, 0xAB, 0x29, 0xAA, 0x21, 0x89, 0x29, 0x67, 0x29, 0x67, 0x29, 0x68, 0x29, 0x68,
  0x29, 0x89, 0x29, 0x89, 0x29, 0xAA, 0x29, 0xAB, 0x29, 0xAA, 0x31, 0xAA, 0x31, 0xAA, 0x31, 0xAB,
  0x29, 0xAA, 0x29, 0xAA, 0x31, 0xAA, 0x31, 0xAA, 0x31, 0xAA, 0x31, 0xAA, 0x29, 0xA9, 0x29, 0x89,
  0x21, 0x68, 0x21, 0x88, 0x29, 0x89, 0x31, 0xAA, 0x31, 0xCA, 0x31, 0xCB, 0x31, 0xCB, 0x31, 0xCB,
  0x29, 0xA9, 0x29, 0xA9, 0x31, 0xCB, 0x31, 0xCA, 0x31, 0xCB, 0x31, 0xCB, 0x31, 0xEB, 0x31, 0xEB,
  0x31, 0xEB, 0x31, 0xEB, 0x31, 0xEA, 0x31, 0xEB, 0x31, 0xEB, 0x31, 0xEA, 0x31, 0xCB, 0x31, 0xCB,
  0x31, 0xCA, 0x31, 0xCB, 0x31, 0xCB, 0x29, 0xAA, 0x31, 0xA9, 0x31, 0xCA, 0x31, 0xEB, 0x31, 0xEB,
  0x31, 0xEC, 0x31, 0xEC, 0x32, 0x0C, 0x32, 0x0B, 0x32, 0x0C, 0x32, 0x2C, 0x32, 0x2C, 0x32, 0x4B,
  0x2A, 0x2A, 0x2A, 0x8B, 0x22, 0xEB, 0x1B, 0x6D, 0x2C, 0x4F, 0x2C, 0xAF, 0x2C, 0xD0, 0x2C, 0xD1,
  0x2C, 0xD1, 0x2C, 0xD0, 0x2C, 0x90, 0x2C, 0x70, 0x1B, 0x8D, 0x13, 0x2B, 0x1B, 0x4C, 0x2B, 0xEE,
  0x2C, 0x0E, 0x23, 0xAD, 0x23, 0x6C, 0x1B, 0x0B, 0x1B, 0x8D, 0x2C, 0x4F, 0x2C, 0x6F, 0x2C, 0x6F,
  0x2C, 0x2E, 0x1B, 0x6B, 0x2B, 0x8C, 0x2B, 0x8C, 0x2C, 0x2E, 0x24, 0x2E, 0x24, 0x4F, 0x24, 0x6F,
  0x2C, 0x90, 0x2C, 0x90, 0x2C, 0x90, 0x2C, 0xB0, 0x2C, 0xB0, 0x2C, 0xB0, 0x2C, 0xB0, 0x2C, 0xB0,
  0x24, 0xB0, 0x2C, 0xB0, 0x24, 0xB0, 0x2C, 0xB0, 0x2C, 0xB0, 0x2C, 0xB0, 0x2C, 0xB0, 0x2C, 0x4F,
  0x2B, 0xCD, 0x1B, 0x2B, 0x22, 0x6A, 0x22, 0x4B, 0x2A, 0x2B, 0x2A, 0x2B, 0x32, 0x2B, 0x32, 0x2B,
  0x3A, 0x2C, 0x3A, 0x2C, 0x3A, 0x4D, 0x3A, 0x4D, 0x3A, 0x6D, 0x42, 0x8E, 0x53, 0x0F, 0x63, 0x50,
  0xB5, 0x98, 0xF7, 0xDE, 0xF7, 0xBE, 0xFF, 0xFF, 0xFF, 0xFF, 0xFF, 0xFF, 0xFF, 0xFF, 0xFF, 0xFF,
  0xFF, 0xFF, 0xFF, 0xFF, 0xFF, 0xFF, 0xFF, 0xFF, 0xFF, 0xFF, 0xFF, 0xFF, 0xFF, 0xFF, 0xFF, 0xFF,
  0xF7, 0xDE, 0xF7, 0xDE, 0xF7, 0xDE, 0xF7, 0xDD, 0xEF, 0xDD, 0xEF, 0xDD, 0xEF, 0xDD, 0xEF, 0xDD,
  0xEF, 0xBD, 0xE7, 0x9C, 0xDF, 0x3B, 0xCE, 0xB9, 0xBE, 0x37, 0xAD, 0x95, 0x9D, 0x13, 0x84, 0x91,
  0x7C, 0x10, 0x73, 0xCF, 0x6B, 0x8E, 0x63, 0x6E, 0x63, 0x4D, 0x5B, 0x2E, 0x5B, 0x0D, 0x5A, 0xED,
  0x52, 0xCD, 0x52, 0xCD, 0x4A, 0xAC, 0x4A, 0xAC, 0x4A, 0xAC, 0x4A, 0x8D, 0x4A, 0xAD, 0x52, 0xAD,
  0x4A, 0xAD, 0x4A, 0xAD, 0x4A, 0xAD, 0x4A, 0xAD, 0x4A, 0xAE, 0x4A, 0xAD, 0x4A, 0xAE, 0x4A, 0xAE,
  0x4A, 0xAE, 0x4A, 0xCE, 0x52, 0xEE, 0x52, 0xEF, 0x5B, 0x10, 0x5B, 0x50, 0x6B, 0x91, 0x7C, 0x13,
  0xFF, 0xFF, 0xFF, 0xFF, 0xFF, 0xFF, 0xFF, 0xFF, 0xFF, 0xFF, 0xFF, 0xFF, 0xFF, 0xFF, 0xFF, 0xFF,
  0xFF, 0xFF, 0xFF, 0xFF, 0xFF, 0xFF, 0xFF, 0xFF, 0xFF, 0xFF, 0xFF, 0xFF, 0xFF, 0xFF, 0xFF, 0xFF,
  0xF7, 0xDE, 0xFF, 0xFF, 0xD6, 0x9A, 0x7C, 0x11, 0x6B, 0x92, 0x53, 0x10, 0x4A, 0xAE, 0x42, 0x8D,
  0x42, 0x4D, 0x3A, 0x2D, 0x3A, 0x2C, 0x3A, 0x0C, 0x39, 0xEC, 0x31, 0xEC, 0x29, 0xEC, 0x31, 0xEB,
  0x31, 0xCA, 0x31, 0xCB, 0x31, 0xCB, 0x31, 0xCB, 0x29, 0xAB, 0x29, 0xAB, 0x31, 0xCB, 0x31, 0xCB,
  0x31, 0xCB, 0x31, 0xCB, 0x31, 0xCB, 0x31, 0xCB, 0x31, 0xCB, 0x31, 0xCB, 0x31, 0xCB, 0x31, 0xCB,
  0x31, 0xCB, 0x31, 0xAB, 0x29, 0x89, 0x29, 0x68, 0x29, 0x66, 0x29, 0x67, 0x29, 0x67, 0x21, 0x47,
  0x21, 0x67, 0x29, 0x68, 0x21, 0x88, 0x21, 0x88, 0x21, 0x89, 0x29, 0x89, 0x29, 0xA9, 0x29, 0xAA,
  0x21, 0xA9, 0x29, 0xAA, 0x31, 0xAA, 0x31, 0xAA, 0x31, 0xAA, 0x31, 0xAA, 0x31, 0xAA, 0x29, 0xAA,
  0x29, 0x89, 0x29, 0x89, 0x21, 0x88, 0x29, 0x89, 0x29, 0xAA, 0x31, 0xAA, 0x31, 0xCB, 0x31, 0xCB,
  0x31, 0xAA, 0x31, 0xAA, 0x31, 0xCB, 0x31, 0xCB, 0x31, 0xCB, 0x31, 0xCA, 0x31, 0xEB, 0x31, 0xEA,
  0x31, 0xEA, 0x31, 0xEA, 0x31, 0xEA, 0x31, 0xEA, 0x31, 0xEB, 0x31, 0xEA, 0x31, 0xEB, 0x31, 0xEB,
  0x31, 0xEA, 0x31, 0xCB, 0x31, 0xCB, 0x31, 0xAA, 0x31, 0xA9, 0x31, 0xCA, 0x31, 0xCB, 0x31, 0xCB,
  0x31, 0xEC, 0x31, 0xEC, 0x32, 0x0C, 0x32, 0x0C, 0x32, 0x0C, 0x32, 0x2B, 0x32, 0x2C, 0x32, 0x4B,
  0x2A, 0x2B, 0x22, 0x8B, 0x1A, 0xEB, 0x23, 0xAD, 0x2C, 0x70, 0x2C, 0x8F, 0x2C, 0xD0, 0x2C, 0xD1,
  0x2C, 0xD0, 0x2C, 0xB0, 0x2C, 0x8F, 0x24, 0x2E, 0x13, 0x6C, 0x13, 0x2B, 0x1B, 0x6C, 0x23, 0x8D,
  0x1B, 0x2B, 0x1A, 0xEA, 0x1B, 0x0B, 0x1B, 0x2B, 0x23, 0xED, 0x2C, 0x70, 0x2C, 0x4F, 0x24, 0x4F,
  0x23, 0xED, 0x23, 0x2B, 0x23, 0x4B, 0x23, 0x6C, 0x1B, 0x8C, 0x1B, 0x8C, 0x1B, 0xAC, 0x24, 0x0E,
  0x2C, 0x6F, 0x2C, 0x70, 0x2C, 0x90, 0x2C, 0x90, 0x2C, 0x90, 0x2C, 0x90, 0x2C, 0xB0, 0x2C, 0xB0,
  0x2C, 0xB0, 0x2C, 0xB0, 0x2C, 0xB0, 0x2C, 0xB0, 0x2C, 0xB0, 0x24, 0xB0, 0x24, 0x90, 0x2C, 0x90,
  0x2C, 0x8F, 0x2C, 0x4F, 0x2B, 0xCD, 0x22, 0xEA, 0x2A, 0x4A, 0x2A, 0x4B, 0x32, 0x2A, 0x32, 0x2B,
  0x3A, 0x2C, 0x3A, 0x2C, 0x32, 0x4C, 0x3A, 0x4C, 0x42, 0x6D, 0x42, 0xAE, 0x53, 0x10, 0x63, 0x71,
  0x9D, 0x16, 0xF7, 0xBE, 0xFF, 0xDF, 0xF7, 0xFF, 0xFF, 0xFF, 0xFF, 0xFF, 0xFF, 0xFF, 0xFF, 0xFF,
  0xFF, 0xFF, 0xFF, 0xFF, 0xFF, 0xFF, 0xFF, 0xFF, 0xFF, 0xFF, 0xFF, 0xFF, 0xFF, 0xFF, 0xFF, 0xFF,
  0xFF, 0xFF, 0xFF, 0xFF, 0xFF, 0xFE, 0xF7, 0xFE, 0xF7, 0xDE, 0xF7, 0xDD, 0xEF, 0xDD, 0xF7, 0xDD,
  0xEF, 0xBD, 0xEF, 0xBD, 0xEF, 0xDD, 0xEF, 0xBD, 0xEF, 0xBD, 0xEF, 0x9C, 0xE7, 0x7C, 0xDF, 0x3B,
  0xD6, 0xD9, 0xC6, 0x58, 0xB5, 0xF6, 0xA5, 0x54, 0x8C, 0xB2, 0x7C, 0x10, 0x73, 0xAF, 0x6B, 0x6E,
  0x63, 0x4E, 0x63, 0x4E, 0x63, 0x2E, 0x5B, 0x0D, 0x5B, 0x0D, 0x52, 0xED, 0x52, 0xED, 0x52, 0xED,
  0x52, 0xEE, 0x52, 0xEE, 0x52, 0xEE, 0x52, 0xEE, 0x52, 0xCE, 0x52, 0xEE, 0x52, 0xEE, 0x52, 0xEF,
  0x53, 0x0E, 0x53, 0x0F, 0x5B, 0x30, 0x5B, 0x50, 0x63, 0x71, 0x6B, 0xD2, 0x7C, 0x33, 0x8C, 0x74,
  0xFF, 0xFF, 0xFF, 0xFF, 0xFF, 0xFF, 0xFF, 0xFF, 0xFF, 0xFF, 0xFF, 0xFF, 0xFF, 0xFF, 0xFF, 0xFF,
  0xFF, 0xFF, 0xFF, 0xFF, 0xFF, 0xFF, 0xFF, 0xFF, 0xFF, 0xFF, 0xFF, 0xFF, 0xFF, 0xFF, 0xFF, 0xFF,
  0xF7, 0xDE, 0xF7, 0xDF, 0xBD, 0xF8, 0x73, 0xF1, 0x63, 0x71, 0x52, 0xEF, 0x4A, 0xAE, 0x42, 0x6D,
  0x42, 0x4D, 0x42, 0x2C, 0x3A, 0x0C, 0x32, 0x0C, 0x39, 0xEC, 0x31, 0xEC, 0x29, 0xEB, 0x31, 0xCA,
  0x31, 0xCB, 0x31, 0xCB, 0x31, 0xCB, 0x31, 0xCB, 0x31, 0xCB, 0x29, 0xCB, 0x31, 0xCB, 0x31, 0xCB,
  0x31, 0xCB, 0x31, 0xCB, 0x31, 0xCB, 0x31, 0xCB, 0x31, 0xCB, 0x31, 0xCB, 0x31, 0xCB, 0x31, 0xCB,
  0x31, 0xAA, 0x31, 0xAA, 0x29, 0x68, 0x21, 0x68, 0x29, 0x68, 0x29, 0x68, 0x29, 0x67, 0x21, 0x67,
  0x29, 0x67, 0x29, 0x47, 0x29, 0x66, 0x29, 0x66, 0x21, 0x67, 0x21, 0x67, 0x29, 0x67, 0x21, 0x68,
  0x29, 0x68, 0x29, 0x89, 0x29, 0x89, 0x29, 0xA9, 0x31, 0xAA, 0x31, 0xAA, 0x31, 0xAA, 0x31, 0xAA,
  0x31, 0xA9, 0x29, 0xAA, 0x29, 0xAA, 0x29, 0xAA, 0x29, 0xAA, 0x31, 0xA9, 0x31, 0xCA, 0x31, 0xCB,
  0x31, 0xAA, 0x31, 0xAA, 0x31, 0xAA, 0x31, 0xCB, 0x31, 0xCB, 0x31, 0xCB, 0x31, 0xCB, 0x31, 0xCB,
  0x31, 0xEB, 0x31, 0xEB, 0x31, 0xEB, 0x31, 0xEB, 0x31, 0xEB, 0x31, 0xEB, 0x31, 0xCB, 0x31, 0xEB,
  0x31, 0xEB, 0x31, 0xCB, 0x31, 0xCB, 0x29, 0xAA, 0x29, 0xA9, 0x29, 0xCA, 0x31, 0xCA, 0x31, 0xCB,
  0x31, 0xEB, 0x31, 0xEC, 0x31, 0xEB, 0x32, 0x0C, 0x32, 0x0C, 0x32, 0x2C, 0x32, 0x2C, 0x32, 0x2C,
  0x2A, 0x4B, 0x2A, 0x6B, 0x23, 0x0C, 0x2C, 0x0E, 0x2C, 0x70, 0x2C, 0x8F, 0x2C, 0xD0, 0x2C, 0xD0,
  0x2C, 0xB0, 0x2C, 0xB0, 0x2C, 0x6F, 0x23, 0xEE, 0x1B, 0x2B, 0x13, 0x0B, 0x1B, 0x0B, 0x23, 0x6C,
  0x23, 0x6D, 0x1B, 0x2C, 0x23, 0x2C, 0x1B, 0x2C, 0x23, 0xEE, 0x2C, 0x70, 0x2C, 0x6F, 0x24, 0x2E,
  0x1B, 0x8C, 0x23, 0x0B, 0x1B, 0x0A, 0x23, 0x6C, 0x23, 0x4C, 0x23, 0x2C, 0x23, 0x2B, 0x1B, 0x4C,
  0x23, 0xCD, 0x24, 0x0E, 0x24, 0x0E, 0x24, 0x2F, 0x24, 0x4F, 0x24, 0x6F, 0x24, 0x6F, 0x24, 0x6F,
  0x24, 0x6F, 0x2C, 0x90, 0x2C, 0x90, 0x2C, 0x8F, 0x2C, 0x90, 0x2C, 0x90, 0x2C, 0x90, 0x2C, 0x90,
  0x24, 0x70, 0x2C, 0x6F, 0x2C, 0x4F, 0x2C, 0x0E, 0x2A, 0xEB, 0x2A, 0x09, 0x32, 0x2B, 0x32, 0x2B,
  0x32, 0x2C, 0x32, 0x2C, 0x32, 0x4C, 0x3A, 0x4C, 0x42, 0x6D, 0x4A, 0xAE, 0x53, 0x10, 0x6B, 0x91,
  0x94, 0xB4, 0xEF, 0x7D, 0xFF, 0xFF, 0xF7, 0xFE, 0xFF, 0xFF, 0xFF, 0xFF, 0xFF, 0xFF, 0xFF, 0xFF,
  0xFF, 0xFF, 0xFF, 0xFF, 0xFF, 0xFF, 0xFF, 0xFF, 0xFF, 0xFF, 0xFF, 0xFF, 0xFF, 0xFF, 0xFF, 0xFF,
  0xFF, 0xFF, 0xFF, 0xFF, 0xFF, 0xFF, 0xFF, 0xFF, 0xFF, 0xFF, 0xFF, 0xFF, 0xF7, 0xFE, 0xFF, 0xFE,
  0xF7, 0xFE, 0xF7, 0xFE, 0xF7, 0xDD, 0xEF, 0xDD, 0xEF, 0xBD, 0xEF, 0xBC, 0xEF, 0xBD, 0xEF, 0xBD,
  0xEF, 0xDD, 0xEF, 0xDD, 0xEF, 0xBD, 0xEF, 0x9C, 0xE7, 0x5B, 0xD6, 0xDA, 0xC6, 0x58, 0xAD, 0x96,
  0x94, 0xF3, 0x84, 0x71, 0x74, 0x10, 0x73, 0xCF, 0x6B, 0x8F, 0x63, 0x6E, 0x63, 0x6E, 0x63, 0x6F,
  0x63, 0x6F, 0x63, 0x4F, 0x63, 0x4F, 0x63, 0x4F, 0x63, 0x2F, 0x63, 0x4F, 0x63, 0x70, 0x63, 0x70,
  0x63, 0x90, 0x63, 0x91, 0x6B, 0xB1, 0x73, 0xD2, 0x74, 0x12, 0x7C, 0x33, 0x8C, 0x73, 0xAD, 0x76,
  0xFF, 0xDF, 0xFF, 0xFF, 0xFF, 0xDF, 0xFF, 0xDF, 0xFF, 0xDF, 0xFF, 0xDF, 0xF7, 0xDF, 0xF7, 0xDF,
  0xF7, 0xDF, 0xF7, 0xDF, 0xF7, 0xDF, 0xF7, 0xDF, 0xF7, 0xDF, 0xFF, 0xDF, 0xF7, 0xDF, 0xF7, 0xDF,
  0xF7, 0x9E, 0xEF, 0x9E, 0xAD, 0x76, 0x73, 0xB1, 0x63, 0x51, 0x52, 0xCF, 0x4A, 0x8E, 0x42, 0x6D,
  0x42, 0x4D, 0x3A, 0x2C, 0x32, 0x0B, 0x3A, 0x0C, 0x31, 0xEC, 0x29, 0xEC, 0x31, 0xCB, 0x31, 0xCB,
  0x31, 0xCB, 0x31, 0xCB, 0x31, 0xCB, 0x31, 0xCB, 0x31, 0xCB, 0x31, 0xCB, 0x31, 0xCB, 0x31, 0xCB,
  0x31, 0xCB, 0x31, 0xCB, 0x31, 0xCB, 0x31, 0xCB, 0x31, 0xCB, 0x31, 0xCB, 0x31, 0xCB, 0x29, 0xAA,
  0x31, 0xA9, 0x29, 0x89, 0x21, 0x88, 0x29, 0x89, 0x29, 0x8A, 0x29, 0x89, 0x29, 0x88, 0x29, 0x88,
  0x29, 0x88, 0x29, 0x67, 0x29, 0x67, 0x29, 0x67, 0x29, 0x66, 0x29, 0x66, 0x29, 0x47, 0x29, 0x47,
  0x29, 0x47, 0x29, 0x47, 0x29, 0x68, 0x29, 0x88, 0x29, 0x89, 0x29, 0x89, 0x29, 0xA9, 0x29, 0xAA,
  0x31, 0xAA, 0x31, 0xAA, 0x31, 0xAA, 0x29, 0xAA, 0x31, 0xAA, 0x31, 0xA9, 0x31, 0xAA, 0x31, 0xAB,
  0x31, 0xAA, 0x31, 0xA9, 0x31, 0xAA, 0x31, 0xCB, 0x31, 0xCB, 0x31, 0xCB, 0x31, 0xCB, 0x31, 0xCB,
  0x31, 0xCB, 0x31, 0xCB, 0x31, 0xCB, 0x31, 0xCB, 0x31, 0xCB, 0x31, 0xCA, 0x31, 0xCB, 0x31, 0xCB,
  0x31, 0xCB, 0x31, 0xCB, 0x31, 0xCB, 0x29, 0xCA, 0x21, 0xA9, 0x21, 0xA9, 0x29, 0xCA, 0x31, 0xCA,
  0x31, 0xEB, 0x31, 0xEB, 0x31, 0xEB, 0x31, 0xEB, 0x32, 0x0C, 0x32, 0x0C, 0x32, 0x2C, 0x32, 0x2C,
  0x32, 0x4B, 0x2A, 0x4A, 0x2B, 0x2C, 0x2C, 0x2F, 0x24, 0x6F, 0x2C, 0x90, 0x24, 0xB0, 0x2C, 0xAF,
  0x2C, 0x8F, 0x2C, 0x90, 0x2C, 0x90, 0x23, 0x8C, 0x1B, 0x0A, 0x23, 0x6C, 0x24, 0x0E, 0x2C, 0x4F,
  0x1B, 0x8D, 0x13, 0x0C, 0x23, 0x2D, 0x1B, 0x2D, 0x24, 0x0F, 0x2C, 0x70, 0x2C, 0x6F, 0x1B, 0xED,
  0x1B, 0x6C, 0x23, 0x2B, 0x22, 0xAA, 0x23, 0x0C, 0x1B, 0x2B, 0x22, 0xEB, 0x1A, 0xCA, 0x12, 0xCA,
  0x1A, 0xEB, 0x1B, 0x2C, 0x13, 0x4C, 0x1B, 0x4C, 0x1B, 0x6D, 0x1B, 0x8D, 0x1B, 0x8D, 0x1B, 0xAD,
  0x1B, 0xAD, 0x1B, 0xEE, 0x2C, 0x2F, 0x2C, 0x4E, 0x2C, 0x70, 0x2C, 0x70, 0x2C, 0x70, 0x2C, 0x90,
  0x2C, 0x90, 0x2C, 0x6F, 0x2C, 0x4F, 0x2C, 0x2E, 0x2B, 0xAD, 0x22, 0x4A, 0x32, 0x0A, 0x32, 0x2B,
  0x2A, 0x2C, 0x32, 0x2C, 0x3A, 0x4D, 0x3A, 0x4D, 0x42, 0x6D, 0x4A, 0xAE, 0x53, 0x10, 0x63, 0x92,
  0x84, 0x73, 0xDF, 0x1C, 0xF7, 0xDF, 0xFF, 0xDE, 0xFF, 0xFF, 0xFF, 0xFF, 0xFF, 0xFF, 0xFF, 0xFF,
  0xFF, 0xFF, 0xFF, 0xFF, 0xFF, 0xFF, 0xFF, 0xFF, 0xFF, 0xFF, 0xFF, 0xFF, 0xFF, 0xFE, 0xFF, 0xFE,
  0xFF, 0xFE, 0xFF, 0xFF, 0xFF, 0xFF, 0xFF, 0xFF, 0xFF, 0xFF, 0xFF, 0xFF, 0xFF, 0xFE, 0xFF, 0xFF,
  0xF7, 0xFE, 0xEF, 0xFE, 0xEF, 0xFE, 0xF7, 0xFE, 0xF7, 0xDD, 0xF7, 0xDD, 0xF7, 0xDE, 0xF7, 0xDD,
  0xE7, 0xDC, 0xEF, 0xDC, 0xEF, 0xDD, 0xEF, 0xDD, 0xEF, 0xBC, 0xEF, 0xBD, 0xEF, 0xBD, 0xE7, 0x9D,
  0xE7, 0x7C, 0xD7, 0x1A, 0xCE, 0x99, 0xBE, 0x37, 0xAD, 0xD6, 0xA5, 0x54, 0x94, 0xF3, 0x8C, 0xB2,
  0x84, 0x71, 0x7C, 0x31, 0x73, 0xF0, 0x73, 0xCF, 0x73, 0xAF, 0x73, 0xCF, 0x73, 0xD0, 0x73, 0xD0,
  0x73, 0xD0, 0x73, 0xD0, 0x74, 0x11, 0x7C, 0x32, 0x84, 0x72, 0x94, 0xF4, 0xBE, 0x38, 0xE7, 0x9C,
  0xF7, 0xDF, 0xF7, 0xDF, 0xF7, 0xDF, 0xF7, 0xDF, 0xF7, 0xDF, 0xF7, 0xDF, 0xF7, 0xDF, 0xF7, 0xDF,
  0xEF, 0xDF, 0xEF, 0xDF, 0xEF, 0xDF, 0xEF, 0xDF, 0xF7, 0xDF, 0xF7, 0xBF, 0xEF, 0xBF, 0xF7, 0x9F,
  0xEF, 0x7E, 0xE7, 0x3D, 0x94, 0xD4, 0x6B, 0x91, 0x5B, 0x30, 0x4A, 0xCF, 0x4A, 0x8E, 0x42, 0x4D,
  0x42, 0x2C, 0x3A, 0x0C, 0x32, 0x0B, 0x39, 0xEC, 0x31, 0xEC, 0x29, 0xEC, 0x31, 0xCB, 0x31, 0xCB,
  0x31, 0xCB, 0x31, 0xCB, 0x31, 0xCB, 0x31, 0xCB, 0x31, 0xCB, 0x31, 0xCB, 0x31, 0xCB, 0x31, 0xCB,
  0x31, 0xCB, 0x31, 0xCB, 0x31, 0xCB, 0x31, 0xCB, 0x31, 0xCB, 0x31, 0xCA, 0x31, 0xCA, 0x29, 0xAA,
  0x29, 0x8A, 0x29, 0x89, 0x29, 0xA9, 0x31, 0xAA, 0x31, 0xAA, 0x31, 0xAA, 0x31, 0xA9, 0x31, 0xA9,
  0x31, 0xAA, 0x29, 0xAA, 0x29, 0x89, 0x21, 0x89, 0x21, 0x89, 0x21, 0x88, 0x21, 0x88, 0x21, 0x68,
  0x29, 0x68, 0x29, 0x67, 0x29, 0x67, 0x29, 0x67, 0x21, 0x46, 0x29, 0x47, 0x21, 0x68, 0x29, 0x88,
  0x29, 0x88, 0x29, 0x89, 0x29, 0x89, 0x31, 0xAA, 0x31, 0xAA, 0x31, 0xAA, 0x31, 0xAA, 0x31, 0xAA,
  0x31, 0xAA, 0x31, 0xA9, 0x31, 0xAA, 0x31, 0xCB, 0x31, 0xCB, 0x31, 0xCB, 0x31, 0xCB, 0x31, 0xCB,
  0x31, 0xCA, 0x31, 0xCA, 0x31, 0xCA, 0x31, 0xCA, 0x31, 0xCB, 0x31, 0xCB, 0x31, 0xCB, 0x31, 0xCB,
  0x31, 0xCB, 0x31, 0xCB, 0x31, 0xCB, 0x31, 0xCB, 0x29, 0xCA, 0x29, 0xCA, 0x29, 0xC9, 0x31, 0xC9,
  0x31, 0xCA, 0x31, 0xEA, 0x31, 0xEB, 0x31, 0xEA, 0x32, 0x0B, 0x32, 0x0B, 0x32, 0x0C, 0x32, 0x2B,
  0x32, 0x2B, 0x2A, 0x2A, 0x2A, 0xCB, 0x2C, 0x0E, 0x2C, 0x4F, 0x2C, 0x6F, 0x2C, 0x90, 0x24, 0x90,
  0x2C, 0x90, 0x2C, 0x6F, 0x23, 0xAC, 0x1B, 0x6B, 0x2C, 0x0E, 0x2C, 0x6F, 0x24, 0x6F, 0x24, 0x4F,
  0x1B, 0x8D, 0x13, 0x0C, 0x1B, 0x2D, 0x1B, 0x4C, 0x24, 0x2F, 0x2C, 0x70, 0x24, 0x2F, 0x1B, 0x8C,
  0x23, 0xAD, 0x23, 0xAD, 0x22, 0xCA, 0x23, 0x0B, 0x13, 0x0B, 0x1B, 0x0B, 0x1A, 0xEB, 0x12, 0xAA,
  0x1A, 0xCA, 0x1B, 0x0B, 0x1B, 0x2B, 0x1B, 0x2C, 0x13, 0x2D, 0x1B, 0x2D, 0x1B, 0x2D, 0x1B, 0x2C,
  0x1B, 0x2D, 0x1B, 0x4D, 0x1B, 0x6D, 0x1B, 0x8D, 0x23, 0xCE, 0x24, 0x0E, 0x24, 0x4F, 0x2C, 0x70,
  0x2C, 0x8F, 0x24, 0x6E, 0x2C, 0x4F, 0x2C, 0x2E, 0x2B, 0xEE, 0x2A, 0xAB, 0x32, 0x0A, 0x32, 0x2B,
  0x32, 0x2B, 0x3A, 0x2C, 0x32, 0x4D, 0x3A, 0x4D, 0x42, 0x6D, 0x4A, 0xAE, 0x52, 0xF0, 0x63, 0x92,
  0x7C, 0x32, 0xCE, 0x9B, 0xF7, 0xDF, 0xF7, 0xDE, 0xFF, 0xFF, 0xFF, 0xFF, 0xFF, 0xFF, 0xFF, 0xFF,
  0xFF, 0xFF, 0xFF, 0xFF, 0xFF, 0xFF, 0xFF, 0xFF, 0xFF, 0xFF, 0xFF, 0xFF, 0xFF, 0xFE, 0xFF, 0xFE,
  0xFF, 0xFE, 0xFF, 0xFE, 0xFF, 0xFF, 0xFF, 0xFF, 0xFF, 0xFF, 0xFF, 0xFF, 0xFF, 0xFF, 0xFF, 0xFF,
  0xF7, 0xFE, 0xF7, 0xFE, 0xF7, 0xFE, 0xF7, 0xFE, 0xF7, 0xDD, 0xF7, 0xDD, 0xF7, 0xFE, 0xF7, 0xFD,
  0xF7, 0xFD, 0xF7, 0xFD, 0xF7, 0xFE, 0xF7, 0xFD, 0xEF, 0xDD, 0xEF, 0xBD, 0xE7, 0xDC, 0xE7, 0xBC,
  0xE7, 0x9C, 0xE7, 0x9C, 0xE7, 0x9C, 0xE7, 0x9C, 0xE7, 0x7C, 0xE7, 0x5C, 0xDF, 0x3C, 0xDF, 0x1B,
  0xD6, 0xDA, 0xCE, 0xBA, 0xCE, 0x78, 0xBE, 0x38, 0xBE, 0x17, 0xB5, 0xF7, 0xB5, 0xD6, 0xB5, 0xD7,
  0xB5, 0xD7, 0xB5, 0xF7, 0xB6, 0x17, 0xBE, 0x38, 0xC6, 0x99, 0xDF, 0x7C, 0xF7, 0xDD, 0xF7, 0xDD,
  0xF7, 0xDF, 0xEF, 0xDF, 0xF7, 0xDF, 0xF7, 0xDF, 0xEF, 0xDF, 0xEF, 0xDF, 0xF7, 0xDF, 0xF7, 0xDF,
  0xF7, 0xDF, 0xF7, 0xDF, 0xF7, 0xDF, 0xF7, 0xDF, 0xF7, 0xDF, 0xF7, 0xBF, 0xF7, 0xBF, 0xF7, 0x9F,
  0xF7, 0x9F, 0xD6, 0xFB, 0x84, 0x12, 0x63, 0x71, 0x52, 0xEF, 0x4A, 0xAF, 0x42, 0x6D, 0x42, 0x4D,
  0x3A, 0x2C, 0x3A, 0x0B, 0x32, 0x0C, 0x39, 0xEC, 0x31, 0xEC, 0x31, 0xEB, 0x31, 0xCA, 0x31, 0xCB,
  0x31, 0xCB, 0x31, 0xCB, 0x31, 0xCB, 0x31, 0xCB, 0x31, 0xCB, 0x31, 0xCB, 0x31, 0xCB, 0x31, 0xCB,
  0x31, 0xCB, 0x31, 0xCB, 0x31, 0xCB, 0x31, 0xCB, 0x31, 0xCB, 0x31, 0xCB, 0x31, 0xCB, 0x29, 0xAA,
  0x29, 0x89, 0x31, 0x89, 0x31, 0xAA, 0x31, 0xAA, 0x31, 0xAA, 0x31, 0xAA, 0x31, 0xAA, 0x31, 0xAA,
  0x31, 0xAA, 0x31, 0xAB, 0x31, 0xAA, 0x29, 0xAA, 0x29, 0xAA, 0x29, 0xAA, 0x29, 0xAA, 0x29, 0x8A,
  0x29, 0x89, 0x29, 0x89, 0x29, 0x88, 0x29, 0x88, 0x29, 0x68, 0x21, 0x67, 0x29, 0x68, 0x21, 0x68,
  0x29, 0x88, 0x29, 0x68, 0x29, 0x88, 0x29, 0x89, 0x31, 0xAA, 0x31, 0xAA, 0x31, 0xAA, 0x31, 0xAA,
  0x31, 0xAA, 0x31, 0xA9, 0x31, 0xAA, 0x31, 0xCB, 0x31, 0xCB, 0x31, 0xCB, 0x31, 0xCB, 0x29, 0xCB,
  0x31, 0xCB, 0x31, 0xCB, 0x31, 0xCB, 0x31, 0xCB, 0x31, 0xCB, 0x31, 0xCB, 0x31, 0xCB, 0x31, 0xCB,
  0x31, 0xCB, 0x31, 0xCB, 0x31, 0xCB, 0x31, 0xCB, 0x31, 0xCB, 0x31, 0xCB, 0x31, 0xCA, 0x31, 0xCA,
  0x31, 0xCA, 0x31, 0xEA, 0x31, 0xEB, 0x31, 0xEB, 0x32, 0x0B, 0x32, 0x0B, 0x32, 0x0B, 0x32, 0x0B,
  0x2A, 0x2B, 0x32, 0x4B, 0x2A, 0x4A, 0x33, 0xAD, 0x2C, 0x4F, 0x24, 0x4E, 0x2C, 0x6F, 0x2C, 0x90,
  0x2C, 0x2F, 0x1B, 0x6C, 0x23, 0xCD, 0x34, 0x8F, 0x2C, 0xB0, 0x2C, 0x90, 0x24, 0x6F, 0x24, 0x4F,
  0x1B, 0xAD, 0x13, 0x2C, 0x13, 0x0C, 0x1B, 0x4C, 0x2C, 0x2F, 0x2C, 0x4F, 0x1B, 0xAD, 0x23, 0xAD,
  0x24, 0x2E, 0x2C, 0x0E, 0x22, 0xEA, 0x23, 0x4C, 0x1B, 0x4B, 0x1B, 0x4C, 0x1B, 0x4C, 0x1B, 0x4C,
  0x1B, 0x2B, 0x1B, 0x2C, 0x1B, 0x4C, 0x13, 0x4C, 0x1B, 0x4C, 0x1B, 0x4C, 0x1B, 0x2C, 0x1B, 0x2D,
  0x13, 0x4C, 0x1B, 0x4D, 0x1B, 0x2D, 0x1B, 0x2D, 0x13, 0x2C, 0x1B, 0x4C, 0x1B, 0x6D, 0x23, 0xCE,
  0x2C, 0x2F, 0x2C, 0x6F, 0x2C, 0x6F, 0x2C, 0x2E, 0x23, 0xEE, 0x2A, 0xAB, 0x32, 0x0A, 0x32, 0x2B,
  0x32, 0x2B, 0x3A, 0x2C, 0x32, 0x4C, 0x3A, 0x4D, 0x42, 0x6D, 0x42, 0x8E, 0x52, 0xF0, 0x63, 0x71,
  0x73, 0xF2, 0xC6, 0x39, 0xF7, 0xDE, 0xF7, 0xBE, 0xFF, 0xFF, 0xFF, 0xFF, 0xFF, 0xFF, 0xFF, 0xFF,
  0xFF, 0xFF, 0xFF, 0xFF, 0xFF, 0xFF, 0xFF, 0xFF, 0xFF, 0xFF, 0xFF, 0xFF, 0xFF, 0xFF, 0xFF, 0xFF,
  0xFF, 0xFE, 0xFF, 0xFF, 0xFF, 0xFF, 0xFF, 0xFF, 0xFF, 0xFF, 0xFF, 0xFF, 0xFF, 0xFF, 0xFF, 0xFF,
  0xFF, 0xFF, 0xFF, 0xFE, 0xFF, 0xFD, 0xF7, 0xFE, 0xF7, 0xDD, 0xF7, 0xDD, 0xF7, 0xFE, 0xF7, 0xFD,
  0xF7, 0xFC, 0xF7, 0xFD, 0xF7, 0xFE, 0xF7, 0xFD, 0xEF, 0xDC, 0xE7, 0xDD, 0xEF, 0xFD, 0xEF, 0xDD,
  0xEF, 0xBD, 0xEF, 0xBD, 0xE7, 0x9D, 0xE7, 0x9C, 0xDF, 0x7C, 0xE7, 0x7C, 0xE7, 0x7C, 0xE7, 0x7C,
  0xE7, 0x7C, 0xE7, 0x7C, 0xE7, 0x7C, 0xE7, 0x7C, 0xE7, 0x7C, 0xE7, 0x7C, 0xE7, 0x9C, 0xE7, 0x9C,
  0xEF, 0x9D, 0xEF, 0x9D, 0xEF, 0xBD, 0xEF, 0xFE, 0xF7, 0xFE, 0xEF, 0xDD, 0xEF, 0xDD, 0xF7, 0xFE,
  0xF7, 0xDF, 0xEF, 0xDF, 0xEF, 0xDF, 0xEF, 0xDF, 0xF7, 0xDF, 0xF7, 0xDF, 0xF7, 0xDF, 0xF7, 0xDF,
  0xEF, 0xDF, 0xEF, 0xDF, 0xEF, 0xDF, 0xF7, 0xDF, 0xF7, 0xDF, 0xF7, 0xDF, 0xF7, 0xDF, 0xEF, 0xBE,
  0xF7, 0xBF, 0xAD, 0xB7, 0x6B, 0x90, 0x63, 0x50, 0x52, 0xCF, 0x4A, 0x8E, 0x42, 0x6D, 0x42, 0x4D,
  0x3A, 0x2C, 0x32, 0x0B, 0x39, 0xEC, 0x31, 0xEC, 0x29, 0xEB, 0x31, 0xCB, 0x31, 0xCB, 0x31, 0xCB,
  0x31, 0xCB, 0x31, 0xCB, 0x31, 0xCB, 0x31, 0xCB, 0x31, 0xCB, 0x31, 0xCB, 0x31, 0xCB, 0x31, 0xCB,
  0x31, 0xCB, 0x31, 0xCB, 0x31, 0xCB, 0x31, 0xCB, 0x31, 0xAA, 0x31, 0xAA, 0x29, 0xAB, 0x29, 0xA9,
  0x21, 0x89, 0x29, 0xA9, 0x31, 0xAB, 0x29, 0xAB, 0x29, 0xAB, 0x29, 0xAB, 0x29, 0xAB, 0x31, 0xCB,
  0x31, 0xCB, 0x31, 0xCB, 0x31, 0xCB, 0x31, 0xAB, 0x31, 0xAB, 0x31, 0xAA, 0x31, 0xAB, 0x31, 0xAB,
  0x31, 0xAB, 0x31, 0xAB, 0x31, 0xAA, 0x31, 0xAA, 0x29, 0xAA, 0x29, 0xAA, 0x29, 0xA9, 0x29, 0x89,
  0x29, 0x89, 0x21, 0x89, 0x21, 0x89, 0x21, 0x89, 0x29, 0x89, 0x21, 0xA8, 0x29, 0xA9, 0x29, 0xA9,
  0x29, 0xAA, 0x29, 0xA9, 0x31, 0xAA, 0x31, 0xCB, 0x31, 0xCB, 0x31, 0xCB, 0x31, 0xCB, 0x29, 0xAA,
  0x29, 0xAA, 0x29, 0xAA, 0x29, 0xAA, 0x29, 0xCA, 0x31, 0xCB, 0x31, 0xCB, 0x31, 0xCB, 0x31, 0xCB,
  0x31, 0xCB, 0x31, 0xCB, 0x31, 0xCB, 0x31, 0xCB, 0x31, 0xCB, 0x31, 0xCB, 0x31, 0xEB, 0x31, 0xEB,
  0x31, 0xEB, 0x31, 0xEB, 0x31, 0xEB, 0x31, 0xEB, 0x31, 0xEA, 0x31, 0xEA, 0x29, 0xEA, 0x32, 0x09,
  0x2A, 0x0A, 0x2A, 0x2B, 0x2A, 0x4A, 0x22, 0xCB, 0x2B, 0xEE, 0x2C, 0x2E, 0x2C, 0x4F, 0x2B, 0xED,
  0x1B, 0x4C, 0x2C, 0x0E, 0x2C, 0xB0, 0x2C, 0x90, 0x24, 0xAF, 0x2C, 0x90, 0x2C, 0x90, 0x24, 0x6F,
  0x1B, 0x8D, 0x1B, 0x2C, 0x13, 0x0B, 0x1B, 0x6C, 0x2C, 0x2F, 0x23, 0xEE, 0x23, 0xCD, 0x24, 0x4F,
  0x2C, 0x70, 0x23, 0xEE, 0x23, 0x0B, 0x2B, 0xEE, 0x2C, 0x4F, 0x24, 0x4F, 0x2C, 0x4F, 0x2C, 0x4F,
  0x2C, 0x2E, 0x24, 0x0E, 0x24, 0x0E, 0x24, 0x2E, 0x24, 0x0E, 0x23, 0xEE, 0x23, 0xCE, 0x1B, 0xAD,
  0x1B, 0x8D, 0x1B, 0x4D, 0x1B, 0x4C, 0x13, 0x2C, 0x1B, 0x2C, 0x1B, 0x4C, 0x1B, 0x2C, 0x1B, 0x2C,
  0x1B, 0x4C, 0x1B, 0x8D, 0x23, 0xCE, 0x2C, 0x0E, 0x2B, 0xED, 0x2A, 0x8A, 0x32, 0x0A, 0x32, 0x2B,
  0x3A, 0x2C, 0x3A, 0x2C, 0x32, 0x4B, 0x3A, 0x4C, 0x3A, 0x6D, 0x42, 0x8E, 0x52, 0xEF, 0x63, 0x51,
  0x73, 0xD2, 0xAD, 0xB7, 0xF7, 0xBE, 0xF7, 0xBE, 0xFF, 0xFF, 0xFF, 0xFF, 0xFF, 0xFF, 0xFF, 0xFF,
  0xFF, 0xFF, 0xFF, 0xFF, 0xFF, 0xFF, 0xFF, 0xFF, 0xFF, 0xFF, 0xFF, 0xFF, 0xF7, 0xFF, 0xF7, 0xFF,
  0xF7, 0xFF, 0xF7, 0xFF, 0xFF, 0xFF, 0xFF, 0xFF, 0xFF, 0xFE, 0xFF, 0xFD, 0xFF, 0xFE, 0xFF, 0xFE,
  0xFF, 0xFF, 0xFF, 0xFE, 0xF7, 0xFE, 0xF7, 0xFE, 0xF7, 0xFE, 0xF7, 0xDD, 0xF7, 0xDD, 0xF7, 0xDD,
  0xEF, 0xFD, 0xF7, 0xFD, 0xF7, 0xFE, 0xF7, 0xFE, 0xEF, 0xFE, 0xEF, 0xFE, 0xEF, 0xFD, 0xE7, 0xDD,
  0xEF, 0xDC, 0xEF, 0xDD, 0xEF, 0xBD, 0xEF, 0xBD, 0xE7, 0x9D, 0xE7, 0x9D, 0xE7, 0x9D, 0xE7, 0x9D,
  0xE7, 0x9C, 0xDF, 0x7C, 0xE7, 0x7C, 0xE7, 0x7C, 0xE7, 0x7C, 0xE7, 0x9C, 0xE7, 0x9C, 0xE7, 0x9C,
  0xE7, 0xBC, 0xE7, 0xBC, 0xE7, 0xBD, 0xEF, 0xDE, 0xF7, 0xDD, 0xF7, 0xFE, 0xF7, 0xFE, 0xF7, 0xFE,
  0xF7, 0xFF, 0xF7, 0xDF, 0xF7, 0xDF, 0xF7, 0xDF, 0xFF, 0xFF, 0xFF, 0xFF, 0xFF, 0xFF, 0xFF, 0xFF,
  0xF7, 0xDF, 0xF7, 0xDF, 0xF7, 0xDF, 0xF7, 0xDF, 0xF7, 0xFF, 0xEF, 0xDF, 0xEF, 0xDE, 0xF7, 0xDF,
  0xD6, 0xDC, 0x84, 0x12, 0x6B, 0x91, 0x5B, 0x0F, 0x4A, 0xAE, 0x4A, 0x8D, 0x42, 0x4D, 0x42, 0x2D,
  0x3A, 0x0C, 0x3A, 0x0C, 0x31, 0xEC, 0x31, 0xEC, 0x31, 0xEB, 0x31, 0xCB, 0x31, 0xCB, 0x31, 0xCB,
  0x31, 0xCB, 0x31, 0xCB, 0x31, 0xCB, 0x31, 0xCB, 0x31, 0xCB, 0x31, 0xCB, 0x31, 0xCB, 0x31, 0xCB,
  0x31, 0xCB, 0x31, 0xCB, 0x31, 0xAA, 0x31, 0xAA, 0x31, 0xAA, 0x31, 0xAA, 0x21, 0xAA, 0x21, 0x88,
  0x29, 0x89, 0x31, 0xAA, 0x31, 0xAB, 0x29, 0xAB, 0x29, 0xAB, 0x29, 0xAB, 0x29, 0xAB, 0x31, 0xCB,
  0x31, 0xCB, 0x31, 0xCB, 0x31, 0xCB, 0x31, 0xCB, 0x31, 0xCB, 0x31, 0xCB, 0x31, 0xCB, 0x31, 0xCB,
  0x31, 0xCB, 0x31, 0xCB, 0x31, 0xCB, 0x31, 0xAB, 0x31, 0xAB, 0x31, 0xAB, 0x31, 0xAB, 0x31, 0xAA,
  0x29, 0xAA, 0x29, 0xAA, 0x29, 0xA9, 0x29, 0xA9, 0x29, 0xA9, 0x29, 0xA9, 0x29, 0xA9, 0x29, 0xA9,
  0x29, 0xAA, 0x29, 0xAA, 0x29, 0xAA, 0x31, 0xAA, 0x31, 0xAA, 0x31, 0xAA, 0x31, 0xAA, 0x31, 0xAA,
  0x29, 0xAA, 0x21, 0xAA, 0x29, 0xA9, 0x29, 0xAA, 0x31, 0xCB, 0x31, 0xCB, 0x31, 0xCB, 0x31, 0xCB,
  0x31, 0xCB, 0x31, 0xCB, 0x31, 0xCB, 0x31, 0xCB, 0x31, 0xCB, 0x31, 0xCB, 0x31, 0xEB, 0x31, 0xEB,
  0x31, 0xEB, 0x31, 0xEB, 0x31, 0xEB, 0x31, 0xEB, 0x31, 0xE9, 0x31, 0xE9, 0x29, 0xE9, 0x2A, 0x0A,
  0x2A, 0x2B, 0x2A, 0x2C, 0x2A, 0x4C, 0x22, 0x2A, 0x2B, 0x2C, 0x2B, 0xEE, 0x23, 0x4B, 0x1B, 0x0A,
  0x2B, 0xED, 0x2C, 0x90, 0x24, 0x8F, 0x2C, 0xB0, 0x2C, 0xB0, 0x2C, 0xAF, 0x2C, 0x90, 0x2C, 0x6F,
  0x1B, 0xAD, 0x1B, 0x2C, 0x1B, 0x0C, 0x1B, 0x8D, 0x23, 0xEE, 0x23, 0xAD, 0x2C, 0x6F, 0x2C, 0x90,
  0x2C, 0x90, 0x24, 0x0E, 0x2B, 0x0B, 0x34, 0x0F, 0x2C, 0x90, 0x2C, 0x90, 0x2C, 0xAF, 0x2C, 0xAF,
  0x2C, 0x8F, 0x2C, 0x8F, 0x2C, 0x90, 0x2C, 0x90, 0x2C, 0x90, 0x2C, 0x90, 0x2C, 0x90, 0x2C, 0x90,
  0x2C, 0x4F, 0x24, 0x2F, 0x23, 0xEE, 0x1B, 0xAE, 0x1B, 0x6D, 0x1B, 0x4C, 0x1B, 0x2B, 0x13, 0x0C,
  0x1B, 0x0B, 0x1B, 0x0B, 0x1B, 0x0B, 0x23, 0x6C, 0x2B, 0x8D, 0x2A, 0x6A, 0x32, 0x0A, 0x32, 0x2B,
  0x32, 0x2B, 0x3A, 0x2C, 0x3A, 0x4B, 0x3A, 0x4C, 0x3A, 0x6D, 0x42, 0x8E, 0x52, 0xEF, 0x5B, 0x51,
  0x6B, 0xB2, 0xA5, 0x35, 0xEF, 0xBE, 0xEF, 0xBE, 0xF7, 0xDF, 0xFF, 0xFF, 0xFF, 0xFF, 0xFF, 0xFF,
  0xFF, 0xFF, 0xFF, 0xFF, 0xFF, 0xFF, 0xFF, 0xFF, 0xFF, 0xFF, 0xFF, 0xFF, 0xEF, 0xFF, 0xEF, 0xFF,
  0xEF, 0xFF, 0xF7, 0xFF, 0xFF, 0xFF, 0xFF, 0xFF, 0xFF, 0xFE, 0xFF, 0xFE, 0xFF, 0xFE, 0xFF, 0xFD,
  0xFF, 0xFF, 0xFF, 0xFF, 0xF7, 0xFE, 0xEF, 0xFE, 0xF7, 0xFE, 0xF7, 0xDD, 0xF7, 0xDC, 0xF7, 0xDD,
  0xEF, 0xFE, 0xF7, 0xFE, 0xF7, 0xFE, 0xF7, 0xFE, 0xF7, 0xFE, 0xEF, 0xFE, 0xE7, 0xDD, 0xEF, 0xDD,
  0xEF, 0xDD, 0xEF, 0xDD, 0xEF, 0xDE, 0xEF, 0xBD, 0xE7, 0x9C, 0xE7, 0x9D, 0xE7, 0x9D, 0xDF, 0x9D,
  0xE7, 0x9D, 0xE7, 0x9D, 0xEF, 0x9D, 0xEF, 0x9D, 0xEF, 0x9D, 0xEF, 0xBC, 0xEF, 0xBD, 0xEF, 0xBD,
  0xEF, 0xDC, 0xEF, 0xDD, 0xEF, 0xDE, 0xEF, 0xFE, 0xF7, 0xFE, 0xF7, 0xFE, 0xF7, 0xFE, 0xF7, 0xFE,
  0xFF, 0xFF, 0xFF, 0xFF, 0xFF, 0xFF, 0xFF, 0xFF, 0xFF, 0xFF, 0xFF, 0xFF, 0xFF, 0xFF, 0xFF, 0xFF,
  0xFF, 0xFF, 0xFF, 0xFF, 0xFF, 0xFF, 0xFF, 0xFF, 0xF7, 0xDF, 0xF7, 0xDF, 0xF7, 0xBE, 0xEF, 0xBE,
  0x9D, 0x14, 0x73, 0xB1, 0x63, 0x50, 0x52, 0xEF, 0x4A, 0x8E, 0x42, 0x6D, 0x42, 0x4D, 0x42, 0x2C,
  0x3A, 0x0C, 0x39, 0xEC, 0x31, 0xEB, 0x31, 0xEB, 0x31, 0xEA, 0x31, 0xCB, 0x31, 0xCB, 0x31, 0xCB,
  0x31, 0xCB, 0x31, 0xCB, 0x31, 0xCB, 0x31, 0xCB, 0x31, 0xCB, 0x31, 0xCB, 0x31, 0xCB, 0x31, 0xCB,
  0x31, 0xCB, 0x31, 0xAB, 0x31, 0xAA, 0x31, 0xA9, 0x31, 0xAA, 0x29, 0xAA, 0x29, 0x89, 0x21, 0x88,
  0x29, 0xA9, 0x31, 0xAA, 0x31, 0xAA, 0x31, 0xAA, 0x31, 0xCB, 0x31, 0xCB, 0x31, 0xCB, 0x31, 0xCB,
  0x31, 0xCB, 0x31, 0xCB, 0x31, 0xCB, 0x31, 0xCB, 0x31, 0xCB, 0x31, 0xCB, 0x31, 0xCB, 0x31, 0xCB,
  0x31, 0xCB, 0x31, 0xCB, 0x31, 0xCB, 0x31, 0xCB, 0x31, 0xCB, 0x31, 0xCB, 0x31, 0xCB, 0x31, 0xCB,
  0x31, 0xCB, 0x31, 0xAA, 0x31, 0xAA, 0x31, 0xAA, 0x31, 0xAA, 0x31, 0xAA, 0x31, 0xAA, 0x31, 0xAA,
  0x31, 0xAA, 0x29, 0xA9, 0x21, 0xA9, 0x29, 0xAA, 0x29, 0x89, 0x29, 0x89, 0x29, 0x89, 0x29, 0x89,
  0x29, 0xAA, 0x29, 0xAA, 0x31, 0xA9, 0x31, 0xA9, 0x31, 0xAB, 0x31, 0xAB, 0x31, 0xCB, 0x31, 0xAB,
  0x31, 0xCB, 0x31, 0xCB, 0x31, 0xCB, 0x31, 0xCB, 0x31, 0xCB, 0x31, 0xCB, 0x31, 0xCB, 0x31, 0xEB,
  0x31, 0xEB, 0x31, 0xEB, 0x31, 0xEB, 0x31, 0xEB, 0x31, 0xEA, 0x31, 0xEA, 0x32, 0x0A, 0x32, 0x2B,
  0x2A, 0x2C, 0x2A, 0x4C, 0x22, 0x4C, 0x2A, 0x4B, 0x2A, 0x6A, 0x1A, 0xA9, 0x1A, 0xCA, 0x1B, 0x2B,
  0x23, 0xEE, 0x2C, 0x70, 0x24, 0xAF, 0x2C, 0xD0, 0x2C, 0xD0, 0x2C, 0xD0, 0x2C, 0x90, 0x2C, 0x6F,
  0x1B, 0xAD, 0x13, 0x2C, 0x1B, 0x0C, 0x1B, 0x8D, 0x23, 0xCD, 0x24, 0x2E, 0x2C, 0x90, 0x2C, 0xAF,
  0x2C, 0xB0, 0x2C, 0x2E, 0x3B, 0x6C, 0x34, 0x0F, 0x2C, 0x90, 0x34, 0x90, 0x2C, 0xD0, 0x2C, 0xD0,
  0x2C, 0xD0, 0x2C, 0xD1, 0x24, 0xD0, 0x24, 0xB0, 0x2C, 0xAF, 0x2C, 0xB0, 0x2C, 0xB0, 0x2C, 0xB0,
  0x24, 0x90, 0x2C, 0x90, 0x2C, 0x90, 0x2C, 0x70, 0x2C, 0x4F, 0x23, 0xEE, 0x23, 0xCD, 0x1B, 0x6C,
  0x1B, 0x0C, 0x1A, 0xEB, 0x1A, 0xEC, 0x1A, 0xCB, 0x22, 0xAB, 0x2A, 0x2A, 0x32, 0x2B, 0x2A, 0x2A,
  0x32, 0x0B, 0x3A, 0x2C, 0x3A, 0x4B, 0x3A, 0x4C, 0x3A, 0x6D, 0x42, 0x8E, 0x52, 0xCF, 0x5B, 0x50,
  0x6B, 0xB2, 0x9D, 0x15, 0xE7, 0x9D, 0xEF, 0xBE, 0xF7, 0xDE, 0xFF, 0xFF, 0xFF, 0xFF, 0xFF, 0xFF,
  0xFF, 0xFF, 0xFF, 0xFF, 0xFF, 0xFF, 0xFF, 0xFF, 0xFF, 0xFF, 0xF7, 0xFF, 0xF7, 0xFE, 0xF7, 0xFF,
  0xEF, 0xFE, 0xF7, 0xFE, 0xF7, 0xFF, 0xF7, 0xFE, 0xF7, 0xFE, 0xFF, 0xFF, 0xFF, 0xFE, 0xFF, 0xFE,
  0xFF, 0xFF, 0xFF, 0xFF, 0xF7, 0xFE, 0xEF, 0xFE, 0xF7, 0xFE, 0xF7, 0xFE, 0xF7, 0xFE, 0xF7, 0xFE,
  0xEF, 0xDE, 0xEF, 0xDE, 0xEF, 0xFE, 0xEF, 0xDE, 0xEF, 0xDE, 0xEF, 0xDE, 0xE7, 0xDE, 0xEF, 0xDE,
  0xEF, 0xDE, 0xEF, 0xDE, 0xEF, 0xBE, 0xEF, 0xBD, 0xEF, 0xBC, 0xEF, 0x9D, 0xE7, 0x9D, 0xE7, 0x9D,
  0xE7, 0x9D, 0xE7, 0xBD, 0xEF, 0xBD, 0xEF, 0xBD, 0xEF, 0xBC, 0xEF, 0xBD, 0xEF, 0xBD, 0xEF, 0xDE,
  0xEF, 0xDD, 0xEF, 0xDE, 0xF7, 0xDE, 0xF7, 0xFE, 0xF7, 0xFE, 0xF7, 0xFE, 0xF7, 0xFE, 0xF7, 0xFE,
  0xFF, 0xFF, 0xF7, 0xFF, 0xF7, 0xFF, 0xF7, 0xFF, 0xFF, 0xFF, 0xFF, 0xFF, 0xFF, 0xFF, 0xFF, 0xFF,
  0xF7, 0xFF, 0xF7, 0xFF, 0xFF, 0xFF, 0xFF, 0xFF, 0xFF, 0xDF, 0xEF, 0xBE, 0xF7, 0xDF, 0xC6, 0x59,
  0x7B, 0xF0, 0x6B, 0x91, 0x5B, 0x0F, 0x4A, 0xAE, 0x42, 0x6D, 0x42, 0x4C, 0x3A, 0x2C, 0x3A, 0x0C,
  0x3A, 0x0C, 0x39, 0xEC, 0x39, 0xEA, 0x31, 0xEB, 0x29, 0xCB, 0x31, 0xCB, 0x31, 0xCB, 0x31, 0xCB,
  0x31, 0xCB, 0x31, 0xCB, 0x31, 0xCB, 0x31, 0xCB, 0x31, 0xCB, 0x31, 0xCB, 0x31, 0xCB, 0x29, 0xAB,
  0x29, 0xAA, 0x31, 0xAA, 0x31, 0xAA, 0x31, 0xAA, 0x29, 0xAA, 0x29, 0xA9, 0x29, 0x88, 0x21, 0x88,
  0x29, 0xA9, 0x31, 0xAA, 0x31, 0xA9, 0x31, 0xAA, 0x31, 0xCB, 0x31, 0xCB, 0x31, 0xCB, 0x31, 0xCB,
  0x31, 0xCB, 0x31, 0xCB, 0x31, 0xCB, 0x31, 0xCB, 0x31, 0xCB, 0x31, 0xCB, 0x31, 0xCB, 0x31, 0xCB,
  0x31, 0xCB, 0x31, 0xCB, 0x31, 0xCB, 0x31, 0xCB, 0x31, 0xCB, 0x31, 0xCB, 0x31, 0xCB, 0x31, 0xCB,
  0x31, 0xCB, 0x31, 0xCB, 0x31, 0xCB, 0x31, 0xCB, 0x31, 0xAB, 0x31, 0xAA, 0x31, 0xAA, 0x29, 0xAA,
  0x29, 0xAA, 0x29, 0x89, 0x29, 0x89, 0x29, 0x89, 0x29, 0x89, 0x29, 0x89, 0x21, 0x88, 0x21, 0x88,
  0x29, 0xAA, 0x31, 0xAA, 0x31, 0xAA, 0x31, 0xAA, 0x31, 0xAB, 0x31, 0xAB, 0x31, 0xCB, 0x31, 0xAA,
  0x31, 0xAB, 0x31, 0xCB, 0x31, 0xCB, 0x31, 0xCB, 0x31, 0xCA, 0x31, 0xCB, 0x31, 0xCB, 0x31, 0xEB,
  0x31, 0xEB, 0x31, 0xEB, 0x31, 0xEB, 0x31, 0xEB, 0x31, 0xEB, 0x32, 0x0B, 0x32, 0x0B, 0x32, 0x2C,
  0x2A, 0x2C, 0x2A, 0x2C, 0x2A, 0x4C, 0x2A, 0x4B, 0x2A, 0x6A, 0x1A, 0xEA, 0x23, 0x0B, 0x1B, 0x2C,
  0x23, 0xEE, 0x2C, 0x90, 0x2C, 0xAF, 0x2C, 0xD0, 0x2C, 0xD0, 0x2C, 0xD0, 0x2C, 0x90, 0x2C, 0x6F,
  0x1B, 0x8D, 0x13, 0x0D, 0x13, 0x2D, 0x1B, 0x8D, 0x24, 0x2F, 0x2C, 0x90, 0x2C, 0x90, 0x2C, 0xB0,
  0x2C, 0xB0, 0x34, 0x0F, 0x43, 0xCE, 0x34, 0x0F, 0x34, 0xB0, 0x34, 0xB0, 0x2C, 0xD0, 0x2C, 0xD0,
  0x2C, 0xD0, 0x2C, 0xD0, 0x2C, 0xD0, 0x2C, 0xD1, 0x2C, 0xD0, 0x2C, 0xD0, 0x34, 0xCF, 0x2C, 0xB0,
  0x2C, 0xB0, 0x2C, 0xB0, 0x2C, 0xAF, 0x24, 0xB0, 0x2C, 0x90, 0x2C, 0x70, 0x2C, 0x70, 0x24, 0x2E,
  0x23, 0xAD, 0x1B, 0x2C, 0x12, 0xEC, 0x1A, 0xCC, 0x22, 0x2A, 0x2A, 0x0A, 0x32, 0x0B, 0x2A, 0x0A,
  0x32, 0x0B, 0x3A, 0x2C, 0x3A, 0x4B, 0x3A, 0x4C, 0x3A, 0x6D, 0x42, 0x8E, 0x4A, 0xCF, 0x5B, 0x30,
  0x6B, 0xB2, 0x94, 0xD4, 0xE7, 0x5C, 0xEF, 0xBE, 0xF7, 0xBE, 0xF7, 0xDE, 0xFF, 0xFF, 0xFF, 0xFF,
  0xFF, 0xFF, 0xFF, 0xFF, 0xFF, 0xFF, 0xF7, 0xFE, 0xF7, 0xFE, 0xF7, 0xFF, 0xF7, 0xFE, 0xF7, 0xFE,
  0xF7, 0xFE, 0xF7, 0xFE, 0xEF, 0xFE, 0xEF, 0xFE, 0xF7, 0xFE, 0xF7, 0xFE, 0xFF, 0xFE, 0xFF, 0xFE,
  0xFF, 0xFE, 0xFF, 0xFE, 0xF7, 0xFE, 0xF7, 0xFE, 0xF7, 0xFE, 0xF7, 0xFE, 0xF7, 0xFE, 0xF7, 0xFE,
  0xE7, 0xBE, 0xE7, 0xDE, 0xE7, 0xDE, 0xE7, 0xDD, 0xE7, 0xDD, 0xEF, 0xDE, 0xEF, 0xDE, 0xEF, 0xDE,
  0xEF, 0xDE, 0xEF, 0xDE, 0xEF, 0xDE, 0xEF, 0xBD, 0xEF, 0xBC, 0xEF, 0xBD, 0xEF, 0xBD, 0xEF, 0xBD,
  0xEF, 0xBD, 0xEF, 0xBD, 0xEF, 0xBD, 0xEF, 0xBD, 0xEF, 0xBD, 0xEF, 0xBE, 0xEF, 0xBE, 0xEF, 0xDE,
  0xEF, 0xDE, 0xEF, 0xDE, 0xF7, 0xDE, 0xF7, 0xFE, 0xF7, 0xFE, 0xF7, 0xFE, 0xEF, 0xFE, 0xEF, 0xFE,
  0xF7, 0xDF, 0xF7, 0xDF, 0xF7, 0xDF, 0xF7, 0xDF, 0xF7, 0xDF, 0xF7, 0xBF, 0xF7, 0xDF, 0xF7, 0xDF,
  0xF7, 0xBF, 0xF7, 0xBF, 0xF7, 0xBF, 0xEF, 0xBE, 0xEF, 0x9E, 0xEF, 0x7E, 0xE7, 0x3C, 0x8C, 0xB3,
  0x6B, 0xB1, 0x63, 0x30, 0x52, 0xCF, 0x4A, 0xAE, 0x42, 0x6D, 0x42, 0x4D, 0x42, 0x2C, 0x3A, 0x0B,
  0x39, 0xEC, 0x31, 0xEB, 0x31, 0xEB, 0x31, 0xEB, 0x31, 0xCB, 0x31, 0xCB, 0x31, 0xCB, 0x31, 0xCB,
  0x31, 0xCB, 0x31, 0xCB, 0x31, 0xCB, 0x31, 0xCB, 0x31, 0xCB, 0x31, 0xCB, 0x31, 0xCB, 0x29, 0xAB,
  0x29, 0xAA, 0x31, 0xA9, 0x31, 0xAA, 0x31, 0xAA, 0x29, 0xA9, 0x21, 0x88, 0x29, 0x67, 0x29, 0x88,
  0x31, 0xAA, 0x31, 0xAB, 0x31, 0xAB, 0x31, 0xAB, 0x31, 0xCB, 0x31, 0xCB, 0x31, 0xCB, 0x31, 0xCB,
  0x31, 0xCB, 0x31, 0xCB, 0x31, 0xCB, 0x31, 0xCB, 0x31, 0xCB, 0x31, 0xCB, 0x31, 0xCB, 0x31, 0xCB,
  0x31, 0xCB, 0x31, 0xCB, 0x31, 0xCB, 0x31, 0xCB, 0x31, 0xCB, 0x31, 0xCB, 0x31, 0xCB, 0x31, 0xCB,
  0x31, 0xCB, 0x31, 0xAB, 0x29, 0xAB, 0x29, 0xAB, 0x29, 0xAA, 0x21, 0x8A, 0x29, 0x89, 0x29, 0x89,
  0x29, 0x68, 0x29, 0x68, 0x29, 0x68, 0x29, 0x68, 0x29, 0x68, 0x29, 0x69, 0x29, 0x88, 0x29, 0xA9,
  0x29, 0xAA, 0x29, 0x8A, 0x29, 0xAA, 0x29, 0xAA, 0x29, 0xAA, 0x31, 0xAA, 0x29, 0xAA, 0x29, 0xAA,
  0x29, 0xAA, 0x29, 0xAA, 0x29, 0xAA, 0x29, 0xAA, 0x29, 0xAA, 0x31, 0xAA, 0x31, 0xCB, 0x31, 0xCB,
  0x31, 0xEB, 0x31, 0xCA, 0x31, 0xCA, 0x31, 0xEA, 0x31, 0xEB, 0x32, 0x0B, 0x2A, 0x2C, 0x2A, 0x2C,
  0x32, 0x4C, 0x32, 0x4C, 0x2A, 0x2A, 0x2A, 0x8B, 0x2B, 0x8C, 0x1B, 0x4C, 0x13, 0x0B, 0x1B, 0x2C,
  0x2C, 0x0F, 0x2C, 0x90, 0x2C, 0xAF, 0x2C, 0xD0, 0x2C, 0xD1, 0x2C, 0xD0, 0x2C, 0xAF, 0x24, 0x4F,
  0x1B, 0x8D, 0x1B, 0x2D, 0x13, 0x2C, 0x23, 0x8D, 0x2C, 0x70, 0x24, 0x8F, 0x2C, 0xB0, 0x34, 0xD0,
  0x2C, 0xB0, 0x34, 0x2F, 0x4C, 0x10, 0x33, 0xEE, 0x2C, 0xB0, 0x2C, 0xB0, 0x2C, 0xD1, 0x2C, 0xD0,
  0x2C, 0xCF, 0x2C, 0xD0, 0x2C, 0xD0, 0x2C, 0xD0, 0x34, 0xD0, 0x34, 0xD0, 0x2C, 0xD0, 0x2C, 0xD0,
  0x34, 0xD0, 0x34, 0xD0, 0x34, 0xD0, 0x2C, 0xB0, 0x2C, 0xB0, 0x2C, 0x90, 0x2C, 0x8F, 0x2C, 0x6F,
  0x2C, 0x4F, 0x2C, 0x0F, 0x23, 0x8D, 0x22, 0x8A, 0x2A, 0x0A, 0x2A, 0x2B, 0x32, 0x0B, 0x32, 0x0B,
  0x2A, 0x0A, 0x32, 0x2B, 0x3A, 0x4C, 0x3A, 0x4C, 0x42, 0x6D, 0x42, 0x8E, 0x4A, 0xCF, 0x5B, 0x30,
  0x6B, 0xB2, 0x8C, 0xB4, 0xDF, 0x3C, 0xEF, 0xBD, 0xEF, 0xBD, 0xF7, 0xDE, 0xF7, 0xFE, 0xF7, 0xFE,
  0xF7, 0xFE, 0xF7, 0xFF, 0xF7, 0xFF, 0xEF, 0xFF, 0xEF, 0xFF, 0xF7, 0xFE, 0xF7, 0xFE, 0xF7, 0xFD,
  0xF7, 0xFE, 0xF7, 0xFE, 0xF7, 0xFD, 0xF7, 0xFE, 0xF7, 0xFE, 0xF7, 0xFD, 0xF7, 0xFE, 0xF7, 0xFE,
  0xF7, 0xFE, 0xF7, 0xFD, 0xF7, 0xFE, 0xF7, 0xFE, 0xF7, 0xFE, 0xF7, 0xFE, 0xF7, 0xFE, 0xF7, 0xFE,
  0xEF, 0xDE, 0xEF, 0xDD, 0xEF, 0xDD, 0xEF, 0xDD, 0xEF, 0xDE, 0xEF, 0xDE, 0xE7, 0xDE, 0xEF, 0xDE,
  0xEF, 0xDE, 0xE7, 0xDE, 0xEF, 0xDE, 0xEF, 0xBE, 0xEF, 0xBD, 0xEF, 0xBD, 0xEF, 0xBD, 0xEF, 0xBD,
  0xEF, 0xBD, 0xEF, 0xBD, 0xEF, 0xBD, 0xEF, 0xBC, 0xEF, 0xBD, 0xEF, 0xBE, 0xEF, 0xDE, 0xEF, 0xDE,
  0xEF, 0xDE, 0xE7, 0xDE, 0xEF, 0xDE, 0xEF, 0xDE, 0xEF, 0xDD, 0xF7, 0xDE, 0xEF, 0xDE, 0xEF, 0xDE,
  0xEF, 0xBE, 0xEF, 0xBE, 0xEF, 0xBE, 0xEF, 0xBE, 0xEF, 0x9E, 0xEF, 0x9E, 0xEF, 0x9E, 0xEF, 0x9E,
  0xEF, 0x9E, 0xEF, 0x9E, 0xEF, 0x9E, 0xE7, 0x9E, 0xE7, 0x5D, 0xE7, 0x5D, 0xAD, 0x76, 0x73, 0xB1,
  0x6B, 0x71, 0x52, 0xF0, 0x4A, 0xAE, 0x4A, 0x6E, 0x42, 0x4D, 0x42, 0x2C, 0x3A, 0x0B, 0x3A, 0x0C,
  0x39, 0xEB, 0x31, 0xEA, 0x29, 0xEB, 0x31, 0xCB, 0x31, 0xCB, 0x31, 0xCB, 0x31, 0xCB, 0x31, 0xCB,
  0x31, 0xCB, 0x31, 0xCB, 0x31, 0xCB, 0x31, 0xCB, 0x31, 0xCB, 0x31, 0xCB, 0x31, 0xAB, 0x31, 0xAB,
  0x31, 0xAA, 0x31, 0xA9, 0x31, 0xAA, 0x31, 0xAA, 0x29, 0x89, 0x29, 0x68, 0x29, 0x67, 0x29, 0x89,
  0x31, 0xAA, 0x31, 0xAB, 0x31, 0xAB, 0x29, 0xAB, 0x29, 0xAB, 0x29, 0xAB, 0x29, 0xAB, 0x31, 0xCB,
  0x31, 0xCB, 0x31, 0xCB, 0x31, 0xCB, 0x31, 0xCB, 0x31, 0xCB, 0x31, 0xCB, 0x31, 0xCB, 0x31, 0xCB,
  0x31, 0xCB, 0x31, 0xCB, 0x31, 0xCB, 0x31, 0xCB, 0x31, 0xCB, 0x31, 0xCB, 0x31, 0xAA, 0x31, 0xAA,
  0x31, 0xAA, 0x31, 0xAB, 0x29, 0xAA, 0x21, 0xAA, 0x29, 0x89, 0x29, 0x88, 0x29, 0x68, 0x21, 0x67,
  0x21, 0x47, 0x21, 0x47, 0x29, 0x67, 0x29, 0x67, 0x29, 0x68, 0x21, 0x68, 0x29, 0x89, 0x29, 0x89,
  0x29, 0x8A, 0x29, 0x8A, 0x29, 0x8A, 0x29, 0x89, 0x29, 0x89, 0x29, 0x89, 0x29, 0x89, 0x29, 0x89,
  0x29, 0x89, 0x29, 0x89, 0x21, 0x89, 0x29, 0x89, 0x21, 0x89, 0x29, 0xAA, 0x31, 0xAB, 0x31, 0xCB,
  0x31, 0xEB, 0x31, 0xCA, 0x31, 0xC9, 0x31, 0xEA, 0x32, 0x0B, 0x32, 0x0B, 0x2A, 0x2C, 0x2A, 0x2C,
  0x32, 0x4B, 0x2A, 0x4B, 0x2A, 0xAB, 0x33, 0xAD, 0x2B, 0xEE, 0x1B, 0x4C, 0x13, 0x0B, 0x1B, 0x4C,
  0x2C, 0x0F, 0x2C, 0x90, 0x24, 0xB0, 0x2C, 0xD0, 0x2C, 0xD0, 0x2C, 0xD1, 0x2C, 0xB0, 0x24, 0x4F,
  0x1B, 0x8D, 0x1B, 0x2D, 0x13, 0x2C, 0x23, 0xAE, 0x2C, 0x90, 0x24, 0xB0, 0x2C, 0xD1, 0x34, 0xD1,
  0x2C, 0xB0, 0x3C, 0x4F, 0x64, 0x93, 0x3B, 0xEF, 0x34, 0xB1, 0x2C, 0xB1, 0x34, 0xD1, 0x2C, 0xD1,
  0x24, 0xD0, 0x2C, 0xD0, 0x2C, 0xD0, 0x24, 0xD0, 0x2C, 0xCF, 0x2C, 0xD0, 0x24, 0xD0, 0x2C, 0xD0,
  0x34, 0xCF, 0x2C, 0xD0, 0x2C, 0xD1, 0x2C, 0xD0, 0x2C, 0xB0, 0x2C, 0xB0, 0x2C, 0x90, 0x2C, 0x6F,
  0x24, 0x4E, 0x2C, 0x0F, 0x2B, 0x8D, 0x22, 0x4A, 0x2A, 0x2B, 0x2A, 0x0B, 0x32, 0x0B, 0x32, 0x0B,
  0x2A, 0x0A, 0x32, 0x2B, 0x3A, 0x2C, 0x3A, 0x4C, 0x3A, 0x6D, 0x42, 0x8D, 0x4A, 0xCF, 0x53, 0x30,
  0x6B, 0xB2, 0x8C, 0x94, 0xDF, 0x1B, 0xEF, 0xBD, 0xEF, 0xBD, 0xF7, 0xDE, 0xF7, 0xFE, 0xF7, 0xFE,
  0xF7, 0xFD, 0xEF, 0xFE, 0xEF, 0xFF, 0xF7, 0xFF, 0xF7, 0xFF, 0xF7, 0xFE, 0xF7, 0xFD, 0xF7, 0xFE,
  0xF7, 0xFE, 0xF7, 0xFE, 0xF7, 0xFE, 0xF7, 0xFE, 0xF7, 0xFE, 0xF7, 0xFE, 0xF7, 0xFE, 0xF7, 0xFE,
  0xF7, 0xFE, 0xF7, 0xFE, 0xF7, 0xFE, 0xF7, 0xFE, 0xF7, 0xFE, 0xF7, 0xFE, 0xF7, 0xFE, 0xF7, 0xFE,
  0xEF, 0xDE, 0xEF, 0xDD, 0xEF, 0xDC, 0xEF, 0xDD, 0xEF, 0xDE, 0xEF, 0xDE, 0xEF, 0xDE, 0xEF, 0xDE,
  0xEF, 0xDE, 0xEF, 0xDE, 0xEF, 0xDE, 0xEF, 0xBE, 0xEF, 0xBD, 0xEF, 0xBD, 0xEF, 0xBD, 0xEF, 0xBD,
  0xEF, 0xBD, 0xEF, 0xBD, 0xEF, 0xBD, 0xEF, 0xBD, 0xEF, 0xBE, 0xEF, 0xDE, 0xEF, 0xDE, 0xEF, 0xDE,
  0xEF, 0xDE, 0xEF, 0xDE, 0xEF, 0xDD, 0xE7, 0xDD, 0xE7, 0xDD, 0xEF, 0xDE, 0xEF, 0xDE, 0xEF, 0xDE,
  0xEF, 0xBE, 0xE7, 0x9D, 0xE7, 0x9D, 0xE7, 0x9D, 0xE7, 0x9D, 0xE7, 0x9D, 0xEF, 0x9D, 0xEF, 0x9E,
  0xE7, 0x7E, 0xE7, 0x7E, 0xE7, 0x5D, 0xDF, 0x5D, 0xE7, 0x3D, 0xC6, 0x59, 0x7C, 0x11, 0x6B, 0xB1,
  0x5B, 0x30, 0x4A, 0xCF, 0x4A, 0x8E, 0x42, 0x4D, 0x42, 0x2C, 0x3A, 0x2B, 0x32, 0x0C, 0x39, 0xEB,
  0x31, 0xEB, 0x31, 0xEB, 0x31, 0xEB, 0x31, 0xCB, 0x31, 0xCB, 0x31, 0xCB, 0x31, 0xCA, 0x31, 0xCA,
  0x31, 0xCB, 0x31, 0xCB, 0x31, 0xCB, 0x31, 0xCB, 0x31, 0xAA, 0x31, 0xAA, 0x29, 0xAA, 0x31, 0xA9,
  0x31, 0xAA, 0x31, 0xAA, 0x29, 0xAA, 0x29, 0xAA, 0x29, 0x88, 0x29, 0x67, 0x29, 0x87, 0x29, 0xA9,
  0x31, 0xAA, 0x31, 0xAB, 0x31, 0xAB, 0x29, 0x8B, 0x21, 0x8B, 0x21, 0xAB, 0x29, 0xAB, 0x31, 0xCB,
  0x31, 0xCB, 0x31, 0xCB, 0x31, 0xCB, 0x31, 0xCB, 0x31, 0xCB, 0x31, 0xCB, 0x31, 0xCB, 0x31, 0xCB,
  0x31, 0xCB, 0x31, 0xCB, 0x31, 0xCB, 0x31, 0xCB, 0x31, 0xCB, 0x31, 0xAB, 0x29, 0xAA, 0x29, 0xA9,
  0x29, 0xAA, 0x29, 0xA9, 0x29, 0x88, 0x29, 0x68, 0x21, 0x68, 0x21, 0x46, 0x21, 0x46, 0x19, 0x46,
  0x19, 0x46, 0x19, 0x46, 0x29, 0x46, 0x29, 0x47, 0x29, 0x67, 0x29, 0x47, 0x29, 0x48, 0x29, 0x48,
  0x29, 0x48, 0x21, 0x48, 0x21, 0x68, 0x21, 0x68, 0x21, 0x48, 0x21, 0x47, 0x21, 0x47, 0x21, 0x47,
  0x21, 0x47, 0x21, 0x48, 0x29, 0x68, 0x29, 0x68, 0x29, 0x89, 0x29, 0xAA, 0x31, 0xCA, 0x31, 0xCB,
  0x31, 0xCA, 0x31, 0xC9, 0x31, 0xCA, 0x31, 0xEB, 0x32, 0x0C, 0x32, 0x0C, 0x2A, 0x2C, 0x32, 0x2C,
  0x2A, 0x4B, 0x2A, 0xAB, 0x33, 0xCD, 0x2C, 0x0E, 0x23, 0xEE, 0x1B, 0x4C, 0x1B, 0x0B, 0x23, 0x4C,
  0x2C, 0x2F, 0x2C, 0x90, 0x24, 0xB0, 0x2C, 0xD1, 0x2C, 0xD0, 0x2C, 0xD1, 0x2C, 0x90, 0x2C, 0x4F,
  0x1B, 0x8D, 0x1B, 0x2D, 0x13, 0x2C, 0x23, 0xCE, 0x24, 0x90, 0x24, 0xB0, 0x2C, 0xD1, 0x34, 0xD1,
  0x2C, 0xB0, 0x44, 0x50, 0x7D, 0x16, 0x43, 0xEF, 0x34, 0xB0, 0x2C, 0xB1, 0x2C, 0xD1, 0x2C, 0xD0,
  0x2C, 0xD0, 0x2C, 0xD0, 0x2C, 0xD0, 0x2C, 0xD0, 0x24, 0xD1, 0x24, 0xD1, 0x24, 0xD0, 0x2C, 0xD0,
  0x34, 0xD0, 0x2C, 0xD0, 0x24, 0xD0, 0x24, 0xCF, 0x2C, 0xD0, 0x34, 0xB0, 0x2C, 0x90, 0x2C, 0x70,
  0x2C, 0x4F, 0x2C, 0x0E, 0x22, 0xAA, 0x22, 0x09, 0x32, 0x2B, 0x32, 0x0B, 0x32, 0x0B, 0x32, 0x0B,
  0x32, 0x0A, 0x32, 0x2B, 0x3A, 0x2C, 0x3A, 0x4C, 0x3A, 0x4D, 0x42, 0x6D, 0x4A, 0xAE, 0x53, 0x10,
  0x6B, 0x92, 0x84, 0x73, 0xD6, 0xFB, 0xEF, 0xBD, 0xEF, 0xBD, 0xF7, 0xDE, 0xF7, 0xFE, 0xF7, 0xFE,
  0xF7, 0xFE, 0xF7, 0xFE, 0xF7, 0xFE, 0xF7, 0xFE, 0xF7, 0xFE, 0xF7, 0xDE, 0xF7, 0xDE, 0xF7, 0xDE,
  0xF7, 0xDE, 0xEF, 0xDE, 0xEF, 0xDE, 0xF7, 0xFE, 0xF7, 0xFE, 0xF7, 0xFE, 0xF7, 0xFE, 0xF7, 0xFE,
  0xF7, 0xFE, 0xF7, 0xFE, 0xF7, 0xFE, 0xF7, 0xFE, 0xF7, 0xFE, 0xF7, 0xFE, 0xF7, 0xFE, 0xF7, 0xFE,
  0xE7, 0xDE, 0xE7, 0xDD, 0xEF, 0xDD, 0xEF, 0xDE, 0xEF, 0xDE, 0xEF, 0xDE, 0xEF, 0xDE, 0xEF, 0xDD,
  0xEF, 0xDD, 0xEF, 0xDE, 0xEF, 0xDE, 0xEF, 0xDE, 0xEF, 0xBD, 0xEF, 0xBD, 0xEF, 0xBD, 0xEF, 0xBD,
  0xEF, 0xBC, 0xEF, 0xBD, 0xEF, 0xBD, 0xEF, 0xBE, 0xEF, 0xBE, 0xEF, 0xDE, 0xEF, 0xDE, 0xEF, 0xDE,
  0xEF, 0xFE, 0xEF, 0xDE, 0xE7, 0xDC, 0xEF, 0xDC, 0xEF, 0xDD, 0xEF, 0xBE, 0xE7, 0xDE, 0xE7, 0xDE,
  0xEF, 0x9E, 0xEF, 0x9E, 0xEF, 0x9E, 0xEF, 0x9E, 0xEF, 0x9E, 0xEF, 0x9E, 0xE7, 0x7E, 0xE7, 0x7E,
  0xE7, 0x5E, 0xDF, 0x5E, 0xDF, 0x3D, 0xDF, 0x1C, 0xD6, 0xBB, 0x8C, 0x93, 0x6B, 0xB1, 0x63, 0x50,
  0x52, 0xEF, 0x4A, 0xAE, 0x42, 0x6D, 0x3A, 0x4D, 0x42, 0x2C, 0x3A, 0x0B, 0x3A, 0x0C, 0x39, 0xEB,
  0x31, 0xEA, 0x29, 0xEB, 0x31, 0xCB, 0x31, 0xCB, 0x31, 0xCB, 0x31, 0xCA, 0x31, 0xCA, 0x31, 0xCA,
  0x31, 0xCB, 0x31, 0xCB, 0x31, 0xCB, 0x31, 0xCB, 0x31, 0xAA, 0x31, 0xAA, 0x29, 0xAA, 0x31, 0xAA,
  0x31, 0xAA, 0x31, 0xAA, 0x29, 0xAA, 0x21, 0xAA, 0x29, 0x89, 0x29, 0x68, 0x29, 0x88, 0x29, 0xA9,
  0x31, 0xAA, 0x31, 0xAA, 0x31, 0xAB, 0x29, 0xAB, 0x29, 0xAB, 0x29, 0xAB, 0x29, 0xAB, 0x29, 0xAB,
  0x29, 0xAB, 0x29, 0xAB, 0x29, 0xAB, 0x31, 0xCB, 0x31, 0xCB, 0x31, 0xCB, 0x31, 0xAB, 0x31, 0xAB,
  0x31, 0xAB, 0x31, 0xAB, 0x31, 0xAB, 0x31, 0xAA, 0x31, 0xAB, 0x31, 0xAA, 0x29, 0x8A, 0x29, 0x8A,
  0x29, 0x89, 0x21, 0x68, 0x21, 0x47, 0x21, 0x47, 0x21, 0x46, 0x19, 0x46, 0x21, 0x45, 0x21, 0x26,
  0x21, 0x26, 0x21, 0x25, 0x21, 0x26, 0x29, 0x47, 0x21, 0x47, 0x21, 0x47, 0x29, 0x47, 0x21, 0x47,
  0x21, 0x47, 0x21, 0x47, 0x19, 0x47, 0x19, 0x47, 0x19, 0x46, 0x19, 0x46, 0x19, 0x47, 0x19, 0x46,
  0x19, 0x46, 0x21, 0x47, 0x29, 0x88, 0x29, 0x89, 0x29, 0xAA, 0x31, 0xAA, 0x29, 0xCA, 0x29, 0xCA,
  0x29, 0xCA, 0x31, 0xCA, 0x31, 0xEA, 0x31, 0xEB, 0x32, 0x0C, 0x32, 0x0C, 0x2A, 0x2C, 0x32, 0x2B,
  0x2A, 0x6B, 0x33, 0xAE, 0x2C, 0x2F, 0x2C, 0x4F, 0x24, 0x0E, 0x1B, 0x4C, 0x1B, 0x0C, 0x1B, 0x6C,
  0x2C, 0x2F, 0x2C, 0x90, 0x2C, 0xB0, 0x2C, 0xD1, 0x2C, 0xD1, 0x2C, 0xD1, 0x2C, 0x90, 0x2C, 0x6F,
  0x1B, 0x8D, 0x1B, 0x2D, 0x13, 0x2C, 0x23, 0xCE, 0x2C, 0x90, 0x24, 0xB0, 0x2C, 0xD0, 0x34, 0xD1,
  0x34, 0xB0, 0x44, 0x50, 0x85, 0x57, 0x54, 0x10, 0x34, 0x70, 0x24, 0xB1, 0x2C, 0xB0, 0x2C, 0xB0,
  0x2C, 0xAF, 0x2C, 0xAF, 0x2C, 0xAF, 0x2C, 0xB0, 0x2C, 0xB0, 0x2C, 0xB0, 0x2C, 0xD0, 0x2C, 0xD0,
  0x2C, 0xCF, 0x2C, 0xD0, 0x2C, 0xD0, 0x2C, 0xD0, 0x2C, 0xD0, 0x34, 0xAF, 0x2C, 0x90, 0x24, 0x6F,
  0x2C, 0x2F, 0x23, 0x2B, 0x1A, 0x29, 0x2A, 0x2B, 0x32, 0x0B, 0x32, 0x0B, 0x32, 0x0B, 0x32, 0x0B,
  0x32, 0x0B, 0x32, 0x0B, 0x3A, 0x2C, 0x3A, 0x2C, 0x42, 0x4D, 0x42, 0x6D, 0x4A, 0x8E, 0x52, 0xEF,
  0x6B, 0x91, 0x84, 0x53, 0xD6, 0xBA, 0xF7, 0xBE, 0xF7, 0xBD, 0xF7, 0xDE, 0xF7, 0xFE, 0xF7, 0xFE,
  0xF7, 0xFE, 0xF7, 0xFE, 0xF7, 0xFE, 0xF7, 0xFE, 0xF7, 0xFE, 0xF7, 0xDE, 0xF7, 0xDE, 0xF7, 0xDE,
  0xF7, 0xDE, 0xEF, 0xDE, 0xEF, 0xDE, 0xF7, 0xDE, 0xF7, 0xDE, 0xF7, 0xFE, 0xF7, 0xFE, 0xF7, 0xFE,
  0xF7, 0xFE, 0xF7, 0xFE, 0xF7, 0xFE, 0xF7, 0xFE, 0xF7, 0xFE, 0xF7, 0xFE, 0xF7, 0xFE, 0xF7, 0xDE,
  0xEF, 0xDE, 0xEF, 0xDE, 0xEF, 0xDD, 0xEF, 0xDE, 0xEF, 0xDE, 0xEF, 0xDE, 0xEF, 0xDE, 0xEF, 0xDD,
  0xEF, 0xDD, 0xEF, 0xDE, 0xEF, 0xDE, 0xEF, 0xDE, 0xEF, 0xBD, 0xEF, 0xBD, 0xEF, 0xBC, 0xEF, 0xBD,
  0xEF, 0xBD, 0xEF, 0xBE, 0xEF, 0xBD, 0xEF, 0xBE, 0xEF, 0xDE, 0xEF, 0xDE, 0xE7, 0xDE, 0xEF, 0xDE,
  0xEF, 0xDD, 0xEF, 0xDD, 0xEF, 0xDD, 0xEF, 0xDD, 0xEF, 0xDD, 0xEF, 0xBE, 0xEF, 0xDE, 0xEF, 0xDE,
  0xEF, 0x9E, 0xEF, 0x9E, 0xEF, 0x9E, 0xEF, 0x9E, 0xEF, 0x9E, 0xE7, 0x7E, 0xDF, 0x7E, 0xE7, 0x7E,
  0xE7, 0x5E, 0xDF, 0x3D, 0xD7, 0x1C, 0xD6, 0xFC, 0x9D, 0x56, 0x6B, 0xD1, 0x63, 0x91, 0x53, 0x0F,
  0x52, 0xAE, 0x4A, 0x8D, 0x42, 0x4D, 0x42, 0x2C, 0x3A, 0x2C, 0x3A, 0x0C, 0x39, 0xEC, 0x39, 0xEB,
  0x31, 0xEA, 0x29, 0xCB, 0x31, 0xCB, 0x31, 0xCB, 0x29, 0xCB, 0x29, 0xAB, 0x31, 0xCB, 0x31, 0xCB,
  0x31, 0xCB, 0x31, 0xCB, 0x31, 0xCB, 0x31, 0xAB, 0x31, 0xAB, 0x31, 0xAA, 0x31, 0xA9, 0x31, 0xAA,
  0x31, 0xAA, 0x31, 0xAA, 0x29, 0xAA, 0x21, 0xAA, 0x29, 0x89, 0x29, 0x89, 0x29, 0x88, 0x29, 0xA9,
  0x31, 0xAA, 0x31, 0xAA, 0x31, 0xAB, 0x31, 0xCB, 0x31, 0xCB, 0x29, 0xAB, 0x21, 0xAB, 0x21, 0xAB,
  0x21, 0xAB, 0x21, 0xAB, 0x21, 0xAA, 0x29, 0xAA, 0x31, 0xAA, 0x31, 0xAA, 0x29, 0xAA, 0x29, 0xAA,
  0x31, 0xAA, 0x31, 0xAA, 0x29, 0xAA, 0x29, 0x8A, 0x29, 0x89, 0x29, 0x69, 0x29, 0x68, 0x21, 0x48,
  0x21, 0x47, 0x21, 0x46, 0x19, 0x26, 0x19, 0x25, 0x21, 0x26, 0x21, 0x26, 0x21, 0x26, 0x21, 0x46,
  0x29, 0x26, 0x29, 0x25, 0x29, 0x26, 0x29, 0x26, 0x21, 0x47, 0x19, 0x47, 0x21, 0x47, 0x21, 0x46,
  0x19, 0x46, 0x21, 0x46, 0x21, 0x46, 0x21, 0x46, 0x21, 0x46, 0x21, 0x46, 0x21, 0x47, 0x21, 0x47,
  0x21, 0x67, 0x29, 0x68, 0x29, 0xA9, 0x29, 0xAA, 0x29, 0xAA, 0x29, 0xCA, 0x29, 0xCA, 0x21, 0xCA,
  0x29, 0xC9, 0x29, 0xCA, 0x31, 0xEB, 0x32, 0x0B, 0x32, 0x0C, 0x32, 0x2C, 0x32, 0x2C, 0x2A, 0x4A,
  0x33, 0x6D, 0x34, 0x2F, 0x24, 0x4E, 0x2C, 0x4F, 0x24, 0x0E, 0x1B, 0x4C, 0x1B, 0x0C, 0x1B, 0x6D,
  0x2C, 0x70, 0x2C, 0x8F, 0x2C, 0xD0, 0x2C, 0xD1, 0x2C, 0xD1, 0x2C, 0xD1, 0x2C, 0x90, 0x2C, 0x6F,
  0x1B, 0x8D, 0x1B, 0x2D, 0x13, 0x2C, 0x23, 0xEE, 0x2C, 0x90, 0x24, 0xB0, 0x2C, 0xD0, 0x34, 0xD1,
  0x34, 0xD1, 0x4C, 0x51, 0x8D, 0x98, 0x54, 0x52, 0x34, 0x50, 0x34, 0xB1, 0x2C, 0x70, 0x2C, 0x6F,
  0x2C, 0x70, 0x2C, 0x70, 0x2C, 0x90, 0x2C, 0x90, 0x2C, 0x90, 0x2C, 0x90, 0x2C, 0xB0, 0x2C, 0x90,
  0x24, 0x90, 0x2C, 0xB0, 0x2C, 0xB0, 0x2C, 0xAF, 0x2C, 0xB0, 0x2C, 0x90, 0x2C, 0x6F, 0x2C, 0x4F,
  0x2B, 0xCD, 0x22, 0x6A, 0x2A, 0x2A, 0x2A, 0x2B, 0x2A, 0x0A, 0x2A, 0x0A, 0x2A, 0x0A, 0x32, 0x0A,
  0x2A, 0x0A, 0x32, 0x0A, 0x3A, 0x2B, 0x3A, 0x2C, 0x42, 0x2C, 0x42, 0x4C, 0x42, 0x8D, 0x52, 0xEF,
  0x63, 0x91, 0x74, 0x11, 0xCE, 0x99, 0xF7, 0xBE, 0xEF, 0xBD, 0xF7, 0xDE, 0xF7, 0xDE, 0xF7, 0xFE,
  0xF7, 0xFE, 0xF7, 0xFE, 0xF7, 0xDE, 0xF7, 0xDE, 0xF7, 0xDE, 0xF7, 0xDE, 0xF7, 0xDE, 0xF7, 0xDE,
  0xF7, 0xDE, 0xF7, 0xDE, 0xF7, 0xDE, 0xF7, 0xDE, 0xF7, 0xDE, 0xF7, 0xDE, 0xF7, 0xFE, 0xF7, 0xFE,
  0xF7, 0xFE, 0xF7, 0xFE, 0xF7, 0xFE, 0xF7, 0xFE, 0xF7, 0xFE, 0xF7, 0xFE, 0xF7, 0xFE, 0xEF, 0xDE,
  0xEF, 0xDE, 0xEF, 0xDE, 0xEF, 0xDE, 0xEF, 0xDE, 0xEF, 0xDE, 0xEF, 0xDD, 0xEF, 0xDD, 0xEF, 0xDD,
  0xEF, 0xDD, 0xEF, 0xDE, 0xEF, 0xDE, 0xEF, 0xDE, 0xEF, 0xBD, 0xEF, 0xBD, 0xEF, 0xBD, 0xEF, 0xBD,
  0xEF, 0xBE, 0xEF, 0xBE, 0xEF, 0xDE, 0xEF, 0xDE, 0xEF, 0xDE, 0xEF, 0xDE, 0xEF, 0xDE, 0xEF, 0xFE,
  0xEF, 0xDD, 0xEF, 0xDD, 0xEF, 0xDE, 0xEF, 0xDE, 0xEF, 0xDE, 0xEF, 0xDE, 0xEF, 0xDE, 0xEF, 0xDE,
  0xEF, 0x9E, 0xEF, 0x9E, 0xEF, 0x9E, 0xEF, 0x9E, 0xEF, 0x7E, 0xE7, 0x7E, 0xDF, 0x7E, 0xE7, 0x5E,
  0xE7, 0x3D, 0xD6, 0xFC, 0xD6, 0xFC, 0xB5, 0xD8, 0x74, 0x12, 0x6B, 0xB1, 0x5B, 0x30, 0x52, 0xCE,
  0x4A, 0x8D, 0x42, 0x6D, 0x42, 0x2C, 0x3A, 0x2B, 0x32, 0x0C, 0x39, 0xEB, 0x39, 0xEB, 0x31, 0xEA,
  0x29, 0xCB, 0x31, 0xCB, 0x31, 0xCB, 0x31, 0xCB, 0x31, 0xAA, 0x31, 0xAA, 0x31, 0xCB, 0x31, 0xCB,
  0x31, 0xCB, 0x31, 0xAA, 0x31, 0xAA, 0x31, 0xAB, 0x31, 0xAB, 0x31, 0xAA, 0x31, 0xA9, 0x31, 0xAA,
  0x31, 0xAA, 0x31, 0xAA, 0x29, 0xAA, 0x21, 0xAA, 0x29, 0x89, 0x29, 0x89, 0x29, 0x88, 0x29, 0xA9,
  0x31, 0xAA, 0x31, 0xAA, 0x31, 0xAB, 0x31, 0xCB, 0x31, 0xCB, 0x29, 0xAB, 0x29, 0xAA, 0x29, 0xAA,
  0x29, 0xAA, 0x29, 0xAB, 0x29, 0xAA, 0x29, 0xA9, 0x31, 0xA9, 0x31, 0xAA, 0x29, 0xAA, 0x29, 0xA9,
  0x29, 0x89, 0x29, 0x8A, 0x29, 0x89, 0x29, 0x69, 0x29, 0x68, 0x21, 0x47, 0x21, 0x47, 0x21, 0x47,
  0x21, 0x26, 0x21, 0x45, 0x21, 0x26, 0x21, 0x26, 0x21, 0x26, 0x21, 0x26, 0x21, 0x26, 0x21, 0x26,
  0x21, 0x26, 0x21, 0x46, 0x21, 0x26, 0x21, 0x25, 0x21, 0x26, 0x21, 0x26, 0x21, 0x26, 0x21, 0x26,
  0x21, 0x26, 0x21, 0x26, 0x21, 0x46, 0x21, 0x46, 0x19, 0x46, 0x21, 0x46, 0x29, 0x46, 0x29, 0x67,
  0x29, 0x68, 0x29, 0x89, 0x29, 0xAA, 0x29, 0xAA, 0x29, 0xAA, 0x29, 0xCA, 0x29, 0xCA, 0x21, 0xC9,
  0x29, 0xCA, 0x31, 0xEB, 0x31, 0xEA, 0x32, 0x0B, 0x32, 0x0C, 0x32, 0x2C, 0x2A, 0x2A, 0x2B, 0x4C,
  0x34, 0x2F, 0x2C, 0x4F, 0x24, 0x6F, 0x2C, 0x6F, 0x24, 0x0E, 0x1B, 0x2C, 0x1B, 0x0B, 0x1B, 0x8D,
  0x2C, 0x70, 0x2C, 0x8F, 0x2C, 0xD0, 0x2C, 0xD1, 0x2C, 0xD1, 0x2C, 0xD1, 0x2C, 0xB0, 0x2C, 0x8F,
  0x1B, 0xAD, 0x1B, 0x2C, 0x1B, 0x2C, 0x23, 0xEE, 0x2C, 0x90, 0x2C, 0xB0, 0x2C, 0xD1, 0x34, 0xF1,
  0x34, 0xB1, 0x54, 0x72, 0x95, 0xD9, 0x64, 0x94, 0x2B, 0x8E, 0x23, 0xCF, 0x23, 0xCE, 0x23, 0xAE,
  0x23, 0xCE, 0x23, 0xCE, 0x23, 0xEE, 0x24, 0x0E, 0x24, 0x2F, 0x24, 0x2F, 0x24, 0x4F, 0x2C, 0x6F,
  0x2C, 0x70, 0x2C, 0x90, 0x2C, 0x90, 0x2C, 0x90, 0x2C, 0x90, 0x2C, 0x6F, 0x2C, 0x4F, 0x2C, 0x0E,
  0x22, 0xAA, 0x2A, 0x2A, 0x2A, 0x2B, 0x22, 0x2B, 0x22, 0x0A, 0x29, 0xEA, 0x29, 0xEA, 0x31, 0xE9,
  0x31, 0xEA, 0x32, 0x0B, 0x3A, 0x0B, 0x3A, 0x0B, 0x3A, 0x2B, 0x42, 0x4C, 0x42, 0x8C, 0x52, 0xCF,
  0x63, 0x71, 0x73, 0xF1, 0xC6, 0x78, 0xEF, 0xBE, 0xEF, 0xBD, 0xF7, 0xDE, 0xF7, 0xDE, 0xF7, 0xDE,
  0xF7, 0xDE, 0xF7, 0xDE, 0xF7, 0xDE, 0xF7, 0xDE, 0xF7, 0xDE, 0xF7, 0xDE, 0xF7, 0xDE, 0xF7, 0xDE,
  0xF7, 0xDE, 0xF7, 0xDE, 0xF7, 0xDE, 0xF7, 0xDE, 0xF7, 0xDE, 0xF7, 0xDE, 0xF7, 0xDE, 0xF7, 0xDE,
  0xF7, 0xFE, 0xF7, 0xFE, 0xF7, 0xFE, 0xF7, 0xFE, 0xF7, 0xFE, 0xF7, 0xFE, 0xEF, 0xDE, 0xE7, 0xDE,
  0xEF, 0xDE, 0xEF, 0xDE, 0xEF, 0xDE, 0xEF, 0xDE, 0xEF, 0xDE, 0xEF, 0xDD, 0xEF, 0xDD, 0xEF, 0xDD,
  0xEF, 0xDD, 0xEF, 0xDD, 0xEF, 0xDE, 0xEF, 0xBE, 0xEF, 0xBD, 0xEF, 0xBD, 0xEF, 0xBD, 0xEF, 0xBD,
  0xEF, 0xBE, 0xEF, 0xDE, 0xEF, 0xDE, 0xEF, 0xDE, 0xEF, 0xDE, 0xE7, 0xFE, 0xEF, 0xFE, 0xEF, 0xFE,
  0xEF, 0xDE, 0xEF, 0xDE, 0xEF, 0xDE, 0xEF, 0xDE, 0xEF, 0xDE, 0xEF, 0xDE, 0xEF, 0xDE, 0xEF, 0xDE,
  0xEF, 0x9D, 0xEF, 0x9D, 0xEF, 0x9D, 0xEF, 0x9E, 0xEF, 0x7E, 0xE7, 0x7E, 0xE7, 0x5D, 0xDF, 0x3D,
  0xDF, 0x1D, 0xD6, 0xFC, 0xC6, 0x5A, 0x84, 0x52, 0x73, 0xB1, 0x63, 0x50, 0x52, 0xEF, 0x4A, 0xAE,
  0x42, 0x6D, 0x42, 0x4C, 0x3A, 0x2B, 0x32, 0x0C, 0x39, 0xEC, 0x39, 0xEB, 0x31, 0xEA, 0x31, 0xEB,
  0x29, 0xCB, 0x31, 0xCB, 0x31, 0xCB, 0x31, 0xAB, 0x31, 0xAA, 0x31, 0xAA, 0x31, 0xAA, 0x31, 0xAA,
  0x31, 0xAA, 0x31, 0xA9, 0x31, 0xAA, 0x31, 0xAB, 0x31, 0xAB, 0x31, 0xAA, 0x31, 0xA9, 0x31, 0xAA,
  0x31, 0xAA, 0x31, 0xAA, 0x29, 0xAA, 0x21, 0xAA, 0x29, 0x89, 0x29, 0x89, 0x29, 0xA8, 0x29, 0xA9,
  0x31, 0xAA, 0x31, 0xAA, 0x31, 0xAB, 0x31, 0xCA, 0x31, 0xAA, 0x31, 0xAA, 0x31, 0xA9, 0x31, 0xA9,
  0x31, 0xAA, 0x29, 0xAA, 0x29, 0xAA, 0x31, 0xAA, 0x29, 0x8A, 0x29, 0x89, 0x29, 0x89, 0x29, 0x89,
  0x29, 0x69, 0x29, 0x69, 0x21, 0x48, 0x21, 0x47, 0x21, 0x26, 0x19, 0x26, 0x19, 0x25, 0x21, 0x26,
  0x19, 0x46, 0x19, 0x26, 0x21, 0x26, 0x21, 0x26, 0x21, 0x26, 0x21, 0x26, 0x19, 0x26, 0x21, 0x26,
  0x21, 0x26, 0x19, 0x26, 0x19, 0x26, 0x19, 0x26, 0x21, 0x25, 0x21, 0x25, 0x21, 0x25, 0x21, 0x26,
  0x21, 0x26, 0x21, 0x26, 0x21, 0x46, 0x21, 0x46, 0x19, 0x47, 0x21, 0x47, 0x29, 0x67, 0x29, 0x88,
  0x29, 0x89, 0x21, 0xAA, 0x29, 0xAA, 0x31, 0xAB, 0x29, 0xAA, 0x21, 0xC9, 0x29, 0xCA, 0x29, 0xCA,
  0x29, 0xEB, 0x31, 0xEB, 0x31, 0xEA, 0x32, 0x0B, 0x32, 0x2B, 0x2A, 0x0A, 0x33, 0x0B, 0x34, 0x2F,
  0x2C, 0x4E, 0x2C, 0x6F, 0x2C, 0x8F, 0x2C, 0x6E, 0x24, 0x2E, 0x1B, 0x2C, 0x1B, 0x0B, 0x1B, 0x8D,
  0x2C, 0x50, 0x24, 0x90, 0x2C, 0xD0, 0x2C, 0xD0, 0x2C, 0xD1, 0x2C, 0xD1, 0x2C, 0xB0, 0x2C, 0x90,
  0x1B, 0xAD, 0x1B, 0x2C, 0x23, 0x2C, 0x23, 0xCE, 0x2C, 0x90, 0x2C, 0xB0, 0x34, 0xD1, 0x34, 0xF1,
  0x34, 0xB1, 0x5C, 0x92, 0x9D, 0xFB, 0x75, 0x16, 0x33, 0x4E, 0x23, 0x6E, 0x1B, 0x6D, 0x23, 0x4D,
  0x23, 0x4D, 0x23, 0x4C, 0x1B, 0x6C, 0x1B, 0x6C, 0x1B, 0x6D, 0x1B, 0x6D, 0x1B, 0x6D, 0x1B, 0x8D,
  0x1B, 0xCE, 0x24, 0x0F, 0x2C, 0x2F, 0x2C, 0x4F, 0x2C, 0x6F, 0x2C, 0x4F, 0x2C, 0x2E, 0x23, 0x0B,
  0x22, 0x29, 0x2A, 0x2B, 0x2A, 0x0B, 0x22, 0x0B, 0x29, 0xEA, 0x31, 0xEA, 0x29, 0xEA, 0x29, 0xEA,
  0x31, 0xEA, 0x31, 0xEA, 0x39, 0xEA, 0x32, 0x0A, 0x3A, 0x2B, 0x42, 0x4B, 0x4A, 0x8D, 0x52, 0xCE,
  0x63, 0x71, 0x73, 0xF1, 0xC6, 0x58, 0xEF, 0xBD, 0xF7, 0xBD, 0xF7, 0xDE, 0xF7, 0xDE, 0xF7, 0xDE,
  0xF7, 0xDE, 0xF7, 0xDE, 0xF7, 0xDE, 0xF7, 0xDE, 0xF7, 0xDE, 0xF7, 0xDE, 0xF7, 0xDE, 0xF7, 0xDE,
  0xF7, 0xDE, 0xF7, 0xDE, 0xF7, 0xDE, 0xF7, 0xDE, 0xF7, 0xDE, 0xEF, 0xDE, 0xF7, 0xDE, 0xF7, 0xDE,
  0xF7, 0xDE, 0xF7, 0xDE, 0xF7, 0xDE, 0xF7, 0xDE, 0xEF, 0xDE, 0xEF, 0xDE, 0xEF, 0xDE, 0xEF, 0xDE,
  0xEF, 0xDE, 0xEF, 0xDE, 0xEF, 0xDE, 0xEF, 0xDE, 0xEF, 0xDE, 0xEF, 0xDE, 0xEF, 0xDE, 0xEF, 0xDD,
  0xEF, 0xDD, 0xEF, 0xDD, 0xEF, 0xDE, 0xEF, 0xBE, 0xEF, 0xBD, 0xEF, 0xBD, 0xEF, 0xBD, 0xEF, 0xBE,
  0xEF, 0xDE, 0xEF, 0xDE, 0xEF, 0xDE, 0xEF, 0xDE, 0xEF, 0xFE, 0xEF, 0xFE, 0xE7, 0xFE, 0xE7, 0xFE,
  0xE7, 0xDE, 0xE7, 0xDE, 0xEF, 0xDE, 0xEF, 0xDE, 0xEF, 0xDE, 0xEF, 0xDE, 0xE7, 0xDE, 0xEF, 0xDE,
  0xEF, 0x9E, 0xEF, 0x9E, 0xEF, 0x9E, 0xEF, 0x9E, 0xE7, 0x7E, 0xE7, 0x5E, 0xDF, 0x5D, 0xDF, 0x1D,
  0xD6, 0xDC, 0xCE, 0xBB, 0x94, 0xF5, 0x73, 0xF1, 0x63, 0x71, 0x5A, 0xEF, 0x4A, 0xCE, 0x42, 0x8D,
  0x42, 0x4D, 0x42, 0x2C, 0x3A, 0x2B, 0x3A, 0x0C, 0x32, 0x0B, 0x31, 0xEB, 0x29, 0xEB, 0x31, 0xEB,
  0x31, 0xCB, 0x31, 0xCB, 0x31, 0xAB, 0x31, 0xAA, 0x31, 0xAA, 0x31, 0xAA, 0x31, 0xA9, 0x31, 0xAA,
  0x31, 0xAA, 0x31, 0xAA, 0x31, 0xAA, 0x31, 0xAA, 0x31, 0xAA, 0x31, 0xAA, 0x31, 0xAA, 0x31, 0xAA,
  0x31, 0xAA, 0x31, 0xAA, 0x29, 0xAA, 0x29, 0xAA, 0x29, 0x89, 0x29, 0x88, 0x29, 0x89, 0x29, 0xAA,
  0x31, 0xAA, 0x31, 0xAA, 0x31, 0xAA, 0x31, 0xAA, 0x31, 0xA9, 0x31, 0xA9, 0x31, 0xAA, 0x29, 0xAA,
  0x29, 0xAA, 0x21, 0xA9, 0x21, 0x8A, 0x29, 0x8A, 0x29, 0x69, 0x29, 0x69, 0x29, 0x68, 0x21, 0x68,
  0x29, 0x47, 0x29, 0x47, 0x21, 0x46, 0x19, 0x25, 0x21, 0x25, 0x21, 0x26, 0x21, 0x26, 0x21, 0x26,
  0x21, 0x26, 0x21, 0x26, 0x21, 0x26, 0x19, 0x26, 0x21, 0x26, 0x21, 0x26, 0x21, 0x26, 0x21, 0x26,
  0x21, 0x26, 0x21, 0x26, 0x21, 0x26, 0x21, 0x26, 0x21, 0x26, 0x21, 0x26, 0x21, 0x26, 0x21, 0x26,
  0x21, 0x26, 0x21, 0x26, 0x21, 0x26, 0x19, 0x46, 0x21, 0x46, 0x29, 0x67, 0x29, 0x89, 0x21, 0xA9,
  0x29, 0xAA, 0x29, 0xAA, 0x31, 0xCA, 0x31, 0xCA, 0x29, 0xCA, 0x21, 0xCA, 0x29, 0xCA, 0x31, 0xC9,
  0x31, 0xCA, 0x31, 0xCB, 0x31, 0xEB, 0x32, 0x0B, 0x2A, 0x0A, 0x2A, 0x8A, 0x33, 0xEE, 0x2C, 0x2F,
  0x2C, 0x6F, 0x2C, 0x90, 0x2C, 0x8F, 0x2C, 0x6F, 0x24, 0x2E, 0x1B, 0x2C, 0x1B, 0x0C, 0x23, 0x8D,
  0x2C, 0x6F, 0x2C, 0x8F, 0x2C, 0xB0, 0x2C, 0xD0, 0x24, 0xD0, 0x2C, 0xD0, 0x2C, 0xB0, 0x2C, 0x90,
  0x1B, 0xCD, 0x1B, 0x2C, 0x23, 0x2C, 0x23, 0xCE, 0x2C, 0x90, 0x2C, 0xB0, 0x2C, 0xD1, 0x34, 0xF1,
  0x34, 0xB1, 0x64, 0xB3, 0x9D, 0xFB, 0x85, 0x99, 0x43, 0xB0, 0x2B, 0x8D, 0x23, 0x8E, 0x1B, 0x6E,
  0x1B, 0x6D, 0x1B, 0x6D, 0x1B, 0x4D, 0x13, 0x4C, 0x1B, 0x4C, 0x1B, 0x2C, 0x1B, 0x4D, 0x1B, 0x2D,
  0x1B, 0x2C, 0x1B, 0x2C, 0x1B, 0x4C, 0x1B, 0x6C, 0x23, 0xAD, 0x2B, 0xEE, 0x2B, 0x6C, 0x22, 0x49,
  0x2A, 0x2A, 0x2A, 0x2B, 0x22, 0x0B, 0x2A, 0x0B, 0x29, 0xEA, 0x31, 0xEA, 0x31, 0xEA, 0x31, 0xE9,
  0x29, 0xE9, 0x31, 0xEA, 0x39, 0xE9, 0x32, 0x0A, 0x3A, 0x2B, 0x42, 0x4C, 0x42, 0x8D, 0x4A, 0xCE,
  0x63, 0x50, 0x73, 0xD0, 0xBE, 0x38, 0xEF, 0xBD, 0xEF, 0xBD, 0xF7, 0xDE, 0xF7, 0xDE, 0xF7, 0xDE,
  0xF7, 0xDE, 0xF7, 0xDE, 0xF7, 0xDE, 0xF7, 0xDE, 0xF7, 0xDE, 0xF7, 0xDE, 0xF7, 0xDE, 0xF7, 0xDE,
  0xF7, 0xDE, 0xF7, 0xDE, 0xF7, 0xDE, 0xF7, 0xDE, 0xEF, 0xDE, 0xE7, 0xDE, 0xEF, 0xDE, 0xEF, 0xDE,
  0xEF, 0xDE, 0xF7, 0xDE, 0xF7, 0xDE, 0xF7, 0xDE, 0xEF, 0xDE, 0xEF, 0xDE, 0xEF, 0xDE, 0xEF, 0xDE,
  0xEF, 0xDE, 0xEF, 0xDE, 0xEF, 0xDE, 0xEF, 0xDE, 0xEF, 0xDE, 0xEF, 0xDE, 0xEF, 0xFE, 0xEF, 0xDE,
  0xEF, 0xDD, 0xEF, 0xDE, 0xEF, 0xDE, 0xEF, 0xDE, 0xEF, 0xBE, 0xEF, 0xBE, 0xEF, 0xBE, 0xEF, 0xBE,
  0xEF, 0xDE, 0xEF, 0xDE, 0xEF, 0xDE, 0xE7, 0xDE, 0xEF, 0xFE, 0xF7, 0xFE, 0xEF, 0xFE, 0xEF, 0xFE,
  0xEF, 0xFE, 0xEF, 0xDE, 0xEF, 0xDE, 0xE7, 0xDE, 0xEF, 0xDE, 0xE7, 0xDE, 0xEF, 0xDE, 0xF7, 0xFE,
  0xEF, 0x9F, 0xE7, 0x9F, 0xEF, 0x9E, 0xEF, 0x9E, 0xEF, 0x7E, 0xE7, 0x7E, 0xDF, 0x3D, 0xD7, 0x1C,
  0xD6, 0xFC, 0xAD, 0xD7, 0x7C, 0x12, 0x6B, 0xB2, 0x5B, 0x30, 0x52, 0xEE, 0x4A, 0x8E, 0x42, 0x6D,
  0x42, 0x4C, 0x3A, 0x2C, 0x32, 0x0B, 0x3A, 0x0A, 0x31, 0xEA, 0x29, 0xEB, 0x31, 0xEB, 0x31, 0xCB,
  0x31, 0xCA, 0x31, 0xAA, 0x31, 0xAA, 0x31, 0xAA, 0x31, 0xAA, 0x31, 0xAA, 0x31, 0xAA, 0x31, 0xAA,
  0x31, 0xAA, 0x31, 0xAA, 0x31, 0xAA, 0x31, 0xA9, 0x31, 0xA9, 0x31, 0xAA, 0x31, 0xAA, 0x31, 0xAA,
  0x31, 0xAA, 0x29, 0xAA, 0x21, 0xAA, 0x29, 0xAA, 0x29, 0x89, 0x29, 0x88, 0x29, 0xA9, 0x21, 0xAA,
  0x31, 0xAA, 0x31, 0xAA, 0x31, 0xAA, 0x29, 0xAA, 0x29, 0xAA, 0x29, 0xAA, 0x29, 0xAA, 0x21, 0x8A,
  0x29, 0x89, 0x29, 0x69, 0x29, 0x89, 0x29, 0x68, 0x29, 0x68, 0x29, 0x67, 0x21, 0x47, 0x21, 0x46,
  0x21, 0x26, 0x21, 0x26, 0x21, 0x26, 0x21, 0x26, 0x21, 0x26, 0x21, 0x25, 0x21, 0x25, 0x21, 0x26,
  0x21, 0x26, 0x21, 0x26, 0x21, 0x26, 0x19, 0x26, 0x21, 0x26, 0x21, 0x26, 0x21, 0x26, 0x21, 0x26,
  0x21, 0x26, 0x21, 0x26, 0x21, 0x26, 0x21, 0x26, 0x21, 0x26, 0x21, 0x26, 0x21, 0x26, 0x21, 0x26,
  0x21, 0x06, 0x21, 0x26, 0x19, 0x45, 0x21, 0x46, 0x21, 0x47, 0x29, 0x69, 0x29, 0xAA, 0x29, 0xAA,
  0x31, 0xA9, 0x31, 0xAA, 0x31, 0xCB, 0x31, 0xCA, 0x29, 0xAB, 0x21, 0xAA, 0x29, 0xCA, 0x31, 0xCA,
  0x31, 0xCA, 0x31, 0xCB, 0x31, 0xEB, 0x31, 0xEB, 0x2A, 0x0A, 0x33, 0x6D, 0x2C, 0x0E, 0x24, 0x2F,
  0x2C, 0x6F, 0x2C, 0x90, 0x2C, 0x8F, 0x2C, 0x6F, 0x24, 0x0E, 0x1B, 0x2C, 0x1B, 0x0C, 0x23, 0x8D,
  0x2C, 0x6F, 0x24, 0x90, 0x2C, 0xB0, 0x2C, 0xD0, 0x2C, 0xD0, 0x2C, 0xCF, 0x2C, 0xB0, 0x2C, 0x90,
  0x1B, 0xCE, 0x1B, 0x4C, 0x23, 0x2C, 0x23, 0xCE, 0x2C, 0x90, 0x2C, 0xB0, 0x2C, 0xD0, 0x34, 0xF2,
  0x3C, 0xB1, 0x6C, 0xD4, 0x9D, 0xFB, 0x9D, 0xFB, 0x5C, 0x52, 0x3C, 0x30, 0x34, 0x50, 0x2C, 0x2F,
  0x2C, 0x2F, 0x24, 0x0F, 0x1B, 0xAE, 0x1B, 0x8D, 0x1B, 0x8D, 0x1B, 0x6D, 0x1B, 0x4C, 0x1B, 0x2C,
  0x1B, 0x0B, 0x1B, 0x0B, 0x1B, 0x0B, 0x1A, 0xEB, 0x22, 0xEC, 0x1B, 0x0B, 0x1A, 0x6A, 0x2A, 0x2A,
  0x32, 0x2B, 0x2A, 0x0B, 0x22, 0x0B, 0x29, 0xEB, 0x31, 0xEA, 0x31, 0xCA, 0x31, 0xEA, 0x31, 0xC9,
  0x31, 0xE9, 0x31, 0xEA, 0x39, 0xE9, 0x3A, 0x0B, 0x3A, 0x2C, 0x42, 0x4C, 0x42, 0x6C, 0x4A, 0xCD,
  0x5B, 0x30, 0x6B, 0xB0, 0xBE, 0x17, 0xEF, 0xBD, 0xEF, 0xBD, 0xF7, 0xDE, 0xF7, 0xDE, 0xF7, 0xDE,
  0xF7, 0xDE, 0xF7, 0xDE, 0xF7, 0xDE, 0xF7, 0xDE, 0xF7, 0xDE, 0xF7, 0xDE, 0xF7, 0xFE, 0xF7, 0xFE,
  0xF7, 0xFE, 0xF7, 0xFE, 0xF7, 0xFE, 0xF7, 0xDE, 0xEF, 0xDE, 0xE7, 0xDE, 0xE7, 0xDE, 0xE7, 0xDE,
  0xEF, 0xDE, 0xF7, 0xDE, 0xF7, 0xDE, 0xF7, 0xDE, 0xEF, 0xDE, 0xEF, 0xDE, 0xEF, 0xDE, 0xEF, 0xDE,
  0xEF, 0xDE, 0xEF, 0xDE, 0xEF, 0xDE, 0xE7, 0xDE, 0xEF, 0xDE, 0xEF, 0xFE, 0xEF, 0xFE, 0xEF, 0xFE,
  0xEF, 0xDE, 0xEF, 0xDE, 0xEF, 0xDE, 0xEF, 0xBE, 0xEF, 0xBE, 0xEF, 0xBE, 0xEF, 0xBE, 0xEF, 0xBE,
  0xEF, 0xDE, 0xEF, 0xDE, 0xEF, 0xDE, 0xE7, 0xDE, 0xEF, 0xFE, 0xF7, 0xFE, 0xF7, 0xFE, 0xF7, 0xFE,
  0xF7, 0xFE, 0xF7, 0xFE, 0xEF, 0xDE, 0xEF, 0xDE, 0xEF, 0xDE, 0xE7, 0xDE, 0xEF, 0xDE, 0xF7, 0xFE,
  0xEF, 0xBF, 0xEF, 0xBF, 0xEF, 0x9E, 0xEF, 0x9D, 0xEF, 0x9E, 0xE7, 0x7E, 0xDF, 0x3D, 0xD7, 0x1C,
  0xC6, 0x7A, 0x8C, 0x94, 0x73, 0xD2, 0x63, 0x50, 0x5B, 0x0F, 0x4A, 0xAE, 0x4A, 0x8D, 0x42, 0x4D,
  0x42, 0x2C, 0x3A, 0x0C, 0x3A, 0x0B, 0x39, 0xEA, 0x31, 0xEB, 0x31, 0xEB, 0x31, 0xCA, 0x31, 0xCA,
  0x31, 0xCB, 0x31, 0xAA, 0x31, 0xA9, 0x31, 0xAA, 0x31, 0xAA, 0x31, 0xAA, 0x31, 0xAA, 0x31, 0xAA,
  0x31, 0xAA, 0x31, 0xAA, 0x31, 0xAA, 0x31, 0xAA, 0x31, 0xAA, 0x31, 0xAA, 0x31, 0xAA, 0x31, 0xAA,
  0x31, 0xAA, 0x29, 0xAA, 0x21, 0xA9, 0x29, 0xA9, 0x29, 0x88, 0x21, 0x89, 0x29, 0xAA, 0x29, 0xAA,
  0x31, 0xAA, 0x31, 0xAA, 0x31, 0xAA, 0x29, 0xAA, 0x21, 0x89, 0x21, 0x89, 0x21, 0x89, 0x29, 0x68,
  0x29, 0x68, 0x21, 0x48, 0x21, 0x68, 0x29, 0x47, 0x21, 0x47, 0x21, 0x47, 0x21, 0x26, 0x21, 0x26,
  0x21, 0x26, 0x21, 0x25, 0x21, 0x25, 0x21, 0x25, 0x21, 0x25, 0x21, 0x25, 0x19, 0x25, 0x19, 0x25,
  0x19, 0x25, 0x19, 0x26, 0x21, 0x26, 0x21, 0x26, 0x21, 0x26, 0x21, 0x26, 0x21, 0x26, 0x21, 0x26,
  0x21, 0x26, 0x21, 0x26, 0x21, 0x26, 0x21, 0x26, 0x21, 0x26, 0x21, 0x26, 0x21, 0x26, 0x21, 0x26,
  0x21, 0x25, 0x21, 0x46, 0x21, 0x47, 0x29, 0x68, 0x29, 0x88, 0x29, 0x89, 0x31, 0xAA, 0x31, 0xAA,
  0x31, 0xAA, 0x31, 0xAA, 0x31, 0xCB, 0x31, 0xCB, 0x29, 0xCB, 0x29, 0xAA, 0x31, 0xAA, 0x31, 0xAA,
  0x31, 0xCA, 0x31, 0xCB, 0x31, 0xEB, 0x31, 0xEB, 0x2A, 0x2A, 0x33, 0x6D, 0x2C, 0x0E, 0x24, 0x2E,
  0x2C, 0x6F, 0x2C, 0x90, 0x2C, 0x8F, 0x2C, 0x6F, 0x24, 0x0E, 0x1B, 0x4C, 0x1B, 0x0C, 0x1B, 0x8D,
  0x2C, 0x6F, 0x2C, 0x8F, 0x2C, 0xB0, 0x2C, 0xD0, 0x2C, 0xAF, 0x2C, 0xB0, 0x2C, 0xB0, 0x2C, 0x90,
  0x23, 0xEE, 0x23, 0x4C, 0x1B, 0x2C, 0x23, 0xAE, 0x2C, 0x90, 0x2C, 0xB0, 0x2C, 0xD1, 0x35, 0x11,
  0x3C, 0xB1, 0x75, 0x15, 0xA6, 0x1C, 0xA6, 0x1C, 0x7C, 0xF6, 0x44, 0x91, 0x34, 0xD1, 0x2C, 0xB1,
  0x2C, 0x90, 0x2C, 0x90, 0x2C, 0x6F, 0x24, 0x6F, 0x24, 0x6F, 0x24, 0x4F, 0x24, 0x0E, 0x23, 0xCD,
  0x1B, 0x8D, 0x1B, 0x4C, 0x13, 0x0B, 0x1A, 0xEC, 0x22, 0xCB, 0x22, 0x8A, 0x2A, 0x2A, 0x32, 0x2B,
  0x2A, 0x0B, 0x2A, 0x0B, 0x21, 0xEB, 0x29, 0xEB, 0x31, 0xEA, 0x29, 0xC9, 0x29, 0xC9, 0x29, 0xC9,
  0x31, 0xEA, 0x31, 0xEA, 0x39, 0xEA, 0x3A, 0x0B, 0x3A, 0x0B, 0x42, 0x2C, 0x42, 0x6C, 0x4A, 0x8D,
  0x5B, 0x2F, 0x6B, 0xD0, 0xBE, 0x17, 0xEF, 0x9D, 0xE7, 0x9D, 0xEF, 0xDE, 0xF7, 0xDE, 0xF7, 0xDE,
  0xF7, 0xDE, 0xF7, 0xDE, 0xF7, 0xDE, 0xF7, 0xDD, 0xF7, 0xDE, 0xF7, 0xDE, 0xF7, 0xFD, 0xF7, 0xFE,
  0xF7, 0xFE, 0xF7, 0xFE, 0xF7, 0xFE, 0xF7, 0xDE, 0xEF, 0xDE, 0xE7, 0xDE, 0xEF, 0xDE, 0xEF, 0xDE,
  0xEF, 0xDE, 0xF7, 0xDE, 0xF7, 0xDE, 0xF7, 0xDE, 0xE7, 0xDE, 0xEF, 0xDE, 0xEF, 0xDE, 0xEF, 0xDE,
  0xEF, 0xDE, 0xEF, 0xDE, 0xEF, 0xDE, 0xE7, 0xDE, 0xEF, 0xFE, 0xEF, 0xFE, 0xEF, 0xFE, 0xEF, 0xFE,
  0xEF, 0xFE, 0xEF, 0xDE, 0xEF, 0xDE, 0xEF, 0xBE, 0xEF, 0xBE, 0xEF, 0xBE, 0xEF, 0xBE, 0xEF, 0xBE,
  0xEF, 0xDE, 0xEF, 0xDE, 0xEF, 0xDE, 0xE7, 0xDE, 0xEF, 0xFE, 0xF7, 0xFE, 0xF7, 0xFE, 0xF7, 0xFE,
  0xF7, 0xFE, 0xF7, 0xFE, 0xF7, 0xFE, 0xF7, 0xFE, 0xEF, 0xDE, 0xEF, 0xDE, 0xF7, 0xFE, 0xF7, 0xFE,
  0xF7, 0xDF, 0xF7, 0xDF, 0xEF, 0xBF, 0xF7, 0xBF, 0xEF, 0x9F, 0xEF, 0x7E, 0xDF, 0x3D, 0xD7, 0x1D,
  0xA5, 0x56, 0x7C, 0x12, 0x6B, 0xB1, 0x5B, 0x30, 0x52, 0xCF, 0x4A, 0x8E, 0x42, 0x6C, 0x3A, 0x2C,
  0x3A, 0x2C, 0x3A, 0x0B, 0x3A, 0x0B, 0x31, 0xEA, 0x29, 0xEB, 0x31, 0xEB, 0x31, 0xCA, 0x31, 0xCA,
  0x31, 0xAA, 0x31, 0xAA, 0x31, 0xA9, 0x31, 0xAA, 0x31, 0xAA, 0x31, 0xAA, 0x31, 0xAA, 0x31, 0xAA,
  0x31, 0xAA, 0x31, 0xAA, 0x31, 0xAA, 0x31, 0xAA, 0x31, 0xAA, 0x31, 0xAA, 0x31, 0xAA, 0x31, 0xAA,
  0x29, 0xAA, 0x29, 0xAA, 0x29, 0xA8, 0x29, 0xA9, 0x29, 0xA9, 0x29, 0xA9, 0x31, 0xAA, 0x31, 0xAA,
  0x31, 0xAA, 0x29, 0xAA, 0x21, 0x8A, 0x29, 0x89, 0x29, 0x89, 0x29, 0x68, 0x29, 0x68, 0x21, 0x48,
  0x21, 0x47, 0x21, 0x47, 0x21, 0x46, 0x21, 0x26, 0x19, 0x25, 0x19, 0x25, 0x21, 0x25, 0x21, 0x25,
  0x21, 0x25, 0x21, 0x24, 0x21, 0x25, 0x21, 0x25, 0x21, 0x24, 0x21, 0x25, 0x21, 0x25, 0x21, 0x24,
  0x21, 0x25, 0x21, 0x25, 0x21, 0x25, 0x21, 0x25, 0x21, 0x25, 0x21, 0x26, 0x21, 0x26, 0x21, 0x26,
  0x21, 0x26, 0x21, 0x26, 0x21, 0x26, 0x21, 0x26, 0x21, 0x26, 0x21, 0x26, 0x21, 0x25, 0x21, 0x45,
  0x19, 0x46, 0x21, 0x47, 0x29, 0x68, 0x29, 0x89, 0x21, 0x8A, 0x29, 0x89, 0x31, 0xAA, 0x31, 0xAB,
  0x31, 0xAB, 0x29, 0xAA, 0x29, 0xAA, 0x29, 0xAA, 0x29, 0xAB, 0x29, 0xAA, 0x29, 0xAA, 0x29, 0xAA,
  0x31, 0xCA, 0x31, 0xCB, 0x31, 0xEB, 0x31, 0xEB, 0x2A, 0x0A, 0x2A, 0x4A, 0x33, 0x4D, 0x34, 0x0E,
  0x2C, 0x4F, 0x24, 0x4E, 0x2C, 0x4E, 0x2C, 0x4F, 0x24, 0x0E, 0x1B, 0x2C, 0x1B, 0x0B, 0x1B, 0x6D,
  0x2C, 0x4F, 0x2C, 0x8F, 0x2C, 0xB0, 0x24, 0xD0, 0x2C, 0xD0, 0x2C, 0xD0, 0x2C, 0xB0, 0x2C, 0x90,
  0x24, 0x0E, 0x1B, 0x4C, 0x1B, 0x2C, 0x23, 0xAE, 0x2C, 0x90, 0x2C, 0xB0, 0x34, 0xD1, 0x35, 0x11,
  0x44, 0xB1, 0x85, 0x57, 0xAE, 0x3C, 0xA6, 0x3C, 0x8D, 0x79, 0x4C, 0x91, 0x34, 0xF2, 0x2C, 0xD1,
  0x2C, 0xD0, 0x2C, 0xD1, 0x2C, 0xB0, 0x2C, 0xB0, 0x2C, 0x90, 0x2C, 0x90, 0x2C, 0x90, 0x2C, 0x6F,
  0x2C, 0x4F, 0x2C, 0x2F, 0x23, 0xAD, 0x1B, 0x0C, 0x22, 0xAA, 0x22, 0x4A, 0x2A, 0x2A, 0x32, 0x0B,
  0x2A, 0x0B, 0x2A, 0x0B, 0x31, 0xEB, 0x31, 0xEB, 0x29, 0xCA, 0x29, 0xC9, 0x29, 0xC9, 0x29, 0xCA,
  0x31, 0xC9, 0x29, 0xCA, 0x31, 0xEB, 0x39, 0xEB, 0x3A, 0x0A, 0x3A, 0x2B, 0x3A, 0x4C, 0x42, 0x8D,
  0x5B, 0x2F, 0x6B, 0x8F, 0xBD, 0xF7, 0xEF, 0xBD, 0xE7, 0xBD, 0xEF, 0xDE, 0xF7, 0xDE, 0xF7, 0xDE,
  0xF7, 0xDE, 0xF7, 0xDE, 0xF7, 0xDE, 0xF7, 0xDE, 0xF7, 0xDE, 0xF7, 0xDE, 0xF7, 0xFE, 0xF7, 0xFE,
  0xF7, 0xFE, 0xF7, 0xFE, 0xF7, 0xFE, 0xF7, 0xDE, 0xF7, 0xDE, 0xF7, 0xDE, 0xF7, 0xDE, 0xF7, 0xDE,
  0xF7, 0xDE, 0xF7, 0xDE, 0xF7, 0xDE, 0xF7, 0xDE, 0xEF, 0xDE, 0xEF, 0xDE, 0xEF, 0xDE, 0xEF, 0xDE,
  0xEF, 0xDE, 0xE7, 0xDE, 0xF7, 0xDE, 0xF7, 0xFE, 0xEF, 0xFE, 0xE7, 0xFE, 0xEF, 0xFE, 0xEF, 0xFE,
  0xE7, 0xFE, 0xEF, 0xDE, 0xEF, 0xDE, 0xEF, 0xBE, 0xEF, 0xBE, 0xEF, 0xBE, 0xEF, 0xBE, 0xEF, 0xBE,
  0xEF, 0xDE, 0xE7, 0xDE, 0xEF, 0xDE, 0xEF, 0xDE, 0xEF, 0xFE, 0xF7, 0xFE, 0xF7, 0xFE, 0xF7, 0xFE,
  0xEF, 0xFE, 0xEF, 0xFE, 0xEF, 0xDE, 0xEF, 0xDE, 0xE7, 0xDE, 0xEF, 0xDE, 0xF7, 0xFE, 0xF7, 0xFE,
  0xFF, 0xFF, 0xFF, 0xFF, 0xF7, 0xDF, 0xEF, 0xBF, 0xF7, 0x9E, 0xEF, 0x7D, 0xE7, 0x5D, 0xCE, 0x7A,
  0x8C, 0xB4, 0x73, 0xF2, 0x63, 0x50, 0x5A, 0xEF, 0x52, 0xAE, 0x4A, 0x8D, 0x42, 0x4C, 0x3A, 0x2B,
  0x3A, 0x2C, 0x3A, 0x0B, 0x39, 0xEA, 0x31, 0xEB, 0x29, 0xEB, 0x31, 0xCB, 0x31, 0xAA, 0x31, 0xA9,
  0x31, 0xA9, 0x31, 0xAA, 0x31, 0xAA, 0x31, 0xAA, 0x31, 0xAA, 0x31, 0xAA, 0x31, 0xAA, 0x31, 0xAA,
  0x31, 0xAA, 0x31, 0xAA, 0x31, 0xAA, 0x31, 0xAA, 0x31, 0xAA, 0x31, 0xAA, 0x31, 0xAA, 0x31, 0xAA,
  0x31, 0xAA, 0x31, 0xA9, 0x31, 0xA9, 0x31, 0xA9, 0x29, 0xAA, 0x31, 0xAA, 0x31, 0xAA, 0x31, 0xAA,
  0x29, 0xAA, 0x29, 0x8A, 0x21, 0x89, 0x29, 0x89, 0x29, 0x68, 0x29, 0x68, 0x21, 0x47, 0x21, 0x47,
  0x19, 0x46, 0x21, 0x46, 0x21, 0x25, 0x21, 0x25, 0x21, 0x25, 0x21, 0x24, 0x21, 0x25, 0x21, 0x25,
  0x21, 0x24, 0x21, 0x25, 0x21, 0x25, 0x21, 0x25, 0x21, 0x25, 0x21, 0x25, 0x21, 0x25, 0x21, 0x25,
  0x21, 0x25, 0x21, 0x24, 0x21, 0x24, 0x21, 0x24, 0x21, 0x25, 0x21, 0x25, 0x21, 0x26, 0x21, 0x26,
  0x21, 0x26, 0x21, 0x26, 0x21, 0x26, 0x21, 0x26, 0x21, 0x26, 0x21, 0x26, 0x21, 0x26, 0x19, 0x46,
  0x21, 0x47, 0x29, 0x68, 0x29, 0x89, 0x29, 0x8A, 0x29, 0x8A, 0x29, 0xA9, 0x31, 0xAA, 0x31, 0xAB,
  0x29, 0xAB, 0x29, 0xAB, 0x21, 0xAA, 0x21, 0xA9, 0x21, 0xAB, 0x29, 0xAA, 0x29, 0xAA, 0x21, 0xAA,
  0x29, 0xCA, 0x31, 0xCB, 0x31, 0xCB, 0x31, 0xEB, 0x29, 0xEB, 0x29, 0xEB, 0x2A, 0x2A, 0x2A, 0xCB,
  0x33, 0xCE, 0x34, 0x2E, 0x2C, 0x2E, 0x24, 0x2E, 0x23, 0xED, 0x1B, 0x2C, 0x22, 0xEC, 0x23, 0x4C,
  0x2C, 0x2F, 0x2C, 0x8F, 0x2C, 0xB0, 0x2C, 0xD0, 0x2C, 0xD0, 0x2C, 0xB0, 0x2C, 0xB0, 0x2C, 0x90,
  0x23, 0xEE, 0x23, 0x4C, 0x1B, 0x2C, 0x23, 0xCE, 0x24, 0x8F, 0x2C, 0xB0, 0x34, 0xD1, 0x3D, 0x11,
  0x3C, 0x91, 0x85, 0x77, 0xAE, 0x5D, 0xA6, 0x5C, 0x9E, 0x1B, 0x5C, 0x92, 0x44, 0xF1, 0x34, 0xF2,
  0x34, 0xF1, 0x34, 0xF1, 0x34, 0xD1, 0x34, 0xD1, 0x34, 0xB0, 0x2C, 0xAF, 0x2C, 0xAF, 0x2C, 0x90,
  0x2C, 0x6F, 0x24, 0x6E, 0x2C, 0x4F, 0x2B, 0xAD, 0x1A, 0xCB, 0x22, 0x4A, 0x2A, 0x2B, 0x2A, 0x0B,
  0x2A, 0x0B, 0x29, 0xEB, 0x31, 0xEB, 0x31, 0xEB, 0x29, 0xCA, 0x29, 0xC9, 0x31, 0xC9, 0x31, 0xC9,
  0x31, 0xCA, 0x29, 0xCA, 0x31, 0xEB, 0x39, 0xEB, 0x3A, 0x0A, 0x3A, 0x2B, 0x3A, 0x4B, 0x42, 0x8C,
  0x53, 0x0F, 0x63, 0x4F, 0xAD, 0xB6, 0xE7, 0x7D, 0xE7, 0x7C, 0xEF, 0x9D, 0xEF, 0xBD, 0xEF, 0xBD,
  0xEF, 0xBD, 0xEF, 0xBD, 0xEF, 0xBD, 0xEF, 0xBD, 0xEF, 0xDD, 0xF7, 0xFE, 0xF7, 0xFE, 0xF7, 0xFE,
  0xF7, 0xFE, 0xF7, 0xFE, 0xF7, 0xFE, 0xF7, 0xFE, 0xF7, 0xDE, 0xF7, 0xDE, 0xF7, 0xDE, 0xF7, 0xDE,
  0xF7, 0xDE, 0xF7, 0xDE, 0xF7, 0xDE, 0xF7, 0xDE, 0xF7, 0xDE, 0xEF, 0xDE, 0xEF, 0xDE, 0xE7, 0xDE,
  0xEF, 0xDE, 0xEF, 0xDE, 0xF7, 0xDE, 0xF7, 0xFE, 0xEF, 0xFE, 0xEF, 0xFE, 0xEF, 0xFE, 0xEF, 0xFE,
  0xEF, 0xDE, 0xEF, 0xDE, 0xEF, 0xDE, 0xEF, 0xDE, 0xEF, 0xBE, 0xEF, 0xBE, 0xEF, 0xBE, 0xEF, 0xBE,
  0xE7, 0xDE, 0xEF, 0xDE, 0xEF, 0xFE, 0xF7, 0xFE, 0xF7, 0xFE, 0xF7, 0xFE, 0xF7, 0xFE, 0xF7, 0xFE,
  0xEF, 0xFE, 0xEF, 0xDE, 0xEF, 0xBE, 0xE7, 0xDE, 0xEF, 0xDE, 0xF7, 0xDE, 0xF7, 0xFE, 0xF7, 0xFE,
  0xFF, 0xFF, 0xFF, 0xFF, 0xF7, 0xDF, 0xF7, 0xBF, 0xEF, 0x9E, 0xE7, 0x7D, 0xE7, 0x3D, 0xAD, 0xB7,
  0x84, 0x73, 0x6B, 0xB2, 0x5B, 0x50, 0x52, 0xCE, 0x4A, 0x8D, 0x42, 0x6D, 0x42, 0x4C, 0x3A, 0x2C,
  0x3A, 0x0B, 0x3A, 0x0A, 0x39, 0xEB, 0x31, 0xEB, 0x31, 0xEA, 0x31, 0xCA, 0x31, 0xAA, 0x31, 0xAA,
  0x31, 0xAA, 0x31, 0xAA, 0x31, 0xAA, 0x31, 0xAA, 0x31, 0xAA, 0x31, 0xAA, 0x31, 0xAA, 0x31, 0xAA,
  0x31, 0xAA, 0x31, 0xAA, 0x31, 0xAA, 0x31, 0xAA, 0x31, 0xAA, 0x31, 0xAA, 0x29, 0xAA, 0x29, 0xAA,
  0x31, 0xAA, 0x31, 0xA9, 0x31, 0xA8, 0x31, 0xA9, 0x31, 0xAA, 0x31, 0xAA, 0x29, 0xAA, 0x31, 0xAA,
  0x29, 0xA9, 0x21, 0x89, 0x29, 0x69, 0x21, 0x68, 0x21, 0x47, 0x21, 0x47, 0x21, 0x46, 0x19, 0x26,
  0x21, 0x26, 0x21, 0x25, 0x21, 0x25, 0x21, 0x24, 0x21, 0x25, 0x21, 0x25, 0x21, 0x25, 0x21, 0x25,
  0x21, 0x25, 0x21, 0x25, 0x21, 0x25, 0x21, 0x25, 0x21, 0x25, 0x21, 0x25, 0x21, 0x25, 0x21, 0x25,
  0x21, 0x25, 0x21, 0x25, 0x21, 0x25, 0x21, 0x25, 0x21, 0x25, 0x21, 0x24, 0x21, 0x26, 0x21, 0x26,
  0x21, 0x26, 0x21, 0x26, 0x21, 0x26, 0x21, 0x26, 0x21, 0x25, 0x21, 0x26, 0x19, 0x47, 0x21, 0x47,
  0x21, 0x68, 0x21, 0x89, 0x29, 0xAA, 0x31, 0xAA, 0x31, 0xAA, 0x31, 0xA9, 0x31, 0xAA, 0x29, 0xAA,
  0x21, 0xAB, 0x29, 0xAB, 0x29, 0xAA, 0x29, 0xAA, 0x21, 0xAA, 0x29, 0xAA, 0x31, 0xAA, 0x31, 0xA9,
  0x29, 0xCA, 0x29, 0xCB, 0x29, 0xCB, 0x29, 0xEB, 0x31, 0xEB, 0x29, 0xEB, 0x2A, 0x2B, 0x2A, 0x0A,
  0x2A, 0x6A, 0x33, 0x2C, 0x33, 0xCD, 0x2C, 0x0E, 0x23, 0xCD, 0x1B, 0x0C, 0x1A, 0xEB, 0x23, 0x2C,
  0x2C, 0x0E, 0x2C, 0x8F, 0x2C, 0x90, 0x2C, 0xB0, 0x2C, 0xD0, 0x2C, 0xD0, 0x2C, 0xB0, 0x2C, 0x90,
  0x1B, 0xEE, 0x23, 0x4D, 0x23, 0x2C, 0x23, 0xAE, 0x2C, 0x90, 0x2C, 0xB0, 0x3C, 0xD1, 0x3D, 0x12,
  0x4C, 0x91, 0x95, 0xB8, 0xB6, 0x7D, 0xAE, 0x5C, 0xAE, 0x5C, 0x74, 0xF4, 0x44, 0xF1, 0x3D, 0x12,
  0x34, 0xF1, 0x34, 0xF1, 0x2C, 0xF1, 0x34, 0xF1, 0x34, 0xD1, 0x34, 0xD1, 0x34, 0xB0, 0x34, 0xAF,
  0x2C, 0x8F, 0x2C, 0x8F, 0x24, 0x4F, 0x2C, 0x0F, 0x22, 0xCB, 0x2A, 0x2A, 0x32, 0x2B, 0x2A, 0x0B,
  0x2A, 0x0B, 0x31, 0xEB, 0x31, 0xEB, 0x31, 0xEA, 0x31, 0xCA, 0x31, 0xA9, 0x31, 0xC8, 0x31, 0xC9,
  0x31, 0xCA, 0x29, 0xCA, 0x31, 0xEB, 0x39, 0xEB, 0x3A, 0x0A, 0x3A, 0x0B, 0x42, 0x4C, 0x42, 0x6C,
  0x52, 0xCE, 0x5B, 0x0E, 0xAD, 0x76, 0xE7, 0x7D, 0xE7, 0x7D, 0xEF, 0x9D, 0xEF, 0x9D, 0xEF, 0x9D,
  0xEF, 0xBD, 0xEF, 0xBD, 0xF7, 0xDD, 0xF7, 0xDD, 0xF7, 0xDD, 0xF7, 0xDD, 0xEF, 0xBD, 0xEF, 0xDE,
  0xF7, 0xDD, 0xEF, 0xDD, 0xF7, 0xDE, 0xF7, 0xDE, 0xF7, 0xDE, 0xF7, 0xDE, 0xEF, 0xDE, 0xF7, 0xDE,
  0xF7, 0xDE, 0xF7, 0xDE, 0xF7, 0xDE, 0xF7, 0xDE, 0xEF, 0xDE, 0xEF, 0xDE, 0xEF, 0xDE, 0xE7, 0xDE,
  0xEF, 0xDE, 0xEF, 0xDE, 0xEF, 0xDE, 0xEF, 0xDE, 0xEF, 0xDE, 0xEF, 0xDE, 0xEF, 0xDE, 0xE7, 0xDE,
  0xEF, 0xDE, 0xEF, 0xDE, 0xEF, 0xDE, 0xEF, 0xBE, 0xEF, 0xBE, 0xEF, 0xBE, 0xEF, 0xBE, 0xEF, 0xBE,
  0xE7, 0xDE, 0xEF, 0xDE, 0xF7, 0xFE, 0xF7, 0xFE, 0xF7, 0xFE, 0xF7, 0xFE, 0xF7, 0xFE, 0xEF, 0xDE,
  0xEF, 0xDE, 0xEF, 0xDE, 0xEF, 0xDE, 0xEF, 0xDE, 0xEF, 0xDE, 0xF7, 0xFE, 0xF7, 0xFE, 0xF7, 0xFE,
  0xFF, 0xFF, 0xFF, 0xFF, 0xF7, 0xBF, 0xF7, 0xBF, 0xEF, 0x9E, 0xE7, 0x5D, 0xD6, 0xDB, 0x9D, 0x35,
  0x7C, 0x34, 0x6B, 0x92, 0x5B, 0x30, 0x52, 0xCE, 0x4A, 0x8D, 0x42, 0x6C, 0x42, 0x2C, 0x3A, 0x2C,
  0x32, 0x0B, 0x39, 0xEA, 0x31, 0xEB, 0x31, 0xEB, 0x31, 0xCA, 0x31, 0xC9, 0x31, 0xAA, 0x31, 0xAA,
  0x31, 0xAA, 0x31, 0xAA, 0x31, 0xAA, 0x31, 0xAA, 0x31, 0xAA, 0x31, 0xAA, 0x31, 0xAA, 0x31, 0xAA,
  0x31, 0xAA, 0x31, 0xAA, 0x31, 0xAA, 0x31, 0xAA, 0x31, 0xAA, 0x31, 0xAA, 0x21, 0xAA, 0x29, 0xAA,
  0x31, 0xAA, 0x29, 0xAA, 0x29, 0xA9, 0x31, 0xA9, 0x31, 0xAA, 0x29, 0xAA, 0x29, 0xAA, 0x31, 0xAA,
  0x29, 0x89, 0x29, 0x68, 0x29, 0x68, 0x21, 0x47, 0x19, 0x46, 0x21, 0x46, 0x19, 0x45, 0x21, 0x46,
  0x19, 0x46, 0x19, 0x26, 0x21, 0x25, 0x21, 0x24, 0x21, 0x25, 0x21, 0x25, 0x21, 0x25, 0x21, 0x25,
  0x21, 0x25, 0x21, 0x25, 0x21, 0x25, 0x21, 0x25, 0x21, 0x25, 0x21, 0x25, 0x21, 0x25, 0x21, 0x25,
  0x21, 0x25, 0x21, 0x25, 0x21, 0x24, 0x21, 0x25, 0x21, 0x25, 0x21, 0x25, 0x21, 0x26, 0x21, 0x26,
  0x21, 0x26, 0x21, 0x26, 0x21, 0x26, 0x21, 0x25, 0x21, 0x26, 0x21, 0x47, 0x21, 0x47, 0x29, 0x68,
  0x29, 0x89, 0x29, 0x8A, 0x29, 0xAA, 0x31, 0xAA, 0x29, 0xAA, 0x31, 0xAA, 0x29, 0xAA, 0x29, 0xA9,
  0x29, 0xAB, 0x29, 0xAB, 0x29, 0xAA, 0x29, 0xAA, 0x21, 0xA9, 0x29, 0xAA, 0x31, 0xAA, 0x29, 0xA9,
  0x21, 0xA9, 0x29, 0xCA, 0x29, 0xCB, 0x29, 0xCB, 0x31, 0xEB, 0x31, 0xEB, 0x2A, 0x0B, 0x2A, 0x2B,
  0x2A, 0x0A, 0x2A, 0x0A, 0x2A, 0x4B, 0x2A, 0xEC, 0x2B, 0x4D, 0x22, 0xEC, 0x22, 0xCC, 0x1A, 0xEC,
  0x23, 0xCE, 0x2C, 0x6F, 0x2C, 0x8F, 0x2C, 0xB0, 0x24, 0xD0, 0x24, 0xD0, 0x2C, 0xB0, 0x2C, 0x90,
  0x24, 0x0F, 0x1B, 0x4D, 0x23, 0x2C, 0x23, 0xAE, 0x34, 0x91, 0x34, 0xB1, 0x3C, 0xD1, 0x45, 0x12,
  0x54, 0x91, 0x9D, 0xFA, 0xB6, 0x9D, 0xAE, 0x7C, 0xB6, 0x7D, 0x8D, 0x77, 0x4C, 0xB1, 0x45, 0x32,
  0x3C, 0xF1, 0x3C, 0xF0, 0x34, 0xF1, 0x34, 0xF1, 0x2C, 0xF1, 0x34, 0xD1, 0x34, 0xD0, 0x34, 0xD0,
  0x2C, 0x90, 0x2C, 0x6F, 0x2C, 0x4F, 0x2B, 0x8D, 0x2A, 0x4A, 0x32, 0x2B, 0x32, 0x2B, 0x32, 0x0B,
  0x31, 0xEB, 0x31, 0xEB, 0x31, 0xEB, 0x31, 0xEA, 0x31, 0xA9, 0x31, 0xA9, 0x31, 0xC8, 0x31, 0xC9,
  0x31, 0xCA, 0x31, 0xCA, 0x31, 0xEB, 0x31, 0xEB, 0x32, 0x0A, 0x3A, 0x0B, 0x3A, 0x2C, 0x3A, 0x4C,
  0x4A, 0x8D, 0x52, 0xCD, 0x94, 0xB3, 0xC6, 0x7A, 0xC6, 0x79, 0xCE, 0xBA, 0xD6, 0xDA, 0xCE, 0xDA,
  0xD6, 0xDA, 0xD6, 0xFA, 0xD6, 0xFA, 0xD6, 0xFB, 0xDF, 0x3B, 0xE7, 0x5C, 0xE7, 0x9D, 0xEF, 0xBE,
  0xF7, 0xDE, 0xF7, 0xDE, 0xEF, 0xDD, 0xEF, 0xBD, 0xEF, 0xBE, 0xEF, 0xBE, 0xEF, 0xBE, 0xEF, 0xBE,
  0xEF, 0xDE, 0xF7, 0xDE, 0xF7, 0xDE, 0xF7, 0xDE, 0xEF, 0xDE, 0xE7, 0xDE, 0xEF, 0xDE, 0xEF, 0xDE,
  0xEF, 0xDE, 0xE7, 0xDE, 0xEF, 0xDE, 0xEF, 0xDE, 0xEF, 0xDE, 0xEF, 0xBE, 0xEF, 0xBE, 0xEF, 0xDE,
  0xEF, 0xDE, 0xEF, 0xBE, 0xEF, 0xBE, 0xEF, 0xBD, 0xEF, 0xBD, 0xEF, 0xBE, 0xEF, 0xBE, 0xEF, 0xBE,
  0xEF, 0xDE, 0xE7, 0xDE, 0xEF, 0xFE, 0xF7, 0xFE, 0xF7, 0xFE, 0xF7, 0xFE, 0xF7, 0xFE, 0xEF, 0xDE,
  0xE7, 0xDE, 0xEF, 0xDE, 0xEF, 0xDE, 0xEF, 0xDE, 0xE7, 0xDE, 0xEF, 0xDE, 0xEF, 0xDE, 0xEF, 0xDE,
  0xF7, 0xDF, 0xF7, 0xDF, 0xF7, 0xDE, 0xEF, 0x9E, 0xEF, 0x7D, 0xE7, 0x3D, 0xCE, 0x7B, 0x94, 0xF5,
  0x7C, 0x13, 0x6B, 0x71, 0x5B, 0x10, 0x52, 0xCE, 0x4A, 0x8D, 0x42, 0x4C, 0x42, 0x2C, 0x3A, 0x2C,
  0x32, 0x0B, 0x3A, 0x0A, 0x31, 0xEB, 0x29, 0xEB, 0x31, 0xCB, 0x31, 0xCA, 0x31, 0xA9, 0x31, 0xAA,
  0x31, 0xAA, 0x31, 0xAA, 0x31, 0xAA, 0x31, 0xAA, 0x31, 0xAA, 0x31, 0xAA, 0x31, 0xAA, 0x31, 0xAA,
  0x31, 0xAA, 0x31, 0xAA, 0x31, 0xAA, 0x31, 0xAA, 0x31, 0xAA, 0x31, 0xAA, 0x29, 0xAA, 0x29, 0xAA,
  0x31, 0xAA, 0x31, 0xAA, 0x29, 0xA9, 0x31, 0xAA, 0x31, 0xA9, 0x29, 0xAA, 0x29, 0xA9, 0x29, 0x89,
  0x29, 0x69, 0x29, 0x68, 0x21, 0x47, 0x21, 0x46, 0x21, 0x46, 0x21, 0x25, 0x21, 0x25, 0x21, 0x25,
  0x21, 0x25, 0x21, 0x46, 0x21, 0x25, 0x21, 0x24, 0x21, 0x25, 0x21, 0x25, 0x21, 0x25, 0x21, 0x25,
  0x21, 0x25, 0x21, 0x25, 0x21, 0x25, 0x21, 0x25, 0x21, 0x25, 0x21, 0x25, 0x21, 0x25, 0x21, 0x25,
  0x21, 0x25, 0x21, 0x25, 0x21, 0x24, 0x21, 0x25, 0x21, 0x25, 0x21, 0x25, 0x21, 0x25, 0x21, 0x25,
  0x21, 0x26, 0x21, 0x26, 0x21, 0x25, 0x21, 0x26, 0x21, 0x46, 0x21, 0x47, 0x29, 0x68, 0x21, 0x89,
  0x29, 0x8A, 0x31, 0xAA, 0x31, 0xAA, 0x29, 0xAA, 0x21, 0xAA, 0x29, 0xAA, 0x29, 0xAA, 0x29, 0xAA,
  0x29, 0xAB, 0x29, 0xAA, 0x29, 0xAA, 0x29, 0xAA, 0x21, 0xAA, 0x29, 0xAA, 0x29, 0xA9, 0x21, 0xA9,
  0x29, 0xA9, 0x29, 0xAA, 0x29, 0xCA, 0x29, 0xCB, 0x31, 0xEB, 0x31, 0xEB, 0x29, 0xEB, 0x2A, 0x0B,
  0x2A, 0x0B, 0x2A, 0x2B, 0x2A, 0x2A, 0x22, 0x0A, 0x22, 0x2A, 0x22, 0x6A, 0x22, 0x8A, 0x22, 0xCB,
  0x2B, 0xAD, 0x2C, 0x2F, 0x24, 0x4E, 0x2C, 0x8F, 0x2C, 0xB0, 0x2C, 0xB0, 0x2C, 0xB0, 0x2C, 0x90,
  0x24, 0x2F, 0x23, 0x4D, 0x2B, 0x2D, 0x2B, 0x8D, 0x2C, 0x70, 0x34, 0xB1, 0x3C, 0xF2, 0x45, 0x12,
  0x64, 0xB2, 0xAE, 0x3B, 0xBE, 0xBD, 0xBE, 0x9D, 0xBE, 0x9D, 0xA5, 0xFA, 0x5C, 0xB2, 0x45, 0x33,
  0x3C, 0xF1, 0x3C, 0xF1, 0x3C, 0xF1, 0x3C, 0xF1, 0x34, 0xF1, 0x34, 0xF1, 0x2C, 0xD1, 0x34, 0xD1,
  0x34, 0x90, 0x34, 0x6F, 0x34, 0x2E, 0x22, 0xCB, 0x2A, 0x4A, 0x32, 0x4B, 0x32, 0x2B, 0x32, 0x0B,
  0x31, 0xEA, 0x31, 0xEB, 0x31, 0xEA, 0x29, 0xCA, 0x31, 0xA9, 0x31, 0xA9, 0x31, 0xC9, 0x31, 0xC9,
  0x31, 0xCA, 0x31, 0xCA, 0x31, 0xCA, 0x29, 0xEB, 0x31, 0xEB, 0x39, 0xEB, 0x32, 0x0B, 0x3A, 0x2C,
  0x42, 0x6C, 0x4A, 0xAC, 0x52, 0xCD, 0x5B, 0x2F, 0x6B, 0x91, 0x6B, 0xB1, 0x73, 0xF2, 0x7C, 0x12,
  0x7C, 0x13, 0x7C, 0x33, 0x7C, 0x53, 0x84, 0x74, 0x8C, 0x94, 0x8C, 0xD4, 0x9D, 0x15, 0xA5, 0x76,
  0xBE, 0x39, 0xCE, 0xDA, 0xDF, 0x5C, 0xEF, 0xBE, 0xEF, 0xDE, 0xEF, 0xBE, 0xEF, 0x9D, 0xE7, 0x9D,
  0xE7, 0xBE, 0xEF, 0xDE, 0xEF, 0xDE, 0xF7, 0xDE, 0xEF, 0xDE, 0xEF, 0xDE, 0xEF, 0xDE, 0xEF, 0xDE,
  0xEF, 0xDE, 0xEF, 0xBE, 0xEF, 0xBE, 0xEF, 0xBD, 0xEF, 0xBD, 0xEF, 0xBE, 0xEF, 0xBE, 0xEF, 0xBD,
  0xEF, 0xBD, 0xEF, 0xBD, 0xEF, 0xBD, 0xEF, 0xBE, 0xEF, 0x9E, 0xEF, 0x9E, 0xEF, 0x9E, 0xEF, 0xBE,
  0xEF, 0xDE, 0xEF, 0xDE, 0xEF, 0xDE, 0xEF, 0xDE, 0xEF, 0xDE, 0xEF, 0xDE, 0xEF, 0xDE, 0xEF, 0xDE,
  0xEF, 0xBE, 0xEF, 0xBE, 0xEF, 0xBE, 0xEF, 0xBE, 0xEF, 0xBE, 0xEF, 0xBE, 0xEF, 0xBE, 0xEF, 0xBE,
  0xF7, 0xDF, 0xF7, 0xBF, 0xEF, 0xBE, 0xE7, 0x9D, 0xE7, 0x5D, 0xDF, 0x1D, 0xBE, 0x39, 0x8C, 0xD4,
  0x7C, 0x13, 0x63, 0x71, 0x5B, 0x10, 0x52, 0xAE, 0x4A, 0x8D, 0x42, 0x6C, 0x42, 0x2C, 0x3A, 0x2C,
  0x32, 0x0B, 0x3A, 0x0A, 0x31, 0xEB, 0x29, 0xEB, 0x31, 0xCA, 0x31, 0xCA, 0x31, 0xAA, 0x31, 0xAA,
  0x31, 0xAA, 0x31, 0xAA, 0x31, 0xAA, 0x31, 0xAA, 0x31, 0xAA, 0x31, 0xAA, 0x31, 0xAA, 0x31, 0xAA,
  0x31, 0xAA, 0x31, 0xAA, 0x31, 0xAA, 0x31, 0xAA, 0x31, 0xAA, 0x31, 0xAA, 0x31, 0xAA, 0x31, 0xAA,
  0x31, 0xAA, 0x31, 0xA9, 0x31, 0xAA, 0x31, 0xA9, 0x31, 0xA9, 0x31, 0xAA, 0x29, 0xA9, 0x29, 0x88,
  0x29, 0x68, 0x29, 0x67, 0x21, 0x46, 0x21, 0x46, 0x19, 0x46, 0x21, 0x25, 0x29, 0x45, 0x29, 0x45,
  0x29, 0x45, 0x29, 0x46, 0x21, 0x26, 0x19, 0x25, 0x21, 0x24, 0x21, 0x25, 0x21, 0x25, 0x21, 0x25,
  0x21, 0x25, 0x21, 0x25, 0x21, 0x25, 0x21, 0x25, 0x21, 0x25, 0x21, 0x25, 0x21, 0x25, 0x21, 0x25,
  0x21, 0x25, 0x21, 0x25, 0x21, 0x25, 0x21, 0x25, 0x21, 0x24, 0x21, 0x25, 0x21, 0x24, 0x21, 0x25,
  0x21, 0x26, 0x21, 0x26, 0x21, 0x26, 0x19, 0x47, 0x21, 0x47, 0x29, 0x68, 0x29, 0x89, 0x29, 0x8A,
  0x31, 0xAA, 0x31, 0xAA, 0x31, 0xAA, 0x29, 0xAA, 0x21, 0xAA, 0x29, 0xAA, 0x29, 0xAA, 0x29, 0xAA,
  0x29, 0xAB, 0x29, 0xAA, 0x29, 0xA9, 0x29, 0xAA, 0x29, 0xAA, 0x21, 0xAA, 0x29, 0xAA, 0x29, 0xA9,
  0x29, 0xA8, 0x21, 0xA9, 0x29, 0xAA, 0x29, 0xCA, 0x31, 0xCB, 0x31, 0xEB, 0x29, 0xEB, 0x29, 0xEB,
  0x2A, 0x0B, 0x32, 0x0B, 0x32, 0x0B, 0x2A, 0x2B, 0x2A, 0x0B, 0x2A, 0x2A, 0x22, 0x2A, 0x2A, 0x6A,
  0x2B, 0x0C, 0x33, 0xEE, 0x2C, 0x4F, 0x2C, 0x6F, 0x34, 0x90, 0x34, 0xB0, 0x2C, 0xB0, 0x2C, 0x90,
  0x2C, 0x4F, 0x23, 0x6D, 0x23, 0x2D, 0x2B, 0x6D, 0x34, 0x50, 0x34, 0xD1, 0x44, 0xF1, 0x4C, 0xF2,
  0x74, 0xD3, 0xBE, 0x9C, 0xD7, 0x1D, 0xDF, 0x3E, 0xCE, 0xFD, 0xBE, 0x9B, 0x74, 0xF3, 0x4C, 0xF2,
  0x45, 0x12, 0x3C, 0xF2, 0x34, 0xF1, 0x3C, 0xF1, 0x3C, 0xF1, 0x34, 0xD1, 0x34, 0xD1, 0x34, 0xB0,
  0x2C, 0x8F, 0x34, 0x6F, 0x33, 0x6D, 0x2A, 0x6A, 0x32, 0x4B, 0x32, 0x2B, 0x32, 0x0B, 0x32, 0x0B,
  0x31, 0xEB, 0x31, 0xEB, 0x31, 0xC9, 0x29, 0xCA, 0x29, 0xC9, 0x31, 0xA8, 0x31, 0xC9, 0x31, 0xCA,
  0x31, 0xCA, 0x31, 0xC9, 0x31, 0xCA, 0x29, 0xEB, 0x31, 0xEB, 0x39, 0xEA, 0x3A, 0x0B, 0x32, 0x0B,
  0x3A, 0x2B, 0x42, 0x4C, 0x42, 0x6C, 0x4A, 0xAE, 0x53, 0x0F, 0x5B, 0x50, 0x63, 0x50, 0x63, 0x50,
  0x63, 0x71, 0x63, 0x71, 0x63, 0x91, 0x6B, 0x91, 0x6B, 0xB2, 0x6B, 0xB2, 0x6B, 0xD1, 0x73, 0xD1,
  0x74, 0x12, 0x7C, 0x52, 0x8C, 0xD4, 0xAD, 0x96, 0xC6, 0x59, 0xDF, 0x1B, 0xE7, 0x7D, 0xEF, 0x7E,
  0xEF, 0x7D, 0xE7, 0x9D, 0xEF, 0xBD, 0xEF, 0xBD, 0xE7, 0xBE, 0xEF, 0xBE, 0xEF, 0xBD, 0xE7, 0xBD,
  0xE7, 0xBD, 0xEF, 0xBD, 0xEF, 0x9D, 0xE7, 0x9C, 0xE7, 0x9C, 0xE7, 0x9D, 0xE7, 0x9D, 0xE7, 0x9D,
  0xE7, 0x9D, 0xE7, 0x9C, 0xE7, 0x9C, 0xE7, 0x9D, 0xE7, 0x7D, 0xEF, 0x7D, 0xEF, 0x9D, 0xEF, 0xBD,
  0xE7, 0xBE, 0xE7, 0xBE, 0xE7, 0xDE, 0xE7, 0xDE, 0xE7, 0xDE, 0xE7, 0xDE, 0xE7, 0xBE, 0xEF, 0xBE,
  0xEF, 0x9E, 0xE7, 0x9E, 0xE7, 0xBE, 0xE7, 0xBE, 0xE7, 0x9D, 0xE7, 0x9D, 0xE7, 0x9D, 0xE7, 0x9D,
  0xEF, 0xBF, 0xEF, 0x9F, 0xEF, 0x7E, 0xE7, 0x7D, 0xDF, 0x3D, 0xD6, 0xFC, 0xBE, 0x19, 0x8C, 0xB5,
  0x7C, 0x13, 0x63, 0x71, 0x53, 0x0F, 0x4A, 0xAE, 0x42, 0x6D, 0x42, 0x4C, 0x42, 0x2C, 0x3A, 0x2C,
  0x32, 0x0B, 0x3A, 0x0A, 0x31, 0xEB, 0x29, 0xEB, 0x31, 0xCA, 0x31, 0xC9, 0x31, 0xCA, 0x31, 0xAA,
  0x31, 0xAA, 0x31, 0xAA, 0x31, 0xAA, 0x31, 0xAA, 0x31, 0xAA, 0x31, 0xAA, 0x31, 0xAA, 0x31, 0xAA,
  0x31, 0xAA, 0x31, 0xAA, 0x31, 0xAA, 0x31, 0xAA, 0x31, 0xAA, 0x31, 0xAA, 0x31, 0xAA, 0x31, 0xAA,
  0x31, 0xAA, 0x31, 0xA9, 0x31, 0xA9, 0x31, 0xAA, 0x31, 0xA9, 0x31, 0x89, 0x29, 0x89, 0x21, 0x68,
  0x29, 0x67, 0x21, 0x47, 0x19, 0x46, 0x21, 0x45, 0x29, 0x45, 0x29, 0x45, 0x29, 0x46, 0x29, 0x46,
  0x29, 0x46, 0x29, 0x45, 0x21, 0x26, 0x19, 0x25, 0x21, 0x24, 0x21, 0x25, 0x21, 0x25, 0x21, 0x25,
  0x21, 0x25, 0x21, 0x25, 0x21, 0x25, 0x21, 0x25, 0x21, 0x25, 0x21, 0x25, 0x21, 0x25, 0x21, 0x25,
  0x21, 0x25, 0x21, 0x25, 0x21, 0x25, 0x21, 0x25, 0x21, 0x24, 0x21, 0x25, 0x21, 0x25, 0x21, 0x25,
  0x19, 0x26, 0x19, 0x46, 0x21, 0x47, 0x21, 0x47, 0x29, 0x68, 0x29, 0x89, 0x29, 0xAA, 0x29, 0xAA,
  0x29, 0xAA, 0x29, 0xAA, 0x31, 0xAA, 0x29, 0xAA, 0x21, 0xAA, 0x29, 0xAA, 0x29, 0xAA, 0x21, 0xAA,
  0x21, 0xAA, 0x29, 0xAA, 0x29, 0xA9, 0x29, 0xAA, 0x29, 0xAA, 0x29, 0xAA, 0x29, 0xAA, 0x29, 0xAA,
  0x29, 0xA9, 0x29, 0xA8, 0x29, 0xA9, 0x29, 0xA9, 0x31, 0xCA, 0x31, 0xCB, 0x31, 0xEB, 0x29, 0xEB,
  0x29, 0xEB, 0x32, 0x0B, 0x32, 0x0B, 0x32, 0x0B, 0x32, 0x0B, 0x32, 0x2B, 0x2A, 0x2B, 0x2A, 0x2B,
  0x2A, 0x4A, 0x2A, 0xCB, 0x33, 0xAD, 0x34, 0x4F, 0x34, 0x6F, 0x2C, 0x90, 0x34, 0x90, 0x34, 0x90,
  0x2C, 0x4F, 0x23, 0x8D, 0x23, 0x2D, 0x2B, 0x4D, 0x34, 0x30, 0x3C, 0xD1, 0x45, 0x12, 0x4C, 0xB1,
  0x8D, 0x55, 0xDF, 0x5E, 0xE7, 0x9E, 0xF7, 0xBF, 0xEF, 0x9E, 0xE7, 0x7D, 0x9D, 0xD6, 0x54, 0x91,
  0x4D, 0x33, 0x3C, 0xF1, 0x3C, 0xF1, 0x3C, 0xF1, 0x3C, 0xF1, 0x3C, 0xD1, 0x3C, 0xB1, 0x3C, 0x90,
  0x34, 0x6F, 0x33, 0xEE, 0x2A, 0x8A, 0x32, 0x4B, 0x32, 0x2B, 0x32, 0x2A, 0x32, 0x0B, 0x32, 0x0B,
  0x31, 0xEB, 0x31, 0xEB, 0x31, 0xCA, 0x29, 0xCA, 0x29, 0xA9, 0x31, 0xAA, 0x31, 0xCA, 0x31, 0xCA,
  0x31, 0xCA, 0x31, 0xCA, 0x31, 0xCA, 0x31, 0xCA, 0x29, 0xEA, 0x31, 0xEB, 0x39, 0xEB, 0x3A, 0x0B,
  0x3A, 0x0B, 0x3A, 0x2B, 0x42, 0x2B, 0x42, 0x4C, 0x42, 0x8D, 0x4A, 0xAD, 0x4A, 0xCE, 0x4A, 0xCE,
  0x52, 0xCE, 0x52, 0xEE, 0x52, 0xEF, 0x52, 0xEF, 0x53, 0x0F, 0x5B, 0x2F, 0x5B, 0x50, 0x63, 0x50,
  0x63, 0x71, 0x6B, 0x91, 0x6B, 0xB1, 0x73, 0xD1, 0x74, 0x12, 0x8C, 0x94, 0x9D, 0x15, 0xAD, 0xB7,
  0xC6, 0x39, 0xC6, 0x9A, 0xCE, 0x99, 0xCE, 0xBA, 0xCE, 0xBA, 0xCE, 0xDA, 0xCE, 0xDA, 0xCE, 0xDA,
  0xD6, 0xFA, 0xDE, 0xFA, 0xD6, 0xFA, 0xD6, 0xFA, 0xD6, 0xFA, 0xD6, 0xFA, 0xD6, 0xFA, 0xD6, 0xFA,
  0xD6, 0xFA, 0xD6, 0xFA, 0xD7, 0x1B, 0xD7, 0x1B, 0xD7, 0x1B, 0xD7, 0x1B, 0xD7, 0x1B, 0xD7, 0x1B,
  0xDF, 0x1B, 0xDF, 0x1B, 0xDF, 0x1B, 0xDF, 0x1B, 0xDF, 0x1B, 0xDF, 0x1B, 0xDF, 0x1B, 0xD7, 0x1B,
  0xD7, 0x3B, 0xDF, 0x1B, 0xDF, 0x1B, 0xDF, 0x1B, 0xDF, 0x1B, 0xDF, 0x3B, 0xDF, 0x3B, 0xDF, 0x3B,
  0xE7, 0x9F, 0xEF, 0x9E, 0xE7, 0x7E, 0xE7, 0x7D, 0xDF, 0x3D, 0xD6, 0xFC, 0xBE, 0x3A, 0x8C, 0xD5,
  0x7C, 0x13, 0x6B, 0x71, 0x5B, 0x0F, 0x4A, 0xCE, 0x42, 0x8D, 0x42, 0x6D, 0x42, 0x2C, 0x3A, 0x2C,
  0x32, 0x0B, 0x3A, 0x0A, 0x31, 0xEB, 0x29, 0xEB, 0x31, 0xCA, 0x31, 0xC9, 0x31, 0xCA, 0x31, 0xCA,
  0x31, 0xAA, 0x31, 0xAA, 0x31, 0xAA, 0x31, 0xAA, 0x31, 0xAA, 0x31, 0xAA, 0x31, 0xAA, 0x31, 0xAA,
  0x31, 0xAA, 0x31, 0xAA, 0x31, 0xAA, 0x31, 0xAA, 0x31, 0xAA, 0x31, 0xAA, 0x31, 0xAA, 0x31, 0xAA,
  0x31, 0xAA, 0x31, 0xAA, 0x31, 0xAA, 0x31, 0xAA, 0x31, 0x89, 0x31, 0x88, 0x29, 0x88, 0x29, 0x67,
  0x29, 0x47, 0x21, 0x47, 0x19, 0x46, 0x21, 0x46, 0x29, 0x46, 0x29, 0x46, 0x29, 0x45, 0x29, 0x66,
  0x29, 0x66, 0x29, 0x66, 0x21, 0x46, 0x19, 0x26, 0x21, 0x25, 0x21, 0x25, 0x21, 0x25, 0x21, 0x25,
  0x21, 0x25, 0x21, 0x25, 0x21, 0x25, 0x21, 0x25, 0x21, 0x25, 0x21, 0x25, 0x21, 0x25, 0x21, 0x25,
  0x21, 0x25, 0x21, 0x25, 0x21, 0x24, 0x21, 0x24, 0x21, 0x24, 0x21, 0x25, 0x21, 0x26, 0x21, 0x26,
  0x21, 0x26, 0x21, 0x47, 0x21, 0x68, 0x29, 0x69, 0x21, 0x89, 0x29, 0x8A, 0x29, 0x8A, 0x21, 0xAA,
  0x29, 0xAA, 0x29, 0xAA, 0x31, 0xAA, 0x29, 0xAA, 0x21, 0xAA, 0x29, 0xAA, 0x29, 0xAA, 0x29, 0xAA,
  0x29, 0xA9, 0x29, 0xAA, 0x29, 0xAA, 0x21, 0xAA, 0x29, 0xAA, 0x29, 0xAA, 0x21, 0xAA, 0x29, 0xAA,
  0x29, 0xAA, 0x29, 0xA9, 0x29, 0xA8, 0x29, 0xA9, 0x31, 0xCA, 0x29, 0xCB, 0x29, 0xCB, 0x31, 0xEB,
  0x31, 0xEB, 0x31, 0xEB, 0x32, 0x0B, 0x32, 0x0B, 0x32, 0x0B, 0x32, 0x0B, 0x32, 0x2B, 0x32, 0x2B,
  0x32, 0x4B, 0x2A, 0x4B, 0x2A, 0x8A, 0x33, 0x6D, 0x34, 0x2F, 0x34, 0x4F, 0x2C, 0x70, 0x34, 0x90,
  0x34, 0x4F, 0x23, 0xAD, 0x23, 0x2C, 0x2B, 0x4D, 0x33, 0xEF, 0x3C, 0xB1, 0x45, 0x12, 0x54, 0x91,
  0xB6, 0x38, 0xEF, 0xBE, 0xEF, 0x9E, 0xF7, 0xBE, 0xEF, 0xBE, 0xEF, 0xBD, 0xD6, 0xFB, 0x64, 0x91,
  0x4D, 0x12, 0x45, 0x12, 0x3C, 0xF1, 0x34, 0xF0, 0x3C, 0xD1, 0x3C, 0xD1, 0x3C, 0xB0, 0x34, 0x6F,
  0x34, 0x2E, 0x2A, 0xEB, 0x32, 0x4B, 0x32, 0x4B, 0x2A, 0x2B, 0x32, 0x2B, 0x32, 0x0A, 0x32, 0x0B,
  0x31, 0xEB, 0x31, 0xEB, 0x31, 0xCA, 0x31, 0xCA, 0x31, 0xAA, 0x31, 0x89, 0x31, 0xAA, 0x31, 0xCA,
  0x31, 0xCA, 0x31, 0xCA, 0x31, 0xCA, 0x31, 0xC9, 0x31, 0xEA, 0x31, 0xCA, 0x31, 0xEA, 0x31, 0xEB,
  0x31, 0xEB, 0x32, 0x0A, 0x3A, 0x0B, 0x3A, 0x2B, 0x42, 0x4C, 0x42, 0x6C, 0x4A, 0x6D, 0x42, 0x8D,
  0x4A, 0x8D, 0x4A, 0x8E, 0x4A, 0xAE, 0x4A, 0xAE, 0x4A, 0xAE, 0x52, 0xAE, 0x52, 0xCE, 0x52, 0xCF,
  0x52, 0xEF, 0x5B, 0x30, 0x5B, 0x30, 0x63, 0x70, 0x6B, 0x91, 0x6B, 0xB1, 0x6B, 0xB1, 0x7C, 0x12,
  0x84, 0x73, 0x9D, 0x15, 0xAD, 0xB6, 0xBE, 0x18, 0xBE, 0x38, 0xC6, 0x58, 0xC6, 0x79, 0xC6, 0x99,
  0xCE, 0x99, 0xCE, 0x99, 0xCE, 0x99, 0xCE, 0xB9, 0xCE, 0xB9, 0xCE, 0xB9, 0xCE, 0xB9, 0xCE, 0xB9,
  0xD6, 0xB9, 0xCE, 0xB9, 0xCE, 0xDA, 0xCE, 0xDA, 0xD6, 0xDA, 0xCE, 0xDA, 0xCE, 0xDA, 0xCE, 0xDA,
  0xD6, 0xDA, 0xD6, 0xDA, 0xD6, 0xDA, 0xD6, 0xDA, 0xD6, 0xDA, 0xD6, 0xDA, 0xD6, 0xDA, 0xD6, 0xDA,
  0xCE, 0xFA, 0xD6, 0xDA, 0xD6, 0xDA, 0xD6, 0xDA, 0xD6, 0xDA, 0xD6, 0xFA, 0xD6, 0xFA, 0xD6, 0xFA,
  0xEF, 0xBF, 0xEF, 0x9E, 0xE7, 0x7E, 0xE7, 0x5D, 0xDF, 0x1D, 0xD6, 0xFC, 0xCE, 0x7B, 0x9D, 0x15,
  0x7C, 0x33, 0x6B, 0x92, 0x5B, 0x30, 0x52, 0xCE, 0x4A, 0x8E, 0x42, 0x6D, 0x42, 0x4C, 0x3A, 0x2C,
  0x32, 0x0B, 0x3A, 0x0A, 0x31, 0xEB, 0x31, 0xEB, 0x31, 0xCA, 0x31, 0xCA, 0x31, 0xC9, 0x31, 0xCA,
  0x31, 0xAA, 0x31, 0xAA, 0x31, 0xAA, 0x31, 0xAA, 0x31, 0xAA, 0x31, 0xAA, 0x31, 0xAA, 0x31, 0xAA,
  0x31, 0xAA, 0x31, 0xAA, 0x31, 0xAA, 0x31, 0xAA, 0x31, 0xCA, 0x31, 0xCA, 0x31, 0xCA, 0x31, 0xCA,
  0x31, 0xCA, 0x31, 0xAA, 0x31, 0xAA, 0x31, 0xA9, 0x31, 0xA9, 0x29, 0x88, 0x21, 0x67, 0x29, 0x67,
  0x29, 0x66, 0x21, 0x47, 0x21, 0x66, 0x29, 0x67, 0x29, 0x67, 0x29, 0x67, 0x29, 0x67, 0x29, 0x67,
  0x29, 0x68, 0x29, 0x68, 0x29, 0x67, 0x21, 0x47, 0x19, 0x26, 0x21, 0x25, 0x21, 0x24, 0x21, 0x25,
  0x21, 0x25, 0x21, 0x25, 0x21, 0x25, 0x21, 0x25, 0x21, 0x25, 0x21, 0x25, 0x21, 0x25, 0x21, 0x25,
  0x21, 0x25, 0x21, 0x25, 0x21, 0x25, 0x21, 0x25, 0x21, 0x25, 0x21, 0x26, 0x19, 0x26, 0x21, 0x46,
  0x29, 0x47, 0x29, 0x67, 0x29, 0x88, 0x29, 0x89, 0x29, 0x8A, 0x29, 0x8A, 0x21, 0xAA, 0x29, 0xAA,
  0x29, 0xAA, 0x29, 0xAA, 0x29, 0xAA, 0x29, 0xAA, 0x31, 0xAA, 0x31, 0xAA, 0x31, 0xAA, 0x31, 0xAA,
  0x31, 0xAA, 0x31, 0xAA, 0x31, 0xAA, 0x29, 0xAA, 0x29, 0xAA, 0x31, 0xAA, 0x29, 0xAA, 0x29, 0xAA,
  0x29, 0xAA, 0x29, 0xAA, 0x29, 0xA9, 0x29, 0xA9, 0x29, 0xAA, 0x29, 0xCA, 0x21, 0xCA, 0x29, 0xCB,
  0x31, 0xEB, 0x31, 0xEB, 0x31, 0xEB, 0x32, 0x0B, 0x32, 0x0B, 0x32, 0x0B, 0x32, 0x0A, 0x32, 0x0B,
  0x32, 0x2B, 0x32, 0x2B, 0x32, 0x4B, 0x32, 0x4B, 0x33, 0x0C, 0x3B, 0xEE, 0x3C, 0x4F, 0x34, 0x4F,
  0x34, 0x70, 0x2B, 0xCE, 0x2B, 0x4C, 0x2B, 0x4C, 0x33, 0xCE, 0x44, 0xB1, 0x4D, 0x12, 0x6C, 0xB2,
  0xD6, 0xFB, 0xEF, 0x9E, 0xEF, 0x9E, 0xF7, 0xBE, 0xF7, 0xBE, 0xEF, 0x9D, 0xEF, 0x7D, 0x8D, 0x54,
  0x54, 0xD1, 0x45, 0x32, 0x45, 0x12, 0x3C, 0xF1, 0x3C, 0xD0, 0x3C, 0xD1, 0x3C, 0x8F, 0x3C, 0x4F,
  0x33, 0x2C, 0x32, 0x4B, 0x3A, 0x4C, 0x32, 0x2B, 0x2A, 0x2B, 0x32, 0x0A, 0x32, 0x0B, 0x32, 0x0B,
  0x31, 0xEB, 0x31, 0xEB, 0x31, 0xCA, 0x29, 0xC9, 0x29, 0xC9, 0x31, 0xC9, 0x31, 0xCA, 0x31, 0xCA,
  0x31, 0xAA, 0x31, 0xAA, 0x31, 0xCA, 0x31, 0xCA, 0x31, 0xCA, 0x31, 0xC9, 0x29, 0xC9, 0x31, 0xEA,
  0x29, 0xCB, 0x31, 0xCA, 0x31, 0xEA, 0x39, 0xEA, 0x3A, 0x2B, 0x3A, 0x2C, 0x3A, 0x2C, 0x3A, 0x4C,
  0x42, 0x4C, 0x42, 0x4C, 0x42, 0x4D, 0x42, 0x4D, 0x42, 0x6D, 0x42, 0x6D, 0x42, 0x6D, 0x42, 0x8D,
  0x4A, 0xAD, 0x4A, 0xAE, 0x52, 0xCE, 0x52, 0xEF, 0x53, 0x0F, 0x5B, 0x2F, 0x63, 0x50, 0x6B, 0x91,
  0x6B, 0x91, 0x73, 0xD1, 0x7C, 0x52, 0x94, 0xD4, 0xAD, 0xB6, 0xBD, 0xF7, 0xBE, 0x17, 0xBE, 0x58,
  0xC6, 0x79, 0xCE, 0x79, 0xCE, 0x79, 0xCE, 0x79, 0xCE, 0x79, 0xCE, 0x99, 0xCE, 0x99, 0xCE, 0x99,
  0xCE, 0xBA, 0xCE, 0xBA, 0xCE, 0xBA, 0xCE, 0xBA, 0xD6, 0xBA, 0xCE, 0x9A, 0xCE, 0xBA, 0xCE, 0xBA,
  0xD6, 0xBA, 0xD6, 0xBA, 0xD6, 0xBA, 0xD6, 0xDA, 0xD6, 0xDA, 0xD6, 0xDA, 0xD6, 0xDA, 0xD6, 0xDA,
  0xD6, 0xBA, 0xD6, 0xDA, 0xD6, 0xDA, 0xD6, 0xDA, 0xD6, 0xDA, 0xD6, 0xDA, 0xD6, 0xDA, 0xD6, 0xDA,
  0xEF, 0x9E, 0xE7, 0x9E, 0xDF, 0x7E, 0xE7, 0x5D, 0xDF, 0x3D, 0xD6, 0xFC, 0xCE, 0x9B, 0xA5, 0x57,
  0x84, 0x54, 0x6B, 0xD2, 0x5B, 0x50, 0x52, 0xCF, 0x4A, 0x8E, 0x42, 0x6D, 0x42, 0x4C, 0x42, 0x2C,
  0x3A, 0x0B, 0x3A, 0x0A, 0x39, 0xEB, 0x31, 0xEB, 0x31, 0xEB, 0x31, 0xCA, 0x31, 0xCA, 0x31, 0xC9,
  0x31, 0xAA, 0x31, 0xAA, 0x31, 0xAA, 0x31, 0xAA, 0x31, 0xAA, 0x31, 0xAA, 0x31, 0xAA, 0x31, 0xAA,
  0x31, 0xAA, 0x31, 0xCA, 0x31, 0xCA, 0x31, 0xCA, 0x31, 0xCA, 0x31, 0xC9, 0x31, 0xCA, 0x31, 0xCA,
  0x31, 0xC9, 0x31, 0xCA, 0x31, 0xAA, 0x31, 0xA9, 0x31, 0x88, 0x29, 0x88, 0x21, 0x87, 0x21, 0x66,
  0x29, 0x67, 0x29, 0x67, 0x21, 0x67, 0x29, 0x67, 0x29, 0x88, 0x29, 0x88, 0x29, 0x88, 0x29, 0x88,
  0x29, 0x88, 0x29, 0x89, 0x29, 0x68, 0x21, 0x47, 0x21, 0x26, 0x21, 0x25, 0x21, 0x25, 0x21, 0x25,
  0x21, 0x25, 0x21, 0x25, 0x21, 0x25, 0x21, 0x25, 0x21, 0x25, 0x21, 0x25, 0x21, 0x25, 0x21, 0x25,
  0x21, 0x24, 0x21, 0x25, 0x21, 0x26, 0x21, 0x26, 0x21, 0x26, 0x21, 0x26, 0x19, 0x47, 0x21, 0x47,
  0x29, 0x48, 0x29, 0x68, 0x21, 0x89, 0x29, 0x89, 0x31, 0xAA, 0x31, 0xAA, 0x29, 0xAA, 0x29, 0xAA,
  0x29, 0xAA, 0x29, 0xAA, 0x21, 0xAA, 0x29, 0xAA, 0x29, 0xAA, 0x29, 0xAA, 0x29, 0xAA, 0x29, 0xAA,
  0x29, 0xAA, 0x29, 0xAA, 0x31, 0xAA, 0x31, 0xAA, 0x31, 0xAA, 0x31, 0xAA, 0x29, 0xAA, 0x29, 0xAA,
  0x29, 0xCA, 0x29, 0xA9, 0x29, 0xA9, 0x29, 0xA9, 0x29, 0xA9, 0x29, 0xCA, 0x29, 0xCA, 0x29, 0xCB,
  0x31, 0xEB, 0x31, 0xEB, 0x31, 0xEB, 0x31, 0xEB, 0x32, 0x0B, 0x32, 0x0B, 0x32, 0x0B, 0x32, 0x0B,
  0x32, 0x2B, 0x2A, 0x2B, 0x32, 0x2C, 0x3A, 0x4C, 0x32, 0x4B, 0x32, 0xAB, 0x3B, 0x8D, 0x3C, 0x2F,
  0x3C, 0x70, 0x33, 0xEF, 0x33, 0x6D, 0x33, 0x6D, 0x3B, 0xAE, 0x44, 0xB1, 0x44, 0xD1, 0x7D, 0x13,
  0xE7, 0x5C, 0xEF, 0x7D, 0xF7, 0xBE, 0xF7, 0xBD, 0xF7, 0xBE, 0xEF, 0x9D, 0xF7, 0xBE, 0xB5, 0xF7,
  0x54, 0x4F, 0x55, 0x32, 0x44, 0xF1, 0x44, 0xF1, 0x3C, 0xD1, 0x34, 0xB0, 0x3C, 0x90, 0x3B, 0xAE,
  0x32, 0x8A, 0x3A, 0x6C, 0x3A, 0x4C, 0x32, 0x2C, 0x2A, 0x2B, 0x2A, 0x0A, 0x32, 0x0B, 0x32, 0x0B,
  0x31, 0xEB, 0x31, 0xEB, 0x31, 0xCA, 0x29, 0xC9, 0x29, 0xC8, 0x31, 0xC9, 0x31, 0xCA, 0x31, 0xAA,
  0x31, 0xAA, 0x31, 0xAA, 0x31, 0xCA, 0x31, 0xCA, 0x31, 0xCA, 0x31, 0xCA, 0x31, 0xC9, 0x31, 0xCA,
  0x31, 0xCA, 0x31, 0xC9, 0x29, 0xC9, 0x31, 0xCA, 0x31, 0xEB, 0x3A, 0x0B, 0x32, 0x0B, 0x3A, 0x2B,
  0x3A, 0x2C, 0x3A, 0x2B, 0x3A, 0x2C, 0x3A, 0x2C, 0x3A, 0x4C, 0x3A, 0x4D, 0x3A, 0x4C, 0x42, 0x6C,
  0x42, 0x6D, 0x4A, 0x6D, 0x4A, 0x8D, 0x4A, 0x8D, 0x52, 0xAE, 0x52, 0xCE, 0x52, 0xEF, 0x5B, 0x0F,
  0x5B, 0x30, 0x63, 0x71, 0x6B, 0xB1, 0x73, 0xF2, 0x94, 0xB4, 0xC6, 0x7A, 0xDF, 0x3C, 0xDF, 0x1B,
  0xE7, 0x5C, 0xE7, 0x7D, 0xEF, 0x7D, 0xEF, 0x7D, 0xEF, 0x7D, 0xEF, 0x7D, 0xEF, 0x7D, 0xEF, 0x7D,
  0xEF, 0x9D, 0xEF, 0x9D, 0xEF, 0x7D, 0xEF, 0x7D, 0xEF, 0x7D, 0xEF, 0x9D, 0xEF, 0x9D, 0xEF, 0x9D,
  0xEF, 0x9D, 0xEF, 0x9D, 0xEF, 0x9D, 0xEF, 0x9D, 0xEF, 0x9D, 0xEF, 0x9D, 0xEF, 0x9D, 0xEF, 0x9D,
  0xEF, 0x9D, 0xEF, 0x9D, 0xEF, 0x9D, 0xEF, 0x9D, 0xEF, 0x9D, 0xEF, 0x9D, 0xEF, 0x9D, 0xEF, 0x9D,
  0xEF, 0xBF, 0xEF, 0x9E, 0xE7, 0x7E, 0xE7, 0x5E, 0xDF, 0x3D, 0xD6, 0xFC, 0xD6, 0xDB, 0xB5, 0xF9,
  0x84, 0xB5, 0x73, 0xF2, 0x5B, 0x70, 0x5B, 0x0F, 0x4A, 0xAE, 0x4A, 0x8D, 0x42, 0x4C, 0x42, 0x4C,
  0x3A, 0x0B, 0x32, 0x0A, 0x3A, 0x0B, 0x39, 0xEB, 0x31, 0xEB, 0x31, 0xEB, 0x31, 0xCA, 0x31, 0xCA,
  0x31, 0xCA, 0x31, 0xCA, 0x31, 0xAA, 0x31, 0xAA, 0x31, 0xAA, 0x31, 0xAA, 0x31, 0xCA, 0x31, 0xCA,
  0x31, 0xCA, 0x31, 0xCA, 0x31, 0xCA, 0x31, 0xCA, 0x31, 0xC9, 0x31, 0xCA, 0x29, 0xCA, 0x29, 0xCA,
  0x31, 0xCA, 0x31, 0xC9, 0x29, 0xC9, 0x29, 0xA9, 0x31, 0xA8, 0x29, 0x87, 0x29, 0x88, 0x29, 0x88,
  0x29, 0x68, 0x21, 0x68, 0x29, 0x67, 0x29, 0x88, 0x31, 0x89, 0x31, 0x89, 0x29, 0x69, 0x21, 0x89,
  0x29, 0x89, 0x29, 0x89, 0x29, 0x68, 0x29, 0x47, 0x29, 0x46, 0x21, 0x26, 0x19, 0x26, 0x21, 0x25,
  0x21, 0x24, 0x21, 0x25, 0x21, 0x25, 0x21, 0x25, 0x21, 0x25, 0x21, 0x25, 0x21, 0x25, 0x21, 0x25,
  0x21, 0x24, 0x21, 0x25, 0x21, 0x26, 0x21, 0x26, 0x21, 0x45, 0x19, 0x46, 0x21, 0x47, 0x29, 0x68,
  0x29, 0x68, 0x29, 0x89, 0x21, 0x8A, 0x29, 0x8A, 0x31, 0xAA, 0x31, 0xAA, 0x31, 0x8A, 0x29, 0xAA,
  0x21, 0xAA, 0x29, 0xAA, 0x29, 0xAA, 0x29, 0xAA, 0x21, 0xAA, 0x21, 0xAA, 0x21, 0xAA, 0x21, 0xAA,
  0x21, 0xAA, 0x29, 0xAA, 0x29, 0xAA, 0x31, 0xAA, 0x31, 0xAA, 0x31, 0xAA, 0x21, 0xAA, 0x21, 0xAA,
  0x21, 0xAA, 0x21, 0xA9, 0x29, 0xAA, 0x29, 0xA9, 0x29, 0xA9, 0x29, 0xAA, 0x29, 0xCA, 0x21, 0xCA,
  0x21, 0xCB, 0x29, 0xCB, 0x31, 0xEB, 0x31, 0xEB, 0x31, 0xEB, 0x31, 0xEB, 0x31, 0xEB, 0x32, 0x0B,
  0x32, 0x0A, 0x2A, 0x2B, 0x32, 0x2C, 0x3A, 0x4C, 0x32, 0x6C, 0x3A, 0x6B, 0x3A, 0x8B, 0x3B, 0x2C,
  0x43, 0xEE, 0x3C, 0x2F, 0x33, 0x6E, 0x33, 0x6D, 0x3B, 0xAE, 0x4C, 0xB1, 0x4C, 0x91, 0x84, 0xB2,
  0xEF, 0x7C, 0xEF, 0x9D, 0xF7, 0xBE, 0xF7, 0xBE, 0xF7, 0xBE, 0xF7, 0xBD, 0xF7, 0xBD, 0xAD, 0x75,
  0x74, 0x0F, 0x5C, 0xF2, 0x4D, 0x12, 0x4C, 0xF1, 0x44, 0xD1, 0x44, 0xD1, 0x3C, 0x2F, 0x3A, 0xEC,
  0x42, 0x8C, 0x3A, 0x6C, 0x32, 0x4C, 0x3A, 0x2C, 0x32, 0x2B, 0x32, 0x0B, 0x32, 0x0B, 0x29, 0xEB,
  0x31, 0xEB, 0x31, 0xCB, 0x31, 0xCA, 0x31, 0xA9, 0x31, 0xA8, 0x31, 0xA9, 0x31, 0xCA, 0x31, 0xAA,
  0x31, 0xAA, 0x31, 0xAA, 0x31, 0xAA, 0x31, 0xAA, 0x31, 0xAA, 0x31, 0xCA, 0x31, 0xCA, 0x31, 0xCA,
  0x31, 0xCA, 0x31, 0xA9, 0x31, 0xA9, 0x29, 0xC9, 0x31, 0xCA, 0x39, 0xEA, 0x31, 0xEB, 0x32, 0x0B,
  0x32, 0x0B, 0x3A, 0x0C, 0x3A, 0x0C, 0x3A, 0x0C, 0x3A, 0x2C, 0x3A, 0x2C, 0x3A, 0x2C, 0x3A, 0x2C,
  0x42, 0x4C, 0x42, 0x4C, 0x42, 0x4D, 0x42, 0x4D, 0x4A, 0x6D, 0x4A, 0x8D, 0x4A, 0xAE, 0x4A, 0xCE,
  0x52, 0xEE, 0x5B, 0x0F, 0x63, 0x30, 0x6B, 0x91, 0x73, 0xF1, 0x94, 0xB4, 0xD6, 0xDB, 0xEF, 0x9D,
  0xEF, 0x9D, 0xEF, 0xBE, 0xF7, 0xBE, 0xF7, 0xBE, 0xF7, 0xBE, 0xE7, 0x7D, 0xE7, 0x7D, 0xF7, 0xBE,
  0xF7, 0xBE, 0xF7, 0xBE, 0xF7, 0xDF, 0xF7, 0xDF, 0xF7, 0xDF, 0xF7, 0xDF, 0xF7, 0xDF, 0xF7, 0xDF,
  0xF7, 0xDF, 0xF7, 0xDF, 0xF7, 0xDF, 0xF7, 0xDF, 0xF7, 0xDF, 0xF7, 0xDF, 0xF7, 0xDF, 0xF7, 0xDF,
  0xF7, 0xDF, 0xF7, 0xDF, 0xF7, 0xDF, 0xF7, 0xDF, 0xF7, 0xDF, 0xF7, 0xDE, 0xF7, 0xDE, 0xF7, 0xBE,
  0xEF, 0x9F, 0xEF, 0x9E, 0xE7, 0x7E, 0xE7, 0x7E, 0xE7, 0x5D, 0xDF, 0x3D, 0xCE, 0xFC, 0xC6, 0x9B,
  0x9D, 0x36, 0x7C, 0x54, 0x6B, 0xB2, 0x63, 0x50, 0x52, 0xEF, 0x4A, 0x8E, 0x42, 0x6D, 0x3A, 0x4C,
  0x42, 0x2B, 0x3A, 0x0B, 0x3A, 0x0A, 0x39, 0xEB, 0x31, 0xEB, 0x29, 0xEA, 0x31, 0xCA, 0x31, 0xCA,
  0x31, 0xCA, 0x31, 0xCA, 0x31, 0xCA, 0x31, 0xCA, 0x31, 0xCA, 0x31, 0xCA, 0x31, 0xCA, 0x31, 0xCA,
  0x31, 0xCA, 0x31, 0xC9, 0x29, 0xCA, 0x29, 0xEA, 0x31, 0xCA, 0x31, 0xEB, 0x31, 0xEB, 0x31, 0xEA,
  0x31, 0xEA, 0x31, 0xCA, 0x31, 0xC9, 0x31, 0xC9, 0x29, 0xA8, 0x31, 0xA7, 0x29, 0x87, 0x31, 0x88,
  0x31, 0x88, 0x29, 0x88, 0x31, 0x88, 0x31, 0xA8, 0x31, 0xA9, 0x31, 0x89, 0x29, 0x89, 0x21, 0xA9,
  0x29, 0x89, 0x29, 0x89, 0x29, 0x89, 0x29, 0x68, 0x21, 0x47, 0x21, 0x46, 0x21, 0x25, 0x21, 0x25,
  0x21, 0x25, 0x21, 0x25, 0x21, 0x25, 0x21, 0x25, 0x21, 0x25, 0x21, 0x25, 0x21, 0x25, 0x21, 0x25,
  0x21, 0x25, 0x21, 0x25, 0x21, 0x26, 0x21, 0x26, 0x19, 0x46, 0x21, 0x47, 0x29, 0x68, 0x29, 0x68,
  0x29, 0x89, 0x29, 0x8A, 0x29, 0x8A, 0x29, 0x8A, 0x29, 0xAA, 0x29, 0xAA, 0x29, 0x8A, 0x21, 0x8A,
  0x29, 0xAA, 0x29, 0xAA, 0x29, 0xAA, 0x29, 0xAA, 0x29, 0xAA, 0x29, 0xAA, 0x29, 0xAA, 0x29, 0xAA,
  0x29, 0xAA, 0x21, 0xAA, 0x29, 0xAA, 0x29, 0xAA, 0x31, 0xAA, 0x31, 0xAA, 0x29, 0xAA, 0x29, 0xAA,
  0x29, 0xAA, 0x29, 0xAA, 0x29, 0xA9, 0x29, 0xA9, 0x29, 0x89, 0x29, 0xA9, 0x29, 0xCA, 0x29, 0xCA,
  0x29, 0xCA, 0x29, 0xCA, 0x31, 0xEB, 0x31, 0xEB, 0x31, 0xEB, 0x31, 0xEB, 0x31, 0xEB, 0x32, 0x0B,
  0x32, 0x0A, 0x32, 0x0B, 0x3A, 0x2C, 0x32, 0x2C, 0x3A, 0x6B, 0x3A, 0x8C, 0x42, 0x8B, 0x63, 0x2D,
  0x6B, 0xEF, 0x4B, 0xAE, 0x43, 0x8E, 0x43, 0xAE, 0x3B, 0xAF, 0x4C, 0x91, 0x5C, 0xB1, 0x8C, 0x71,
  0xD6, 0x59, 0xF7, 0xBD, 0xEF, 0x9D, 0xF7, 0xBE, 0xF7, 0xBE, 0xF7, 0xBE, 0xE7, 0x3B, 0xB5, 0x54,
  0xC5, 0xB6, 0x6C, 0x50, 0x5D, 0x33, 0x55, 0x12, 0x55, 0x12, 0x4C, 0xB1, 0x4B, 0x8D, 0x52, 0xEC,
  0x42, 0x8C, 0x42, 0x6C, 0x3A, 0x4B, 0x32, 0x2C, 0x3A, 0x0B, 0x3A, 0x0A, 0x31, 0xEB, 0x31, 0xEB,
  0x31, 0xEB, 0x31, 0xCB, 0x31, 0xCA, 0x31, 0xA9, 0x31, 0xA8, 0x31, 0xA9, 0x31, 0xAA, 0x31, 0xAA,
  0x31, 0xAA, 0x29, 0xAA, 0x29, 0xAA, 0x31, 0xAA, 0x31, 0xAA, 0x31, 0xAA, 0x31, 0xAA, 0x31, 0xAA,
  0x31, 0xA9, 0x31, 0xA9, 0x31, 0x88, 0x31, 0xA8, 0x31, 0xA9, 0x31, 0xC9, 0x31, 0xEA, 0x29, 0xEB,
  0x31, 0xEA, 0x31, 0xEB, 0x31, 0xEB, 0x31, 0xEB, 0x3A, 0x0B, 0x3A, 0x0B, 0x3A, 0x0B, 0x32, 0x0C,
  0x3A, 0x2C, 0x3A, 0x2B, 0x42, 0x2C, 0x42, 0x2C, 0x42, 0x4C, 0x42, 0x4C, 0x42, 0x6D, 0x4A, 0x8D,
  0x4A, 0xAE, 0x52, 0xAE, 0x52, 0xEF, 0x5B, 0x30, 0x6B, 0x91, 0x73, 0xD1, 0x8C, 0xB3, 0xD6, 0xFB,
  0xEF, 0x7D, 0xEF, 0x7D, 0xF7, 0xBE, 0xF7, 0xBE, 0xE7, 0x5C, 0xD6, 0xDB, 0xD6, 0xDA, 0xE7, 0x3C,
  0xF7, 0xBE, 0xEF, 0xDF, 0xF7, 0xDF, 0xFF, 0xDF, 0xFF, 0xDF, 0xFF, 0xDF, 0xFF, 0xDF, 0xFF, 0xDF,
  0xFF, 0xDF, 0xFF, 0xDF, 0xFF, 0xDF, 0xFF, 0xDF, 0xFF, 0xDF, 0xFF, 0xDF, 0xFF, 0xDF, 0xFF, 0xDF,
  0xFF, 0xDF, 0xF7, 0xDF, 0xF7, 0xDF, 0xF7, 0xDF, 0xF7, 0xDF, 0xF7, 0xBE, 0xF7, 0xBD, 0xF7, 0xBE,
  0xEF, 0xBF, 0xEF, 0xBF, 0xEF, 0x9F, 0xE7, 0x9E, 0xE7, 0x5E, 0xDF, 0x3D, 0xD7, 0x1C, 0xCE, 0xDC,
  0xB5, 0xF9, 0x8C, 0xB4, 0x73, 0xF3, 0x63, 0x91, 0x5B, 0x30, 0x52, 0xCE, 0x4A, 0x8D, 0x42, 0x6D,
  0x42, 0x4C, 0x3A, 0x2B, 0x32, 0x0B, 0x3A, 0x0A, 0x31, 0xEB, 0x31, 0xEB, 0x29, 0xCA, 0x29, 0xEA,
  0x31, 0xC9, 0x31, 0xC9, 0x31, 0xCA, 0x31, 0xCA, 0x31, 0xCA, 0x31, 0xCA, 0x31, 0xC9, 0x31, 0xC9,
  0x29, 0xCA, 0x31, 0xEA, 0x31, 0xEB, 0x31, 0xEB, 0x39, 0xEB, 0x39, 0xEB, 0x39, 0xEB, 0x39, 0xEA,
  0x39, 0xE9, 0x39, 0xEA, 0x39, 0xE9, 0x39, 0xC9, 0x39, 0xE9, 0x39, 0xC9, 0x39, 0xE9, 0x31, 0xE9,
  0x29, 0xA8, 0x31, 0xA8, 0x31, 0xA9, 0x31, 0xA9, 0x31, 0xA9, 0x31, 0xA9, 0x31, 0xA9, 0x31, 0xA9,
  0x29, 0x89, 0x29, 0x89, 0x29, 0x89, 0x29, 0x68, 0x21, 0x47, 0x19, 0x47, 0x21, 0x25, 0x21, 0x24,
  0x21, 0x25, 0x21, 0x25, 0x21, 0x25, 0x21, 0x25, 0x21, 0x25, 0x21, 0x25, 0x21, 0x24, 0x21, 0x25,
  0x21, 0x26, 0x21, 0x26, 0x21, 0x26, 0x19, 0x46, 0x21, 0x47, 0x29, 0x47, 0x29, 0x69, 0x29, 0x89,
  0x29, 0x8A, 0x29, 0xAA, 0x29, 0xAA, 0x29, 0xAA, 0x21, 0xAA, 0x21, 0xAA, 0x29, 0xAA, 0x29, 0xAA,
  0x29, 0xAA, 0x29, 0xAA, 0x29, 0xAA, 0x29, 0xAA, 0x29, 0xAA, 0x29, 0xAA, 0x29, 0xAA, 0x29, 0xAA,
  0x29, 0xAA, 0x29, 0xAA, 0x29, 0xAA, 0x21, 0xAA, 0x29, 0xAA, 0x29, 0xAA, 0x29, 0xAA, 0x29, 0xAA,
  0x29, 0xAA, 0x29, 0xAA, 0x29, 0xA9, 0x29, 0x88, 0x21, 0x89, 0x29, 0xA9, 0x29, 0xAA, 0x21, 0xA9,
  0x29, 0xC9, 0x31, 0xCA, 0x31, 0xCB, 0x31, 0xCB, 0x31, 0xEB, 0x31, 0xEB, 0x31, 0xEB, 0x32, 0x0B,
  0x32, 0x0A, 0x32, 0x0B, 0x3A, 0x2C, 0x3A, 0x2B, 0x42, 0x4C, 0x42, 0x8D, 0x4A, 0x8C, 0x94, 0x11,
  0xD5, 0x97, 0xB4, 0xF4, 0x7B, 0xD0, 0x5B, 0x8E, 0x4B, 0xAF, 0x54, 0x51, 0x74, 0x91, 0xCD, 0xB7,
  0xB5, 0x35, 0xF7, 0x7D, 0xF7, 0x9E, 0xF7, 0xBE, 0xEF, 0x9D, 0xF7, 0xBE, 0xD6, 0x79, 0xC5, 0x75,
  0xF6, 0x9A, 0xB5, 0x14, 0x6C, 0xD2, 0x65, 0x54, 0x54, 0xF2, 0x64, 0x30, 0xB5, 0x14, 0x8B, 0xD0,
  0x4A, 0x8C, 0x42, 0x8D, 0x42, 0x4C, 0x3A, 0x2C, 0x32, 0x0B, 0x3A, 0x0A, 0x39, 0xEB, 0x39, 0xEB,
  0x31, 0xEA, 0x31, 0xC9, 0x29, 0xCA, 0x29, 0xA9, 0x31, 0xA8, 0x29, 0xA9, 0x31, 0xAA, 0x31, 0xAA,
  0x31, 0xAA, 0x29, 0xAA, 0x31, 0xAA, 0x31, 0xAA, 0x31, 0xAA, 0x31, 0xAA, 0x29, 0xAA, 0x29, 0xA9,
  0x31, 0xA9, 0x29, 0x88, 0x29, 0x87, 0x29, 0x88, 0x29, 0x88, 0x29, 0xA9, 0x31, 0xCA, 0x31, 0xCA,
  0x29, 0xCB, 0x31, 0xEB, 0x31, 0xEB, 0x31, 0xEA, 0x31, 0xEA, 0x31, 0xEB, 0x31, 0xEB, 0x3A, 0x0B,
  0x3A, 0x0B, 0x3A, 0x0B, 0x3A, 0x2B, 0x3A, 0x2B, 0x3A, 0x2C, 0x42, 0x4C, 0x42, 0x4C, 0x42, 0x4D,
  0x42, 0x6D, 0x4A, 0x8D, 0x4A, 0xAE, 0x52, 0xEF, 0x5B, 0x30, 0x6B, 0xB1, 0x73, 0xF2, 0x9D, 0x36,
  0xE7, 0x5D, 0xE7, 0x7E, 0xEF, 0x9D, 0xEF, 0x9E, 0xDF, 0x1B, 0xD6, 0xDB, 0xD6, 0xFB, 0xD6, 0xFB,
  0xF7, 0xBE, 0xF7, 0xDF, 0xFF, 0xDF, 0xFF, 0xDF, 0xFF, 0xDF, 0xFF, 0xDF, 0xFF, 0xDF, 0xFF, 0xDF,
  0xFF, 0xDF, 0xFF, 0xDF, 0xFF, 0xDF, 0xFF, 0xDF, 0xFF, 0xDF, 0xFF, 0xDF, 0xFF, 0xDF, 0xFF, 0xDF,
  0xFF, 0xDF, 0xF7, 0xDF, 0xF7, 0xBE, 0xF7, 0xDE, 0xF7, 0xDF, 0xEF, 0xDE, 0xF7, 0xDD, 0xF7, 0xDE,
  0xEF, 0xBF, 0xEF, 0xBF, 0xEF, 0x9F, 0xE7, 0x9E, 0xE7, 0x7E, 0xDF, 0x5E, 0xD7, 0x1D, 0xD6, 0xFC,
  0xC6, 0x9B, 0x9D, 0x57, 0x7C, 0x54, 0x73, 0xD3, 0x63, 0x70, 0x5B, 0x0F, 0x4A, 0xAE, 0x4A, 0x8D,
  0x42, 0x6D, 0x42, 0x4C, 0x3A, 0x2C, 0x3A, 0x0B, 0x3A, 0x0B, 0x39, 0xEB, 0x31, 0xEB, 0x31, 0xEB,
  0x31, 0xEA, 0x31, 0xEA, 0x29, 0xCA, 0x29, 0xCA, 0x29, 0xCA, 0x31, 0xEA, 0x31, 0xEA, 0x31, 0xEA,
  0x31, 0xEA, 0x31, 0xEB, 0x39, 0xEB, 0x39, 0xEB, 0x3A, 0x0B, 0x39, 0xEB, 0x32, 0x0B, 0x3A, 0x0B,
  0x3A, 0x0A, 0x39, 0xE9, 0x3A, 0x0A, 0x3A, 0x2A, 0x3A, 0x09, 0x4A, 0xAC, 0x52, 0xCD, 0x39, 0xE9,
  0x31, 0xC9, 0x29, 0xC9, 0x31, 0xC9, 0x31, 0xA9, 0x31, 0xAA, 0x31, 0xAA, 0x31, 0xA9, 0x29, 0xA8,
  0x21, 0x89, 0x29, 0x89, 0x29, 0x89, 0x29, 0x68, 0x21, 0x47, 0x19, 0x47, 0x21, 0x25, 0x21, 0x25,
  0x21, 0x25, 0x21, 0x25, 0x21, 0x25, 0x21, 0x25, 0x21, 0x25, 0x21, 0x25, 0x21, 0x25, 0x21, 0x25,
  0x21, 0x25, 0x21, 0x26, 0x19, 0x26, 0x21, 0x47, 0x29, 0x67, 0x29, 0x68, 0x29, 0x89, 0x29, 0x89,
  0x29, 0x8A, 0x29, 0xAA, 0x29, 0xAA, 0x29, 0xAA, 0x29, 0xAA, 0x29, 0xAA, 0x29, 0xAA, 0x29, 0xAA,
  0x29, 0xAA, 0x29, 0xAA, 0x29, 0xAA, 0x29, 0xAA, 0x29, 0xAA, 0x29, 0xAA, 0x29, 0xA9, 0x29, 0xA9,
  0x29, 0xA9, 0x29, 0xAA, 0x29, 0xAA, 0x29, 0xAA, 0x29, 0xAA, 0x21, 0xAA, 0x21, 0xAA, 0x21, 0xAA,
  0x21, 0xAA, 0x21, 0xAA, 0x29, 0xAA, 0x29, 0x89, 0x21, 0x88, 0x29, 0x89, 0x29, 0xAA, 0x29, 0xAA,
  0x29, 0xAA, 0x31, 0xAA, 0x31, 0xCB, 0x31, 0xCB, 0x31, 0xEB, 0x31, 0xEB, 0x31, 0xEB, 0x31, 0xEB,
  0x32, 0x0B, 0x3A, 0x2B, 0x32, 0x2C, 0x3A, 0x2B, 0x42, 0x4C, 0x42, 0x8D, 0x52, 0xAC, 0xAC, 0x93,
  0xE5, 0xF9, 0xEE, 0x19, 0xE5, 0xF8, 0xB4, 0xF4, 0x8C, 0x51, 0x7B, 0xF0, 0x9C, 0x92, 0xF6, 0x9B,
  0xCD, 0xD7, 0xDE, 0x79, 0xF7, 0xBE, 0xEF, 0x9D, 0xF7, 0x9E, 0xF7, 0xBE, 0xBD, 0xD6, 0xDE, 0x18,
  0xF6, 0x9B, 0xEE, 0x39, 0xAD, 0x14, 0x8C, 0xB2, 0x94, 0xB3, 0xCD, 0xB7, 0xE5, 0xF8, 0xB4, 0x93,
  0x5A, 0xCD, 0x4A, 0x8D, 0x42, 0x4C, 0x42, 0x2C, 0x3A, 0x0B, 0x32, 0x0A, 0x3A, 0x0B, 0x3A, 0x0B,
  0x31, 0xEB, 0x31, 0xCA, 0x29, 0xCA, 0x29, 0xA9, 0x31, 0xA8, 0x29, 0xA9, 0x29, 0xAA, 0x31, 0xAA,
  0x31, 0xAA, 0x31, 0xAA, 0x31, 0xAA, 0x31, 0xAA, 0x31, 0xAA, 0x31, 0xAA, 0x29, 0xA9, 0x21, 0xA9,
  0x29, 0x89, 0x29, 0x88, 0x21, 0x88, 0x29, 0x88, 0x21, 0x88, 0x29, 0x89, 0x31, 0xAA, 0x31, 0xC9,
  0x31, 0xCA, 0x31, 0xCA, 0x29, 0xEA, 0x31, 0xEB, 0x29, 0xEB, 0x29, 0xEB, 0x31, 0xEA, 0x31, 0xEB,
  0x31, 0xEB, 0x39, 0xEB, 0x3A, 0x0B, 0x32, 0x0B, 0x3A, 0x0B, 0x3A, 0x2C, 0x42, 0x2C, 0x42, 0x2C,
  0x42, 0x4D, 0x42, 0x6D, 0x4A, 0x8D, 0x4A, 0xAE, 0x52, 0xEF, 0x63, 0x30, 0x73, 0xD1, 0x7C, 0x12,
  0xB5, 0xD8, 0xE7, 0x7E, 0xE7, 0x7E, 0xE7, 0x7E, 0xDF, 0x3C, 0xD6, 0xBA, 0xCE, 0xDB, 0xDF, 0x1C,
  0xF7, 0xBE, 0xF7, 0xDF, 0xF7, 0xDF, 0xF7, 0xDF, 0xF7, 0xDF, 0xF7, 0xDF, 0xF7, 0xDF, 0xF7, 0xDF,
  0xF7, 0xDF, 0xF7, 0xDF, 0xF7, 0xDE, 0xF7, 0xDF, 0xF7, 0xDF, 0xF7, 0xDF, 0xF7, 0xDF, 0xF7, 0xDF,
  0xF7, 0xDF, 0xF7, 0xBE, 0xEF, 0x9D, 0xF7, 0xBE, 0xF7, 0xDE, 0xF7, 0xDD, 0xF7, 0xDE, 0xF7, 0xDE,
  0xEF, 0xBF, 0xEF, 0xBF, 0xEF, 0x9F, 0xEF, 0x9F, 0xE7, 0x7F, 0xE7, 0x7E, 0xDF, 0x5D, 0xDF, 0x1D,
  0xCE, 0xDC, 0xBE, 0x5A, 0x94, 0xF6, 0x7C, 0x54, 0x6B, 0xB2, 0x63, 0x50, 0x5A, 0xEF, 0x52, 0xAE,
  0x4A, 0x8D, 0x42, 0x6D, 0x42, 0x2C, 0x42, 0x2C, 0x3A, 0x2C, 0x32, 0x0B, 0x3A, 0x0A, 0x3A, 0x0B,
  0x39, 0xEB, 0x39, 0xEB, 0x31, 0xEB, 0x31, 0xEB, 0x31, 0xEB, 0x31, 0xEB, 0x39, 0xEB, 0x39, 0xEB,
  0x39, 0xEB, 0x39, 0xEB, 0x3A, 0x0B, 0x3A, 0x0B, 0x32, 0x0B, 0x3A, 0x2B, 0x3A, 0x0A, 0x3A, 0x0A,
  0x3A, 0x2B, 0x4A, 0x6B, 0x4A, 0x6B, 0x4A, 0x6B, 0x63, 0x4E, 0x73, 0xF0, 0x42, 0x6B, 0x31, 0xE9,
  0x39, 0xEA, 0x31, 0xEA, 0x29, 0xCA, 0x31, 0xCA, 0x31, 0xAA, 0x31, 0xAA, 0x31, 0xAA, 0x29, 0xA9,
  0x21, 0x88, 0x29, 0x89, 0x29, 0x89, 0x29, 0x68, 0x29, 0x47, 0x21, 0x46, 0x19, 0x26, 0x21, 0x26,
  0x21, 0x25, 0x21, 0x25, 0x21, 0x25, 0x21, 0x25, 0x21, 0x25, 0x21, 0x25, 0x21, 0x25, 0x21, 0x24,
  0x21, 0x25, 0x19, 0x26, 0x21, 0x46, 0x29, 0x47, 0x29, 0x68, 0x29, 0x89, 0x29, 0x88, 0x29, 0x89,
  0x29, 0xAA, 0x29, 0xAA, 0x29, 0xAA, 0x29, 0xAA, 0x29, 0xAA, 0x29, 0xAA, 0x29, 0xAA, 0x29, 0xAA,
  0x29, 0xAA, 0x29, 0xAA, 0x29, 0xAA, 0x29, 0xAA, 0x29, 0xAA, 0x29, 0xAA, 0x29, 0xA9, 0x29, 0xA8,
  0x29, 0xA9, 0x29, 0xA9, 0x29, 0xA9, 0x29, 0xAA, 0x29, 0xAA, 0x29, 0xAA, 0x29, 0xAA, 0x29, 0xAA,
  0x29, 0xAA, 0x29, 0xAA, 0x29, 0xAA, 0x29, 0xA9, 0x29, 0x89, 0x29, 0x89, 0x29, 0xA9, 0x29, 0xAA,
  0x31, 0xAA, 0x31, 0xA9, 0x31, 0xCA, 0x31, 0xCB, 0x31, 0xCA, 0x31, 0xCA, 0x29, 0xEB, 0x32, 0x0B,
  0x3A, 0x0A, 0x32, 0x0B, 0x3A, 0x2C, 0x42, 0x2C, 0x42, 0x6C, 0x4A, 0xAD, 0x62, 0xED, 0xC5, 0x15,
  0xF6, 0x3A, 0xF6, 0x3A, 0xFE, 0x5A, 0xFE, 0x7B, 0xEE, 0x5A, 0xDD, 0xF8, 0xEE, 0x39, 0xF6, 0x9B,
  0xF6, 0x9A, 0xCD, 0xB7, 0xF7, 0x5D, 0xF7, 0x9D, 0xF7, 0x9E, 0xEF, 0x3C, 0xC5, 0x76, 0xF6, 0x9B,
  0xFE, 0x9B, 0xF6, 0x9B, 0xFE, 0x7B, 0xF6, 0x5A, 0xF6, 0x5A, 0xF6, 0x3A, 0xED, 0xF9, 0xCD, 0x36,
  0x7B, 0x6F, 0x4A, 0x8D, 0x42, 0x6C, 0x42, 0x4C, 0x3A, 0x0B, 0x32, 0x0B, 0x3A, 0x0B, 0x3A, 0x0B,
  0x31, 0xEB, 0x31, 0xCA, 0x29, 0xCA, 0x29, 0xA9, 0x31, 0xA9, 0x29, 0xAA, 0x29, 0xAA, 0x31, 0xAA,
  0x31, 0xAA, 0x31, 0xAA, 0x31, 0xAA, 0x31, 0xAA, 0x31, 0xAA, 0x29, 0xAA, 0x29, 0xA9, 0x29, 0x89,
  0x29, 0x88, 0x29, 0x68, 0x29, 0x67, 0x21, 0x67, 0x29, 0x68, 0x29, 0x88, 0x29, 0xA9, 0x31, 0xAA,
  0x31, 0xC9, 0x31, 0xC9, 0x31, 0xC9, 0x31, 0xCA, 0x31, 0xCA, 0x31, 0xCA, 0x31, 0xC9, 0x29, 0xEA,
  0x29, 0xE9, 0x31, 0xEA, 0x31, 0xEB, 0x39, 0xEB, 0x3A, 0x0B, 0x32, 0x0B, 0x3A, 0x0B, 0x3A, 0x2C,
  0x3A, 0x4C, 0x42, 0x4C, 0x42, 0x6D, 0x4A, 0x8D, 0x4A, 0xCE, 0x53, 0x0F, 0x63, 0x51, 0x73, 0xD2,
  0x84, 0x32, 0xBE, 0x3A, 0xE7, 0x5E, 0xE7, 0x7E, 0xE7, 0x7E, 0xDF, 0x3C, 0xDF, 0x3C, 0xEF, 0x7E,
  0xEF, 0xBE, 0xF7, 0xBE, 0xEF, 0xBE, 0xF7, 0xBE, 0xF7, 0xBE, 0xF7, 0xBE, 0xF7, 0xBE, 0xEF, 0xBE,
  0xF7, 0xBE, 0xEF, 0xBE, 0xF7, 0xBE, 0xEF, 0xBE, 0xF7, 0xBE, 0xF7, 0xBE, 0xEF, 0xBE, 0xEF, 0xBE,
  0xEF, 0xBE, 0xEF, 0xBE, 0xEF, 0xBE, 0xEF, 0x9E, 0xEF, 0xBE, 0xEF, 0xBE, 0xEF, 0xBE, 0xEF, 0x9E,
  0xEF, 0xBF, 0xEF, 0xBF, 0xEF, 0xBF, 0xEF, 0x9F, 0xEF, 0x9F, 0xE7, 0x7F, 0xE7, 0x7E, 0xDF, 0x5E,
  0xD7, 0x1D, 0xCE, 0xDC, 0xBE, 0x3A, 0x8C, 0xF5, 0x7C, 0x34, 0x73, 0xB2, 0x63, 0x50, 0x52, 0xEF,
  0x52, 0xAE, 0x4A, 0x8D, 0x42, 0x6D, 0x3A, 0x4C, 0x42, 0x2B, 0x3A, 0x2C, 0x32, 0x0B, 0x32, 0x0B,
  0x3A, 0x0A, 0x3A, 0x0B, 0x39, 0xEB, 0x39, 0xEB, 0x39, 0xEB, 0x3A, 0x0B, 0x3A, 0x0B, 0x3A, 0x0A,
  0x3A, 0x0B, 0x3A, 0x0B, 0x3A, 0x0B, 0x3A, 0x0B, 0x3A, 0x0B, 0x3A, 0x2B, 0x42, 0x4B, 0x42, 0x4B,
  0x4A, 0xAC, 0x52, 0xCC, 0x5B, 0x0D, 0x7C, 0x12, 0x8C, 0x93, 0x53, 0x0D, 0x3A, 0x2B, 0x3A, 0x2B,
  0x39, 0xEA, 0x31, 0xE9, 0x29, 0xCA, 0x31, 0xCA, 0x31, 0xCA, 0x31, 0xAA, 0x29, 0xAA, 0x29, 0xA9,
  0x29, 0xA8, 0x29, 0x89, 0x29, 0x89, 0x29, 0x68, 0x29, 0x47, 0x21, 0x46, 0x19, 0x26, 0x21, 0x26,
  0x21, 0x25, 0x21, 0x25, 0x21, 0x25, 0x21, 0x25, 0x21, 0x25, 0x21, 0x25, 0x21, 0x25, 0x21, 0x25,
  0x21, 0x25, 0x21, 0x25, 0x21, 0x47, 0x21, 0x67, 0x29, 0x68, 0x29, 0x89, 0x29, 0x89, 0x29, 0x88,
  0x29, 0x89, 0x29, 0xAA, 0x29, 0xAA, 0x29, 0xAA, 0x29, 0xAA, 0x29, 0xAA, 0x29, 0xAA, 0x29, 0xAA,
  0x29, 0xAA, 0x29, 0xAA, 0x29, 0xAA, 0x29, 0xAA, 0x29, 0xAA, 0x29, 0xAA, 0x29, 0xAA, 0x29, 0xA9,
  0x29, 0xA9, 0x29, 0xA8, 0x29, 0xA9, 0x29, 0xAA, 0x29, 0xAA, 0x29, 0xAA, 0x29, 0xAA, 0x29, 0xAA,
  0x29, 0xAA, 0x29, 0xAA, 0x29, 0xA9, 0x29, 0xA9, 0x29, 0x89, 0x29, 0x89, 0x29, 0x89, 0x21, 0x89,
  0x29, 0xAA, 0x31, 0xAA, 0x31, 0xCA, 0x31, 0xCA, 0x31, 0xCA, 0x31, 0xCB, 0x29, 0xEB, 0x31, 0xEB,
  0x3A, 0x0B, 0x32, 0x0B, 0x3A, 0x2C, 0x42, 0x2C, 0x42, 0x6D, 0x52, 0xAD, 0x6B, 0x2E, 0xD5, 0x77,
  0xF6, 0x5A, 0xF6, 0x7B, 0xFE, 0x9B, 0xF6, 0x7B, 0xF6, 0x9B, 0xFE, 0x9B, 0xFE, 0x9B, 0xF6, 0x7A,
  0xFE, 0xBB, 0xDD, 0xF8, 0xD6, 0x39, 0xF7, 0x9D, 0xF7, 0x9D, 0xD6, 0x79, 0xCD, 0xB7, 0xFE, 0xBB,
  0xF6, 0x9B, 0xFE, 0x9B, 0xFE, 0x9B, 0xFE, 0x9B, 0xF6, 0x7B, 0xF6, 0x7B, 0xF6, 0x3A, 0xE5, 0xB8,
  0x9C, 0x12, 0x5A, 0xAD, 0x4A, 0x8D, 0x42, 0x4C, 0x3A, 0x2C, 0x3A, 0x0B, 0x32, 0x0A, 0x3A, 0x0B,
  0x31, 0xEB, 0x29, 0xCA, 0x31, 0xCA, 0x31, 0xA9, 0x31, 0xA9, 0x31, 0xA9, 0x29, 0xAA, 0x31, 0xAA,
  0x31, 0xAA, 0x31, 0xAA, 0x31, 0xAA, 0x31, 0xAA, 0x29, 0xAA, 0x29, 0xAA, 0x29, 0x8A, 0x29, 0x89,
  0x29, 0x88, 0x29, 0x67, 0x29, 0x47, 0x21, 0x46, 0x21, 0x67, 0x21, 0x68, 0x29, 0x89, 0x31, 0xA9,
  0x31, 0xAA, 0x31, 0xAA, 0x31, 0xCA, 0x31, 0xCA, 0x31, 0xC9, 0x31, 0xCA, 0x31, 0xCA, 0x31, 0xCA,
  0x31, 0xEA, 0x29, 0xEA, 0x31, 0xEB, 0x31, 0xEB, 0x31, 0xEB, 0x31, 0xEA, 0x3A, 0x0B, 0x32, 0x0B,
  0x3A, 0x0B, 0x3A, 0x2C, 0x42, 0x2C, 0x42, 0x6D, 0x42, 0x8D, 0x4A, 0xCE, 0x52, 0xEF, 0x63, 0x71,
  0x73, 0xD2, 0x8C, 0x94, 0xC6, 0x9B, 0xD7, 0x1C, 0xD7, 0x1D, 0xDF, 0x3D, 0xDF, 0x5D, 0xDF, 0x5D,
  0xE7, 0x5D, 0xE7, 0x7D, 0xE7, 0x9D, 0xE7, 0x9D, 0xE7, 0x9D, 0xE7, 0x9D, 0xE7, 0x9D, 0xE7, 0x9D,
  0xE7, 0x9D, 0xE7, 0x9D, 0xE7, 0x7D, 0xE7, 0x7D, 0xE7, 0x7D, 0xE7, 0x7E, 0xE7, 0x7D, 0xE7, 0x7D,
  0xE7, 0x7D, 0xE7, 0x7E, 0xE7, 0x7E, 0xE7, 0x7D, 0xE7, 0x7D, 0xE7, 0x7D, 0xE7, 0x7D, 0xE7, 0x7D,
  0xEF, 0xBF, 0xEF, 0xDF, 0xEF, 0xBF, 0xEF, 0xBF, 0xEF, 0xBF, 0xEF, 0x9F, 0xE7, 0x7E, 0xDF, 0x7D,
  0xDF, 0x3D, 0xD6, 0xFC, 0xCE, 0xBC, 0xBE, 0x19, 0x8C, 0xB5, 0x7C, 0x13, 0x73, 0xB2, 0x63, 0x30,
  0x52, 0xEF, 0x4A, 0xAE, 0x4A, 0x8D, 0x42, 0x6C, 0x42, 0x4C, 0x42, 0x2B, 0x3A, 0x2B, 0x3A, 0x2B,
  0x3A, 0x0B, 0x32, 0x0B, 0x32, 0x0A, 0x3A, 0x0B, 0x3A, 0x0B, 0x32, 0x0B, 0x32, 0x0A, 0x3A, 0x2B,
  0x42, 0x2B, 0x3A, 0x2A, 0x3A, 0x2A, 0x42, 0x2B, 0x42, 0x4B, 0x42, 0x6C, 0x52, 0xAC, 0x5A, 0xED,
  0x5B, 0x0E, 0x73, 0xD1, 0x94, 0xB4, 0x9D, 0x15, 0x6B, 0xB0, 0x42, 0x8C, 0x42, 0x6C, 0x3A, 0x2B,
  0x3A, 0x0A, 0x39, 0xEA, 0x31, 0xCA, 0x31, 0xCA, 0x31, 0xCA, 0x31, 0xAA, 0x29, 0xAA, 0x21, 0xA9,
  0x29, 0xA8, 0x29, 0xA9, 0x29, 0x89, 0x29, 0x89, 0x29, 0x67, 0x21, 0x47, 0x19, 0x26, 0x21, 0x25,
  0x21, 0x25, 0x21, 0x25, 0x21, 0x25, 0x21, 0x25, 0x21, 0x25, 0x21, 0x25, 0x21, 0x25, 0x21, 0x25,
  0x21, 0x24, 0x21, 0x25, 0x19, 0x47, 0x21, 0x47, 0x29, 0x68, 0x29, 0x89, 0x29, 0x89, 0x29, 0x8A,
  0x29, 0x89, 0x29, 0xAA, 0x29, 0xAA, 0x29, 0xAA, 0x29, 0xAA, 0x29, 0xAA, 0x29, 0xAA, 0x29, 0xAA,
  0x29, 0xAA, 0x29, 0xAA, 0x29, 0xAA, 0x29, 0xAA, 0x29, 0xAA, 0x29, 0xAA, 0x29, 0xAA, 0x29, 0xAA,
  0x29, 0xAA, 0x29, 0xAA, 0x29, 0xAA, 0x29, 0xAA, 0x29, 0xAA, 0x29, 0xAA, 0x29, 0x8A, 0x29, 0xAA,
  0x29, 0x8A, 0x29, 0x8A, 0x29, 0xAA, 0x29, 0xA9, 0x29, 0x89, 0x29, 0x89, 0x29, 0x89, 0x21, 0x89,
  0x29, 0xAA, 0x31, 0xAA, 0x31, 0xAA, 0x31, 0xC9, 0x31, 0xCA, 0x31, 0xEB, 0x29, 0xEB, 0x31, 0xEB,
  0x3A, 0x0A, 0x32, 0x0B, 0x3A, 0x2C, 0x42, 0x2C, 0x4A, 0x6D, 0x52, 0xCD, 0x73, 0x50, 0xD5, 0x98,
  0xF6, 0x5B, 0xFE, 0x7B, 0xFE, 0xBC, 0xFE, 0xBC, 0xFE, 0xBC, 0xF6, 0x9B, 0xF6, 0x9B, 0xFE, 0xBB,
  0xFE, 0xBB, 0xF6, 0x9B, 0xCD, 0xB7, 0xEF, 0x1C, 0xF7, 0x7E, 0xC5, 0xD7, 0xE6, 0x39, 0xFE, 0xBB,
  0xF6, 0xBC, 0xFE, 0xBC, 0xFE, 0xBC, 0xFE, 0xBB, 0xFE, 0x9B, 0xFE, 0x9B, 0xF6, 0x5A, 0xED, 0xF9,
  0xBC, 0x94, 0x6A, 0xED, 0x4A, 0x8D, 0x42, 0x4C, 0x42, 0x2C, 0x3A, 0x2B, 0x32, 0x0A, 0x3A, 0x0B,
  0x31, 0xEB, 0x31, 0xEB, 0x31, 0xC9, 0x31, 0xA9, 0x31, 0xA9, 0x31, 0xAA, 0x31, 0xAA, 0x31, 0xAA,
  0x31, 0xAA, 0x31, 0xAA, 0x31, 0xAA, 0x31, 0xAA, 0x29, 0xAA, 0x29, 0xAA, 0x29, 0x8A, 0x21, 0x89,
  0x29, 0x68, 0x29, 0x67, 0x29, 0x47, 0x21, 0x46, 0x21, 0x47, 0x29, 0x68, 0x29, 0x89, 0x29, 0x89,
  0x29, 0xAA, 0x29, 0xAA, 0x31, 0xAA, 0x31, 0xAA, 0x31, 0xA9, 0x31, 0xAA, 0x31, 0xAA, 0x31, 0xCA,
  0x31, 0xCA, 0x31, 0xCA, 0x31, 0xCB, 0x29, 0xEB, 0x31, 0xEB, 0x29, 0xEB, 0x31, 0xEB, 0x3A, 0x0A,
  0x3A, 0x0B, 0x3A, 0x0B, 0x3A, 0x2C, 0x3A, 0x4C, 0x42, 0x6D, 0x4A, 0x8E, 0x4A, 0xCE, 0x5B, 0x0F,
  0x63, 0x71, 0x73, 0xD1, 0x8C, 0xD4, 0xA5, 0xB7, 0xAD, 0xD7, 0xB6, 0x18, 0xAE, 0x39, 0xB6, 0x59,
  0xBE, 0x7A, 0xB6, 0x7A, 0xBE, 0x7A, 0xBE, 0x9A, 0xBE, 0x9A, 0xBE, 0x9A, 0xBE, 0x9A, 0xBE, 0x9A,
  0xBE, 0x9A, 0xBE, 0x9A, 0xBE, 0x9A, 0xBE, 0x9A, 0xBE, 0x9A, 0xBE, 0x9A, 0xBE, 0x9A, 0xBE, 0x9A,
  0xBE, 0x9A, 0xBE, 0x9A, 0xBE, 0x9A, 0xBE, 0x9A, 0xBE, 0x9A, 0xBE, 0x9A, 0xBE, 0x9A, 0xBE, 0x9A,
  0xEF, 0xBF, 0xEF, 0xDF, 0xEF, 0xBF, 0xEF, 0xBF, 0xEF, 0xBF, 0xEF, 0xBF, 0xE7, 0x9F, 0xDF, 0x7E,
  0xE7, 0x5E, 0xDF, 0x3D, 0xD6, 0xFC, 0xCE, 0xBC, 0xB5, 0xF9, 0x8C, 0xB5, 0x7C, 0x33, 0x73, 0xB2,
  0x63, 0x51, 0x5B, 0x0F, 0x52, 0xCE, 0x4A, 0xAD, 0x42, 0x6D, 0x42, 0x6C, 0x42, 0x4C, 0x42, 0x4C,
  0x3A, 0x2C, 0x3A, 0x2B, 0x3A, 0x2B, 0x3A, 0x0B, 0x3A, 0x2B, 0x3A, 0x2B, 0x3A, 0x2B, 0x3A, 0x2B,
  0x42, 0x2B, 0x42, 0x4B, 0x42, 0x4B, 0x42, 0x6C, 0x4A, 0x8C, 0x52, 0xCD, 0x63, 0x0E, 0x6B, 0x8F,
  0x8C, 0x93, 0xA5, 0x56, 0xA5, 0x76, 0x8C, 0x73, 0x52, 0xEE, 0x4A, 0xAD, 0x42, 0x4C, 0x3A, 0x0B,
  0x3A, 0x0B, 0x39, 0xEA, 0x31, 0xCA, 0x31, 0xCA, 0x31, 0xAA, 0x31, 0xAA, 0x29, 0xA9, 0x29, 0xA9,
  0x29, 0xA9, 0x29, 0xA9, 0x29, 0x89, 0x29, 0x89, 0x29, 0x68, 0x21, 0x47, 0x19, 0x26, 0x21, 0x25,
  0x21, 0x25, 0x21, 0x25, 0x21, 0x25, 0x21, 0x25, 0x21, 0x25, 0x21, 0x25, 0x21, 0x25, 0x21, 0x25,
  0x21, 0x24, 0x21, 0x25, 0x19, 0x46, 0x21, 0x47, 0x29, 0x68, 0x29, 0x69, 0x29, 0x89, 0x29, 0x8A,
  0x29, 0x89, 0x29, 0x89, 0x29, 0x89, 0x29, 0x89, 0x29, 0x89, 0x29, 0x89, 0x29, 0x89, 0x29, 0x89,
  0x29, 0xAA, 0x29, 0xAA, 0x29, 0xAA, 0x29, 0xAA, 0x29, 0xAA, 0x29, 0xAA, 0x29, 0xAA, 0x29, 0xAA,
  0x29, 0xAA, 0x29, 0x8A, 0x29, 0x8A, 0x29, 0x8A, 0x29, 0xAA, 0x29, 0x8A, 0x29, 0x8A, 0x29, 0xAA,
  0x29, 0xAA, 0x29, 0xAA, 0x29, 0xAA, 0x29, 0xAA, 0x29, 0x89, 0x29, 0x88, 0x29, 0x89, 0x29, 0x88,
  0x29, 0x89, 0x31, 0xAA, 0x31, 0xAA, 0x31, 0xC9, 0x31, 0xCA, 0x31, 0xCB, 0x29, 0xEB, 0x31, 0xEB,
  0x3A, 0x0A, 0x32, 0x0B, 0x3A, 0x2C, 0x42, 0x2C, 0x4A, 0x6D, 0x52, 0xAE, 0x7B, 0x90, 0xDD, 0xB9,
  0xF6, 0x5B, 0xFE, 0x7B, 0xFE, 0xBC, 0xFE, 0xBC, 0xFE, 0xBC, 0xFE, 0xBC, 0xFE, 0xBC, 0xFE, 0xBB,
  0xF6, 0x9B, 0xFE, 0xDC, 0xE6, 0x39, 0xCD, 0xB7, 0xE6, 0xDB, 0xC5, 0x96, 0xF6, 0x9A, 0xFE, 0xBB,
  0xFE, 0xBC, 0xFE, 0xBC, 0xFE, 0xBC, 0xFE, 0xBC, 0xFE, 0xBC, 0xFE, 0x9B, 0xFE, 0x7A, 0xF6, 0x19,
  0xCD, 0x16, 0x83, 0x6F, 0x52, 0xAC, 0x4A, 0x6C, 0x42, 0x2C, 0x3A, 0x2B, 0x3A, 0x0B, 0x3A, 0x0B,
  0x39, 0xEB, 0x31, 0xEB, 0x31, 0xCA, 0x31, 0xA9, 0x31, 0xA9, 0x31, 0xAA, 0x31, 0xAA, 0x29, 0xAA,
  0x29, 0xAA, 0x29, 0xAA, 0x29, 0xAA, 0x29, 0xAA, 0x29, 0xAA, 0x29, 0x8A, 0x29, 0x89, 0x29, 0x89,
  0x29, 0x68, 0x29, 0x67, 0x21, 0x47, 0x19, 0x47, 0x21, 0x46, 0x29, 0x67, 0x29, 0x68, 0x29, 0x89,
  0x21, 0xA9, 0x21, 0xAA, 0x29, 0xAA, 0x29, 0xAA, 0x31, 0xAA, 0x31, 0xAA, 0x31, 0xA9, 0x31, 0xAA,
  0x31, 0xA9, 0x31, 0xAA, 0x31, 0xCB, 0x31, 0xCB, 0x31, 0xEB, 0x31, 0xEB, 0x31, 0xEB, 0x31, 0xEB,
  0x39, 0xEB, 0x3A, 0x0A, 0x32, 0x0B, 0x3A, 0x2C, 0x42, 0x4C, 0x42, 0x6D, 0x4A, 0x8E, 0x4A, 0xCE,
  0x53, 0x0F, 0x63, 0x70, 0x6B, 0xF1, 0x8D, 0x15, 0x9D, 0xB7, 0xA5, 0xF8, 0xA6, 0x19, 0xAE, 0x39,
  0xAE, 0x39, 0xAE, 0x59, 0xAE, 0x7A, 0xAE, 0x79, 0xB6, 0x79, 0xB6, 0x79, 0xB6, 0x79, 0xB6, 0x79,
  0xB6, 0x79, 0xB6, 0x99, 0xB6, 0x79, 0xB6, 0x79, 0xB6, 0x79, 0xB6, 0x99, 0xB6, 0x99, 0xB6, 0x99,
  0xB6, 0x99, 0xB6, 0x99, 0xB6, 0x99, 0xB6, 0x9A, 0xB6, 0x99, 0xB6, 0x99, 0xB6, 0x99, 0xB6, 0x79,
  0xEF, 0xBF, 0xEF, 0xDF, 0xEF, 0xBF, 0xEF, 0xBF, 0xEF, 0xBF, 0xEF, 0xBF, 0xEF, 0x9F, 0xE7, 0x9F,
  0xE7, 0x7E, 0xE7, 0x5E, 0xDF, 0x3D, 0xD6, 0xFD, 0xCE, 0xBC, 0xBE, 0x19, 0x8C, 0xD5, 0x7C, 0x34,
  0x73, 0xD3, 0x63, 0x71, 0x53, 0x10, 0x52, 0xCE, 0x4A, 0xAE, 0x42, 0x8D, 0x42, 0x6D, 0x42, 0x6C,
  0x42, 0x4C, 0x42, 0x4B, 0x42, 0x4C, 0x42, 0x4C, 0x42, 0x4C, 0x42, 0x4B, 0x42, 0x4B, 0x3A, 0x4B,
  0x42, 0x6C, 0x4A, 0x6C, 0x4A, 0x8C, 0x52, 0xCD, 0x5B, 0x2E, 0x6B, 0x6F, 0x7C, 0x11, 0xA5, 0x36,
  0xBD, 0xD7, 0xB5, 0xB7, 0xA5, 0x56, 0x73, 0xD0, 0x52, 0xEE, 0x4A, 0xAD, 0x42, 0x6C, 0x3A, 0x0B,
  0x3A, 0x0B, 0x31, 0xEB, 0x29, 0xCA, 0x31, 0xCA, 0x31, 0xAA, 0x29, 0xAA, 0x21, 0xA9, 0x29, 0xA8,
  0x29, 0xA9, 0x29, 0x89, 0x29, 0x89, 0x29, 0x89, 0x29, 0x68, 0x21, 0x68, 0x19, 0x46, 0x21, 0x26,
  0x21, 0x25, 0x21, 0x25, 0x21, 0x25, 0x21, 0x25, 0x21, 0x25, 0x21, 0x25, 0x21, 0x25, 0x21, 0x25,
  0x21, 0x24, 0x21, 0x25, 0x21, 0x26, 0x21, 0x47, 0x29, 0x68, 0x29, 0x69, 0x29, 0x89, 0x29, 0x89,
  0x29, 0x89, 0x29, 0x88, 0x29, 0x88, 0x29, 0x88, 0x29, 0x88, 0x29, 0x88, 0x29, 0x88, 0x29, 0x88,
  0x29, 0x89, 0x29, 0x89, 0x29, 0x89, 0x29, 0x89, 0x29, 0x89, 0x29, 0x89, 0x29, 0x89, 0x29, 0x89,
  0x29, 0x89, 0x29, 0x89, 0x29, 0x89, 0x29, 0x89, 0x29, 0xA9, 0x29, 0xAA, 0x29, 0xAA, 0x29, 0x8A,
  0x29, 0x8A, 0x29, 0xAA, 0x29, 0xAA, 0x29, 0xAA, 0x29, 0x89, 0x29, 0x88, 0x29, 0x89, 0x29, 0x88,
  0x29, 0xA9, 0x31, 0xAA, 0x31, 0xAA, 0x31, 0xC9, 0x31, 0xCA, 0x31, 0xCB, 0x31, 0xEB, 0x31, 0xEB,
  0x3A, 0x0B, 0x3A, 0x0B, 0x42, 0x2C, 0x42, 0x2C, 0x4A, 0x6D, 0x5A, 0xCE, 0x83, 0xD1, 0xE5, 0xD9,
  0xF6, 0x5B, 0xFE, 0x7B, 0xFE, 0xBC, 0xFE, 0xBC, 0xFE, 0xBC, 0xFE, 0xBC, 0xFE, 0xBC, 0xFE, 0xBB,
  0xFE, 0xBB, 0xF6, 0x9B, 0xFE, 0xBB, 0xD5, 0xB7, 0xB4, 0xD3, 0xDD, 0xD7, 0xFE, 0xBB, 0xFE, 0x9B,
  0xFE, 0xBC, 0xFE, 0xBC, 0xFE, 0xBC, 0xFE, 0xBC, 0xFE, 0xBC, 0xFE, 0x9B, 0xFE, 0x7B, 0xFE, 0x3A,
  0xDD, 0x77, 0x9C, 0x12, 0x5A, 0xAD, 0x4A, 0x6D, 0x42, 0x2C, 0x3A, 0x2B, 0x3A, 0x0A, 0x39, 0xEB,
  0x39, 0xEB, 0x39, 0xEB, 0x31, 0xCA, 0x31, 0xAA, 0x31, 0xA9, 0x31, 0xA9, 0x31, 0xAA, 0x31, 0xAA,
  0x29, 0xAA, 0x29, 0xAA, 0x21, 0xAA, 0x21, 0xAA, 0x29, 0x89, 0x29, 0x8A, 0x29, 0x89, 0x29, 0x89,
  0x29, 0x68, 0x29, 0x47, 0x21, 0x47, 0x19, 0x46, 0x19, 0x46, 0x21, 0x47, 0x29, 0x68, 0x29, 0x89,
  0x29, 0x89, 0x29, 0x89, 0x21, 0xAA, 0x29, 0xAA, 0x29, 0xAA, 0x29, 0xAA, 0x31, 0xAA, 0x31, 0xAA,
  0x31, 0xAA, 0x31, 0xAA, 0x31, 0xAA, 0x31, 0xCB, 0x31, 0xCB, 0x31, 0xCB, 0x31, 0xCA, 0x29, 0xCA,
  0x31, 0xEA, 0x39, 0xEB, 0x3A, 0x0B, 0x32, 0x0B, 0x3A, 0x2C, 0x3A, 0x4C, 0x42, 0x8D, 0x4A, 0xAE,
  0x4A, 0xCE, 0x5B, 0x2F, 0x63, 0x90, 0x74, 0x32, 0x95, 0x56, 0x95, 0x97, 0x9D, 0xF7, 0x9D, 0xF8,
  0xA6, 0x18, 0xA6, 0x38, 0xA6, 0x39, 0xA6, 0x39, 0xA6, 0x59, 0xA6, 0x39, 0xA6, 0x59, 0xA6, 0x59,
  0xA6, 0x59, 0xA6, 0x59, 0xA6, 0x59, 0xA6, 0x59, 0xA6, 0x59, 0xA6, 0x39, 0xA6, 0x59, 0xA6, 0x59,
  0xA6, 0x39, 0xA6, 0x59, 0xA6, 0x59, 0xA6, 0x59, 0xA6, 0x59, 0xA6, 0x59, 0xA6, 0x39, 0xA6, 0x39,
  0xEF, 0xBF, 0xEF, 0xDF, 0xEF, 0xBF, 0xEF, 0xBF, 0xEF, 0xBF, 0xEF, 0xBF, 0xEF, 0xBF, 0xEF, 0xBF,
  0xE7, 0x7E, 0xE7, 0x7D, 0xDF, 0x5E, 0xDF, 0x3D, 0xD6, 0xFD, 0xCE, 0xBC, 0xBE, 0x3A, 0x94, 0xF6,
  0x7C, 0x33, 0x73, 0xF2, 0x63, 0x91, 0x5B, 0x30, 0x53, 0x0F, 0x52, 0xCE, 0x4A, 0xAD, 0x4A, 0x8D,
  0x42, 0x8D, 0x42, 0x6C, 0x42, 0x6C, 0x42, 0x4C, 0x42, 0x4B, 0x42, 0x4C, 0x42, 0x4C, 0x42, 0x6C,
  0x4A, 0x8C, 0x52, 0xCD, 0x5A, 0xEE, 0x6B, 0x4F, 0x73, 0xB0, 0x94, 0x93, 0xB5, 0xB7, 0xC6, 0x19,
  0xBD, 0xF8, 0xB5, 0xF8, 0x8C, 0x93, 0x63, 0x4F, 0x52, 0xEE, 0x42, 0x6D, 0x42, 0x4C, 0x3A, 0x0B,
  0x3A, 0x0B, 0x31, 0xEB, 0x31, 0xCA, 0x29, 0xAA, 0x29, 0xAA, 0x29, 0xAA, 0x29, 0xA9, 0x29, 0xA8,
  0x29, 0x89, 0x29, 0x89, 0x29, 0x89, 0x29, 0x89, 0x29, 0x68, 0x29, 0x47, 0x21, 0x47, 0x19, 0x26,
  0x21, 0x26, 0x21, 0x25, 0x21, 0x25, 0x21, 0x25, 0x21, 0x25, 0x21, 0x25, 0x21, 0x25, 0x21, 0x25,
  0x21, 0x24, 0x21, 0x25, 0x19, 0x26, 0x21, 0x47, 0x29, 0x67, 0x29, 0x88, 0x29, 0x89, 0x29, 0x89,
  0x29, 0x89, 0x29, 0x89, 0x29, 0x89, 0x29, 0x89, 0x29, 0x89, 0x29, 0x89, 0x29, 0x89, 0x29, 0x89,
  0x29, 0x88, 0x29, 0x89, 0x29, 0x89, 0x29, 0x88, 0x29, 0x88, 0x29, 0x88, 0x29, 0x88, 0x29, 0x88,
  0x29, 0x88, 0x29, 0x88, 0x29, 0x88, 0x29, 0xA8, 0x29, 0xA9, 0x29, 0xAA, 0x29, 0x89, 0x29, 0x8A,
  0x29, 0x89, 0x29, 0x89, 0x29, 0x89, 0x29, 0x89, 0x29, 0x89, 0x29, 0x89, 0x29, 0x89, 0x21, 0x89,
  0x29, 0xA9, 0x31, 0xA9, 0x29, 0xAA, 0x29, 0xCA, 0x31, 0xC9, 0x31, 0xCA, 0x31, 0xEB, 0x39, 0xEB,
  0x3A, 0x0A, 0x3A, 0x0B, 0x3A, 0x2C, 0x42, 0x2C, 0x52, 0x6D, 0x5A, 0xAE, 0x94, 0x12, 0xE5, 0xF9,
  0xF6, 0x5A, 0xFE, 0x7B, 0xFE, 0xBC, 0xFE, 0xBC, 0xFE, 0xBC, 0xFE, 0xBC, 0xFE, 0xBC, 0xFE, 0xBC,
  0xFE, 0xBC, 0xF6, 0x9B, 0xFE, 0x9B, 0xF6, 0x7A, 0xBC, 0xB3, 0xD5, 0xB7, 0xFE, 0xBB, 0xF6, 0x9B,
  0xFE, 0xBC, 0xFE, 0xBC, 0xFE, 0xBC, 0xFE, 0xBC, 0xFE, 0xBC, 0xFE, 0xBB, 0xFE, 0x7A, 0xFE, 0x5A,
  0xE5, 0x98, 0xBC, 0x94, 0x73, 0x0E, 0x52, 0x8C, 0x4A, 0x4C, 0x42, 0x2C, 0x3A, 0x0B, 0x31, 0xEA,
  0x39, 0xEB, 0x39, 0xEB, 0x31, 0xCA, 0x31, 0xA9, 0x31, 0xA8, 0x31, 0xA9, 0x31, 0xAA, 0x31, 0xAA,
  0x29, 0xAA, 0x29, 0xAA, 0x29, 0xAA, 0x29, 0x89, 0x29, 0xA9, 0x29, 0x89, 0x29, 0x69, 0x29, 0x89,
  0x29, 0x68, 0x29, 0x47, 0x21, 0x46, 0x19, 0x46, 0x21, 0x46, 0x21, 0x46, 0x29, 0x67, 0x29, 0x68,
  0x29, 0x89, 0x29, 0x88, 0x29, 0x89, 0x21, 0xA9, 0x29, 0xAA, 0x29, 0xAA, 0x31, 0xAA, 0x31, 0xAA,
  0x31, 0xAA, 0x31, 0xAA, 0x31, 0xA9, 0x31, 0xAA, 0x31, 0xAA, 0x31, 0xAA, 0x31, 0xAA, 0x31, 0xC9,
  0x29, 0xCA, 0x31, 0xEB, 0x39, 0xEB, 0x3A, 0x0A, 0x32, 0x0B, 0x3A, 0x2C, 0x42, 0x4C, 0x42, 0x8D,
  0x4A, 0xAD, 0x52, 0xEE, 0x5B, 0x50, 0x63, 0xB1, 0x7C, 0xB4, 0x8D, 0x76, 0x95, 0xB7, 0x9D, 0xD8,
  0x9D, 0xF7, 0x9E, 0x18, 0x9E, 0x18, 0x9E, 0x18, 0x9E, 0x18, 0x9E, 0x18, 0xA6, 0x39, 0xA6, 0x19,
  0xA6, 0x19, 0xA6, 0x19, 0x9E, 0x38, 0x9E, 0x39, 0x9E, 0x39, 0x9E, 0x19, 0xA6, 0x39, 0xA6, 0x39,
  0xA6, 0x19, 0xA6, 0x39, 0xA6, 0x38, 0xA6, 0x39, 0xA6, 0x39, 0xA6, 0x19, 0xA6, 0x38, 0xA6, 0x38,
  0xEF, 0xBF, 0xEF, 0xDF, 0xEF, 0xBF, 0xEF, 0xBF, 0xEF, 0xBF, 0xEF, 0xBF, 0xEF, 0xBF, 0xEF, 0xBF,
  0xEF, 0x9F, 0xE7, 0x9F, 0xDF, 0x7E, 0xDF, 0x5E, 0xDF, 0x3D, 0xD6, 0xFD, 0xCE, 0xDC, 0xC6, 0x5B,
  0x9D, 0x36, 0x84, 0x73, 0x7C, 0x13, 0x6B, 0xB2, 0x63, 0x70, 0x5B, 0x10, 0x52, 0xEF, 0x52, 0xCE,
  0x4A, 0xAD, 0x4A, 0x8D, 0x4A, 0x8C, 0x4A, 0x8C, 0x42, 0x8C, 0x4A, 0x8C, 0x4A, 0x8C, 0x4A, 0xAC,
  0x5A, 0xED, 0x63, 0x4E, 0x73, 0xAF, 0x84, 0x11, 0xA5, 0x15, 0xC6, 0x19, 0xC6, 0x5A, 0xC6, 0x38,
  0xC6, 0x39, 0xB5, 0xB7, 0x7B, 0xD1, 0x5B, 0x2F, 0x52, 0xCD, 0x42, 0x6C, 0x3A, 0x2B, 0x32, 0x0B,
  0x39, 0xEB, 0x31, 0xCA, 0x29, 0xCA, 0x31, 0xAA, 0x29, 0xAA, 0x29, 0xAA, 0x29, 0xA9, 0x29, 0xA8,
  0x29, 0x89, 0x29, 0x89, 0x29, 0x89, 0x29, 0x89, 0x29, 0x68, 0x29, 0x67, 0x21, 0x47, 0x19, 0x46,
  0x21, 0x26, 0x21, 0x25, 0x21, 0x24, 0x21, 0x25, 0x21, 0x25, 0x21, 0x25, 0x21, 0x25, 0x21, 0x25,
  0x21, 0x24, 0x21, 0x25, 0x19, 0x26, 0x21, 0x47, 0x29, 0x67, 0x29, 0x88, 0x29, 0x89, 0x29, 0x89,
  0x29, 0x89, 0x29, 0x89, 0x29, 0x89, 0x29, 0x89, 0x29, 0x89, 0x29, 0x89, 0x29, 0x89, 0x29, 0x89,
  0x29, 0x89, 0x29, 0x88, 0x29, 0x89, 0x29, 0x89, 0x29, 0x89, 0x29, 0x89, 0x29, 0x89, 0x29, 0x89,
  0x29, 0x89, 0x29, 0x89, 0x29, 0x89, 0x29, 0x89, 0x29, 0x89, 0x29, 0x89, 0x29, 0x89, 0x29, 0x8A,
  0x29, 0x88, 0x29, 0x88, 0x29, 0x88, 0x29, 0x88, 0x29, 0x89, 0x29, 0x89, 0x29, 0x89, 0x21, 0x89,
  0x29, 0x88, 0x29, 0xA9, 0x29, 0xAA, 0x29, 0xCA, 0x31, 0xCA, 0x31, 0xCA, 0x39, 0xEB, 0x39, 0xEB,
  0x3A, 0x0A, 0x3A, 0x0B, 0x3A, 0x2C, 0x42, 0x4C, 0x52, 0x8D, 0x5A, 0xCE, 0xA4, 0x74, 0xEE, 0x1A,
  0xF6, 0x5A, 0xFE, 0x9B, 0xFE, 0xBC, 0xFE, 0xBC, 0xFE, 0xBC, 0xFE, 0xBC, 0xFE, 0xBC, 0xFE, 0xBC,
  0xFE, 0x9B, 0xFE, 0x9B, 0xFE, 0x9B, 0xFE, 0x7A, 0xE5, 0xF8, 0xCD, 0x35, 0xF6, 0x7A, 0xFE, 0x9B,
  0xFE, 0xBC, 0xFE, 0xBC, 0xFE, 0xBC, 0xFE, 0xBC, 0xFE, 0xBC, 0xFE, 0xBB, 0xFE, 0x9A, 0xFE, 0x7B,
  0xE5, 0xD8, 0xCC, 0xD5, 0x8B, 0x70, 0x5A, 0x8C, 0x4A, 0x6D, 0x42, 0x2C, 0x42, 0x0B, 0x39, 0xEB,
  0x39, 0xEB, 0x39, 0xEB, 0x31, 0xCA, 0x31, 0xA9, 0x31, 0xA8, 0x31, 0xA9, 0x31, 0xAA, 0x31, 0xAA,
  0x29, 0xAA, 0x29, 0xA9, 0x29, 0xA9, 0x29, 0x89, 0x29, 0xA8, 0x29, 0x88, 0x29, 0x69, 0x29, 0x69,
  0x29, 0x68, 0x29, 0x47, 0x21, 0x46, 0x19, 0x46, 0x21, 0x26, 0x21, 0x26, 0x21, 0x47, 0x29, 0x48,
  0x29, 0x88, 0x29, 0x89, 0x29, 0x88, 0x29, 0xA8, 0x29, 0xAA, 0x29, 0xAA, 0x29, 0xAA, 0x29, 0xAA,
  0x29, 0xAA, 0x29, 0xAA, 0x31, 0xAA, 0x31, 0xAA, 0x31, 0xA9, 0x31, 0xA9, 0x31, 0xAA, 0x31, 0xAA,
  0x31, 0xC9, 0x31, 0xCA, 0x31, 0xCB, 0x31, 0xEB, 0x3A, 0x0B, 0x3A, 0x0C, 0x3A, 0x2C, 0x42, 0x4D,
  0x42, 0x8D, 0x4A, 0xAD, 0x53, 0x0F, 0x5B, 0x90, 0x74, 0x32, 0x85, 0x15, 0x8D, 0x76, 0x8D, 0x97,
  0x8D, 0xB7, 0x95, 0xD8, 0x95, 0xF8, 0x95, 0xF7, 0x95, 0xF7, 0x95, 0xF7, 0x95, 0xF8, 0x95, 0xF8,
  0x96, 0x18, 0x96, 0x18, 0x95, 0xF8, 0x95, 0xF8, 0x95, 0xF8, 0x95, 0xF8, 0x95, 0xF8, 0x96, 0x18,
  0x95, 0xF8, 0x96, 0x18, 0x96, 0x18, 0x96, 0x18, 0x96, 0x18, 0x96, 0x18, 0x95, 0xF7, 0x95, 0xF8,
  0xEF, 0xBF, 0xEF, 0xDF, 0xEF, 0xBF, 0xEF, 0xBF, 0xEF, 0xBF, 0xEF, 0xBF, 0xEF, 0xBF, 0xEF, 0xBF,
  0xEF, 0xBF, 0xEF, 0x9F, 0xE7, 0x9F, 0xE7, 0x9E, 0xDF, 0x5E, 0xDF, 0x3D, 0xD7, 0x1C, 0xD6, 0xDC,
  0xC6, 0x9B, 0xA5, 0x97, 0x8C, 0xB4, 0x7C, 0x34, 0x73, 0xF3, 0x6B, 0x92, 0x63, 0x70, 0x5B, 0x2F,
  0x53, 0x0E, 0x52, 0xCE, 0x4A, 0xCD, 0x4A, 0xCD, 0x4A, 0xCD, 0x52, 0xCD, 0x5A, 0xED, 0x63, 0x2E,
  0x6B, 0x8F, 0x7B, 0xF1, 0x8C, 0x93, 0xB5, 0xB7, 0xCE, 0x59, 0xCE, 0x5A, 0xCE, 0x7A, 0xCE, 0x59,
  0xC6, 0x39, 0x9C, 0xF5, 0x6B, 0x90, 0x5B, 0x0E, 0x4A, 0xAD, 0x42, 0x6C, 0x3A, 0x2B, 0x32, 0x0A,
  0x39, 0xEB, 0x31, 0xCA, 0x29, 0xA9, 0x31, 0xAA, 0x29, 0xAA, 0x21, 0xAA, 0x29, 0xA9, 0x29, 0xA8,
  0x29, 0x89, 0x29, 0x89, 0x29, 0x89, 0x29, 0x89, 0x29, 0x68, 0x29, 0x68, 0x21, 0x67, 0x21, 0x46,
  0x21, 0x26, 0x21, 0x25, 0x21, 0x24, 0x21, 0x25, 0x21, 0x25, 0x21, 0x25, 0x21, 0x25, 0x21, 0x25,
  0x21, 0x24, 0x21, 0x25, 0x21, 0x26, 0x21, 0x47, 0x29, 0x67, 0x29, 0x68, 0x29, 0x89, 0x29, 0x89,
  0x29, 0x89, 0x29, 0x89, 0x29, 0x89, 0x29, 0x89, 0x29, 0x89, 0x29, 0x89, 0x29, 0x89, 0x29, 0x89,
  0x29, 0x89, 0x29, 0x89, 0x29, 0x89, 0x29, 0x89, 0x29, 0x89, 0x29, 0x89, 0x29, 0x89, 0x29, 0x89,
  0x29, 0x89, 0x29, 0x89, 0x29, 0x89, 0x29, 0x89, 0x29, 0x89, 0x29, 0x88, 0x29, 0x89, 0x29, 0x8A,
  0x29, 0x89, 0x29, 0x89, 0x29, 0x89, 0x29, 0x89, 0x29, 0x89, 0x29, 0x89, 0x29, 0x89, 0x29, 0x89,
  0x21, 0x88, 0x29, 0x89, 0x31, 0xAA, 0x31, 0xAA, 0x31, 0xCA, 0x31, 0xCA, 0x39, 0xEB, 0x39, 0xEB,
  0x32, 0x0B, 0x3A, 0x0A, 0x42, 0x0B, 0x42, 0x4C, 0x52, 0x8D, 0x5A, 0xEE, 0xB4, 0xB4, 0xEE, 0x1A,
  0xF6, 0x5A, 0xFE, 0x9B, 0xFE, 0xBC, 0xFE, 0xBC, 0xFE, 0xBC, 0xFE, 0xBC, 0xFE, 0xBC, 0xFE, 0x9C,
  0xFE, 0xBB, 0xEE, 0x39, 0xDD, 0x97, 0xF6, 0x5A, 0xF6, 0x7B, 0xD5, 0x56, 0xDD, 0xB7, 0xFE, 0xBB,
  0xF6, 0x9B, 0xFE, 0xBC, 0xFE, 0xBC, 0xFE, 0xBC, 0xFE, 0xBC, 0xFE, 0xBC, 0xFE, 0x9B, 0xFE, 0x7B,
  0xED, 0xF9, 0xCC, 0xF5, 0xA3, 0xF1, 0x62, 0xAD, 0x4A, 0x6D, 0x42, 0x4C, 0x42, 0x0C, 0x3A, 0x0B,
  0x31, 0xEB, 0x39, 0xCA, 0x31, 0xC9, 0x29, 0xA8, 0x31, 0xA8, 0x31, 0xA9, 0x31, 0xAA, 0x31, 0xAA,
  0x21, 0xAA, 0x21, 0xA9, 0x29, 0xA8, 0x29, 0xA9, 0x29, 0xA9, 0x29, 0x89, 0x29, 0x89, 0x29, 0x69,
  0x29, 0x68, 0x29, 0x47, 0x21, 0x46, 0x21, 0x46, 0x21, 0x26, 0x19, 0x26, 0x21, 0x47, 0x29, 0x47,
  0x29, 0x68, 0x29, 0x69, 0x29, 0x89, 0x29, 0x89, 0x29, 0xAA, 0x29, 0xAA, 0x21, 0xAA, 0x21, 0xAA,
  0x21, 0xAA, 0x29, 0xAA, 0x29, 0xAA, 0x29, 0xAA, 0x29, 0xAA, 0x29, 0xAA, 0x31, 0xAA, 0x31, 0xAA,
  0x31, 0xCA, 0x31, 0xCA, 0x31, 0xCA, 0x29, 0xEA, 0x31, 0xEB, 0x3A, 0x0B, 0x3A, 0x2C, 0x42, 0x4C,
  0x42, 0x4C, 0x42, 0x8D, 0x4A, 0xCE, 0x5B, 0x4F, 0x63, 0xB0, 0x74, 0x93, 0x85, 0x35, 0x85, 0x76,
  0x8D, 0x96, 0x8D, 0xB7, 0x8D, 0xD8, 0x8D, 0xD8, 0x8D, 0xF8, 0x8D, 0xD8, 0x8D, 0xF8, 0x8D, 0xF8,
  0x8D, 0xF8, 0x8D, 0xF8, 0x8D, 0xD8, 0x8D, 0xF7, 0x8D, 0xD7, 0x8D, 0xD8, 0x8D, 0xF8, 0x8D, 0xF8,
  0x8D, 0xD7, 0x8D, 0xF8, 0x8D, 0xF8, 0x8D, 0xF7, 0x8D, 0xF8, 0x8D, 0xF8, 0x8D, 0xD8, 0x8D, 0xD8,
  0xEF, 0xBF, 0xEF, 0xBF, 0xEF, 0xBF, 0xEF, 0xBF, 0xEF, 0xBF, 0xEF, 0xBF, 0xEF, 0xBF, 0xEF, 0xBF,
  0xEF, 0xBF, 0xEF, 0xBF, 0xEF, 0xBF, 0xE7, 0x9F, 0xDF, 0x7E, 0xDF, 0x7D, 0xDF, 0x5D, 0xDF, 0x1C,
  0xD6, 0xFC, 0xCE, 0xBB, 0xBE, 0x19, 0x9D, 0x36, 0x8C, 0x94, 0x7C, 0x33, 0x7B, 0xF3, 0x6B, 0xB1,
  0x63, 0x90, 0x63, 0x4F, 0x5B, 0x2F, 0x5B, 0x2F, 0x5B, 0x2E, 0x63, 0x4F, 0x6B, 0x8F, 0x7B, 0xF0,
  0x84, 0x52, 0xA5, 0x35, 0xC6, 0x39, 0xD6, 0x9A, 0xD6, 0x9A, 0xD6, 0xBA, 0xCE, 0x7A, 0xCE, 0x59,
  0xB5, 0xD8, 0x84, 0x32, 0x63, 0x4F, 0x52, 0xEE, 0x4A, 0x8D, 0x42, 0x4C, 0x3A, 0x2B, 0x32, 0x0A,
  0x31, 0xEB, 0x31, 0xCA, 0x29, 0xAA, 0x31, 0xA9, 0x29, 0xA9, 0x29, 0xAA, 0x29, 0x89, 0x29, 0x88,
  0x29, 0x89, 0x29, 0x89, 0x29, 0x89, 0x29, 0x89, 0x29, 0x89, 0x29, 0x68, 0x29, 0x47, 0x21, 0x47,
  0x21, 0x26, 0x21, 0x26, 0x21, 0x25, 0x21, 0x24, 0x21, 0x25, 0x21, 0x25, 0x21, 0x25, 0x21, 0x24,
  0x21, 0x25, 0x21, 0x26, 0x21, 0x26, 0x19, 0x47, 0x21, 0x47, 0x29, 0x68, 0x29, 0x68, 0x29, 0x89,
  0x29, 0x89, 0x29, 0x89, 0x29, 0x89, 0x29, 0x89, 0x29, 0x89, 0x29, 0x89, 0x29, 0x89, 0x29, 0x89,
  0x29, 0x89, 0x29, 0x89, 0x29, 0x89, 0x29, 0x89, 0x29, 0x89, 0x29, 0x89, 0x29, 0x89, 0x29, 0x89,
  0x29, 0x88, 0x29, 0x89, 0x29, 0x89, 0x29, 0x89, 0x29, 0x89, 0x29, 0x88, 0x29, 0x89, 0x29, 0x89,
  0x29, 0x89, 0x29, 0x89, 0x29, 0x89, 0x29, 0x89, 0x29, 0x89, 0x29, 0x89, 0x29, 0x89, 0x21, 0x89,
  0x29, 0x89, 0x29, 0xA9, 0x31, 0xAA, 0x31, 0xAA, 0x31, 0xCA, 0x31, 0xCA, 0x39, 0xEB, 0x39, 0xEB,
  0x3A, 0x0B, 0x3A, 0x0B, 0x42, 0x2B, 0x4A, 0x4C, 0x52, 0xAD, 0x63, 0x0E, 0xBD, 0x15, 0xEE, 0x1A,
  0xF6, 0x5A, 0xFE, 0x9B, 0xFE, 0xBC, 0xFE, 0xBC, 0xFE, 0xBC, 0xFE, 0xBC, 0xFE, 0xBC, 0xFE, 0xBB,
  0xFE, 0x9B, 0xD5, 0x56, 0xC4, 0xD4, 0xE5, 0xB8, 0xF6, 0x7A, 0xDD, 0xD7, 0xD5, 0x35, 0xFE, 0x9B,
  0xF6, 0x9B, 0xFE, 0xBC, 0xFE, 0xBC, 0xFE, 0xBC, 0xFE, 0xBC, 0xFE, 0xBB, 0xFE, 0x9B, 0xFE, 0x7B,
  0xEE, 0x1A, 0xD5, 0x16, 0xB4, 0x53, 0x72, 0xEE, 0x52, 0x6D, 0x4A, 0x4C, 0x42, 0x2C, 0x42, 0x0B,
  0x39, 0xEB, 0x39, 0xCA, 0x31, 0xC9, 0x29, 0xA9, 0x31, 0xA8, 0x31, 0xA9, 0x31, 0xAA, 0x31, 0xAA,
  0x29, 0xAA, 0x29, 0xA9, 0x29, 0xA8, 0x29, 0xA9, 0x29, 0xA9, 0x29, 0x89, 0x29, 0x89, 0x29, 0x69,
  0x29, 0x68, 0x29, 0x47, 0x19, 0x26, 0x21, 0x25, 0x21, 0x25, 0x19, 0x26, 0x21, 0x26, 0x29, 0x47,
  0x29, 0x48, 0x29, 0x69, 0x29, 0x89, 0x29, 0x89, 0x29, 0x89, 0x29, 0x89, 0x29, 0x89, 0x29, 0xA9,
  0x29, 0xA9, 0x29, 0xA9, 0x21, 0xA9, 0x21, 0xA9, 0x21, 0xA9, 0x29, 0xAA, 0x29, 0xAA, 0x31, 0xAA,
  0x31, 0xCA, 0x31, 0xCA, 0x31, 0xC9, 0x29, 0xC9, 0x31, 0xEA, 0x39, 0xEB, 0x3A, 0x0B, 0x3A, 0x2B,
  0x3A, 0x4C, 0x42, 0x8D, 0x4A, 0xAE, 0x5B, 0x0F, 0x5B, 0x70, 0x6C, 0x32, 0x84, 0xF4, 0x85, 0x35,
  0x85, 0x76, 0x85, 0x96, 0x85, 0xB7, 0x85, 0xB7, 0x8D, 0xD7, 0x8D, 0xD7, 0x8D, 0xB7, 0x8D, 0xD7,
  0x8D, 0xD7, 0x8D, 0xD7, 0x8D, 0xD7, 0x8D, 0xD7, 0x8D, 0xD7, 0x8D, 0xD7, 0x8D, 0xD7, 0x8D, 0xD7,
  0x8D, 0xD7, 0x8D, 0xD7, 0x8D, 0xD7, 0x8D, 0xD8, 0x8D, 0xD7, 0x8D, 0xD7, 0x8D, 0xD7, 0x8D, 0xD7,
  0xEF, 0xBF, 0xEF, 0xBF, 0xEF, 0xBF, 0xEF, 0xBF, 0xEF, 0xBF, 0xEF, 0xBF, 0xEF, 0xBF, 0xEF, 0xBF,
  0xEF, 0xBF, 0xEF, 0xBF, 0xEF, 0xBF, 0xEF, 0x9F, 0xE7, 0x9E, 0xE7, 0x7E, 0xE7, 0x7E, 0xDF, 0x5E,
  0xDF, 0x3D, 0xD7, 0x1C, 0xD6, 0xFC, 0xCE, 0x9B, 0xB5, 0xD9, 0x9D, 0x15, 0x8C, 0x94, 0x84, 0x53,
  0x73, 0xF2, 0x73, 0xD1, 0x73, 0xB0, 0x73, 0xB0, 0x73, 0xD1, 0x7B, 0xF1, 0x84, 0x52, 0x9C, 0xF4,
  0xBD, 0xF8, 0xD6, 0x9A, 0xD6, 0xBB, 0xD6, 0xBA, 0xDE, 0xDB, 0xD6, 0xBB, 0xCE, 0x7A, 0xC6, 0x5A,
  0x9D, 0x15, 0x73, 0xD1, 0x5B, 0x2F, 0x52, 0xCE, 0x4A, 0x8C, 0x42, 0x4C, 0x3A, 0x0B, 0x31, 0xEB,
  0x29, 0xEA, 0x31, 0xC9, 0x31, 0xAA, 0x31, 0xA9, 0x29, 0xA8, 0x29, 0xA9, 0x29, 0x89, 0x29, 0x89,
  0x29, 0x89, 0x29, 0x89, 0x29, 0x89, 0x29, 0x89, 0x29, 0x89, 0x29, 0x68, 0x29, 0x48, 0x21, 0x47,
  0x19, 0x46, 0x21, 0x26, 0x21, 0x26, 0x21, 0x25, 0x21, 0x25, 0x21, 0x25, 0x21, 0x25, 0x21, 0x24,
  0x21, 0x25, 0x21, 0x26, 0x21, 0x26, 0x21, 0x47, 0x29, 0x47, 0x29, 0x68, 0x29, 0x68, 0x29, 0x69,
  0x29, 0x89, 0x29, 0x69, 0x21, 0x69, 0x21, 0x89, 0x29, 0x89, 0x29, 0x89, 0x29, 0x89, 0x29, 0x89,
  0x29, 0x89, 0x29, 0x89, 0x29, 0x89, 0x29, 0x89, 0x29, 0x89, 0x29, 0x89, 0x29, 0x89, 0x29, 0x89,
  0x29, 0x89, 0x29, 0x89, 0x29, 0x88, 0x29, 0x89, 0x29, 0x89, 0x29, 0x89, 0x29, 0x89, 0x29, 0x88,
  0x29, 0x89, 0x29, 0x89, 0x29, 0x89, 0x29, 0x89, 0x29, 0x89, 0x29, 0x89, 0x29, 0x89, 0x29, 0x89,
  0x29, 0x88, 0x21, 0x89, 0x31, 0xAA, 0x31, 0xAA, 0x31, 0xCA, 0x31, 0xCA, 0x39, 0xCB, 0x3A, 0x0B,
  0x3A, 0x0B, 0x42, 0x0C, 0x42, 0x2C, 0x4A, 0x4C, 0x52, 0xAD, 0x73, 0x2F, 0xC5, 0x56, 0xEE, 0x1A,
  0xF6, 0x7A, 0xFE, 0x9B, 0xFE, 0xBC, 0xFE, 0xBC, 0xFE, 0xBC, 0xFE, 0xBC, 0xFE, 0xBB, 0xFE, 0xBC,
  0xF6, 0x5A, 0xD5, 0x76, 0xE5, 0xF8, 0xDD, 0x76, 0xFE, 0x7B, 0xDD, 0xD8, 0xD5, 0x55, 0xFE, 0x9B,
  0xF6, 0x9A, 0xFE, 0xBB, 0xFE, 0xBC, 0xFE, 0xBC, 0xFE, 0xBC, 0xFE, 0xBB, 0xFE, 0x9A, 0xFE, 0x7B,
  0xEE, 0x3A, 0xDD, 0x56, 0xC4, 0x94, 0x8B, 0x4F, 0x5A, 0x8C, 0x4A, 0x6D, 0x42, 0x2C, 0x42, 0x0B,
  0x39, 0xEB, 0x39, 0xEB, 0x31, 0xCA, 0x31, 0xCA, 0x31, 0xA9, 0x31, 0xA9, 0x31, 0xAA, 0x31, 0xAA,
  0x31, 0xAA, 0x31, 0xAA, 0x21, 0xA9, 0x29, 0x89, 0x29, 0xA9, 0x29, 0x89, 0x29, 0x89, 0x29, 0x68,
  0x21, 0x67, 0x21, 0x46, 0x21, 0x26, 0x19, 0x25, 0x21, 0x25, 0x21, 0x25, 0x19, 0x26, 0x21, 0x46,
  0x29, 0x47, 0x29, 0x68, 0x29, 0x89, 0x29, 0x89, 0x29, 0x89, 0x29, 0x89, 0x29, 0x88, 0x29, 0x88,
  0x29, 0x88, 0x29, 0x89, 0x29, 0xA9, 0x29, 0xA9, 0x29, 0xA8, 0x21, 0xA9, 0x29, 0xAA, 0x29, 0xAA,
  0x31, 0xAA, 0x31, 0xCA, 0x31, 0xCA, 0x31, 0xCA, 0x29, 0xEA, 0x31, 0xEA, 0x39, 0xEA, 0x32, 0x0B,
  0x3A, 0x4C, 0x42, 0x6C, 0x4A, 0x8D, 0x52, 0xEE, 0x5B, 0x50, 0x6B, 0xD1, 0x7C, 0xB4, 0x85, 0x15,
  0x85, 0x56, 0x85, 0x76, 0x85, 0x96, 0x8D, 0xB6, 0x8D, 0xB7, 0x8D, 0xB6, 0x8D, 0xB6, 0x85, 0xD6,
  0x8D, 0xD6, 0x8D, 0xD6, 0x85, 0xD7, 0x8D, 0xD7, 0x8D, 0xD7, 0x8D, 0xD7, 0x8D, 0xD7, 0x8D, 0xD7,
  0x8D, 0xD7, 0x8D, 0xD6, 0x8D, 0xD7, 0x8D, 0xD7, 0x8D, 0xD6, 0x8D, 0xD6, 0x8D, 0xD6, 0x8D, 0xD6,
  0xEF, 0xBF, 0xEF, 0xBF, 0xEF, 0xBF, 0xEF, 0xBF, 0xEF, 0xBF, 0xEF, 0xBF, 0xEF, 0xBF, 0xEF, 0xBF,
  0xEF, 0xBF, 0xEF, 0xBF, 0xEF, 0xBF, 0xEF, 0xBF, 0xEF, 0xBF, 0xEF, 0x9F, 0xE7, 0x7E, 0xE7, 0x7D,
  0xDF, 0x7E, 0xDF, 0x3E, 0xDF, 0x1D, 0xDF, 0x1D, 0xDE, 0xFC, 0xCE, 0x9B, 0xB5, 0xF9, 0xA5, 0x56,
  0x9C, 0xD4, 0x8C, 0x93, 0x8C, 0x93, 0x8C, 0x93, 0x8C, 0xB3, 0x9C, 0xF4, 0xBD, 0xD8, 0xCE, 0x7A,
  0xD6, 0xDB, 0xDE, 0xFB, 0xDE, 0xFB, 0xDE, 0xFB, 0xDE, 0xDB, 0xD6, 0xBB, 0xCE, 0x7A, 0xB5, 0xD8,
  0x84, 0x52, 0x6B, 0x70, 0x5B, 0x0F, 0x4A, 0xAD, 0x42, 0x4C, 0x3A, 0x2B, 0x39, 0xEA, 0x31, 0xEA,
  0x29, 0xCA, 0x31, 0xAA, 0x29, 0xAA, 0x29, 0xA9, 0x21, 0xA8, 0x29, 0x89, 0x29, 0x89, 0x29, 0x89,
  0x29, 0x89, 0x29, 0x89, 0x29, 0x89, 0x29, 0x89, 0x29, 0x89, 0x29, 0x68, 0x21, 0x48, 0x21, 0x47,
  0x21, 0x47, 0x21, 0x26, 0x21, 0x26, 0x21, 0x25, 0x21, 0x25, 0x21, 0x25, 0x21, 0x25, 0x21, 0x25,
  0x21, 0x24, 0x21, 0x25, 0x21, 0x26, 0x19, 0x47, 0x21, 0x46, 0x29, 0x47, 0x29, 0x68, 0x29, 0x68,
  0x29, 0x89, 0x29, 0x89, 0x21, 0x89, 0x21, 0x69, 0x29, 0x89, 0x29, 0x89, 0x29, 0x89, 0x29, 0x89,
  0x29, 0x89, 0x29, 0x89, 0x29, 0x89, 0x29, 0x89, 0x29, 0x89, 0x29, 0x89, 0x29, 0x89, 0x29, 0x89,
  0x29, 0x89, 0x29, 0x89, 0x29, 0x89, 0x29, 0x89, 0x29, 0x89, 0x29, 0x89, 0x29, 0x89, 0x29, 0x89,
  0x29, 0x89, 0x29, 0x89, 0x29, 0x89, 0x29, 0x89, 0x29, 0x89, 0x29, 0x89, 0x29, 0x89, 0x29, 0x89,
  0x29, 0x89, 0x21, 0x89, 0x29, 0xA9, 0x31, 0xAA, 0x31, 0xCA, 0x31, 0xCA, 0x39, 0xCB, 0x39, 0xEB,
  0x42, 0x0B, 0x42, 0x0B, 0x42, 0x2C, 0x4A, 0x6D, 0x5A, 0xCD, 0x7B, 0x90, 0xD5, 0x77, 0xEE, 0x19,
  0xF6, 0x7A, 0xFE, 0x9B, 0xFE, 0xBC, 0xFE, 0xBC, 0xFE, 0xBC, 0xFE, 0xBC, 0xFE, 0xBC, 0xFE, 0xBC,
  0xF6, 0x7B, 0xD5, 0x56, 0xCD, 0x35, 0xDD, 0xB7, 0xFE, 0x7A, 0xDD, 0xD8, 0xDD, 0x97, 0xFE, 0x9B,
  0xF6, 0x9A, 0xFE, 0xBB, 0xFE, 0xBC, 0xFE, 0xBC, 0xFE, 0xBC, 0xFE, 0xBC, 0xFE, 0x9B, 0xFE, 0x7B,
  0xF6, 0x3A, 0xDD, 0x77, 0xCC, 0xB5, 0xA3, 0xF1, 0x62, 0xAD, 0x52, 0x6D, 0x42, 0x4B, 0x42, 0x0B,
  0x39, 0xEB, 0x39, 0xEB, 0x31, 0xCA, 0x31, 0xC9, 0x31, 0xA9, 0x31, 0xA9, 0x31, 0xAA, 0x31, 0xAA,
  0x31, 0xAA, 0x31, 0xAA, 0x29, 0xAA, 0x29, 0xAA, 0x29, 0x89, 0x29, 0x89, 0x29, 0x89, 0x29, 0x68,
  0x21, 0x47, 0x21, 0x46, 0x21, 0x26, 0x19, 0x25, 0x21, 0x24, 0x21, 0x25, 0x21, 0x25, 0x19, 0x26,
  0x21, 0x47, 0x29, 0x68, 0x29, 0x68, 0x29, 0x68, 0x29, 0x89, 0x29, 0x89, 0x29, 0x89, 0x29, 0x89,
  0x29, 0x89, 0x29, 0x89, 0x29, 0x89, 0x29, 0xA9, 0x29, 0xA8, 0x29, 0xA9, 0x29, 0xA9, 0x29, 0xA9,
  0x31, 0xAA, 0x31, 0xCA, 0x31, 0xCA, 0x31, 0xCA, 0x31, 0xC9, 0x31, 0xEA, 0x31, 0xEB, 0x3A, 0x0B,
  0x3A, 0x2C, 0x42, 0x4C, 0x42, 0x8D, 0x4A, 0xCE, 0x53, 0x0E, 0x5B, 0x70, 0x74, 0x53, 0x7C, 0xF4,
  0x7D, 0x35, 0x85, 0x56, 0x85, 0x76, 0x85, 0x97, 0x85, 0x96, 0x85, 0x97, 0x85, 0xB7, 0x85, 0xB7,
  0x85, 0xB7, 0x85, 0xB7, 0x85, 0xB7, 0x85, 0xB6, 0x85, 0xB7, 0x85, 0xB7, 0x85, 0xB7, 0x85, 0xB7,
  0x85, 0xB7, 0x85, 0xB7, 0x85, 0xB7, 0x85, 0xB6, 0x85, 0xB7, 0x85, 0xB7, 0x85, 0xB7, 0x85, 0xB7,
  0xEF, 0xBF, 0xEF, 0xBF, 0xEF, 0xBF, 0xEF, 0xBF, 0xEF, 0xBF, 0xEF, 0xBF, 0xEF, 0xBF, 0xEF, 0xBF,
  0xEF, 0xBF, 0xEF, 0xBF, 0xEF, 0xBF, 0xEF, 0xBF, 0xEF, 0xBF, 0xEF, 0x9F, 0xEF, 0xBE, 0xE7, 0x9E,
  0xE7, 0x9E, 0xE7, 0x7E, 0xE7, 0x5E, 0xE7, 0x5D, 0xE7, 0x3D, 0xDF, 0x3C, 0xDE, 0xFC, 0xD6, 0xBB,
  0xCE, 0x79, 0xBE, 0x18, 0xBE, 0x18, 0xBD, 0xF8, 0xBE, 0x18, 0xCE, 0x79, 0xDE, 0xFC, 0xDF, 0x1C,
  0xE7, 0x1C, 0xE7, 0x3C, 0xE7, 0x1C, 0xDF, 0x1C, 0xD6, 0xBB, 0xC6, 0x59, 0xBE, 0x18, 0x9C, 0xF4,
  0x73, 0xB1, 0x63, 0x50, 0x52, 0xCE, 0x4A, 0x6D, 0x42, 0x2B, 0x3A, 0x0B, 0x39, 0xEA, 0x31, 0xC9,
  0x29, 0xCA, 0x31, 0xAA, 0x31, 0xA9, 0x29, 0xA9, 0x21, 0xA9, 0x29, 0x89, 0x29, 0x89, 0x29, 0x89,
  0x29, 0x89, 0x29, 0x89, 0x29, 0x89, 0x29, 0x89, 0x29, 0x89, 0x29, 0x68, 0x29, 0x48, 0x21, 0x47,
  0x19, 0x47, 0x21, 0x26, 0x21, 0x26, 0x21, 0x25, 0x21, 0x24, 0x21, 0x25, 0x21, 0x25, 0x21, 0x25,
  0x21, 0x24, 0x21, 0x25, 0x21, 0x26, 0x21, 0x26, 0x19, 0x47, 0x21, 0x47, 0x29, 0x68, 0x29, 0x67,
  0x29, 0x69, 0x29, 0x89, 0x29, 0x89, 0x29, 0x69, 0x29, 0x69, 0x29, 0x89, 0x29, 0x89, 0x29, 0x89,
  0x29, 0x89, 0x29, 0x89, 0x29, 0x89, 0x29, 0x89, 0x29, 0x89, 0x29, 0x89, 0x29, 0x89, 0x29, 0x89,
  0x29, 0x89, 0x29, 0x89, 0x29, 0x89, 0x29, 0x89, 0x29, 0x89, 0x29, 0x89, 0x29, 0x89, 0x29, 0x89,
  0x29, 0x89, 0x29, 0x89, 0x29, 0x89, 0x29, 0x89, 0x29, 0x89, 0x29, 0x89, 0x29, 0x89, 0x29, 0x89,
  0x29, 0x89, 0x21, 0x88, 0x29, 0xAA, 0x31, 0xAA, 0x29, 0xCB, 0x31, 0xCA, 0x31, 0xEA, 0x39, 0xEB,
  0x42, 0x0A, 0x42, 0x0B, 0x42, 0x4C, 0x4A, 0x8D, 0x5A, 0xCE, 0x8B, 0xD1, 0xD5, 0x98, 0xEE, 0x19,
  0xF6, 0x7A, 0xFE, 0x9B, 0xFE, 0xBC, 0xFE, 0x9C, 0xFE, 0x9C, 0xFE, 0xBC, 0xFE, 0xBC, 0xFE, 0xBB,
  0xFE, 0x9B, 0xEE, 0x19, 0xDD, 0xB7, 0xF6, 0x5A, 0xFE, 0x7B, 0xE5, 0xD8, 0xE5, 0xD8, 0xFE, 0x9B,
  0xFE, 0x9B, 0xFE, 0xBC, 0xFE, 0xBC, 0xFE, 0xBC, 0xFE, 0xBC, 0xFE, 0xBC, 0xFE, 0x9B, 0xFE, 0x7B,
  0xF6, 0x5A, 0xED, 0xD9, 0xCC, 0xD5, 0xB4, 0x52, 0x72, 0xEE, 0x52, 0x6C, 0x42, 0x4C, 0x42, 0x2B,
  0x3A, 0x0A, 0x31, 0xEB, 0x39, 0xCA, 0x31, 0xC9, 0x29, 0xA9, 0x31, 0xAA, 0x31, 0xAA, 0x31, 0xAA,
  0x31, 0xAA, 0x31, 0xAA, 0x31, 0xAA, 0x29, 0xA9, 0x29, 0x88, 0x29, 0x89, 0x29, 0x89, 0x29, 0x68,
  0x29, 0x47, 0x21, 0x46, 0x19, 0x26, 0x21, 0x25, 0x21, 0x24, 0x21, 0x25, 0x21, 0x25, 0x19, 0x26,
  0x21, 0x47, 0x29, 0x47, 0x29, 0x67, 0x29, 0x68, 0x29, 0x89, 0x29, 0x89, 0x29, 0x89, 0x29, 0x89,
  0x29, 0x89, 0x29, 0x89, 0x29, 0x89, 0x29, 0x89, 0x29, 0x89, 0x29, 0x89, 0x29, 0x88, 0x29, 0xA8,
  0x31, 0xAA, 0x31, 0xAA, 0x31, 0xCA, 0x31, 0xCA, 0x31, 0xCA, 0x29, 0xCA, 0x31, 0xEB, 0x39, 0xEB,
  0x32, 0x0B, 0x3A, 0x2B, 0x42, 0x6C, 0x42, 0xAD, 0x4A, 0xCF, 0x53, 0x4F, 0x63, 0xF2, 0x74, 0xB4,
  0x7D, 0x14, 0x7D, 0x35, 0x7D, 0x76, 0x85, 0x76, 0x85, 0x96, 0x85, 0x96, 0x85, 0x97, 0x85, 0xB7,
  0x7D, 0xB7, 0x85, 0xB7, 0x85, 0xB7, 0x7D, 0xB7, 0x85, 0xB7, 0x7D, 0xB7, 0x7D, 0xB7, 0x7D, 0x97,
  0x7D, 0x97, 0x7D, 0x97, 0x85, 0xB7, 0x7D, 0xB7, 0x85, 0xB7, 0x85, 0xB7, 0x7D, 0xB7, 0x7D, 0xB7,
  0xEF, 0xBF, 0xEF, 0xBF, 0xEF, 0xBF, 0xEF, 0xBF, 0xEF, 0xBF, 0xEF, 0xBF, 0xEF, 0xBF, 0xEF, 0xBF,
  0xEF, 0xBF, 0xEF, 0xBF, 0xEF, 0xBF, 0xEF, 0xBF, 0xEF, 0xBF, 0xEF, 0xBF, 0xEF, 0xBF, 0xEF, 0xBF,
  0xEF, 0xBF, 0xEF, 0xBE, 0xEF, 0x9F, 0xE7, 0x9E, 0xEF, 0x9E, 0xEF, 0x7D, 0xE7, 0x5D, 0xE7, 0x5D,
  0xE7, 0x3C, 0xE7, 0x1C, 0xE7, 0x3C, 0xE7, 0x1C, 0xE7, 0x1C, 0xE7, 0x3C, 0xE7, 0x5D, 0xE7, 0x5D,
  0xEF, 0x5D, 0xEF, 0x5D, 0xE7, 0x3C, 0xDE, 0xFB, 0xC6, 0x39, 0xB5, 0xD7, 0xA5, 0x35, 0x84, 0x32,
  0x6B, 0x70, 0x53, 0x0E, 0x4A, 0xAD, 0x42, 0x4C, 0x3A, 0x2B, 0x3A, 0x0B, 0x39, 0xEA, 0x31, 0xCA,
  0x29, 0xAA, 0x31, 0xA9, 0x31, 0xA9, 0x29, 0xA8, 0x29, 0x89, 0x29, 0x89, 0x29, 0x89, 0x29, 0x89,
  0x29, 0x89, 0x29, 0x89, 0x29, 0x88, 0x29, 0x88, 0x21, 0x68, 0x21, 0x67, 0x29, 0x68, 0x29, 0x67,
  0x21, 0x47, 0x21, 0x46, 0x21, 0x26, 0x21, 0x25, 0x21, 0x24, 0x21, 0x25, 0x21, 0x25, 0x21, 0x25,
  0x21, 0x24, 0x21, 0x25, 0x21, 0x05, 0x21, 0x26, 0x21, 0x26, 0x21, 0x47, 0x29, 0x67, 0x29, 0x68,
  0x29, 0x68, 0x29, 0x89, 0x29, 0x89, 0x29, 0x89, 0x29, 0x89, 0x29, 0x89, 0x29, 0x89, 0x29, 0x89,
  0x29, 0x89, 0x29, 0x89, 0x29, 0x89, 0x29, 0x89, 0x29, 0x89, 0x29, 0x89, 0x29, 0x89, 0x29, 0x89,
  0x29, 0x89, 0x29, 0x89, 0x29, 0x89, 0x29, 0x89, 0x29, 0x89, 0x29, 0x89, 0x29, 0x89, 0x29, 0x89,
  0x29, 0x89, 0x29, 0x89, 0x21, 0x89, 0x21, 0x88, 0x29, 0x89, 0x29, 0x89, 0x29, 0x89, 0x29, 0x88,
  0x29, 0x68, 0x21, 0x68, 0x29, 0xA9, 0x31, 0xAA, 0x29, 0xCA, 0x31, 0xCA, 0x39, 0xEB, 0x39, 0xEB,
  0x42, 0x0B, 0x42, 0x0B, 0x4A, 0x4C, 0x52, 0x8D, 0x62, 0xEF, 0x94, 0x13, 0xD5, 0xB8, 0xEE, 0x19,
  0xF6, 0x5A, 0xFE, 0x9B, 0xFE, 0x9C, 0xFE, 0xBC, 0xFE, 0xDC, 0xFE, 0xBC, 0xFE, 0xBC, 0xFE, 0xBC,
  0xFE, 0x9B, 0xFE, 0x9C, 0xFE, 0xBB, 0xFE, 0x7B, 0xFE, 0x7B, 0xE5, 0xB8, 0xEE, 0x19, 0xFE, 0x9B,
  0xFE, 0xBB, 0xFE, 0xBC, 0xFE, 0xBC, 0xFE, 0xBC, 0xFE, 0x9C, 0xFE, 0x9C, 0xFE, 0x9C, 0xF6, 0x7B,
  0xF6, 0x3A, 0xED, 0xF9, 0xD5, 0x15, 0xBC, 0x73, 0x93, 0x6F, 0x62, 0x8D, 0x52, 0x6C, 0x4A, 0x2C,
  0x42, 0x0B, 0x39, 0xEB, 0x39, 0xCA, 0x39, 0xC9, 0x31, 0xA9, 0x31, 0xAA, 0x31, 0xAA, 0x31, 0xAA,
  0x31, 0xAA, 0x31, 0xAA, 0x29, 0x89, 0x29, 0x88, 0x29, 0x89, 0x21, 0x89, 0x29, 0x89, 0x29, 0x68,
  0x29, 0x47, 0x21, 0x46, 0x19, 0x26, 0x21, 0x25, 0x21, 0x25, 0x21, 0x25, 0x21, 0x25, 0x19, 0x26,
  0x21, 0x47, 0x29, 0x48, 0x29, 0x68, 0x29, 0x68, 0x29, 0x89, 0x29, 0x89, 0x29, 0x89, 0x29, 0x89,
  0x29, 0x89, 0x29, 0x89, 0x29, 0x89, 0x29, 0x89, 0x29, 0x89, 0x29, 0x89, 0x29, 0x89, 0x21, 0xA9,
  0x29, 0xA9, 0x31, 0xAA, 0x31, 0xAA, 0x31, 0xCA, 0x31, 0xCA, 0x31, 0xCA, 0x29, 0xC9, 0x31, 0xEA,
  0x3A, 0x0A, 0x32, 0x2B, 0x3A, 0x4C, 0x42, 0x8D, 0x4A, 0xCE, 0x53, 0x2F, 0x5B, 0xB1, 0x6C, 0x73,
  0x7C, 0xF4, 0x75, 0x15, 0x7D, 0x55, 0x85, 0x76, 0x7D, 0x76, 0x7D, 0x76, 0x7D, 0x96, 0x7D, 0x96,
  0x85, 0x96, 0x85, 0x96, 0x85, 0x97, 0x85, 0x97, 0x85, 0x96, 0x85, 0x96, 0x85, 0x97, 0x85, 0x97,
  0x85, 0x97, 0x85, 0x97, 0x85, 0x97, 0x85, 0x96, 0x85, 0x96, 0x85, 0x97, 0x85, 0x97, 0x85, 0x97,
  0xEF, 0xBF, 0xEF, 0xBF, 0xEF, 0xBF, 0xEF, 0xBF, 0xEF, 0xBF, 0xEF, 0xBF, 0xEF, 0xBF, 0xEF, 0xBF,
  0xEF, 0xBF, 0xEF, 0xBF, 0xEF, 0xBF, 0xEF, 0xBF, 0xEF, 0xBF, 0xEF, 0xBF, 0xEF, 0xBF, 0xEF, 0xBF,
  0xEF, 0xBF, 0xE7, 0xBF, 0xEF, 0xBF, 0xEF, 0xBF, 0xEF, 0xBE, 0xF7, 0x9E, 0xEF, 0x9E, 0xEF, 0x9E,
  0xEF, 0x7E, 0xEF, 0x7D, 0xEF, 0x7D, 0xEF, 0x7D, 0xEF, 0x7D, 0xEF, 0x7D, 0xEF, 0x7D, 0xEF, 0x7E,
  0xEF, 0x7D, 0xEF, 0x7D, 0xE7, 0x3C, 0xD6, 0x9A, 0xBD, 0xF7, 0xAD, 0x96, 0x94, 0xB3, 0x73, 0xB0,
  0x5B, 0x0F, 0x52, 0xAE, 0x4A, 0x8C, 0x42, 0x4C, 0x3A, 0x2B, 0x3A, 0x0B, 0x31, 0xEA, 0x31, 0xC9,
  0x31, 0xA9, 0x31, 0xA8, 0x29, 0xA9, 0x29, 0xA9, 0x29, 0x89, 0x29, 0x89, 0x29, 0x89, 0x29, 0x89,
  0x29, 0x89, 0x29, 0x89, 0x29, 0x88, 0x29, 0x87, 0x21, 0x68, 0x19, 0x68, 0x29, 0x68, 0x29, 0x68,
  0x21, 0x47, 0x19, 0x47, 0x21, 0x26, 0x21, 0x25, 0x21, 0x25, 0x21, 0x25, 0x21, 0x25, 0x21, 0x25,
  0x21, 0x25, 0x21, 0x04, 0x21, 0x05, 0x21, 0x26, 0x21, 0x26, 0x21, 0x47, 0x21, 0x47, 0x21, 0x68,
  0x29, 0x67, 0x29, 0x68, 0x29, 0x89, 0x29, 0x89, 0x29, 0x89, 0x29, 0x89, 0x29, 0x89, 0x29, 0x89,
  0x29, 0x89, 0x29, 0x89, 0x29, 0x89, 0x29, 0x89, 0x29, 0x89, 0x29, 0x89, 0x29, 0x89, 0x29, 0x89,
  0x21, 0x68, 0x21, 0x89, 0x21, 0x89, 0x21, 0x88, 0x29, 0x89, 0x21, 0x89, 0x21, 0x88, 0x21, 0x89,
  0x21, 0x88, 0x29, 0x89, 0x41, 0x29, 0x41, 0x49, 0x29, 0x89, 0x21, 0x89, 0x29, 0x89, 0x29, 0x68,
  0x29, 0x47, 0x21, 0x67, 0x29, 0x88, 0x31, 0xA9, 0x29, 0xCA, 0x31, 0xCA, 0x39, 0xEB, 0x39, 0xEB,
  0x42, 0x0B, 0x42, 0x2B, 0x4A, 0x4C, 0x52, 0xCD, 0x63, 0x2F, 0xA4, 0x94, 0xDD, 0xD9, 0xEE, 0x19,
  0xFE, 0x9B, 0xFE, 0xBB, 0xFE, 0xBC, 0xFE, 0x3B, 0xF5, 0xBA, 0xFE, 0x5C, 0xFE, 0xBC, 0xFE, 0xBC,
  0xFE, 0xBC, 0xFE, 0x9C, 0xF6, 0x7B, 0xF6, 0x9B, 0xFE, 0x9B, 0xE5, 0xB8, 0xF6, 0x5A, 0xFE, 0x9B,
  0xFE, 0xBC, 0xFE, 0xBC, 0xFE, 0xBC, 0xFE, 0xBC, 0xFE, 0xBC, 0xFE, 0xDC, 0xFE, 0xBC, 0xF6, 0x9C,
  0xF6, 0x5A, 0xEE, 0x19, 0xD5, 0x76, 0xC4, 0xB3, 0xA3, 0xD1, 0x7A, 0x6D, 0x72, 0x2C, 0x52, 0x2C,
  0x42, 0x0B, 0x41, 0xEB, 0x39, 0xEA, 0x39, 0xC9, 0x31, 0xC9, 0x31, 0xA9, 0x31, 0xAA, 0x31, 0xAA,
  0x31, 0xAA, 0x31, 0xAA, 0x31, 0xA9, 0x31, 0x89, 0x29, 0x89, 0x29, 0x89, 0x29, 0x69, 0x29, 0x68,
  0x29, 0x47, 0x21, 0x46, 0x19, 0x26, 0x21, 0x25, 0x21, 0x25, 0x21, 0x25, 0x21, 0x25, 0x19, 0x26,
  0x21, 0x46, 0x29, 0x47, 0x29, 0x68, 0x29, 0x68, 0x29, 0x89, 0x29, 0x89, 0x29, 0x89, 0x29, 0x89,
  0x29, 0x89, 0x29, 0x89, 0x29, 0x89, 0x29, 0x89, 0x29, 0x89, 0x29, 0x89, 0x29, 0x89, 0x29, 0x89,
  0x21, 0xA8, 0x29, 0xA9, 0x31, 0xAA, 0x29, 0xAA, 0x29, 0xCA, 0x31, 0xCA, 0x31, 0xC9, 0x31, 0xEA,
  0x39, 0xEB, 0x32, 0x0B, 0x3A, 0x2C, 0x42, 0x6D, 0x4A, 0xAE, 0x4A, 0xEE, 0x5B, 0x70, 0x6C, 0x32,
  0x74, 0xD4, 0x74, 0xF5, 0x7D, 0x36, 0x7D, 0x76, 0x7D, 0x76, 0x75, 0x76, 0x75, 0x75, 0x7D, 0x96,
  0x7D, 0x96, 0x7D, 0x96, 0x7D, 0x96, 0x7D, 0x96, 0x7D, 0x96, 0x7D, 0x96, 0x7D, 0x96, 0x7D, 0x96,
  0x7D, 0x96, 0x7D, 0x96, 0x7D, 0x96, 0x7D, 0x95, 0x7D, 0x96, 0x7D, 0x96, 0x7D, 0x96, 0x7D, 0x96,
  0xEF, 0xBF, 0xEF, 0xBF, 0xEF, 0xBF, 0xEF, 0xBF, 0xEF, 0xBF, 0xEF, 0xBF, 0xEF, 0xBF, 0xEF, 0xBF,
  0xEF, 0xBF, 0xEF, 0xBF, 0xEF, 0xBF, 0xEF, 0xBF, 0xEF, 0xBF, 0xEF, 0xBF, 0xEF, 0xBF, 0xEF, 0xBF,
  0xE7, 0xBF, 0xEF, 0xBF, 0xEF, 0xDF, 0xF7, 0xDF, 0xF7, 0xDF, 0xF7, 0xDF, 0xF7, 0xBF, 0xF7, 0xBF,
  0xF7, 0xBF, 0xF7, 0xBF, 0xF7, 0xBF, 0xF7, 0xBF, 0xF7, 0xBF, 0xF7, 0xBF, 0xF7, 0xBE, 0xF7, 0xBE,
  0xF7, 0x9E, 0xF7, 0x9E, 0xE7, 0x3C, 0xCE, 0x79, 0xB5, 0xD7, 0xA5, 0x35, 0x84, 0x32, 0x6B, 0x6F,
  0x5B, 0x0E, 0x4A, 0xAD, 0x42, 0x6C, 0x42, 0x2B, 0x3A, 0x0B, 0x39, 0xEA, 0x31, 0xCA, 0x29, 0xC9,
  0x31, 0xA9, 0x29, 0xA9, 0x21, 0xA9, 0x29, 0x89, 0x29, 0x89, 0x29, 0x89, 0x29, 0x89, 0x29, 0x89,
  0x29, 0x88, 0x29, 0x88, 0x29, 0x88, 0x21, 0x68, 0x21, 0x68, 0x21, 0x68, 0x21, 0x68, 0x29, 0x68,
  0x29, 0x46, 0x21, 0x47, 0x19, 0x26, 0x21, 0x25, 0x21, 0x25, 0x21, 0x25, 0x21, 0x25, 0x21, 0x25,
  0x21, 0x25, 0x21, 0x25, 0x21, 0x25, 0x21, 0x25, 0x21, 0x26, 0x19, 0x46, 0x21, 0x47, 0x21, 0x67,
  0x29, 0x68, 0x29, 0x68, 0x29, 0x68, 0x29, 0x69, 0x29, 0x89, 0x29, 0x89, 0x29, 0x89, 0x29, 0x89,
  0x29, 0x89, 0x29, 0x89, 0x29, 0x89, 0x29, 0x89, 0x29, 0x89, 0x29, 0x89, 0x29, 0x69, 0x21, 0x69,
  0x31, 0x69, 0x61, 0x2B, 0x70, 0xEB, 0x51, 0x4B, 0x29, 0x69, 0x31, 0x69, 0x59, 0x2B, 0x70, 0xEB,
  0x51, 0x6B, 0x69, 0x6C, 0xAA, 0x51, 0x99, 0xD0, 0x51, 0x4B, 0x29, 0x89, 0x29, 0x88, 0x29, 0x67,
  0x29, 0x67, 0x29, 0x67, 0x29, 0x88, 0x31, 0xA9, 0x31, 0xCA, 0x31, 0xC9, 0x39, 0xEA, 0x39, 0xEB,
  0x42, 0x0A, 0x42, 0x0B, 0x62, 0x0D, 0x91, 0xCE, 0x9A, 0x2F, 0xBC, 0x75, 0xDD, 0xD9, 0xED, 0x79,
  0xEC, 0x57, 0xF4, 0x98, 0xFD, 0x7A, 0xEB, 0xF6, 0xDB, 0x75, 0xEC, 0x17, 0xFE, 0x3B, 0xFE, 0xBC,
  0xFE, 0x9C, 0xFE, 0x9B, 0xFE, 0x9C, 0xFE, 0x9C, 0xF6, 0x7B, 0xE5, 0xD8, 0xF6, 0x7B, 0xFE, 0x9C,
  0xFE, 0x9B, 0xFE, 0x9C, 0xFE, 0xBC, 0xFE, 0x9B, 0xF5, 0x38, 0xF4, 0x16, 0xFC, 0xF9, 0xFE, 0x5B,
  0xF6, 0x5A, 0xEC, 0xF8, 0xDB, 0x54, 0xD3, 0xB4, 0xC3, 0x52, 0xB2, 0x92, 0xBA, 0x92, 0x89, 0xCE,
  0x4A, 0x2B, 0x3A, 0x0A, 0x39, 0xEB, 0x39, 0xCA, 0x31, 0xCA, 0x31, 0xCA, 0x31, 0xAA, 0x31, 0xAA,
  0x31, 0xAA, 0x31, 0xAA, 0x31, 0xA9, 0x31, 0x89, 0x21, 0x89, 0x29, 0x89, 0x29, 0x69, 0x29, 0x68,
  0x29, 0x47, 0x21, 0x46, 0x19, 0x26, 0x21, 0x25, 0x21, 0x24, 0x21, 0x25, 0x21, 0x24, 0x21, 0x25,
  0x19, 0x47, 0x21, 0x47, 0x29, 0x68, 0x29, 0x68, 0x29, 0x68, 0x29, 0x88, 0x29, 0x89, 0x29, 0x89,
  0x29, 0x89, 0x29, 0x89, 0x29, 0x89, 0x29, 0x89, 0x29, 0x89, 0x29, 0x89, 0x29, 0x89, 0x29, 0x89,
  0x29, 0x89, 0x21, 0xA8, 0x29, 0xA9, 0x31, 0xAA, 0x29, 0xAA, 0x31, 0xCA, 0x31, 0xCA, 0x31, 0xEA,
  0x31, 0xEA, 0x32, 0x0B, 0x3A, 0x2C, 0x42, 0x4D, 0x42, 0x8D, 0x4A, 0xCE, 0x53, 0x2F, 0x63, 0xF1,
  0x74, 0xB4, 0x6C, 0xF4, 0x75, 0x15, 0x7D, 0x36, 0x7D, 0x56, 0x7D, 0x76, 0x7D, 0x76, 0x7D, 0x76,
  0x75, 0x96, 0x75, 0x76, 0x75, 0x75, 0x75, 0x75, 0x75, 0x76, 0x75, 0x76, 0x75, 0x75, 0x75, 0x75,
  0x75, 0x75, 0x75, 0x95, 0x75, 0x96, 0x75, 0x96, 0x75, 0x96, 0x75, 0x95, 0x75, 0x95, 0x75, 0x95,
  0xEF, 0xBF, 0xEF, 0xBF, 0xEF, 0xBF, 0xEF, 0xBF, 0xEF, 0xBF, 0xEF, 0xBF, 0xEF, 0xBF, 0xEF, 0xBF,
  0xEF, 0xBF, 0xEF, 0xBF, 0xEF, 0xBF, 0xEF, 0xBF, 0xEF, 0xBF, 0xEF, 0xBF, 0xEF, 0xBF, 0xE7, 0xBF,
  0xEF, 0xBF, 0xF7, 0xDF, 0xF7, 0xDF, 0xF7, 0xDF, 0xFF, 0xDF, 0xFF, 0xDF, 0xFF, 0xDF, 0xF7, 0xDF,
  0xFF, 0xDF, 0xFF, 0xDF, 0xFF, 0xDF, 0xFF, 0xDF, 0xFF, 0xDF, 0xFF, 0xDF, 0xFF, 0xDF, 0xF7, 0xBE,
  0xF7, 0x9E, 0xEF, 0x7D, 0xDF, 0x1C, 0xC6, 0x39, 0xAD, 0x96, 0x94, 0xB3, 0x73, 0xB0, 0x63, 0x2E,
  0x52, 0xCD, 0x4A, 0x8D, 0x42, 0x4C, 0x3A, 0x2B, 0x39, 0xEA, 0x31, 0xEA, 0x31, 0xCA, 0x31, 0xCA,
  0x29, 0xA9, 0x29, 0xA9, 0x29, 0x89, 0x29, 0x89, 0x29, 0x89, 0x29, 0x89, 0x29, 0x89, 0x29, 0x89,
  0x29, 0x88, 0x29, 0x88, 0x21, 0x68, 0x21, 0x68, 0x21, 0x68, 0x21, 0x68, 0x21, 0x68, 0x29, 0x68,
  0x29, 0x67, 0x21, 0x47, 0x19, 0x46, 0x21, 0x26, 0x21, 0x25, 0x21, 0x24, 0x21, 0x25, 0x21, 0x25,
  0x21, 0x25, 0x21, 0x25, 0x21, 0x25, 0x21, 0x24, 0x21, 0x06, 0x21, 0x26, 0x19, 0x47, 0x21, 0x47,
  0x29, 0x47, 0x29, 0x68, 0x29, 0x68, 0x29, 0x68, 0x29, 0x89, 0x29, 0x89, 0x29, 0x89, 0x29, 0x89,
  0x29, 0x89, 0x29, 0x89, 0x29, 0x89, 0x29, 0x89, 0x29, 0x89, 0x29, 0x89, 0x29, 0x89, 0x21, 0x68,
  0x59, 0x2A, 0xCB, 0x54, 0xE4, 0xB8, 0xA9, 0x8F, 0x49, 0x4A, 0x49, 0x4A, 0xC2, 0xF4, 0xE4, 0x98,
  0xA1, 0x2F, 0xB1, 0xF1, 0xFF, 0xBF, 0xDD, 0x18, 0x78, 0xEC, 0x29, 0x68, 0x21, 0x68, 0x21, 0x67,
  0x21, 0x67, 0x21, 0x66, 0x21, 0x88, 0x29, 0x89, 0x29, 0xCA, 0x31, 0xEA, 0x31, 0xEA, 0x3A, 0x0A,
  0x3A, 0x0B, 0x4A, 0x2B, 0x91, 0xEF, 0xEC, 0x98, 0xDB, 0xF6, 0xDB, 0x14, 0xED, 0xB9, 0xE3, 0xD5,
  0xEC, 0x57, 0xEC, 0x37, 0xF2, 0xB4, 0xE4, 0x37, 0xEF, 0xBE, 0xE3, 0xF6, 0xF5, 0x39, 0xFE, 0xFC,
  0xFE, 0xDC, 0xFE, 0xDC, 0xFE, 0xDC, 0xFE, 0xDC, 0xF6, 0x7A, 0xEE, 0x19, 0xFE, 0xDC, 0xFE, 0xDC,
  0xFE, 0xDC, 0xFE, 0xBC, 0xFE, 0xDC, 0xF5, 0xB9, 0xEB, 0x96, 0xEC, 0xF9, 0xE3, 0x95, 0xF4, 0xD9,
  0xF5, 0xDA, 0xE3, 0x75, 0xEC, 0xD9, 0xE3, 0x35, 0xD9, 0xD2, 0xEE, 0x1B, 0xEF, 0x1D, 0xA9, 0xF0,
  0x5A, 0x0C, 0x3A, 0x0A, 0x39, 0xEB, 0x39, 0xEA, 0x39, 0xC9, 0x31, 0xAA, 0x31, 0xAA, 0x31, 0xAA,
  0x31, 0xAA, 0x31, 0xAA, 0x31, 0xA9, 0x31, 0x89, 0x29, 0x89, 0x21, 0x89, 0x29, 0x68, 0x29, 0x68,
  0x29, 0x47, 0x21, 0x46, 0x19, 0x26, 0x21, 0x25, 0x21, 0x24, 0x21, 0x24, 0x21, 0x25, 0x21, 0x26,
  0x19, 0x47, 0x21, 0x47, 0x29, 0x68, 0x29, 0x68, 0x29, 0x68, 0x29, 0x68, 0x29, 0x89, 0x29, 0x89,
  0x29, 0x89, 0x29, 0x89, 0x29, 0x89, 0x29, 0x89, 0x29, 0x89, 0x29, 0x89, 0x29, 0x89, 0x29, 0x89,
  0x29, 0x89, 0x21, 0x88, 0x29, 0xA9, 0x31, 0xAA, 0x31, 0xAA, 0x31, 0xAA, 0x31, 0xCA, 0x31, 0xCA,
  0x31, 0xE9, 0x31, 0xEA, 0x32, 0x0B, 0x3A, 0x4C, 0x42, 0x6D, 0x4A, 0xAE, 0x4B, 0x0F, 0x5B, 0xB1,
  0x6C, 0x93, 0x74, 0xD4, 0x75, 0x15, 0x7D, 0x35, 0x7D, 0x56, 0x7D, 0x76, 0x7D, 0x76, 0x7D, 0x76,
  0x7D, 0x76, 0x7D, 0x76, 0x7D, 0x76, 0x7D, 0x76, 0x7D, 0x76, 0x7D, 0x76, 0x7D, 0x76, 0x7D, 0x76,
  0x7D, 0x76, 0x7D, 0x76, 0x7D, 0x76, 0x7D, 0x76, 0x7D, 0x76, 0x7D, 0x76, 0x7D, 0x76, 0x7D, 0x76,
  0xEF, 0xBF, 0xEF, 0xBF, 0xEF, 0xBF, 0xEF, 0xBF, 0xEF, 0xBF, 0xEF, 0xBF, 0xEF, 0xBF, 0xEF, 0xBF,
  0xEF, 0xBF, 0xEF, 0xBF, 0xEF, 0xBF, 0xEF, 0xBF, 0xEF, 0xBF, 0xEF, 0xBF, 0xEF, 0xBF, 0xEF, 0xBF,
  0xF7, 0xDF, 0xF7, 0xDF, 0xF7, 0xDF, 0xF7, 0xDF, 0xFF, 0xFF, 0xFF, 0xFF, 0xFF, 0xFF, 0xFF, 0xFF,
  0xFF, 0xFF, 0xFF, 0xFF, 0xFF, 0xFF, 0xFF, 0xFF, 0xFF, 0xFF, 0xFF, 0xFF, 0xFF, 0xDF, 0xFF, 0xDF,
  0xF7, 0x9E, 0xEF, 0x7E, 0xDE, 0xFC, 0xBD, 0xF8, 0xAD, 0x56, 0x84, 0x53, 0x6B, 0x70, 0x5B, 0x0E,
  0x4A, 0xAD, 0x42, 0x4C, 0x42, 0x2B, 0x3A, 0x0B, 0x39, 0xEA, 0x31, 0xEA, 0x31, 0xAA, 0x29, 0xA9,
  0x21, 0xA8, 0x29, 0xA9, 0x29, 0x89, 0x29, 0x89, 0x29, 0x89, 0x29, 0x89, 0x29, 0x88, 0x29, 0x88,
  0x29, 0x88, 0x29, 0x88, 0x21, 0x68, 0x19, 0x68, 0x21, 0x68, 0x19, 0x68, 0x21, 0x68, 0x29, 0x68,
  0x29, 0x68, 0x21, 0x67, 0x19, 0x47, 0x21, 0x26, 0x21, 0x25, 0x21, 0x25, 0x21, 0x24, 0x21, 0x25,
  0x21, 0x25, 0x21, 0x25, 0x21, 0x25, 0x21, 0x05, 0x21, 0x05, 0x21, 0x25, 0x21, 0x26, 0x21, 0x47,
  0x29, 0x47, 0x29, 0x48, 0x29, 0x68, 0x29, 0x67, 0x21, 0x68, 0x21, 0x69, 0x21, 0x69, 0x29, 0x69,
  0x29, 0x89, 0x29, 0x89, 0x29, 0x89, 0x29, 0x89, 0x29, 0x89, 0x29, 0x89, 0x29, 0x89, 0x21, 0x88,
  0x60, 0xEB, 0xDC, 0xF8, 0xFF, 0xFF, 0xD4, 0x56, 0x81, 0x0C, 0x61, 0x0A, 0xCC, 0x76, 0xEF, 0xDE,
  0xA1, 0x4E, 0xA9, 0x4F, 0xE3, 0x76, 0xCA, 0x73, 0x71, 0x0B, 0x29, 0x47, 0x41, 0x08, 0x58, 0xA9,
  0x60, 0xA9, 0x50, 0xE9, 0x39, 0x68, 0x31, 0xA8, 0x41, 0x8A, 0x61, 0x2B, 0x71, 0x0B, 0x69, 0x6B,
  0x4A, 0x2B, 0x4A, 0x0B, 0x99, 0xF0, 0xF7, 0x1E, 0xF7, 0xFE, 0xD3, 0x14, 0xF4, 0x98, 0xE3, 0x75,
  0xEE, 0x7C, 0xE5, 0xBA, 0xEA, 0xF5, 0xEB, 0x56, 0xEB, 0x76, 0xEB, 0x35, 0xFD, 0xDB, 0xFE, 0x9C,
  0xF5, 0x79, 0xEC, 0x78, 0xF4, 0x78, 0xFD, 0x9A, 0xFE, 0x9C, 0xFE, 0x9C, 0xF5, 0x99, 0xEC, 0x77,
  0xF4, 0x77, 0xFD, 0x9A, 0xFE, 0xDD, 0xF5, 0x59, 0xE3, 0xD6, 0xFF, 0xFF, 0xE6, 0x7B, 0xE3, 0x55,
  0xFD, 0x19, 0xDB, 0x75, 0xF7, 0xDF, 0xDB, 0xF6, 0xD2, 0x32, 0xDB, 0x15, 0xE3, 0x55, 0xB1, 0xAF,
  0x52, 0x2C, 0x3A, 0x2B, 0x3A, 0x0A, 0x31, 0xE9, 0x31, 0xCA, 0x29, 0xC9, 0x31, 0xAA, 0x31, 0xAA,
  0x31, 0xAA, 0x31, 0xAA, 0x31, 0xA9, 0x31, 0xA9, 0x29, 0x89, 0x29, 0x89, 0x29, 0x88, 0x29, 0x67,
  0x21, 0x47, 0x21, 0x46, 0x21, 0x26, 0x21, 0x25, 0x21, 0x25, 0x21, 0x25, 0x21, 0x24, 0x21, 0x25,
  0x21, 0x27, 0x21, 0x47, 0x29, 0x48, 0x29, 0x68, 0x29, 0x67, 0x29, 0x68, 0x29, 0x89, 0x29, 0x89,
  0x29, 0x89, 0x29, 0x89, 0x29, 0x89, 0x29, 0x89, 0x29, 0x89, 0x29, 0x89, 0x29, 0x89, 0x29, 0x89,
  0x29, 0x89, 0x29, 0x88, 0x21, 0x89, 0x29, 0xA9, 0x31, 0xAA, 0x31, 0xAA, 0x31, 0xAA, 0x31, 0xCA,
  0x31, 0xC9, 0x31, 0xEA, 0x3A, 0x0C, 0x3A, 0x2C, 0x42, 0x6D, 0x42, 0xAE, 0x4B, 0x0E, 0x53, 0x90,
  0x6C, 0x53, 0x6C, 0xB4, 0x74, 0xF4, 0x75, 0x14, 0x7D, 0x55, 0x7D, 0x56, 0x7D, 0x56, 0x7D, 0x76,
  0x7D, 0x76, 0x7D, 0x76, 0x7D, 0x76, 0x7D, 0x76, 0x7D, 0x76, 0x7D, 0x76, 0x7D, 0x76, 0x7D, 0x76,
  0x7D, 0x76, 0x7D, 0x76, 0x7D, 0x76, 0x7D, 0x76, 0x7D, 0x96, 0x7D, 0x96, 0x7D, 0x96, 0x7D, 0x96,
  0xEF, 0xBF, 0xEF, 0xBF, 0xEF, 0xBF, 0xEF, 0xBF, 0xEF, 0xBF, 0xEF, 0xBF, 0xEF, 0xBF, 0xEF, 0xBF,
  0xEF, 0xBF, 0xEF, 0xBF, 0xEF, 0xBF, 0xEF, 0xBF, 0xEF, 0xBF, 0xEF, 0xBF, 0xEF, 0xBF, 0xEF, 0xBF,
  0xF7, 0xDF, 0xF7, 0xDF, 0xF7, 0xDF, 0xF7, 0xDF, 0xFF, 0xFF, 0xFF, 0xFF, 0xFF, 0xFF, 0xFF, 0xFF,
  0xFF, 0xFF, 0xFF, 0xFF, 0xFF, 0xFF, 0xFF, 0xFF, 0xFF, 0xFF, 0xFF, 0xFF, 0xFF, 0xDF, 0xFF, 0xBF,
  0xEF, 0x9E, 0xE7, 0x5D, 0xD6, 0xBB, 0xB5, 0xD7, 0x9C, 0xF4, 0x7B, 0xF1, 0x63, 0x2F, 0x52, 0xCE,
  0x4A, 0x8C, 0x42, 0x4B, 0x3A, 0x2B, 0x3A, 0x0B, 0x31, 0xEA, 0x31, 0xCA, 0x31, 0xA9, 0x29, 0xA8,
  0x21, 0xA9, 0x29, 0x89, 0x29, 0x89, 0x29, 0x88, 0x29, 0x88, 0x29, 0x89, 0x29, 0x68, 0x29, 0x67,
  0x29, 0x88, 0x29, 0x88, 0x21, 0x68, 0x19, 0x68, 0x21, 0x68, 0x21, 0x68, 0x29, 0x68, 0x29, 0x68,
  0x29, 0x68, 0x21, 0x67, 0x21, 0x47, 0x21, 0x46, 0x21, 0x26, 0x21, 0x25, 0x21, 0x25, 0x21, 0x25,
  0x21, 0x25, 0x21, 0x25, 0x21, 0x25, 0x21, 0x04, 0x21, 0x25, 0x21, 0x25, 0x21, 0x26, 0x19, 0x47,
  0x21, 0x47, 0x29, 0x47, 0x29, 0x68, 0x29, 0x68, 0x21, 0x68, 0x19, 0x68, 0x21, 0x68, 0x21, 0x68,
  0x29, 0x89, 0x29, 0x89, 0x29, 0x89, 0x29, 0x89, 0x29, 0x89, 0x29, 0x89, 0x29, 0x89, 0x21, 0x88,
  0x60, 0xEB, 0xDC, 0xF8, 0xEF, 0x5D, 0xEE, 0xFC, 0xB2, 0x30, 0x88, 0xAC, 0xC4, 0x56, 0xEF, 0x3D,
  0xA1, 0x4E, 0xA9, 0x4F, 0xE2, 0xF5, 0xD2, 0x13, 0x69, 0x2B, 0x59, 0x29, 0xA1, 0xAF, 0xCC, 0x36,
  0xD4, 0xF7, 0xBB, 0x13, 0x89, 0x6D, 0x71, 0x4C, 0xA1, 0xAF, 0xCC, 0x16, 0xD4, 0xF8, 0xC3, 0x13,
  0x99, 0x6F, 0x69, 0xEC, 0x99, 0xF0, 0xEE, 0x7C, 0xEF, 0x5D, 0xE5, 0xDA, 0xE3, 0x15, 0xEB, 0x35,
  0xEE, 0x3B, 0xE5, 0x99, 0xF3, 0x16, 0xEB, 0x16, 0xE2, 0xB4, 0xEB, 0x36, 0xFD, 0x9A, 0xEC, 0x16,
  0xE3, 0x76, 0xE5, 0x39, 0xE4, 0xF9, 0xE3, 0x96, 0xFC, 0xB9, 0xEC, 0x57, 0xDB, 0x55, 0xE5, 0x19,
  0xE5, 0x18, 0xE3, 0x55, 0xF4, 0x99, 0xF5, 0x39, 0xEB, 0xD6, 0xEF, 0x3D, 0xEF, 0x5D, 0xDC, 0x96,
  0xF3, 0x36, 0xE3, 0x76, 0xF7, 0x7E, 0xDB, 0xD6, 0xDA, 0x53, 0xDA, 0xB4, 0xE2, 0xD5, 0xB1, 0xCF,
  0x62, 0x2C, 0x49, 0xCB, 0x51, 0x8A, 0x41, 0xCA, 0x31, 0xEA, 0x39, 0xC9, 0x31, 0xA9, 0x31, 0xAA,
  0x29, 0xAA, 0x31, 0xAA, 0x31, 0xA9, 0x31, 0xA9, 0x29, 0x89, 0x29, 0x89, 0x29, 0x88, 0x29, 0x67,
  0x29, 0x47, 0x21, 0x26, 0x19, 0x25, 0x21, 0x26, 0x21, 0x25, 0x21, 0x26, 0x21, 0x24, 0x21, 0x25,
  0x21, 0x27, 0x19, 0x47, 0x21, 0x48, 0x29, 0x68, 0x29, 0x67, 0x29, 0x68, 0x29, 0x89, 0x29, 0x89,
  0x29, 0x89, 0x29, 0x89, 0x29, 0x89, 0x29, 0x89, 0x29, 0x89, 0x29, 0x89, 0x29, 0x89, 0x29, 0x89,
  0x29, 0x89, 0x29, 0x89, 0x29, 0x89, 0x21, 0xA8, 0x31, 0xAA, 0x31, 0xAA, 0x31, 0xAA, 0x31, 0xCA,
  0x31, 0xC9, 0x31, 0xEA, 0x31, 0xEB, 0x3A, 0x2B, 0x3A, 0x4C, 0x42, 0x8D, 0x4A, 0xEE, 0x53, 0x4F,
  0x64, 0x12, 0x6C, 0xB3, 0x6C, 0xF4, 0x75, 0x15, 0x7D, 0x55, 0x7D, 0x56, 0x7D, 0x56, 0x7D, 0x76,
  0x7D, 0x76, 0x7D, 0x76, 0x7D, 0x76, 0x7D, 0x76, 0x7D, 0x76, 0x7D, 0x76, 0x7D, 0x76, 0x7D, 0x76,
  0x7D, 0x76, 0x7D, 0x76, 0x7D, 0x76, 0x7D, 0x76, 0x7D, 0x96, 0x7D, 0x96, 0x7D, 0x76, 0x7D, 0x76,
  0xEF, 0xBF, 0xEF, 0xBF, 0xEF, 0xBF, 0xEF, 0xBF, 0xEF, 0xBF, 0xEF, 0xBF, 0xEF, 0xBF, 0xEF, 0xBF,
  0xEF, 0xBF, 0xEF, 0xBF, 0xEF, 0xBF, 0xEF, 0xBF, 0xEF, 0xBF, 0xEF, 0xBF, 0xEF, 0xBF, 0xEF, 0xBF,
  0xF7, 0xDF, 0xF7, 0xDF, 0xF7, 0xDF, 0xF7, 0xDF, 0xFF, 0xFF, 0xFF, 0xFF, 0xFF, 0xFF, 0xFF, 0xFF,
  0xFF, 0xFF, 0xFF, 0xFF, 0xFF, 0xFF, 0xFF, 0xFF, 0xFF, 0xFF, 0xFF, 0xFF, 0xFF, 0xDF, 0xF7, 0xBE,
  0xEF, 0x7D, 0xE7, 0x3D, 0xCE, 0x79, 0xAD, 0x96, 0x8C, 0x93, 0x6B, 0xB0, 0x5B, 0x0F, 0x52, 0xAE,
  0x4A, 0x6C, 0x42, 0x4B, 0x3A, 0x0B, 0x31, 0xEB, 0x31, 0xEA, 0x29, 0xCA, 0x31, 0xA9, 0x29, 0xA8,
  0x21, 0x89, 0x29, 0x89, 0x29, 0x89, 0x29, 0x88, 0x29, 0x88, 0x29, 0x89, 0x29, 0x68, 0x29, 0x68,
  0x21, 0x88, 0x21, 0x68, 0x21, 0x68, 0x19, 0x68, 0x21, 0x68, 0x21, 0x68, 0x21, 0x68, 0x29, 0x68,
  0x29, 0x68, 0x29, 0x68, 0x21, 0x47, 0x21, 0x47, 0x21, 0x26, 0x21, 0x25, 0x21, 0x25, 0x21, 0x25,
  0x21, 0x25, 0x21, 0x25, 0x21, 0x25, 0x21, 0x24, 0x21, 0x25, 0x21, 0x26, 0x21, 0x25, 0x21, 0x46,
  0x19, 0x47, 0x21, 0x47, 0x29, 0x68, 0x29, 0x68, 0x29, 0x68, 0x29, 0x87, 0x21, 0x87, 0x29, 0x88,
  0x29, 0x89, 0x29, 0x89, 0x29, 0x89, 0x29, 0x89, 0x29, 0x89, 0x29, 0x89, 0x29, 0x89, 0x21, 0x88,
  0x60, 0xEA, 0xE5, 0x59, 0xE5, 0xDA, 0xE5, 0xBA, 0xDD, 0xB9, 0xB8, 0x6E, 0xD4, 0x57, 0xEF, 0x5D,
  0xA1, 0x4E, 0xB1, 0x90, 0xFF, 0xBF, 0xD4, 0xB6, 0x90, 0x8C, 0xB2, 0x31, 0xF6, 0xFD, 0xEF, 0x1D,
  0xF6, 0x3C, 0xF6, 0x9C, 0xC9, 0xB1, 0xC9, 0x91, 0xEE, 0x9C, 0xF7, 0x1D, 0xED, 0xFB, 0xFF, 0xBE,
  0xD4, 0xB7, 0xA1, 0x4E, 0xB1, 0xF1, 0xEE, 0xBC, 0xCC, 0xB7, 0xEE, 0xFC, 0xDB, 0xF6, 0xE9, 0x72,
  0xEE, 0x5C, 0xE5, 0xB9, 0xF2, 0x94, 0xEC, 0x18, 0xEF, 0xBE, 0xDB, 0xD6, 0xF3, 0x16, 0xE4, 0x57,
  0xF7, 0x9E, 0xEE, 0x5B, 0xEE, 0x9C, 0xDD, 0x19, 0xE9, 0xB3, 0xE3, 0x97, 0xEF, 0x5E, 0xEE, 0x7B,
  0xEE, 0x7C, 0xEF, 0x3D, 0xDB, 0xD6, 0xF3, 0x77, 0xEC, 0x18, 0xEE, 0xFD, 0xDC, 0xB7, 0xEF, 0x3D,
  0xDA, 0x33, 0xEA, 0xB4, 0xF7, 0xBE, 0xDB, 0xF6, 0xD1, 0xD2, 0xED, 0xBB, 0xEE, 0xFC, 0xB9, 0xB0,
  0xA1, 0x8E, 0xC2, 0xD3, 0xC3, 0x13, 0x99, 0x2E, 0x81, 0x2D, 0x91, 0x4D, 0x71, 0x8C, 0x31, 0xAA,
  0x29, 0xA9, 0x31, 0xA9, 0x31, 0xA9, 0x31, 0xA9, 0x29, 0x89, 0x21, 0x88, 0x29, 0x67, 0x29, 0x68,
  0x21, 0x46, 0x19, 0x25, 0x21, 0x25, 0x21, 0x25, 0x21, 0x25, 0x21, 0x26, 0x21, 0x25, 0x21, 0x25,
  0x21, 0x46, 0x19, 0x47, 0x21, 0x68, 0x29, 0x68, 0x29, 0x68, 0x29, 0x68, 0x29, 0x89, 0x29, 0x89,
  0x29, 0x89, 0x29, 0x89, 0x29, 0x89, 0x29, 0x89, 0x29, 0x89, 0x29, 0x89, 0x29, 0x89, 0x29, 0x89,
  0x29, 0x89, 0x29, 0x89, 0x29, 0x89, 0x21, 0xA9, 0x29, 0xA9, 0x31, 0xAA, 0x31, 0xAA, 0x31, 0xCA,
  0x31, 0xCA, 0x29, 0xCA, 0x31, 0xEB, 0x3A, 0x0B, 0x3A, 0x4C, 0x42, 0x8D, 0x42, 0xED, 0x4B, 0x2E,
  0x5B, 0xD1, 0x6C, 0x93, 0x6C, 0xD4, 0x74, 0xF4, 0x75, 0x35, 0x7D, 0x55, 0x75, 0x56, 0x75, 0x76,
  0x7D, 0x76, 0x7D, 0x76, 0x7D, 0x76, 0x7D, 0x76, 0x7D, 0x76, 0x7D, 0x76, 0x7D, 0x76, 0x7D, 0x76,
  0x7D, 0x76, 0x7D, 0x76, 0x7D, 0x76, 0x7D, 0x76, 0x7D, 0x76, 0x7D, 0x76, 0x7D, 0x76, 0x7D, 0x76,
  0xEF, 0xBF, 0xEF, 0xBF, 0xEF, 0xBF, 0xEF, 0xBF, 0xEF, 0xBF, 0xEF, 0xBF, 0xEF, 0xBF, 0xEF, 0xBF,
  0xEF, 0xBF, 0xEF, 0xBF, 0xEF, 0xBF, 0xEF, 0xBF, 0xEF, 0xBF, 0xEF, 0xBF, 0xEF, 0xBF, 0xEF, 0xBF,
  0xF7, 0xDF, 0xF7, 0xDF, 0xF7, 0xDF, 0xF7, 0xDF, 0xFF, 0xFF, 0xFF, 0xFF, 0xFF, 0xFF, 0xFF, 0xFF,
  0xFF, 0xFF, 0xFF, 0xFF, 0xFF, 0xFF, 0xFF, 0xFF, 0xFF, 0xFF, 0xFF, 0xFF, 0xFF, 0xDF, 0xF7, 0xBE,
  0xEF, 0x7D, 0xE7, 0x1C, 0xC6, 0x38, 0xA5, 0x35, 0x84, 0x52, 0x63, 0x70, 0x5A, 0xEE, 0x4A, 0x8D,
  0x42, 0x4C, 0x3A, 0x2B, 0x3A, 0x0B, 0x39, 0xEA, 0x31, 0xCA, 0x31, 0xCA, 0x31, 0xA9, 0x29, 0xA9,
  0x21, 0x89, 0x29, 0x89, 0x29, 0x89, 0x29, 0x89, 0x29, 0x89, 0x29, 0x88, 0x29, 0x67, 0x29, 0x68,
  0x21, 0x68, 0x21, 0x68, 0x21, 0x68, 0x19, 0x68, 0x21, 0x68, 0x19, 0x68, 0x21, 0x68, 0x29, 0x68,
  0x29, 0x68, 0x29, 0x68, 0x29, 0x47, 0x21, 0x47, 0x19, 0x47, 0x21, 0x26, 0x21, 0x25, 0x21, 0x24,
  0x21, 0x25, 0x21, 0x25, 0x21, 0x25, 0x21, 0x25, 0x21, 0x24, 0x21, 0x25, 0x21, 0x26, 0x21, 0x26,
  0x19, 0x47, 0x21, 0x47, 0x29, 0x68, 0x29, 0x68, 0x29, 0x68, 0x29, 0x68, 0x29, 0x67, 0x29, 0x68,
  0x29, 0x89, 0x29, 0x89, 0x29, 0x89, 0x29, 0x89, 0x29, 0x89, 0x29, 0x89, 0x29, 0x89, 0x21, 0x88,
  0x60, 0xEA, 0xDD, 0x59, 0xEE, 0x3B, 0xDA, 0x74, 0xF7, 0xDE, 0xD2, 0x32, 0xE3, 0xF7, 0xEF, 0x9D,
  0xA1, 0x4E, 0xB1, 0x6F, 0xF7, 0x5E, 0xDC, 0x97, 0xC0, 0x6F, 0xED, 0xFB, 0xEF, 0x1D, 0xA9, 0x6F,
  0x98, 0xCD, 0xA9, 0xCF, 0xB8, 0xEE, 0xE4, 0xD9, 0xF7, 0x9D, 0xB9, 0xF1, 0xA8, 0x8E, 0xD3, 0xF7,
  0xF7, 0xFE, 0xC2, 0x92, 0xC9, 0x71, 0xEF, 0x1D, 0xD3, 0xD5, 0xEC, 0x58, 0xEE, 0xFC, 0xD9, 0x11,
  0xF6, 0x1C, 0xE5, 0xB9, 0xF2, 0x94, 0xEB, 0xF8, 0xEF, 0x7D, 0xDA, 0xF4, 0xE2, 0x34, 0xF7, 0x7E,
  0xDD, 0x79, 0xE2, 0x94, 0xEB, 0x76, 0xEB, 0x35, 0xEA, 0x34, 0xF6, 0xBD, 0xE6, 0x3A, 0xE2, 0x74,
  0xE2, 0x74, 0xEE, 0x3B, 0xEE, 0xDB, 0xEA, 0x13, 0xF3, 0x97, 0xF7, 0x9E, 0xD2, 0x33, 0xF6, 0x9D,
  0xDC, 0xD8, 0xD9, 0xD2, 0xFF, 0xDF, 0xE3, 0xF6, 0xD1, 0xD2, 0xED, 0x5A, 0xEE, 0xBC, 0xD0, 0xF1,
  0xE3, 0xD6, 0xF7, 0x1D, 0xF6, 0xFD, 0xDD, 0x79, 0xD3, 0x35, 0xED, 0xBA, 0xA9, 0xF0, 0x49, 0x6A,
  0x29, 0xA9, 0x31, 0xA9, 0x31, 0xA9, 0x31, 0xA9, 0x31, 0x89, 0x29, 0x68, 0x21, 0x67, 0x29, 0x68,
  0x21, 0x46, 0x19, 0x25, 0x21, 0x26, 0x21, 0x25, 0x21, 0x25, 0x21, 0x26, 0x21, 0x25, 0x21, 0x25,
  0x21, 0x46, 0x21, 0x47, 0x21, 0x68, 0x29, 0x68, 0x29, 0x67, 0x29, 0x68, 0x29, 0x89, 0x29, 0x89,
  0x29, 0x89, 0x29, 0x89, 0x29, 0x89, 0x29, 0x89, 0x29, 0x89, 0x29, 0x89, 0x29, 0x89, 0x29, 0x89,
  0x29, 0x89, 0x29, 0x89, 0x29, 0x89, 0x29, 0xA9, 0x21, 0xA8, 0x29, 0xA9, 0x31, 0xAA, 0x31, 0xAA,
  0x31, 0xCA, 0x29, 0xCA, 0x31, 0xEB, 0x3A, 0x0B, 0x3A, 0x4C, 0x42, 0x6C, 0x42, 0xAD, 0x4B, 0x0E,
  0x5B, 0xB0, 0x64, 0x52, 0x6C, 0xB3, 0x75, 0x14, 0x75, 0x35, 0x75, 0x34, 0x6D, 0x56, 0x75, 0x56,
  0x7D, 0x76, 0x7D, 0x76, 0x7D, 0x76, 0x7D, 0x76, 0x7D, 0x76, 0x7D, 0x76, 0x7D, 0x76, 0x7D, 0x76,
  0x7D, 0x76, 0x7D, 0x76, 0x7D, 0x76, 0x7D, 0x76, 0x7D, 0x76, 0x7D, 0x76, 0x7D, 0x76, 0x7D, 0x76,
  0xEF, 0xBF, 0xEF, 0xBF, 0xEF, 0xBF, 0xEF, 0xBF, 0xEF, 0xBF, 0xEF, 0xBF, 0xEF, 0xBF, 0xEF, 0xBF,
  0xEF, 0xBF, 0xEF, 0xBF, 0xEF, 0xBF, 0xEF, 0xBF, 0xEF, 0xBF, 0xEF, 0xBF, 0xEF, 0xBF, 0xEF, 0xBF,
  0xF7, 0xDF, 0xF7, 0xDF, 0xF7, 0xDF, 0xF7, 0xFF, 0xFF, 0xFF, 0xFF, 0xFF, 0xFF, 0xFF, 0xFF, 0xFF,
  0xFF, 0xFF, 0xFF, 0xFF, 0xFF, 0xFF, 0xFF, 0xFF, 0xFF, 0xFF, 0xFF, 0xDF, 0xF7, 0xDF, 0xF7, 0xBE,
  0xE7, 0x5D, 0xDE, 0xFC, 0xB5, 0xF8, 0x9C, 0xD4, 0x7B, 0xF1, 0x5B, 0x4F, 0x52, 0xCE, 0x4A, 0x8D,
  0x42, 0x4C, 0x3A, 0x2B, 0x39, 0xEA, 0x31, 0xE9, 0x29, 0xCA, 0x31, 0xAA, 0x31, 0xA9, 0x29, 0xA9,
  0x21, 0x89, 0x29, 0x89, 0x29, 0x68, 0x29, 0x68, 0x29, 0x68, 0x29, 0x68, 0x29, 0x47, 0x21, 0x68,
  0x21, 0x68, 0x29, 0x68, 0x21, 0x68, 0x19, 0x68, 0x21, 0x68, 0x19, 0x68, 0x21, 0x68, 0x29, 0x68,
  0x29, 0x68, 0x29, 0x68, 0x29, 0x67, 0x21, 0x46, 0x19, 0x47, 0x21, 0x26, 0x21, 0x26, 0x21, 0x25,
  0x21, 0x24, 0x21, 0x25, 0x21, 0x25, 0x21, 0x25, 0x21, 0x24, 0x21, 0x25, 0x21, 0x26, 0x21, 0x25,
  0x21, 0x46, 0x21, 0x47, 0x29, 0x47, 0x29, 0x68, 0x29, 0x68, 0x29, 0x68, 0x29, 0x67, 0x29, 0x68,
  0x29, 0x68, 0x21, 0x88, 0x29, 0x68, 0x29, 0x68, 0x29, 0x68, 0x29, 0x68, 0x21, 0x68, 0x21, 0x68,
  0x60, 0xCA, 0xDD, 0x39, 0xEE, 0xBC, 0xD0, 0xB0, 0xED, 0xBB, 0xE5, 0xDA, 0xD3, 0xD6, 0xEF, 0x7D,
  0xA1, 0x4E, 0xA9, 0x70, 0xF7, 0x7E, 0xDC, 0x56, 0xD9, 0x12, 0xF7, 0x3E, 0xD4, 0xB7, 0x80, 0xAB,
  0x31, 0x66, 0x41, 0x68, 0x89, 0x2D, 0xEE, 0x9C, 0xDD, 0xFA, 0x91, 0x0D, 0x61, 0xCB, 0xAA, 0x11,
  0xFF, 0xDF, 0xD4, 0x16, 0xD1, 0x31, 0xEF, 0x1D, 0xDC, 0x97, 0xD9, 0x52, 0xF7, 0x7E, 0xD3, 0xB5,
  0xED, 0x9A, 0xE5, 0xB9, 0xF2, 0x94, 0xEC, 0x18, 0xEF, 0x9D, 0xDA, 0x53, 0xEA, 0xF6, 0xF7, 0xDE,
  0xDB, 0x75, 0xFD, 0x3A, 0xFE, 0xBC, 0xFD, 0x59, 0xEB, 0x96, 0xF7, 0x5E, 0xDC, 0x16, 0xF4, 0xD9,
  0xF4, 0xD8, 0xEC, 0x17, 0xF7, 0x7E, 0xE2, 0x54, 0xEB, 0x16, 0xF7, 0xDF, 0xDA, 0x13, 0xE3, 0x56,
  0xF7, 0x7E, 0xCA, 0xD3, 0xF7, 0x5E, 0xE4, 0x17, 0xD9, 0xF2, 0xED, 0x7A, 0xEE, 0xBC, 0xD1, 0x31,
  0xD3, 0x34, 0xBA, 0xB2, 0xB9, 0xB0, 0xE5, 0x79, 0xEE, 0x9C, 0xD4, 0x56, 0x91, 0x6D, 0x41, 0xAA,
  0x29, 0xCA, 0x31, 0xA9, 0x31, 0xA8, 0x31, 0xA9, 0x31, 0x88, 0x29, 0x67, 0x21, 0x68, 0x29, 0x68,
  0x21, 0x47, 0x19, 0x46, 0x21, 0x26, 0x21, 0x25, 0x21, 0x25, 0x21, 0x25, 0x21, 0x25, 0x21, 0x25,
  0x21, 0x46, 0x21, 0x47, 0x29, 0x48, 0x29, 0x68, 0x29, 0x67, 0x29, 0x68, 0x29, 0x89, 0x29, 0x89,
  0x29, 0x89, 0x29, 0x89, 0x29, 0x89, 0x29, 0x89, 0x29, 0x89, 0x29, 0x89, 0x29, 0x89, 0x29, 0x89,
  0x29, 0x89, 0x29, 0x89, 0x29, 0x89, 0x29, 0x89, 0x29, 0x88, 0x29, 0xA9, 0x31, 0xAA, 0x31, 0xAA,
  0x31, 0xCA, 0x29, 0xC9, 0x31, 0xEA, 0x32, 0x0B, 0x32, 0x2B, 0x3A, 0x6C, 0x4A, 0xAD, 0x4A, 0xEE,
  0x53, 0x70, 0x64, 0x32, 0x6C, 0xB3, 0x6C, 0xF4, 0x75, 0x15, 0x6D, 0x35, 0x75, 0x55, 0x75, 0x56,
  0x7D, 0x56, 0x7D, 0x76, 0x7D, 0x76, 0x7D, 0x76, 0x7D, 0x76, 0x7D, 0x76, 0x7D, 0x76, 0x7D, 0x76,
  0x7D, 0x76, 0x7D, 0x76, 0x7D, 0x76, 0x7D, 0x76, 0x7D, 0x76, 0x7D, 0x76, 0x7D, 0x76, 0x7D, 0x76,
  0xEF, 0xBF, 0xEF, 0xBF, 0xEF, 0xBF, 0xEF, 0xBF, 0xEF, 0xBF, 0xEF, 0xBF, 0xEF, 0xBF, 0xEF, 0xBF,
  0xEF, 0xBF, 0xEF, 0xBF, 0xEF, 0xBF, 0xEF, 0xBF, 0xEF, 0xBF, 0xEF, 0xBF, 0xEF, 0xBF, 0xEF, 0xBF,
  0xF7, 0xDF, 0xF7, 0xDF, 0xF7, 0xDF, 0xF7, 0xFF, 0xFF, 0xFF, 0xFF, 0xFF, 0xFF, 0xFF, 0xFF, 0xFF,
  0xFF, 0xFF, 0xFF, 0xFF, 0xFF, 0xFF, 0xFF, 0xFF, 0xFF, 0xFF, 0xFF, 0xDF, 0xF7, 0xBE, 0xEF, 0x9D,
  0xE7, 0x5C, 0xD6, 0xDB, 0xB5, 0xB6, 0x8C, 0x92, 0x73, 0xB0, 0x5B, 0x2E, 0x4A, 0xAD, 0x42, 0x6C,
  0x42, 0x4B, 0x3A, 0x0A, 0x31, 0xEA, 0x31, 0xEA, 0x31, 0xCA, 0x31, 0xA9, 0x31, 0xA8, 0x29, 0xA9,
  0x21, 0x89, 0x29, 0x89, 0x29, 0x89, 0x29, 0x68, 0x29, 0x67, 0x29, 0x68, 0x29, 0x68, 0x21, 0x68,
  0x21, 0x68, 0x29, 0x68, 0x21, 0x68, 0x19, 0x68, 0x21, 0x68, 0x19, 0x68, 0x21, 0x68, 0x29, 0x68,
  0x29, 0x68, 0x29, 0x68, 0x29, 0x67, 0x21, 0x46, 0x19, 0x47, 0x21, 0x46, 0x21, 0x26, 0x21, 0x25,
  0x21, 0x24, 0x21, 0x25, 0x21, 0x25, 0x21, 0x25, 0x21, 0x25, 0x21, 0x24, 0x21, 0x25, 0x21, 0x26,
  0x21, 0x26, 0x19, 0x46, 0x21, 0x47, 0x29, 0x47, 0x29, 0x47, 0x29, 0x68, 0x29, 0x68, 0x29, 0x68,
  0x29, 0x67, 0x21, 0x67, 0x21, 0x67, 0x29, 0x67, 0x29, 0x67, 0x29, 0x67, 0x29, 0x67, 0x21, 0x68,
  0x60, 0xEA, 0xDD, 0x39, 0xEE, 0x9B, 0xB0, 0xEE, 0xC2, 0x32, 0xF7, 0x1D, 0xDD, 0x79, 0xEE, 0xFD,
  0xA1, 0x6F, 0xA9, 0x70, 0xF7, 0x7E, 0xDC, 0x56, 0xE1, 0x12, 0xF7, 0x3D, 0xDC, 0xD7, 0x80, 0x8A,
  0x39, 0x87, 0x51, 0x49, 0x91, 0x0D, 0xEE, 0x9C, 0xE6, 0x1A, 0x91, 0x0D, 0x69, 0xAB, 0xB2, 0x11,
  0xFF, 0xDF, 0xD3, 0xF5, 0xD1, 0x11, 0xEE, 0xFD, 0xDC, 0xF7, 0xE9, 0xB3, 0xE4, 0x98, 0xEE, 0xBC,
  0xDD, 0xFA, 0xED, 0xB9, 0xF2, 0xB4, 0xEC, 0x18, 0xEF, 0x9E, 0xDA, 0x53, 0xEA, 0xF6, 0xF7, 0xDF,
  0xDB, 0x75, 0xFD, 0x1A, 0xFE, 0x9B, 0xF4, 0xD8, 0xEB, 0x56, 0xF7, 0x5E, 0xDC, 0x16, 0xF4, 0xB9,
  0xF4, 0xB8, 0xEC, 0x37, 0xEF, 0x7E, 0xDA, 0x53, 0xF3, 0x16, 0xF7, 0xBE, 0xE3, 0x35, 0xEA, 0x33,
  0xEE, 0x5B, 0xD5, 0xBA, 0xEE, 0xDD, 0xE4, 0x37, 0xD9, 0xD2, 0xED, 0x7A, 0xEE, 0xBC, 0xC1, 0xF1,
  0x99, 0xEF, 0x79, 0xEC, 0x69, 0xCC, 0x81, 0x4C, 0x91, 0x8D, 0x81, 0x2C, 0x49, 0xAA, 0x31, 0xCA,
  0x31, 0xCA, 0x31, 0xA9, 0x31, 0xA9, 0x31, 0xA9, 0x31, 0x88, 0x29, 0x87, 0x21, 0x68, 0x29, 0x47,
  0x21, 0x47, 0x19, 0x46, 0x21, 0x26, 0x21, 0x26, 0x21, 0x25, 0x21, 0x24, 0x21, 0x25, 0x21, 0x25,
  0x21, 0x46, 0x19, 0x47, 0x21, 0x47, 0x29, 0x68, 0x29, 0x67, 0x29, 0x68, 0x29, 0x89, 0x29, 0x89,
  0x29, 0x89, 0x29, 0x89, 0x29, 0x89, 0x29, 0x89, 0x29, 0x89, 0x29, 0x89, 0x29, 0x89, 0x29, 0x89,
  0x29, 0x89, 0x29, 0x89, 0x29, 0x89, 0x29, 0x89, 0x29, 0x89, 0x29, 0x89, 0x31, 0xAA, 0x31, 0xAA,
  0x31, 0xCA, 0x31, 0xC9, 0x31, 0xCA, 0x29, 0xEB, 0x32, 0x2B, 0x3A, 0x4C, 0x42, 0xAD, 0x4A, 0xEE,
  0x53, 0x2F, 0x64, 0x11, 0x64, 0x94, 0x6C, 0xD4, 0x75, 0x15, 0x75, 0x15, 0x6D, 0x55, 0x75, 0x56,
  0x7D, 0x56, 0x7D, 0x56, 0x7D, 0x76, 0x7D, 0x76, 0x7D, 0x76, 0x7D, 0x76, 0x7D, 0x76, 0x7D, 0x76,
  0x7D, 0x76, 0x7D, 0x76, 0x7D, 0x76, 0x7D, 0x76, 0x7D, 0x76, 0x7D, 0x76, 0x7D, 0x76, 0x7D, 0x76,
  0xEF, 0xBF, 0xEF, 0xBF, 0xEF, 0xBF, 0xEF, 0xBF, 0xEF, 0xBF, 0xEF, 0xBF, 0xEF, 0xBF, 0xEF, 0xBF,
  0xEF, 0xBF, 0xEF, 0xBF, 0xEF, 0xBF, 0xEF, 0xBF, 0xEF, 0xBF, 0xEF, 0xBF, 0xEF, 0xBF, 0xEF, 0xBF,
  0xF7, 0xDF, 0xF7, 0xDF, 0xF7, 0xDF, 0xF7, 0xFF, 0xFF, 0xFF, 0xFF, 0xFF, 0xFF, 0xFF, 0xFF, 0xFF,
  0xFF, 0xFF, 0xFF, 0xFF, 0xFF, 0xFF, 0xFF, 0xFF, 0xFF, 0xFF, 0xFF, 0xDF, 0xF7, 0xBE, 0xEF, 0x7D,
  0xE7, 0x3C, 0xD6, 0xBA, 0xAD, 0x76, 0x84, 0x52, 0x6B, 0x6F, 0x5B, 0x0E, 0x4A, 0x8D, 0x42, 0x6C,
  0x3A, 0x2B, 0x3A, 0x0A, 0x31, 0xEA, 0x29, 0xEA, 0x31, 0xCA, 0x31, 0xA9, 0x29, 0xA8, 0x29, 0xA9,
  0x21, 0x89, 0x29, 0x89, 0x29, 0x89, 0x29, 0x68, 0x29, 0x67, 0x29, 0x68, 0x29, 0x68, 0x21, 0x68,
  0x21, 0x68, 0x29, 0x68, 0x29, 0x68, 0x29, 0x68, 0x29, 0x68, 0x29, 0x68, 0x29, 0x68, 0x29, 0x68,
  0x29, 0x68, 0x29, 0x68, 0x29, 0x67, 0x21, 0x46, 0x19, 0x46, 0x21, 0x47, 0x21, 0x26, 0x21, 0x25,
  0x21, 0x24, 0x21, 0x25, 0x21, 0x25, 0x21, 0x25, 0x21, 0x25, 0x21, 0x25, 0x21, 0x24, 0x21, 0x25,
  0x21, 0x26, 0x21, 0x25, 0x21, 0x46, 0x21, 0x47, 0x29, 0x46, 0x29, 0x47, 0x29, 0x68, 0x29, 0x68,
  0x29, 0x68, 0x21, 0x68, 0x21, 0x68, 0x29, 0x68, 0x29, 0x68, 0x29, 0x68, 0x29, 0x68, 0x21, 0x68,
  0x60, 0xEA, 0xDD, 0x39, 0xEE, 0x9B, 0x91, 0x2D, 0x80, 0xCC, 0xD4, 0x98, 0xFF, 0xFF, 0xE6, 0xBC,
  0xA9, 0x6E, 0xA9, 0x70, 0xF7, 0x7E, 0xDC, 0x76, 0xC8, 0x6E, 0xED, 0xFB, 0xEF, 0x3D, 0xB1, 0xAF,
  0xA1, 0x0D, 0xB2, 0x91, 0xC9, 0x31, 0xEC, 0x79, 0xF7, 0xBE, 0xBA, 0x52, 0xA8, 0xAE, 0xD4, 0x77,
  0xF7, 0xDE, 0xC2, 0x52, 0xC9, 0x71, 0xEE, 0xFD, 0xDC, 0xD7, 0xF3, 0x56, 0xE3, 0x35, 0xEE, 0x5C,
  0xF7, 0xFE, 0xE5, 0x79, 0xF2, 0xB5, 0xEC, 0x18, 0xEF, 0x9D, 0xDB, 0x15, 0xEA, 0x34, 0xF7, 0x7E,
  0xE5, 0xB9, 0xE2, 0x94, 0xEB, 0x76, 0xEB, 0x56, 0xE1, 0x73, 0xF6, 0x7C, 0xE6, 0x5B, 0xE2, 0x74,
  0xE2, 0x95, 0xEE, 0x7C, 0xE6, 0x9C, 0xE2, 0x33, 0xF3, 0xB7, 0xF7, 0x9E, 0xE3, 0xB6, 0xF3, 0xF8,
  0xDB, 0x95, 0xF7, 0x7E, 0xF7, 0xBE, 0xE4, 0x16, 0xE2, 0x12, 0xED, 0x7A, 0xEE, 0xBC, 0xC2, 0x10,
  0x82, 0xCE, 0x5A, 0x6C, 0x4A, 0x2B, 0x42, 0x0B, 0x41, 0xEA, 0x39, 0xEA, 0x31, 0xC9, 0x31, 0xA9,
  0x29, 0xAA, 0x31, 0xCA, 0x31, 0xA9, 0x31, 0xA9, 0x31, 0xA8, 0x31, 0x87, 0x29, 0x68, 0x29, 0x67,
  0x21, 0x47, 0x19, 0x46, 0x21, 0x26, 0x21, 0x25, 0x21, 0x25, 0x21, 0x24, 0x21, 0x25, 0x21, 0x26,
  0x21, 0x46, 0x19, 0x46, 0x21, 0x67, 0x29, 0x68, 0x29, 0x67, 0x29, 0x68, 0x29, 0x89, 0x29, 0x89,
  0x29, 0x89, 0x29, 0x89, 0x29, 0x89, 0x29, 0x89, 0x29, 0x89, 0x29, 0x89, 0x29, 0x89, 0x29, 0x89,
  0x29, 0x89, 0x29, 0x89, 0x29, 0x89, 0x29, 0x89, 0x29, 0x89, 0x29, 0x89, 0x31, 0xAA, 0x31, 0xAA,
  0x31, 0xCA, 0x31, 0xC9, 0x31, 0xCA, 0x31, 0xEB, 0x32, 0x0B, 0x3A, 0x4B, 0x42, 0x8D, 0x4A, 0xCE,
  0x53, 0x0F, 0x63, 0xD1, 0x64, 0x73, 0x6C, 0xD4, 0x75, 0x15, 0x75, 0x15, 0x6D, 0x55, 0x75, 0x56,
  0x7D, 0x56, 0x7D, 0x56, 0x7D, 0x76, 0x7D, 0x76, 0x7D, 0x76, 0x7D, 0x76, 0x7D, 0x76, 0x7D, 0x76,
  0x7D, 0x76, 0x7D, 0x76, 0x7D, 0x76, 0x7D, 0x76, 0x7D, 0x76, 0x7D, 0x76, 0x7D, 0x76, 0x7D, 0x76,
  0xEF, 0xBF, 0xEF, 0xBF, 0xEF, 0xBF, 0xEF, 0xBF, 0xEF, 0xBF, 0xEF, 0xBF, 0xEF, 0xBF, 0xEF, 0xBF,
  0xEF, 0xBF, 0xEF, 0xBF, 0xEF, 0xBF, 0xEF, 0xBF, 0xEF, 0xBF, 0xEF, 0xBF, 0xE7, 0xBF, 0xEF, 0xBF,
  0xF7, 0xDF, 0xF7, 0xDF, 0xF7, 0xDF, 0xF7, 0xDF, 0xFF, 0xFF, 0xFF, 0xFF, 0xFF, 0xFF, 0xFF, 0xFF,
  0xFF, 0xFF, 0xFF, 0xFF, 0xFF, 0xFF, 0xFF, 0xFF, 0xFF, 0xFF, 0xFF, 0xDF, 0xF7, 0x9E, 0xEF, 0x7E,
  0xE7, 0x3C, 0xCE, 0x7A, 0xA5, 0x15, 0x7B, 0xF1, 0x63, 0x4F, 0x52, 0xCE, 0x4A, 0x8C, 0x42, 0x4C,
  0x3A, 0x0B, 0x39, 0xEA, 0x31, 0xCA, 0x31, 0xCA, 0x31, 0xA9, 0x31, 0xA8, 0x21, 0xA9, 0x29, 0x89,
  0x29, 0x89, 0x29, 0x89, 0x29, 0x68, 0x29, 0x68, 0x29, 0x68, 0x29, 0x68, 0x29, 0x68, 0x21, 0x68,
  0x21, 0x68, 0x29, 0x68, 0x29, 0x68, 0x29, 0x68, 0x29, 0x68, 0x29, 0x68, 0x29, 0x68, 0x29, 0x68,
  0x29, 0x68, 0x29, 0x68, 0x29, 0x67, 0x29, 0x47, 0x21, 0x47, 0x21, 0x47, 0x21, 0x26, 0x21, 0x26,
  0x21, 0x25, 0x21, 0x24, 0x21, 0x25, 0x21, 0x25, 0x21, 0x25, 0x21, 0x25, 0x21, 0x25, 0x21, 0x25,
  0x21, 0x25, 0x21, 0x26, 0x21, 0x26, 0x21, 0x46, 0x21, 0x47, 0x29, 0x47, 0x29, 0x47, 0x29, 0x68,
  0x29, 0x68, 0x29, 0x68, 0x29, 0x68, 0x29, 0x68, 0x29, 0x68, 0x29, 0x68, 0x29, 0x68, 0x21, 0x68,
  0x60, 0xEA, 0xE5, 0x59, 0xF6, 0xBC, 0x89, 0x0D, 0x49, 0x29, 0x99, 0x8F, 0xFF, 0x1E, 0xEF, 0x1D,
  0xA1, 0x4E, 0xA9, 0x6F, 0xFF, 0x7E, 0xD4, 0x96, 0x98, 0xAC, 0xB2, 0x31, 0xF6, 0xDD, 0xF7, 0x3D,
  0xF6, 0x5B, 0xF7, 0x1D, 0xD2, 0x52, 0xC9, 0x50, 0xEE, 0x3B, 0xF7, 0x3D, 0xEE, 0x3B, 0xFF, 0xBF,
  0xD4, 0x56, 0xA9, 0x8F, 0xBA, 0x12, 0xEE, 0xDD, 0xDC, 0xD7, 0xF4, 0x17, 0xEC, 0x97, 0xDB, 0x96,
  0xFF, 0xFF, 0xE5, 0x59, 0xF2, 0x95, 0xEB, 0xF7, 0xEF, 0x5D, 0xE3, 0xB6, 0xF3, 0x16, 0xE4, 0x37,
  0xF7, 0x7E, 0xEE, 0x7B, 0xF6, 0x9C, 0xE5, 0xBA, 0xE1, 0xB3, 0xE3, 0x36, 0xEF, 0x1D, 0xEE, 0x9C,
  0xF6, 0x9C, 0xE6, 0xFD, 0xDB, 0x96, 0xF3, 0xB7, 0xE3, 0xF7, 0xF7, 0x5E, 0xDB, 0x75, 0xFD, 0x7A,
  0xE3, 0x96, 0xE5, 0x19, 0xF7, 0xFF, 0xE3, 0xF6, 0xE2, 0x13, 0xED, 0x7A, 0xEE, 0xBC, 0xC2, 0x30,
  0x82, 0xCE, 0x5A, 0x8C, 0x4A, 0x2B, 0x42, 0x0A, 0x3A, 0x0A, 0x39, 0xE9, 0x39, 0xC9, 0x31, 0xC9,
  0x31, 0xCA, 0x31, 0xCA, 0x31, 0xA9, 0x31, 0xA9, 0x31, 0x89, 0x29, 0x88, 0x21, 0x68, 0x29, 0x67,
  0x21, 0x47, 0x19, 0x46, 0x21, 0x25, 0x21, 0x25, 0x21, 0x25, 0x21, 0x25, 0x21, 0x24, 0x21, 0x25,
  0x21, 0x26, 0x21, 0x46, 0x21, 0x47, 0x29, 0x48, 0x29, 0x68, 0x29, 0x68, 0x29, 0x68, 0x29, 0x68,
  0x29, 0x89, 0x29, 0x89, 0x29, 0x89, 0x29, 0x89, 0x29, 0x89, 0x29, 0x89, 0x29, 0x89, 0x29, 0x89,
  0x29, 0x89, 0x29, 0x89, 0x29, 0x89, 0x29, 0x89, 0x29, 0x89, 0x29, 0x89, 0x31, 0xAA, 0x31, 0xAA,
  0x31, 0xAA, 0x31, 0xCA, 0x31, 0xC9, 0x29, 0xEA, 0x32, 0x2B, 0x3A, 0x2B, 0x3A, 0x8D, 0x42, 0xAE,
  0x53, 0x0F, 0x5B, 0xB0, 0x64, 0x52, 0x6C, 0xB3, 0x74, 0xF5, 0x6D, 0x14, 0x75, 0x55, 0x75, 0x56,
  0x75, 0x56, 0x75, 0x56, 0x7D, 0x76, 0x7D, 0x76, 0x7D, 0x76, 0x7D, 0x76, 0x7D, 0x76, 0x7D, 0x76,
  0x7D, 0x76, 0x7D, 0x76, 0x7D, 0x76, 0x7D, 0x76, 0x7D, 0x76, 0x7D, 0x76, 0x7D, 0x76, 0x7D, 0x76,
  0xEF, 0xBF, 0xEF, 0xBF, 0xEF, 0xBF, 0xEF, 0xBF, 0xEF, 0xBF, 0xEF, 0xBF, 0xEF, 0xBF, 0xEF, 0xBF,
  0xEF, 0xBF, 0xEF, 0xBF, 0xEF, 0xBF, 0xEF, 0xBF, 0xEF, 0xBF, 0xEF, 0xBF, 0xE7, 0xBF, 0xEF, 0xBF,
  0xF7, 0xDF, 0xF7, 0xDF, 0xF7, 0xDF, 0xF7, 0xDF, 0xFF, 0xFF, 0xFF, 0xFF, 0xFF, 0xFF, 0xFF, 0xFF,
  0xFF, 0xFF, 0xFF, 0xFF, 0xFF, 0xFF, 0xFF, 0xFF, 0xFF, 0xFF, 0xFF, 0xDF, 0xF7, 0x9E, 0xEF, 0x7D,
  0xDF, 0x1C, 0xBE, 0x18, 0x9C, 0xB4, 0x73, 0xB0, 0x5B, 0x2E, 0x52, 0xAD, 0x42, 0x6C, 0x3A, 0x4B,
  0x3A, 0x0A, 0x39, 0xE9, 0x31, 0xCA, 0x31, 0xCA, 0x31, 0xA9, 0x29, 0xA9, 0x29, 0xA9, 0x29, 0x89,
  0x29, 0x89, 0x29, 0x68, 0x29, 0x67, 0x29, 0x67, 0x29, 0x68, 0x29, 0x68, 0x29, 0x68, 0x21, 0x68,
  0x21, 0x68, 0x29, 0x68, 0x29, 0x68, 0x29, 0x68, 0x29, 0x68, 0x29, 0x68, 0x29, 0x68, 0x29, 0x68,
  0x29, 0x68, 0x29, 0x68, 0x29, 0x68, 0x29, 0x47, 0x21, 0x47, 0x19, 0x47, 0x21, 0x47, 0x21, 0x26,
  0x21, 0x25, 0x21, 0x24, 0x21, 0x25, 0x21, 0x25, 0x21, 0x25, 0x21, 0x25, 0x21, 0x25, 0x21, 0x24,
  0x21, 0x25, 0x21, 0x25, 0x19, 0x25, 0x21, 0x46, 0x29, 0x47, 0x29, 0x46, 0x29, 0x46, 0x29, 0x47,
  0x29, 0x68, 0x29, 0x68, 0x29, 0x68, 0x29, 0x68, 0x29, 0x68, 0x29, 0x68, 0x29, 0x68, 0x21, 0x67,
  0x51, 0x4A, 0xB2, 0x51, 0xC2, 0x92, 0x71, 0x2B, 0x29, 0x27, 0x59, 0x09, 0xB2, 0x31, 0xC2, 0xB2,
  0x81, 0x2C, 0x81, 0x4C, 0xC2, 0xB2, 0xAA, 0x10, 0x59, 0x0A, 0x59, 0x09, 0x99, 0x8E, 0xC3, 0x94,
  0xC4, 0x36, 0xB2, 0x51, 0x81, 0x6C, 0x69, 0x6B, 0x99, 0x8E, 0xCB, 0x74, 0xCC, 0x56, 0xC2, 0x92,
  0x99, 0x8F, 0x7A, 0x8F, 0xAA, 0x71, 0xE3, 0x75, 0xE3, 0x56, 0xF4, 0xD9, 0xF6, 0x1A, 0xE3, 0xD6,
  0xE3, 0xB7, 0xEB, 0xB6, 0xF4, 0x38, 0xEB, 0xD7, 0xE3, 0xB6, 0xEB, 0xD6, 0xFD, 0xBB, 0xEC, 0x37,
  0xE3, 0x55, 0xDC, 0xB8, 0xE4, 0x77, 0xEB, 0x75, 0xFC, 0xF9, 0xF4, 0x78, 0xE3, 0x55, 0xE4, 0x98,
  0xE4, 0x98, 0xE3, 0x36, 0xF4, 0xB9, 0xFD, 0xFA, 0xE3, 0xD6, 0xEB, 0xB6, 0xF3, 0xD7, 0xFE, 0x1B,
  0xF5, 0x99, 0xE3, 0x55, 0xEB, 0xB7, 0xEB, 0x76, 0xE3, 0x75, 0xDB, 0x34, 0xE3, 0x55, 0xCA, 0xF2,
  0x8B, 0x2F, 0x5A, 0x8C, 0x52, 0x4B, 0x42, 0x29, 0x41, 0xEA, 0x39, 0xE9, 0x39, 0xC9, 0x31, 0xC8,
  0x31, 0xC9, 0x29, 0xA9, 0x31, 0xA8, 0x31, 0xA9, 0x31, 0x89, 0x29, 0x88, 0x21, 0x68, 0x29, 0x68,
  0x21, 0x47, 0x19, 0x46, 0x21, 0x25, 0x21, 0x24, 0x21, 0x25, 0x21, 0x25, 0x21, 0x24, 0x21, 0x25,
  0x21, 0x26, 0x21, 0x46, 0x29, 0x47, 0x29, 0x48, 0x29, 0x68, 0x29, 0x68, 0x29, 0x67, 0x29, 0x68,
  0x29, 0x89, 0x29, 0x89, 0x29, 0x89, 0x29, 0x89, 0x29, 0x89, 0x29, 0x89, 0x29, 0x89, 0x29, 0x89,
  0x29, 0x89, 0x29, 0x89, 0x29, 0x89, 0x29, 0x89, 0x29, 0x89, 0x29, 0x89, 0x31, 0xAA, 0x31, 0xAA,
  0x31, 0xAA, 0x31, 0xCA, 0x31, 0xC9, 0x31, 0xEA, 0x2A, 0x0B, 0x32, 0x2B, 0x3A, 0x6C, 0x42, 0x8D,
  0x52, 0xEE, 0x53, 0x6F, 0x64, 0x32, 0x6C, 0xB3, 0x74, 0xF4, 0x75, 0x15, 0x75, 0x34, 0x7D, 0x55,
  0x75, 0x56, 0x6D, 0x56, 0x7D, 0x56, 0x7D, 0x76, 0x7D, 0x76, 0x7D, 0x76, 0x7D, 0x76, 0x7D, 0x76,
  0x7D, 0x76, 0x7D, 0x76, 0x7D, 0x76, 0x7D, 0x76, 0x7D, 0x76, 0x7D, 0x76, 0x7D, 0x76, 0x7D, 0x76,
  0xEF, 0xBF, 0xEF, 0xBF, 0xEF, 0xBF, 0xEF, 0xBF, 0xEF, 0xBF, 0xEF, 0xBF, 0xEF, 0xBF, 0xEF, 0xBF,
  0xEF, 0xBF, 0xEF, 0xBF, 0xEF, 0xBF, 0xEF, 0xBF, 0xEF, 0xBF, 0xEF, 0xBF, 0xE7, 0xBF, 0xEF, 0xBF,
  0xF7, 0xDF, 0xF7, 0xDF, 0xF7, 0xDF, 0xF7, 0xDF, 0xFF, 0xFF, 0xFF, 0xFF, 0xFF, 0xFF, 0xFF, 0xFF,
  0xFF, 0xFF, 0xFF, 0xFF, 0xFF, 0xFF, 0xFF, 0xFF, 0xFF, 0xDF, 0xFF, 0xDF, 0xF7, 0xBE, 0xEF, 0x5D,
  0xDE, 0xFB, 0xB5, 0xD7, 0x84, 0x72, 0x6B, 0x90, 0x5A, 0xEE, 0x52, 0xAD, 0x42, 0x6C, 0x3A, 0x2B,
  0x3A, 0x0A, 0x31, 0xEA, 0x29, 0xC9, 0x31, 0xC9, 0x31, 0xA9, 0x29, 0xA9, 0x21, 0x89, 0x29, 0x88,
  0x29, 0x88, 0x29, 0x68, 0x29, 0x68, 0x29, 0x68, 0x29, 0x68, 0x29, 0x68, 0x29, 0x68, 0x29, 0x68,
  0x29, 0x68, 0x29, 0x68, 0x29, 0x68, 0x29, 0x68, 0x29, 0x68, 0x29, 0x68, 0x29, 0x68, 0x29, 0x68,
  0x29, 0x68, 0x29, 0x68, 0x29, 0x68, 0x29, 0x47, 0x29, 0x46, 0x21, 0x47, 0x19, 0x47, 0x21, 0x46,
  0x21, 0x26, 0x21, 0x25, 0x21, 0x25, 0x21, 0x25, 0x21, 0x25, 0x21, 0x25, 0x21, 0x25, 0x21, 0x25,
  0x21, 0x25, 0x21, 0x24, 0x21, 0x26, 0x21, 0x26, 0x21, 0x46, 0x21, 0x47, 0x21, 0x47, 0x21, 0x47,
  0x29, 0x47, 0x29, 0x68, 0x29, 0x68, 0x29, 0x68, 0x29, 0x68, 0x29, 0x68, 0x29, 0x68, 0x21, 0x68,
  0x29, 0x68, 0x41, 0x09, 0x48, 0xE9, 0x31, 0x27, 0x21, 0x26, 0x29, 0x26, 0x39, 0x07, 0x48, 0xC7,
  0x39, 0x06, 0x31, 0x06, 0x40, 0xE7, 0x41, 0x07, 0x29, 0x26, 0x21, 0x46, 0x39, 0x27, 0x50, 0xC8,
  0x58, 0xC8, 0x51, 0x29, 0x39, 0x68, 0x39, 0xA9, 0x41, 0xA9, 0x61, 0x4B, 0x71, 0x4B, 0x69, 0xCC,
  0x5A, 0x6D, 0x6A, 0xCE, 0x9B, 0x91, 0xCC, 0x35, 0xE4, 0xF7, 0xED, 0xFA, 0xF6, 0x7B, 0xF6, 0x1A,
  0xF5, 0x59, 0xF5, 0x99, 0xFE, 0x5B, 0xF5, 0xFB, 0xF5, 0x59, 0xFD, 0xFB, 0xFE, 0x9C, 0xFE, 0x9B,
  0xFD, 0x99, 0xF4, 0xB8, 0xF4, 0xD8, 0xFD, 0xFA, 0xFE, 0xBC, 0xFE, 0x9C, 0xFD, 0xDB, 0xF4, 0xD8,
  0xF4, 0xD8, 0xFD, 0xFB, 0xFE, 0xBC, 0xFE, 0x9B, 0xF5, 0xFA, 0xF5, 0x59, 0xFD, 0xFB, 0xFE, 0x9C,
  0xF6, 0x7B, 0xF5, 0xBA, 0xF4, 0xF8, 0xED, 0x38, 0xE5, 0x17, 0xD4, 0x35, 0xC3, 0xB3, 0xB3, 0xD3,
  0x93, 0x70, 0x6A, 0xAC, 0x52, 0x4B, 0x42, 0x2A, 0x41, 0xE9, 0x41, 0xEA, 0x31, 0xE9, 0x39, 0xC9,
  0x31, 0xC9, 0x31, 0xC9, 0x31, 0xA9, 0x31, 0xA9, 0x31, 0xA8, 0x31, 0x88, 0x29, 0x68, 0x29, 0x68,
  0x29, 0x47, 0x21, 0x46, 0x19, 0x25, 0x21, 0x24, 0x21, 0x25, 0x21, 0x25, 0x21, 0x24, 0x21, 0x25,
  0x21, 0x26, 0x21, 0x46, 0x29, 0x47, 0x29, 0x68, 0x29, 0x68, 0x29, 0x68, 0x29, 0x67, 0x29, 0x68,
  0x29, 0x89, 0x29, 0x89, 0x29, 0x89, 0x29, 0x89, 0x29, 0x89, 0x29, 0x89, 0x29, 0x89, 0x29, 0x89,
  0x29, 0x89, 0x29, 0x89, 0x29, 0x89, 0x29, 0x89, 0x29, 0x89, 0x21, 0x89, 0x29, 0xAA, 0x31, 0xAA,
  0x31, 0xAA, 0x31, 0xCA, 0x31, 0xCA, 0x31, 0xEA, 0x29, 0xEB, 0x32, 0x0B, 0x3A, 0x4C, 0x42, 0x8D,
  0x4A, 0xCE, 0x53, 0x4F, 0x64, 0x11, 0x6C, 0x93, 0x6C, 0xD4, 0x74, 0xF5, 0x75, 0x35, 0x75, 0x35,
  0x75, 0x56, 0x75, 0x56, 0x7D, 0x56, 0x7D, 0x76, 0x7D, 0x76, 0x7D, 0x76, 0x7D, 0x76, 0x7D, 0x76,
  0x7D, 0x76, 0x7D, 0x76, 0x7D, 0x76, 0x7D, 0x76, 0x7D, 0x76, 0x7D, 0x76, 0x7D, 0x76, 0x7D, 0x76,
  0xEF, 0xBF, 0xEF, 0xBF, 0xEF, 0xBF, 0xEF, 0xBF, 0xEF, 0xBF, 0xEF, 0xBF, 0xEF, 0xBF, 0xEF, 0xBF,
  0xEF, 0xBF, 0xEF, 0xBF, 0xEF, 0xBF, 0xEF, 0xBF, 0xEF, 0xBF, 0xEF, 0xBF, 0xE7, 0xBF, 0xEF, 0xBF,
  0xF7, 0xDF, 0xF7, 0xDF, 0xF7, 0xDF, 0xF7, 0xDF, 0xFF, 0xFF, 0xFF, 0xFF, 0xFF, 0xFF, 0xFF, 0xFF,
  0xFF, 0xFF, 0xFF, 0xFF, 0xFF, 0xFF, 0xFF, 0xFF, 0xFF, 0xDF, 0xF7, 0xDF, 0xEF, 0x9E, 0xE7, 0x5D,
  0xD6, 0xDB, 0xAD, 0x76, 0x7C, 0x12, 0x6B, 0x70, 0x52, 0xED, 0x4A, 0x8D, 0x42, 0x4C, 0x3A, 0x0B,
  0x39, 0xEA, 0x31, 0xE9, 0x29, 0xC9, 0x31, 0xA9, 0x31, 0x89, 0x29, 0x88, 0x29, 0x88, 0x29, 0x87,
  0x29, 0x87, 0x29, 0x88, 0x29, 0x88, 0x29, 0x68, 0x29, 0x68, 0x29, 0x68, 0x29, 0x68, 0x29, 0x68,
  0x29, 0x68, 0x29, 0x68, 0x29, 0x68, 0x29, 0x68, 0x29, 0x68, 0x29, 0x68, 0x29, 0x68, 0x29, 0x68,
  0x29, 0x68, 0x29, 0x68, 0x29, 0x68, 0x29, 0x47, 0x29, 0x46, 0x21, 0x47, 0x19, 0x47, 0x21, 0x47,
  0x21, 0x26, 0x21, 0x25, 0x21, 0x25, 0x21, 0x25, 0x21, 0x25, 0x21, 0x25, 0x21, 0x25, 0x21, 0x25,
  0x21, 0x25, 0x21, 0x25, 0x21, 0x25, 0x21, 0x26, 0x19, 0x26, 0x19, 0x47, 0x19, 0x47, 0x21, 0x46,
  0x21, 0x47, 0x21, 0x47, 0x29, 0x68, 0x29, 0x67, 0x29, 0x67, 0x29, 0x67, 0x29, 0x67, 0x29, 0x47,
  0x21, 0x47, 0x19, 0x47, 0x19, 0x47, 0x19, 0x26, 0x21, 0x26, 0x21, 0x25, 0x19, 0x25, 0x19, 0x25,
  0x19, 0x04, 0x21, 0x05, 0x19, 0x45, 0x19, 0x25, 0x21, 0x25, 0x21, 0x26, 0x21, 0x46, 0x21, 0x47,
  0x29, 0x87, 0x29, 0x88, 0x31, 0x87, 0x31, 0xA8, 0x31, 0xA9, 0x32, 0x0A, 0x42, 0x2B, 0x42, 0x4B,
  0x5A, 0x8D, 0x6A, 0xEE, 0x9C, 0x13, 0xCD, 0x98, 0xE6, 0x1A, 0xEE, 0x5A, 0xFE, 0x7B, 0xFE, 0x9C,
  0xFE, 0xDC, 0xFE, 0xDC, 0xFE, 0xBC, 0xFE, 0xDC, 0xFE, 0xFC, 0xFE, 0xDC, 0xFE, 0xBC, 0xFE, 0xBC,
  0xFE, 0xDC, 0xFE, 0xDC, 0xF6, 0xBB, 0xFE, 0xDC, 0xFE, 0xBC, 0xFE, 0xBC, 0xFE, 0xDC, 0xFE, 0xFC,
  0xFE, 0xFC, 0xFE, 0xDC, 0xFE, 0xBB, 0xFE, 0xBC, 0xFE, 0xDC, 0xFE, 0xDC, 0xFE, 0xBC, 0xFE, 0x9C,
  0xFE, 0x9B, 0xFE, 0x9B, 0xFE, 0x9B, 0xF6, 0x19, 0xE5, 0x77, 0xDD, 0x36, 0xBC, 0xB4, 0xB4, 0x33,
  0x9B, 0xB0, 0x72, 0xED, 0x52, 0x6B, 0x4A, 0x4A, 0x42, 0x0A, 0x39, 0xEA, 0x39, 0xEA, 0x39, 0xE9,
  0x31, 0xC9, 0x39, 0xC8, 0x31, 0xC9, 0x31, 0xA9, 0x31, 0xA9, 0x31, 0x88, 0x29, 0x88, 0x29, 0x67,
  0x29, 0x47, 0x21, 0x46, 0x19, 0x25, 0x21, 0x24, 0x21, 0x24, 0x21, 0x24, 0x21, 0x24, 0x21, 0x25,
  0x19, 0x26, 0x21, 0x46, 0x29, 0x47, 0x29, 0x68, 0x29, 0x68, 0x29, 0x68, 0x29, 0x67, 0x29, 0x68,
  0x29, 0x69, 0x29, 0x89, 0x29, 0x89, 0x29, 0x89, 0x29, 0x89, 0x29, 0x89, 0x29, 0x89, 0x29, 0x89,
  0x29, 0x89, 0x29, 0x89, 0x29, 0x89, 0x29, 0x89, 0x29, 0x89, 0x21, 0x89, 0x29, 0xA9, 0x31, 0xA9,
  0x31, 0xAA, 0x31, 0xCA, 0x31, 0xCA, 0x31, 0xEA, 0x31, 0xEB, 0x32, 0x0B, 0x3A, 0x4C, 0x42, 0x6D,
  0x4A, 0xCE, 0x53, 0x2F, 0x5B, 0xF1, 0x6C, 0x73, 0x6C, 0xD4, 0x74, 0xF5, 0x75, 0x35, 0x6D, 0x35,
  0x75, 0x56, 0x75, 0x56, 0x7D, 0x56, 0x75, 0x56, 0x7D, 0x76, 0x7D, 0x76, 0x7D, 0x76, 0x7D, 0x76,
  0x7D, 0x76, 0x7D, 0x76, 0x7D, 0x76, 0x7D, 0x76, 0x7D, 0x76, 0x75, 0x76, 0x75, 0x76, 0x75, 0x76,
  0xEF, 0xBF, 0xE7, 0xBF, 0xEF, 0xBF, 0xEF, 0xBF, 0xEF, 0xBF, 0xEF, 0xBF, 0xEF, 0xBF, 0xEF, 0xBF,
  0xEF, 0xBF, 0xEF, 0xBF, 0xEF, 0xBF, 0xEF, 0xBF, 0xEF, 0xBF, 0xEF, 0xBF, 0xE7, 0xBF, 0xEF, 0xBF,
  0xF7, 0xDF, 0xF7, 0xDF, 0xF7, 0xDF, 0xF7, 0xDF, 0xFF, 0xFF, 0xFF, 0xFF, 0xFF, 0xFF, 0xFF, 0xFF,
  0xFF, 0xFF, 0xFF, 0xFF, 0xFF, 0xFF, 0xFF, 0xFF, 0xFF, 0xDF, 0xF7, 0xBE, 0xE7, 0x7D, 0xE7, 0x3C,
  0xD6, 0x9B, 0x9D, 0x15, 0x7B, 0xF2, 0x63, 0x4F, 0x52, 0xCD, 0x4A, 0x6C, 0x42, 0x4B, 0x3A, 0x0B,
  0x39, 0xEA, 0x31, 0xEA, 0x29, 0xC9, 0x31, 0xA8, 0x31, 0x89, 0x29, 0x88, 0x21, 0x87, 0x29, 0x88,
  0x29, 0x88, 0x29, 0x88, 0x29, 0x87, 0x29, 0x67, 0x29, 0x68, 0x29, 0x68, 0x29, 0x68, 0x29, 0x68,
  0x29, 0x68, 0x29, 0x68, 0x29, 0x68, 0x29, 0x68, 0x29, 0x68, 0x29, 0x68, 0x29, 0x68, 0x29, 0x68,
  0x29, 0x68, 0x29, 0x68, 0x29, 0x67, 0x29, 0x47, 0x29, 0x47, 0x21, 0x46, 0x19, 0x47, 0x21, 0x47,
  0x21, 0x26, 0x21, 0x25, 0x21, 0x24, 0x21, 0x25, 0x21, 0x25, 0x21, 0x25, 0x21, 0x05, 0x21, 0x05,
  0x21, 0x05, 0x21, 0x24, 0x21, 0x25, 0x21, 0x26, 0x21, 0x25, 0x21, 0x26, 0x21, 0x47, 0x21, 0x47,
  0x19, 0x47, 0x21, 0x48, 0x21, 0x67, 0x29, 0x67, 0x29, 0x46, 0x21, 0x47, 0x21, 0x47, 0x21, 0x47,
  0x21, 0x47, 0x21, 0x46, 0x21, 0x26, 0x21, 0x25, 0x21, 0x25, 0x21, 0x26, 0x21, 0x25, 0x21, 0x25,
  0x21, 0x05, 0x21, 0x05, 0x21, 0x25, 0x21, 0x24, 0x21, 0x25, 0x29, 0x26, 0x29, 0x26, 0x29, 0x47,
  0x31, 0x67, 0x31, 0x87, 0x31, 0xA8, 0x39, 0xA8, 0x39, 0xC9, 0x39, 0xEA, 0x42, 0x0B, 0x4A, 0x4B,
  0x5A, 0xAD, 0x73, 0x2E, 0xA4, 0x73, 0xD5, 0x98, 0xED, 0xF9, 0xF6, 0x5A, 0xFE, 0x7B, 0xFE, 0x9C,
  0xFE, 0x9C, 0xFE, 0x9C, 0xFE, 0xBC, 0xFE, 0x9B, 0xFE, 0x9B, 0xFE, 0x9B, 0xFE, 0xBC, 0xFE, 0xBC,
  0xFE, 0xBB, 0xEE, 0x39, 0xF6, 0x5B, 0xFE, 0xBB, 0xFE, 0xBB, 0xFE, 0xBC, 0xFE, 0x9C, 0xFE, 0x9C,
  0xFE, 0xBB, 0xFE, 0x9B, 0xFE, 0xBC, 0xFE, 0xBC, 0xFE, 0x9C, 0xFE, 0x9B, 0xFE, 0x9C, 0xFE, 0x9C,
  0xFE, 0x9B, 0xFE, 0x7A, 0xFE, 0x5B, 0xF6, 0x1A, 0xE5, 0x97, 0xDD, 0x16, 0xCC, 0xB4, 0xBC, 0x53,
  0xA3, 0xF1, 0x83, 0x0E, 0x5A, 0x8B, 0x4A, 0x4B, 0x4A, 0x2A, 0x42, 0x09, 0x42, 0x0A, 0x39, 0xE9,
  0x3A, 0x09, 0x39, 0xE8, 0x39, 0xC8, 0x31, 0xA9, 0x31, 0xA9, 0x31, 0xA9, 0x29, 0x88, 0x29, 0x68,
  0x29, 0x47, 0x21, 0x47, 0x19, 0x26, 0x21, 0x25, 0x21, 0x25, 0x21, 0x25, 0x21, 0x25, 0x21, 0x25,
  0x21, 0x25, 0x21, 0x46, 0x29, 0x47, 0x29, 0x68, 0x29, 0x68, 0x29, 0x68, 0x29, 0x68, 0x29, 0x67,
  0x29, 0x68, 0x29, 0x89, 0x29, 0x89, 0x29, 0x89, 0x29, 0x89, 0x29, 0x89, 0x29, 0x89, 0x29, 0x89,
  0x29, 0x89, 0x29, 0x89, 0x29, 0x89, 0x29, 0x89, 0x29, 0x89, 0x29, 0x89, 0x21, 0xA8, 0x29, 0xA9,
  0x31, 0xAA, 0x31, 0xCA, 0x31, 0xCA, 0x29, 0xCA, 0x31, 0xEB, 0x3A, 0x0B, 0x3A, 0x4B, 0x42, 0x6C,
  0x4A, 0xCE, 0x53, 0x2E, 0x5B, 0xB0, 0x64, 0x73, 0x6C, 0xB4, 0x6D, 0x14, 0x75, 0x15, 0x75, 0x35,
  0x75, 0x56, 0x75, 0x56, 0x75, 0x56, 0x75, 0x56, 0x75, 0x56, 0x75, 0x76, 0x75, 0x76, 0x75, 0x76,
  0x7D, 0x76, 0x7D, 0x76, 0x7D, 0x76, 0x7D, 0x76, 0x75, 0x76, 0x75, 0x76, 0x6D, 0x76, 0x6D, 0x76,
  0xEF, 0xBF, 0xE7, 0xBF, 0xEF, 0xBF, 0xEF, 0xBF, 0xEF, 0xBF, 0xEF, 0xBF, 0xEF, 0xBF, 0xEF, 0xBF,
  0xEF, 0xBF, 0xEF, 0xBF, 0xEF, 0xBF, 0xEF, 0xBF, 0xEF, 0xBF, 0xEF, 0xBF, 0xE7, 0xBF, 0xEF, 0xBF,
  0xF7, 0xDF, 0xF7, 0xDF, 0xF7, 0xDF, 0xF7, 0xDF, 0xFF, 0xFF, 0xFF, 0xFF, 0xFF, 0xFF, 0xFF, 0xFF,
  0xFF, 0xFF, 0xFF, 0xFF, 0xFF, 0xFF, 0xFF, 0xFF, 0xFF, 0xDF, 0xF7, 0xBE, 0xE7, 0x5D, 0xDF, 0x3C,
  0xC6, 0x5A, 0x94, 0xD4, 0x73, 0xD1, 0x63, 0x2F, 0x4A, 0xAD, 0x42, 0x6C, 0x3A, 0x2B, 0x3A, 0x0A,
  0x31, 0xEA, 0x31, 0xEA, 0x31, 0xC9, 0x31, 0xA8, 0x31, 0x89, 0x29, 0x88, 0x21, 0x88, 0x29, 0x88,
  0x29, 0x88, 0x29, 0x88, 0x29, 0x68, 0x29, 0x68, 0x29, 0x68, 0x29, 0x68, 0x29, 0x68, 0x29, 0x68,
  0x29, 0x68, 0x29, 0x68, 0x29, 0x68, 0x29, 0x68, 0x29, 0x68, 0x29, 0x68, 0x29, 0x68, 0x29, 0x68,
  0x29, 0x68, 0x29, 0x68, 0x29, 0x67, 0x29, 0x46, 0x29, 0x27, 0x21, 0x47, 0x19, 0x47, 0x21, 0x47,
  0x21, 0x46, 0x21, 0x26, 0x21, 0x25, 0x21, 0x24, 0x21, 0x25, 0x21, 0x25, 0x21, 0x05, 0x20, 0xE5,
  0x21, 0x05, 0x21, 0x24, 0x21, 0x25, 0x21, 0x25, 0x21, 0x26, 0x21, 0x26, 0x21, 0x26, 0x19, 0x46,
  0x21, 0x46, 0x21, 0x47, 0x21, 0x46, 0x21, 0x47, 0x21, 0x47, 0x21, 0x47, 0x19, 0x46, 0x19, 0x26,
  0x21, 0x26, 0x21, 0x26, 0x21, 0x26, 0x21, 0x25, 0x21, 0x24, 0x21, 0x05, 0x21, 0x25, 0x21, 0x25,
  0x21, 0x25, 0x21, 0x25, 0x21, 0x25, 0x21, 0x25, 0x21, 0x25, 0x21, 0x45, 0x29, 0x47, 0x29, 0x47,
  0x31, 0x87, 0x31, 0x88, 0x31, 0xA8, 0x39, 0xC9, 0x31, 0xC9, 0x39, 0xEA, 0x42, 0x2B, 0x4A, 0x6B,
  0x5A, 0xCD, 0x73, 0x4F, 0xB4, 0xD5, 0xDD, 0xB8, 0xEE, 0x1A, 0xF6, 0x5B, 0xFE, 0x9B, 0xFE, 0x9C,
  0xFE, 0xBC, 0xFE, 0xBC, 0xFE, 0xBC, 0xFE, 0xBC, 0xFE, 0xBC, 0xFE, 0xBC, 0xFE, 0xBC, 0xFE, 0xBB,
  0xFE, 0x9B, 0xEE, 0x19, 0xF6, 0x9B, 0xFE, 0xBB, 0xFE, 0xBC, 0xFE, 0xBC, 0xFE, 0xBC, 0xFE, 0xBC,
  0xFE, 0xBC, 0xFE, 0xBC, 0xFE, 0xBC, 0xFE, 0xBC, 0xFE, 0xBC, 0xFE, 0xBC, 0xFE, 0xBC, 0xFE, 0x9C,
  0xFE, 0x9B, 0xFE, 0x7A, 0xFE, 0x5B, 0xFE, 0x3A, 0xE5, 0x97, 0xDD, 0x16, 0xCC, 0xD4, 0xBC, 0x73,
  0xAC, 0x12, 0x8B, 0x4F, 0x62, 0xAC, 0x52, 0x4B, 0x4A, 0x2A, 0x42, 0x0A, 0x3A, 0x0A, 0x41, 0xE9,
  0x4A, 0x69, 0x4A, 0x48, 0x31, 0xC8, 0x39, 0xC9, 0x31, 0xA9, 0x31, 0xA8, 0x29, 0x88, 0x29, 0x88,
  0x29, 0x47, 0x21, 0x27, 0x19, 0x26, 0x21, 0x26, 0x21, 0x26, 0x21, 0x26, 0x21, 0x25, 0x21, 0x25,
  0x21, 0x25, 0x21, 0x46, 0x29, 0x67, 0x29, 0x68, 0x29, 0x68, 0x29, 0x68, 0x29, 0x68, 0x29, 0x67,
  0x29, 0x68, 0x29, 0x89, 0x29, 0x89, 0x29, 0x89, 0x29, 0x89, 0x29, 0x89, 0x29, 0x89, 0x29, 0x89,
  0x29, 0x89, 0x29, 0x89, 0x29, 0x89, 0x29, 0x89, 0x29, 0x89, 0x29, 0x89, 0x29, 0x88, 0x21, 0xA9,
  0x29, 0xAA, 0x31, 0xAA, 0x31, 0xCA, 0x31, 0xCA, 0x31, 0xEB, 0x32, 0x0B, 0x3A, 0x2B, 0x3A, 0x6C,
  0x4A, 0xAE, 0x4B, 0x0E, 0x53, 0x90, 0x64, 0x52, 0x6C, 0xB3, 0x6C, 0xF4, 0x75, 0x15, 0x75, 0x34,
  0x75, 0x55, 0x75, 0x56, 0x75, 0x56, 0x75, 0x56, 0x6D, 0x56, 0x75, 0x76, 0x75, 0x76, 0x75, 0x76,
  0x75, 0x76, 0x75, 0x76, 0x75, 0x76, 0x75, 0x76, 0x75, 0x76, 0x75, 0x76, 0x75, 0x76, 0x75, 0x76,
  0xEF, 0xBF, 0xE7, 0xBF, 0xEF, 0xBF, 0xEF, 0xBF, 0xEF, 0xBF, 0xEF, 0xBF, 0xEF, 0xBF, 0xEF, 0xBF,
  0xEF, 0xBF, 0xEF, 0xBF, 0xEF, 0xBF, 0xEF, 0xBF, 0xEF, 0xBF, 0xEF, 0xBF, 0xE7, 0xBF, 0xEF, 0xBF,
  0xF7, 0xDF, 0xF7, 0xDF, 0xF7, 0xDF, 0xF7, 0xDF, 0xFF, 0xFF, 0xFF, 0xFF, 0xFF, 0xFF, 0xFF, 0xFF,
  0xFF, 0xFF, 0xFF, 0xFF, 0xFF, 0xFF, 0xFF, 0xFF, 0xFF, 0xDF, 0xF7, 0xBE, 0xE7, 0x5D, 0xDF, 0x1C,
  0xBD, 0xF8, 0x8C, 0x73, 0x6B, 0xB1, 0x5B, 0x0E, 0x4A, 0x8D, 0x42, 0x4C, 0x3A, 0x2B, 0x32, 0x0B,
  0x31, 0xEA, 0x31, 0xCA, 0x31, 0xA9, 0x31, 0x89, 0x29, 0x88, 0x29, 0x88, 0x29, 0x88, 0x29, 0x88,
  0x29, 0x88, 0x29, 0x68, 0x29, 0x68, 0x29, 0x68, 0x29, 0x68, 0x29, 0x68, 0x29, 0x68, 0x29, 0x68,
  0x29, 0x68, 0x29, 0x68, 0x29, 0x68, 0x29, 0x68, 0x29, 0x68, 0x29, 0x68, 0x29, 0x68, 0x29, 0x68,
  0x29, 0x68, 0x29, 0x68, 0x29, 0x67, 0x29, 0x46, 0x29, 0x47, 0x29, 0x47, 0x21, 0x47, 0x19, 0x47,
  0x21, 0x47, 0x21, 0x26, 0x21, 0x26, 0x21, 0x25, 0x21, 0x24, 0x21, 0x25, 0x21, 0x05, 0x20, 0xE5,
  0x21, 0x05, 0x21, 0x25, 0x21, 0x25, 0x21, 0x24, 0x21, 0x26, 0x21, 0x26, 0x21, 0x26, 0x21, 0x25,
  0x21, 0x26, 0x21, 0x47, 0x19, 0x47, 0x19, 0x47, 0x21, 0x47, 0x21, 0x47, 0x21, 0x26, 0x21, 0x25,
  0x21, 0x25, 0x21, 0x26, 0x21, 0x25, 0x21, 0x24, 0x21, 0x05, 0x21, 0x05, 0x21, 0x25, 0x21, 0x24,
  0x21, 0x25, 0x21, 0x25, 0x21, 0x24, 0x19, 0x24, 0x21, 0x25, 0x29, 0x46, 0x29, 0x47, 0x29, 0x67,
  0x31, 0x67, 0x31, 0x88, 0x39, 0xA8, 0x39, 0xC9, 0x39, 0xE9, 0x39, 0xEA, 0x42, 0x2B, 0x4A, 0x6C,
  0x5A, 0xCE, 0x8B, 0xB1, 0xCD, 0x37, 0xDD, 0xD9, 0xEE, 0x1A, 0xF6, 0x7B, 0xFE, 0x9B, 0xFE, 0xBC,
  0xFE, 0xBC, 0xFE, 0xBC, 0xFE, 0xBC, 0xFE, 0xBC, 0xFE, 0xBC, 0xFE, 0xBC, 0xFE, 0xBC, 0xFE, 0x9B,
  0xF6, 0x5A, 0xEE, 0x19, 0xFE, 0x9B, 0xFE, 0x9B, 0xFE, 0xBC, 0xFE, 0xBC, 0xFE, 0xBC, 0xFE, 0xBC,
  0xFE, 0xBC, 0xFE, 0xBC, 0xFE, 0xBC, 0xFE, 0xBC, 0xFE, 0xBC, 0xFE, 0xBC, 0xFE, 0xBC, 0xFE, 0x9C,
  0xFE, 0x9B, 0xFE, 0x9A, 0xFE, 0x5B, 0xFE, 0x3A, 0xE5, 0xB7, 0xDD, 0x36, 0xCC, 0xF4, 0xC4, 0x74,
  0xB4, 0x12, 0x93, 0x8F, 0x72, 0xCC, 0x52, 0x6B, 0x4A, 0x2A, 0x42, 0x2A, 0x42, 0x09, 0x41, 0xE9,
  0x52, 0x89, 0x52, 0x68, 0x39, 0xE7, 0x31, 0xC8, 0x29, 0xA8, 0x31, 0xA8, 0x29, 0x88, 0x21, 0x68,
  0x29, 0x67, 0x21, 0x47, 0x19, 0x26, 0x21, 0x26, 0x21, 0x26, 0x21, 0x26, 0x21, 0x24, 0x21, 0x24,
  0x21, 0x25, 0x21, 0x46, 0x29, 0x67, 0x29, 0x68, 0x29, 0x68, 0x29, 0x68, 0x29, 0x68, 0x29, 0x47,
  0x29, 0x68, 0x29, 0x89, 0x29, 0x89, 0x29, 0x89, 0x29, 0x89, 0x29, 0x89, 0x29, 0x89, 0x29, 0x89,
  0x29, 0x89, 0x29, 0x89, 0x29, 0x89, 0x29, 0x89, 0x29, 0x89, 0x29, 0x89, 0x29, 0x89, 0x29, 0xA9,
  0x29, 0xAA, 0x31, 0xAA, 0x31, 0xCA, 0x31, 0xCA, 0x31, 0xEB, 0x32, 0x0B, 0x32, 0x2B, 0x3A, 0x6C,
  0x4A, 0xAD, 0x4A, 0xEE, 0x53, 0x6F, 0x64, 0x52, 0x6C, 0xB3, 0x6C, 0xD4, 0x75, 0x15, 0x75, 0x34,
  0x75, 0x55, 0x6D, 0x56, 0x75, 0x56, 0x75, 0x56, 0x6D, 0x56, 0x75, 0x76, 0x75, 0x76, 0x75, 0x76,
  0x75, 0x76, 0x75, 0x76, 0x6D, 0x76, 0x6D, 0x76, 0x75, 0x76, 0x75, 0x76, 0x75, 0x76, 0x75, 0x76,
  0xEF, 0xDF, 0xEF, 0xBF, 0xEF, 0xBF, 0xEF, 0xBF, 0xEF, 0xBF, 0xEF, 0xBF, 0xEF, 0xBF, 0xEF, 0xBF,
  0xEF, 0xBF, 0xEF, 0xBF, 0xEF, 0xBF, 0xEF, 0xBF, 0xEF, 0xBF, 0xEF, 0xBF, 0xE7, 0xBF, 0xEF, 0xBF,
  0xF7, 0xDF, 0xF7, 0xDF, 0xF7, 0xDF, 0xF7, 0xDF, 0xFF, 0xFF, 0xFF, 0xFF, 0xFF, 0xFF, 0xFF, 0xFF,
  0xFF, 0xFF, 0xFF, 0xFF, 0xFF, 0xFF, 0xFF, 0xDF, 0xFF, 0xDF, 0xF7, 0x9E, 0xE7, 0x5D, 0xDE, 0xFC,
  0xAD, 0xB7, 0x84, 0x32, 0x6B, 0x90, 0x5A, 0xEE, 0x4A, 0x8C, 0x42, 0x4B, 0x3A, 0x0B, 0x39, 0xEA,
  0x31, 0xCA, 0x29, 0xAA, 0x31, 0xA9, 0x31, 0x89, 0x21, 0x88, 0x29, 0x68, 0x29, 0x67, 0x29, 0x88,
  0x29, 0x68, 0x29, 0x68, 0x29, 0x68, 0x29, 0x68, 0x29, 0x68, 0x29, 0x68, 0x29, 0x68, 0x29, 0x68,
  0x29, 0x68, 0x29, 0x68, 0x29, 0x68, 0x29, 0x68, 0x29, 0x68, 0x29, 0x68, 0x29, 0x68, 0x29, 0x68,
  0x29, 0x68, 0x29, 0x67, 0x29, 0x47, 0x29, 0x46, 0x29, 0x47, 0x29, 0x47, 0x21, 0x47, 0x19, 0x47,
  0x21, 0x47, 0x21, 0x46, 0x21, 0x26, 0x21, 0x25, 0x21, 0x25, 0x21, 0x25, 0x21, 0x05, 0x20, 0xE5,
  0x21, 0x05, 0x21, 0x25, 0x21, 0x25, 0x21, 0x05, 0x21, 0x05, 0x21, 0x25, 0x21, 0x25, 0x21, 0x26,
  0x21, 0x26, 0x21, 0x26, 0x21, 0x26, 0x21, 0x26, 0x21, 0x26, 0x21, 0x26, 0x21, 0x26, 0x21, 0x25,
  0x21, 0x25, 0x21, 0x05, 0x21, 0x25, 0x21, 0x25, 0x21, 0x05, 0x21, 0x05, 0x21, 0x25, 0x21, 0x24,
  0x21, 0x25, 0x21, 0x25, 0x21, 0x25, 0x21, 0x25, 0x21, 0x25, 0x29, 0x46, 0x21, 0x67, 0x29, 0x67,
  0x31, 0x88, 0x31, 0x88, 0x39, 0xA8, 0x39, 0xC9, 0x39, 0xEA, 0x42, 0x0A, 0x4A, 0x2B, 0x52, 0x8C,
  0x63, 0x0E, 0x9C, 0x33, 0xD5, 0x78, 0xE5, 0xD9, 0xEE, 0x3A, 0xF6, 0x5B, 0xFE, 0x9C, 0xFE, 0xBC,
  0xFE, 0xBC, 0xFE, 0xBC, 0xFE, 0xBC, 0xFE, 0xBC, 0xFE, 0xBC, 0xFE, 0xBC, 0xFE, 0x9B, 0xFE, 0x9C,
  0xEE, 0x1A, 0xF6, 0x5A, 0xFE, 0xBC, 0xFE, 0x9B, 0xFE, 0xBC, 0xFE, 0xBC, 0xFE, 0xBC, 0xFE, 0xBC,
  0xFE, 0xBC, 0xFE, 0xBC, 0xFE, 0xBC, 0xFE, 0xBC, 0xFE, 0xBC, 0xFE, 0xBC, 0xFE, 0xBC, 0xFE, 0xBC,
  0xFE, 0x9B, 0xFE, 0x9B, 0xFE, 0x5B, 0xFE, 0x5A, 0xED, 0xD8, 0xDD, 0x56, 0xD4, 0xF5, 0xC4, 0x94,
  0xB4, 0x32, 0x9B, 0x90, 0x72, 0xED, 0x5A, 0x6B, 0x4A, 0x2A, 0x42, 0x29, 0x42, 0x0A, 0x42, 0x09,
  0x52, 0x69, 0x52, 0x88, 0x3A, 0x08, 0x31, 0xC9, 0x31, 0xA8, 0x31, 0xA8, 0x29, 0x88, 0x21, 0x68,
  0x29, 0x67, 0x21, 0x47, 0x19, 0x26, 0x21, 0x25, 0x21, 0x26, 0x21, 0x26, 0x21, 0x25, 0x21, 0x25,
  0x21, 0x25, 0x21, 0x46, 0x21, 0x67, 0x29, 0x48, 0x29, 0x68, 0x29, 0x68, 0x29, 0x68, 0x29, 0x67,
  0x29, 0x68, 0x29, 0x89, 0x29, 0x89, 0x29, 0x89, 0x29, 0x89, 0x29, 0x89, 0x29, 0x89, 0x29, 0x89,
  0x29, 0x89, 0x29, 0x89, 0x29, 0x89, 0x29, 0x89, 0x29, 0x89, 0x29, 0x89, 0x29, 0x89, 0x29, 0xA9,
  0x31, 0xAA, 0x31, 0xAA, 0x31, 0xCA, 0x31, 0xCA, 0x31, 0xEA, 0x32, 0x0B, 0x32, 0x2B, 0x3A, 0x4C,
  0x42, 0xAD, 0x4A, 0xCE, 0x53, 0x4F, 0x64, 0x32, 0x6C, 0xB3, 0x6C, 0xD4, 0x75, 0x15, 0x75, 0x34,
  0x75, 0x55, 0x75, 0x55, 0x75, 0x56, 0x75, 0x56, 0x75, 0x56, 0x75, 0x56, 0x75, 0x56, 0x75, 0x56,
  0x75, 0x76, 0x75, 0x76, 0x75, 0x76, 0x75, 0x76, 0x75, 0x76, 0x75, 0x76, 0x75, 0x76, 0x75, 0x76,
  0xF7, 0xDF, 0xF7, 0xDF, 0xEF, 0xBF, 0xEF, 0xBF, 0xEF, 0xBF, 0xEF, 0xBF, 0xEF, 0xBF, 0xEF, 0xBF,
  0xEF, 0xBF, 0xEF, 0xBF, 0xEF, 0xBF, 0xEF, 0xBF, 0xEF, 0xBF, 0xEF, 0xBF, 0xE7, 0xBF, 0xEF, 0xDF,
  0xF7, 0xDF, 0xF7, 0xDF, 0xF7, 0xDF, 0xF7, 0xFF, 0xFF, 0xFF, 0xFF, 0xFF, 0xFF, 0xFF, 0xFF, 0xFF,
  0xFF, 0xFF, 0xFF, 0xFF, 0xFF, 0xFF, 0xFF, 0xDF, 0xF7, 0xBE, 0xEF, 0x9E, 0xE7, 0x3D, 0xDE, 0xFC,
  0xAD, 0x77, 0x7C, 0x12, 0x63, 0x6F, 0x52, 0xCE, 0x42, 0x6C, 0x3A, 0x4B, 0x3A, 0x0B, 0x39, 0xEA,
  0x31, 0xC9, 0x31, 0xAA, 0x31, 0xA9, 0x31, 0x88, 0x29, 0x88, 0x29, 0x88, 0x29, 0x88, 0x29, 0x88,
  0x29, 0x68, 0x29, 0x68, 0x29, 0x68, 0x29, 0x68, 0x29, 0x68, 0x29, 0x68, 0x29, 0x68, 0x29, 0x68,
  0x29, 0x68, 0x29, 0x68, 0x29, 0x68, 0x29, 0x68, 0x29, 0x68, 0x29, 0x68, 0x29, 0x68, 0x29, 0x68,
  0x29, 0x68, 0x29, 0x47, 0x29, 0x46, 0x29, 0x47, 0x29, 0x47, 0x29, 0x47, 0x29, 0x47, 0x21, 0x47,
  0x19, 0x47, 0x21, 0x27, 0x21, 0x26, 0x21, 0x26, 0x21, 0x25, 0x21, 0x24, 0x21, 0x05, 0x21, 0x05,
  0x21, 0x05, 0x21, 0x05, 0x21, 0x05, 0x21, 0x05, 0x21, 0x25, 0x21, 0x24, 0x21, 0x05, 0x21, 0x06,
  0x21, 0x26, 0x21, 0x26, 0x21, 0x25, 0x21, 0x26, 0x21, 0x26, 0x21, 0x26, 0x21, 0x25, 0x21, 0x25,
  0x21, 0x24, 0x21, 0x05, 0x21, 0x25, 0x21, 0x25, 0x21, 0x25, 0x21, 0x25, 0x21, 0x25, 0x21, 0x25,
  0x21, 0x25, 0x19, 0x26, 0x21, 0x26, 0x29, 0x26, 0x21, 0x45, 0x29, 0x46, 0x21, 0x66, 0x29, 0x87,
  0x31, 0x88, 0x31, 0x88, 0x39, 0xA9, 0x39, 0xC9, 0x39, 0xEA, 0x42, 0x0A, 0x4A, 0x4C, 0x5A, 0xAD,
  0x73, 0x4F, 0xAC, 0xB4, 0xDD, 0x98, 0xE5, 0xF9, 0xEE, 0x3A, 0xF6, 0x7B, 0xFE, 0x9C, 0xFE, 0xBC,
  0xFE, 0xBC, 0xFE, 0xBC, 0xFE, 0xBC, 0xFE, 0xBC, 0xFE, 0xBC, 0xFE, 0xBC, 0xFE, 0x9B, 0xF6, 0x9B,
  0xED, 0xF9, 0xF6, 0x7B, 0xFE, 0x9B, 0xFE, 0x9A, 0xFE, 0xBC, 0xFE, 0xBC, 0xFE, 0xBC, 0xFE, 0xBC,
  0xFE, 0xBC, 0xFE, 0xBC, 0xFE, 0xBC, 0xFE, 0xBC, 0xFE, 0xBC, 0xFE, 0xBC, 0xFE, 0xBC, 0xFE, 0xBC,
  0xFE, 0x9B, 0xFE, 0x9B, 0xFE, 0x7B, 0xFE, 0x5A, 0xED, 0xD8, 0xDD, 0x56, 0xD4, 0xF5, 0xC4, 0x94,
  0xB4, 0x32, 0xA3, 0xB0, 0x7B, 0x0D, 0x5A, 0x6B, 0x4A, 0x2A, 0x42, 0x2A, 0x41, 0xE9, 0x41, 0xE9,
  0x4A, 0x48, 0x52, 0x88, 0x42, 0x07, 0x31, 0xC8, 0x31, 0xA9, 0x31, 0xA8, 0x29, 0x87, 0x21, 0x68,
  0x29, 0x67, 0x29, 0x67, 0x21, 0x46, 0x21, 0x25, 0x19, 0x26, 0x21, 0x26, 0x21, 0x26, 0x21, 0x26,
  0x21, 0x26, 0x21, 0x47, 0x29, 0x66, 0x29, 0x47, 0x29, 0x68, 0x29, 0x68, 0x29, 0x68, 0x29, 0x67,
  0x29, 0x88, 0x29, 0x89, 0x29, 0x89, 0x29, 0x89, 0x29, 0x89, 0x29, 0x89, 0x29, 0x89, 0x29, 0x89,
  0x29, 0x89, 0x29, 0x89, 0x29, 0x89, 0x29, 0x89, 0x29, 0x89, 0x29, 0x89, 0x29, 0x89, 0x29, 0x89,
  0x31, 0xAA, 0x31, 0x8A, 0x31, 0xAA, 0x31, 0xC9, 0x31, 0xEA, 0x32, 0x0B, 0x32, 0x2B, 0x3A, 0x4C,
  0x42, 0x8D, 0x4A, 0xCE, 0x53, 0x2F, 0x5C, 0x11, 0x64, 0xB3, 0x6C, 0xD4, 0x75, 0x15, 0x6D, 0x34,
  0x75, 0x55, 0x75, 0x56, 0x6D, 0x56, 0x75, 0x56, 0x75, 0x56, 0x75, 0x56, 0x75, 0x56, 0x75, 0x56,
  0x75, 0x76, 0x75, 0x76, 0x75, 0x76, 0x75, 0x76, 0x75, 0x76, 0x75, 0x76, 0x75, 0x56, 0x75, 0x56,
  0xF7, 0xDF, 0xF7, 0xDF, 0xEF, 0xBF, 0xEF, 0xBF, 0xEF, 0xBF, 0xEF, 0xBF, 0xEF, 0xBF, 0xEF, 0xBF,
  0xEF, 0xBF, 0xEF, 0xBF, 0xEF, 0xBF, 0xEF, 0xBF, 0xEF, 0xBF, 0xEF, 0xBF, 0xE7, 0xBF, 0xEF, 0xDF,
  0xF7, 0xDF, 0xF7, 0xDF, 0xF7, 0xDF, 0xF7, 0xFF, 0xFF, 0xFF, 0xFF, 0xFF, 0xFF, 0xFF, 0xFF, 0xFF,
  0xFF, 0xFF, 0xFF, 0xFF, 0xFF, 0xFF, 0xFF, 0xDF, 0xF7, 0xBE, 0xEF, 0x9E, 0xE7, 0x3D, 0xD6, 0xDB,
  0xA5, 0x56, 0x7B, 0xF1, 0x63, 0x4F, 0x52, 0xCE, 0x42, 0x6C, 0x3A, 0x4B, 0x3A, 0x0B, 0x39, 0xEA,
  0x31, 0xCA, 0x31, 0xAA, 0x31, 0xA9, 0x31, 0x88, 0x29, 0x87, 0x29, 0x88, 0x29, 0x88, 0x29, 0x88,
  0x29, 0x68, 0x29, 0x68, 0x29, 0x68, 0x29, 0x68, 0x29, 0x68, 0x29, 0x68, 0x29, 0x68, 0x29, 0x68,
  0x29, 0x68, 0x29, 0x68, 0x29, 0x68, 0x29, 0x68, 0x29, 0x68, 0x29, 0x68, 0x29, 0x68, 0x29, 0x68,
  0x29, 0x47, 0x29, 0x46, 0x29, 0x47, 0x29, 0x47, 0x29, 0x47, 0x29, 0x47, 0x29, 0x47, 0x21, 0x47,
  0x19, 0x47, 0x21, 0x47, 0x21, 0x47, 0x21, 0x26, 0x21, 0x25, 0x21, 0x24, 0x21, 0x05, 0x21, 0x05,
  0x21, 0x05, 0x21, 0x05, 0x21, 0x05, 0x21, 0x05, 0x21, 0x05, 0x21, 0x05, 0x21, 0x05, 0x21, 0x05,
  0x21, 0x25, 0x21, 0x25, 0x21, 0x25, 0x21, 0x25, 0x21, 0x25, 0x21, 0x04, 0x21, 0x04, 0x21, 0x25,
  0x21, 0x25, 0x21, 0x25, 0x21, 0x25, 0x21, 0x25, 0x21, 0x25, 0x21, 0x25, 0x21, 0x25, 0x21, 0x24,
  0x21, 0x25, 0x21, 0x25, 0x29, 0x26, 0x29, 0x46, 0x29, 0x45, 0x29, 0x66, 0x21, 0x87, 0x29, 0x87,
  0x31, 0x88, 0x29, 0xA8, 0x39, 0xC9, 0x39, 0xE9, 0x41, 0xEA, 0x42, 0x0B, 0x52, 0x6C, 0x5A, 0xCD,
  0x83, 0x90, 0xC5, 0x16, 0xDD, 0xB8, 0xE6, 0x19, 0xF6, 0x5A, 0xFE, 0x7B, 0xFE, 0x9C, 0xFE, 0xBC,
  0xFE, 0xBC, 0xFE, 0xBC, 0xFE, 0xBC, 0xFE, 0xBC, 0xFE, 0xBC, 0xFE, 0x9C, 0xFE, 0x9B, 0xF6, 0x39,
  0xEE, 0x39, 0xFE, 0x9B, 0xFE, 0x9B, 0xFE, 0x9B, 0xFE, 0xBC, 0xFE, 0xBC, 0xFE, 0xBC, 0xFE, 0xBC,
  0xFE, 0xBC, 0xFE, 0xBC, 0xFE, 0xBC, 0xFE, 0xBC, 0xFE, 0xBC, 0xFE, 0xBC, 0xFE, 0xBC, 0xFE, 0xBC,
  0xFE, 0x9C, 0xFE, 0x9B, 0xFE, 0x7B, 0xFE, 0x5A, 0xED, 0xF9, 0xE5, 0x57, 0xD5, 0x15, 0xCC, 0xB4,
  0xBC, 0x32, 0xAB, 0xD1, 0x8B, 0x4E, 0x62, 0x8B, 0x4A, 0x2A, 0x42, 0x29, 0x41, 0xEA, 0x41, 0xC9,
  0x41, 0xE8, 0x42, 0x07, 0x39, 0xE8, 0x31, 0xA8, 0x29, 0xA9, 0x31, 0xA8, 0x31, 0x87, 0x29, 0x88,
  0x29, 0x67, 0x29, 0x67, 0x21, 0x46, 0x21, 0x45, 0x21, 0x26, 0x21, 0x26, 0x21, 0x26, 0x21, 0x25,
  0x21, 0x26, 0x21, 0x47, 0x29, 0x47, 0x29, 0x67, 0x29, 0x68, 0x29, 0x68, 0x29, 0x68, 0x29, 0x67,
  0x29, 0x88, 0x29, 0x89, 0x29, 0x89, 0x29, 0x89, 0x29, 0x89, 0x29, 0x89, 0x29, 0x89, 0x29, 0x89,
  0x29, 0x89, 0x29, 0x89, 0x29, 0x89, 0x29, 0x89, 0x29, 0x89, 0x29, 0x89, 0x29, 0x89, 0x29, 0x89,
  0x31, 0xAA, 0x31, 0xAA, 0x31, 0xAA, 0x31, 0xCA, 0x31, 0xC9, 0x31, 0xEA, 0x32, 0x0B, 0x3A, 0x4C,
  0x42, 0x8D, 0x4A, 0xCE, 0x53, 0x0F, 0x5B, 0xF1, 0x64, 0x93, 0x6C, 0xD4, 0x75, 0x14, 0x75, 0x35,
  0x75, 0x55, 0x75, 0x56, 0x75, 0x56, 0x75, 0x56, 0x75, 0x56, 0x75, 0x56, 0x75, 0x56, 0x75, 0x56,
  0x75, 0x76, 0x75, 0x76, 0x75, 0x76, 0x75, 0x76, 0x75, 0x76, 0x75, 0x76, 0x75, 0x56, 0x75, 0x56,
  0xF7, 0xDF, 0xF7, 0xDF, 0xEF, 0xBF, 0xEF, 0xBF, 0xEF, 0xBF, 0xEF, 0xBF, 0xEF, 0xBF, 0xEF, 0xBF,
  0xEF, 0xBF, 0xEF, 0xBF, 0xEF, 0xBF, 0xEF, 0xBF, 0xEF, 0xBF, 0xEF, 0xBF, 0xE7, 0xBF, 0xEF, 0xDF,
  0xF7, 0xDF, 0xF7, 0xDF, 0xF7, 0xDF, 0xF7, 0xFF, 0xFF, 0xFF, 0xFF, 0xFF, 0xFF, 0xFF, 0xFF, 0xFF,
  0xFF, 0xFF, 0xFF, 0xFF, 0xFF, 0xFF, 0xFF, 0xFF, 0xF7, 0xBE, 0xEF, 0x7D, 0xE7, 0x3D, 0xD6, 0xDB,
  0x9D, 0x35, 0x73, 0xD1, 0x63, 0x4F, 0x52, 0xCD, 0x42, 0x6C, 0x3A, 0x2B, 0x39, 0xEB, 0x39, 0xEA,
  0x31, 0xCA, 0x31, 0xAA, 0x31, 0xA9, 0x31, 0x88, 0x29, 0x87, 0x29, 0x88, 0x29, 0x88, 0x29, 0x88,
  0x29, 0x68, 0x29, 0x68, 0x29, 0x68, 0x29, 0x68, 0x29, 0x68, 0x29, 0x68, 0x29, 0x68, 0x29, 0x68,
  0x29, 0x68, 0x29, 0x68, 0x29, 0x68, 0x29, 0x68, 0x29, 0x68, 0x29, 0x68, 0x29, 0x68, 0x29, 0x68,
  0x29, 0x47, 0x29, 0x47, 0x29, 0x47, 0x29, 0x47, 0x29, 0x47, 0x29, 0x47, 0x29, 0x47, 0x21, 0x47,
  0x21, 0x47, 0x19, 0x47, 0x21, 0x47, 0x21, 0x26, 0x21, 0x25, 0x21, 0x24, 0x21, 0x05, 0x21, 0x05,
  0x21, 0x05, 0x21, 0x05, 0x21, 0x05, 0x21, 0x05, 0x21, 0x05, 0x21, 0x05, 0x21, 0x05, 0x21, 0x25,
  0x21, 0x24, 0x21, 0x25, 0x21, 0x25, 0x21, 0x25, 0x21, 0x05, 0x21, 0x05, 0x21, 0x05, 0x21, 0x25,
  0x21, 0x25, 0x21, 0x25, 0x21, 0x25, 0x21, 0x25, 0x21, 0x25, 0x21, 0x25, 0x21, 0x25, 0x19, 0x25,
  0x21, 0x24, 0x29, 0x45, 0x29, 0x46, 0x29, 0x46, 0x29, 0x45, 0x21, 0x66, 0x21, 0x88, 0x29, 0x88,
  0x31, 0xA7, 0x31, 0xA8, 0x31, 0xC9, 0x39, 0xE9, 0x42, 0x0A, 0x4A, 0x2B, 0x52, 0x8C, 0x6A, 0xCD,
  0x93, 0xF2, 0xD5, 0x77, 0xDD, 0xD8, 0xEE, 0x39, 0xF6, 0x5B, 0xFE, 0x7B, 0xFE, 0x9C, 0xFE, 0xBC,
  0xFE, 0xBC, 0xFE, 0xBC, 0xFE, 0xBC, 0xFE, 0xBC, 0xFE, 0x9C, 0xFE, 0x9C, 0xF6, 0x7A, 0xED, 0xF9,
  0xF6, 0x5B, 0xFE, 0x9B, 0xFE, 0x9B, 0xFE, 0x9B, 0xFE, 0xBC, 0xFE, 0xBC, 0xFE, 0xBC, 0xFE, 0xBC,
  0xFE, 0xBC, 0xFE, 0xBC, 0xFE, 0xBC, 0xFE, 0xBC, 0xFE, 0xBC, 0xFE, 0xBC, 0xFE, 0xBC, 0xFE, 0xBC,
  0xFE, 0x9C, 0xFE, 0x9B, 0xFE, 0x7B, 0xFE, 0x5A, 0xF5, 0xF9, 0xE5, 0x77, 0xD5, 0x15, 0xCC, 0xB4,
  0xBC, 0x52, 0xA3, 0xD0, 0x8B, 0x4E, 0x6A, 0x8B, 0x4A, 0x2A, 0x42, 0x0A, 0x41, 0xE9, 0x41, 0xE9,
  0x39, 0xE9, 0x39, 0xC8, 0x31, 0xA9, 0x31, 0xA9, 0x31, 0xA9, 0x31, 0xA8, 0x29, 0x88, 0x29, 0x88,
  0x29, 0x68, 0x29, 0x67, 0x21, 0x46, 0x21, 0x45, 0x21, 0x26, 0x21, 0x26, 0x21, 0x26, 0x19, 0x26,
  0x21, 0x45, 0x29, 0x46, 0x29, 0x47, 0x29, 0x47, 0x29, 0x68, 0x29, 0x68, 0x29, 0x68, 0x29, 0x88,
  0x29, 0x89, 0x29, 0x89, 0x29, 0x89, 0x29, 0x89, 0x29, 0x89, 0x29, 0x89, 0x29, 0x89, 0x29, 0x89,
  0x29, 0x89, 0x29, 0x89, 0x29, 0x89, 0x29, 0x89, 0x29, 0x89, 0x29, 0x89, 0x29, 0x89, 0x29, 0x89,
  0x31, 0xAA, 0x31, 0xAA, 0x31, 0xAA, 0x31, 0xCA, 0x31, 0xC9, 0x29, 0xEA, 0x32, 0x0B, 0x3A, 0x2B,
  0x3A, 0x6C, 0x42, 0xAD, 0x53, 0x0F, 0x5B, 0xD1, 0x6C, 0x73, 0x6C, 0xB4, 0x74, 0xF4, 0x75, 0x15,
  0x6D, 0x54, 0x75, 0x55, 0x75, 0x56, 0x75, 0x56, 0x75, 0x56, 0x75, 0x56, 0x75, 0x56, 0x75, 0x56,
  0x75, 0x76, 0x75, 0x76, 0x75, 0x76, 0x75, 0x76, 0x75, 0x76, 0x75, 0x56, 0x75, 0x56, 0x75, 0x56,
  0xF7, 0xDF, 0xF7, 0xDF, 0xF7, 0xDF, 0xF7, 0xDF, 0xEF, 0xBF, 0xEF, 0xBF, 0xEF, 0xBF, 0xEF, 0xBF,
  0xEF, 0xBF, 0xEF, 0xBF, 0xEF, 0xBF, 0xEF, 0xBF, 0xE7, 0xBF, 0xEF, 0xBF, 0xF7, 0xDF, 0xF7, 0xDF,
  0xF7, 0xDF, 0xF7, 0xDF, 0xF7, 0xDF, 0xF7, 0xFF, 0xFF, 0xFF, 0xFF, 0xFF, 0xFF, 0xFF, 0xFF, 0xFF,
  0xFF, 0xFF, 0xFF, 0xFF, 0xFF, 0xFF, 0xFF, 0xDF, 0xF7, 0xBE, 0xEF, 0x7D, 0xDF, 0x1C, 0xD6, 0xBB,
  0x9C, 0xD5, 0x73, 0xD1, 0x5B, 0x2F, 0x52, 0xAD, 0x42, 0x4B, 0x3A, 0x2B, 0x39, 0xEB, 0x39, 0xEA,
  0x31, 0xCA, 0x31, 0xA9, 0x29, 0xA9, 0x29, 0x88, 0x21, 0x87, 0x29, 0x87, 0x29, 0x87, 0x29, 0x87,
  0x29, 0x68, 0x29, 0x68, 0x29, 0x68, 0x29, 0x68, 0x29, 0x68, 0x29, 0x68, 0x29, 0x68, 0x29, 0x68,
  0x29, 0x68, 0x29, 0x68, 0x29, 0x68, 0x29, 0x68, 0x29, 0x68, 0x29, 0x68, 0x29, 0x68, 0x29, 0x68,
  0x29, 0x46, 0x29, 0x47, 0x29, 0x46, 0x29, 0x46, 0x29, 0x46, 0x29, 0x46, 0x29, 0x46, 0x29, 0x46,
  0x29, 0x46, 0x21, 0x46, 0x21, 0x47, 0x19, 0x47, 0x19, 0x26, 0x19, 0x25, 0x21, 0x24, 0x21, 0x05,
  0x21, 0x05, 0x21, 0x04, 0x21, 0x04, 0x21, 0x05, 0x21, 0x05, 0x21, 0x05, 0x21, 0x05, 0x21, 0x25,
  0x21, 0x25, 0x21, 0x25, 0x21, 0x24, 0x21, 0x24, 0x21, 0x25, 0x21, 0x25, 0x21, 0x25, 0x21, 0x25,
  0x21, 0x25, 0x21, 0x25, 0x21, 0x25, 0x21, 0x25, 0x21, 0x25, 0x21, 0x25, 0x21, 0x24, 0x19, 0x24,
  0x21, 0x25, 0x29, 0x46, 0x29, 0x45, 0x21, 0x45, 0x29, 0x46, 0x29, 0x66, 0x31, 0x88, 0x29, 0x88,
  0x31, 0xA8, 0x39, 0xA9, 0x39, 0xC9, 0x41, 0xEA, 0x42, 0x0A, 0x4A, 0x4B, 0x5A, 0xAD, 0x6B, 0x2F,
  0xAC, 0x74, 0xDD, 0x98, 0xE5, 0xF9, 0xF6, 0x5A, 0xFE, 0x7B, 0xFE, 0x9B, 0xFE, 0x9C, 0xFE, 0xBC,
  0xFE, 0xBC, 0xFE, 0xBC, 0xFE, 0xBC, 0xFE, 0x9C, 0xFE, 0x9B, 0xFE, 0x9B, 0xF6, 0x5A, 0xEE, 0x19,
  0xFE, 0x9B, 0xFE, 0x9B, 0xFE, 0x9B, 0xFE, 0xBC, 0xFE, 0xBC, 0xFE, 0xBC, 0xFE, 0xBC, 0xFE, 0xBC,
  0xFE, 0xBC, 0xFE, 0xBC, 0xFE, 0xBC, 0xFE, 0xBC, 0xFE, 0xBC, 0xFE, 0xBC, 0xFE, 0xBC, 0xFE, 0xBC,
  0xFE, 0x9C, 0xFE, 0x9C, 0xFE, 0x7B, 0xFE, 0x5B, 0xF6, 0x19, 0xE5, 0x77, 0xD5, 0x15, 0xCC, 0x94,
  0xBC, 0x32, 0xA3, 0xD0, 0x8B, 0x2E, 0x62, 0x6B, 0x4A, 0x2A, 0x42, 0x0A, 0x39, 0xE9, 0x39, 0xE8,
  0x31, 0xC8, 0x39, 0xC8, 0x31, 0xA9, 0x31, 0xA9, 0x31, 0xA9, 0x31, 0xA9, 0x31, 0x88, 0x29, 0x68,
  0x21, 0x68, 0x29, 0x47, 0x21, 0x47, 0x19, 0x46, 0x21, 0x25, 0x21, 0x26, 0x21, 0x26, 0x19, 0x26,
  0x21, 0x45, 0x29, 0x46, 0x29, 0x47, 0x29, 0x48, 0x29, 0x68, 0x29, 0x68, 0x29, 0x69, 0x29, 0x69,
  0x29, 0x89, 0x29, 0x89, 0x29, 0x89, 0x29, 0x89, 0x29, 0x89, 0x29, 0x89, 0x29, 0x89, 0x29, 0x89,
  0x29, 0x89, 0x29, 0x89, 0x29, 0x89, 0x29, 0x89, 0x29, 0x69, 0x29, 0x89, 0x29, 0x89, 0x21, 0x88,
  0x29, 0xA9, 0x31, 0x8A, 0x31, 0xAA, 0x31, 0xCA, 0x31, 0xC9, 0x29, 0xEA, 0x32, 0x0A, 0x3A, 0x2B,
  0x42, 0x6C, 0x4A, 0xAD, 0x4B, 0x0E, 0x5B, 0xB0, 0x6C, 0x73, 0x6C, 0xB3, 0x74, 0xF4, 0x75, 0x15,
  0x75, 0x35, 0x75, 0x55, 0x6D, 0x56, 0x6D, 0x56, 0x6D, 0x56, 0x6D, 0x56, 0x75, 0x56, 0x75, 0x56,
  0x75, 0x56, 0x75, 0x56, 0x75, 0x56, 0x75, 0x56, 0x75, 0x56, 0x75, 0x56, 0x75, 0x56, 0x75, 0x56,
  0xF7, 0xDF, 0xF7, 0xDF, 0xF7, 0xDF, 0xF7, 0xDF, 0xEF, 0xBF, 0xEF, 0xBF, 0xEF, 0xBF, 0xEF, 0xBF,
  0xEF, 0xBF, 0xEF, 0xBF, 0xEF, 0xBF, 0xEF, 0xBF, 0xE7, 0xBF, 0xEF, 0xDF, 0xF7, 0xDF, 0xF7, 0xDF,
  0xF7, 0xDF, 0xF7, 0xDF, 0xEF, 0xDF, 0xF7, 0xDF, 0xFF, 0xFF, 0xFF, 0xFF, 0xFF, 0xFF, 0xFF, 0xFF,
  0xFF, 0xFF, 0xFF, 0xFF, 0xFF, 0xFF, 0xFF, 0xDF, 0xF7, 0xBE, 0xEF, 0x7D, 0xDF, 0x1C, 0xCE, 0x9A,
  0x94, 0xD5, 0x73, 0xD1, 0x63, 0x2F, 0x52, 0xAD, 0x42, 0x6C, 0x3A, 0x2B, 0x3A, 0x0B, 0x39, 0xEA,
  0x31, 0xCA, 0x29, 0xA9, 0x29, 0xA9, 0x29, 0x89, 0x29, 0x88, 0x29, 0x88, 0x29, 0x88, 0x29, 0x88,
  0x29, 0x68, 0x29, 0x68, 0x29, 0x68, 0x29, 0x68, 0x29, 0x68, 0x29, 0x68, 0x29, 0x68, 0x29, 0x68,
  0x29, 0x68, 0x29, 0x68, 0x29, 0x68, 0x29, 0x68, 0x29, 0x68, 0x29, 0x68, 0x29, 0x68, 0x29, 0x68,
  0x29, 0x47, 0x29, 0x47, 0x29, 0x47, 0x29, 0x47, 0x29, 0x47, 0x29, 0x47, 0x29, 0x47, 0x29, 0x47,
  0x29, 0x47, 0x29, 0x47, 0x21, 0x47, 0x21, 0x47, 0x21, 0x26, 0x21, 0x25, 0x21, 0x25, 0x21, 0x05,
  0x21, 0x05, 0x21, 0x04, 0x21, 0x04, 0x21, 0x05, 0x21, 0x05, 0x21, 0x05, 0x21, 0x05, 0x21, 0x25,
  0x21, 0x25, 0x21, 0x25, 0x21, 0x24, 0x21, 0x24, 0x21, 0x25, 0x21, 0x25, 0x21, 0x25, 0x21, 0x25,
  0x21, 0x25, 0x21, 0x25, 0x21, 0x25, 0x21, 0x25, 0x21, 0x25, 0x19, 0x25, 0x21, 0x25, 0x21, 0x25,
  0x21, 0x25, 0x29, 0x46, 0x21, 0x46, 0x29, 0x66, 0x29, 0x87, 0x31, 0x87, 0x29, 0x87, 0x31, 0xA8,
  0x31, 0xA9, 0x39, 0xC9, 0x39, 0xC9, 0x41, 0xEA, 0x42, 0x2A, 0x4A, 0x6B, 0x5A, 0xCD, 0x7B, 0x70,
  0xBC, 0xD5, 0xDD, 0x98, 0xED, 0xF9, 0xF6, 0x5A, 0xF6, 0x7B, 0xFE, 0x7B, 0xFE, 0x9C, 0xFE, 0xBC,
  0xFE, 0xBC, 0xFE, 0xBC, 0xFE, 0xBC, 0xFE, 0x9B, 0xFE, 0x9B, 0xFE, 0x9B, 0xEE, 0x19, 0xF6, 0x3A,
  0xFE, 0x9B, 0xFE, 0x9A, 0xFE, 0x9B, 0xFE, 0xBC, 0xFE, 0xBC, 0xFE, 0xBC, 0xFE, 0xBC, 0xFE, 0xBC,
  0xFE, 0xBC, 0xFE, 0xBC, 0xFE, 0xBC, 0xFE, 0xBC, 0xFE, 0xBC, 0xFE, 0xBC, 0xFE, 0xBC, 0xFE, 0xBC,
  0xFE, 0x9C, 0xFE, 0x9C, 0xFE, 0x7B, 0xFE, 0x5B, 0xF6, 0x19, 0xE5, 0x77, 0xD4, 0xF5, 0xCC, 0x94,
  0xB4, 0x32, 0x9B, 0xB0, 0x7A, 0xED, 0x52, 0x4A, 0x4A, 0x09, 0x42, 0x0A, 0x39, 0xE9, 0x39, 0xE9,
  0x39, 0xC8, 0x31, 0xC8, 0x39, 0xC9, 0x31, 0xA9, 0x29, 0xA9, 0x31, 0xA9, 0x31, 0xA8, 0x29, 0x87,
  0x21, 0x68, 0x29, 0x47, 0x21, 0x47, 0x21, 0x46, 0x21, 0x26, 0x21, 0x25, 0x19, 0x26, 0x21, 0x25,
  0x21, 0x46, 0x29, 0x47, 0x29, 0x47, 0x29, 0x47, 0x29, 0x68, 0x29, 0x68, 0x29, 0x69, 0x29, 0x69,
  0x29, 0x89, 0x29, 0x89, 0x29, 0x89, 0x29, 0x89, 0x29, 0x89, 0x29, 0x89, 0x29, 0x89, 0x29, 0x89,
  0x29, 0x89, 0x29, 0x89, 0x29, 0x89, 0x29, 0x89, 0x29, 0x69, 0x29, 0x88, 0x21, 0x89, 0x29, 0xA9,
  0x29, 0xA9, 0x31, 0xAA, 0x31, 0xAA, 0x31, 0xC9, 0x31, 0xCA, 0x31, 0xEA, 0x32, 0x2B, 0x3A, 0x4C,
  0x42, 0x8C, 0x4A, 0xAD, 0x53, 0x0E, 0x5B, 0xB0, 0x6C, 0x73, 0x6C, 0xB3, 0x74, 0xF4, 0x75, 0x15,
  0x6D, 0x34, 0x75, 0x55, 0x75, 0x56, 0x75, 0x56, 0x75, 0x56, 0x75, 0x56, 0x75, 0x56, 0x75, 0x56,
  0x75, 0x56, 0x75, 0x56, 0x75, 0x56, 0x75, 0x56, 0x75, 0x56, 0x75, 0x56, 0x75, 0x56, 0x75, 0x56
};

const lv_img_dsc_t imgRpmFlash3 = {
  .header.cf = LV_IMG_CF_TRUE_COLOR,
  .header.always_zero = 0,
  .header.reserved = 0,
  .header.w = 240,
  .header.h = 240,
  .data_size = sizeof(imgRpmFlash3_data),
  .data = imgRpmFlash3_data,
};

#endif /* CONFIG_OBD_UI_RENDER_RES == 240 */
