// Auto-generated by gen_fonts.py — do not edit (source: fonts/Conthrax-SemiBold.otf)
// master px:88  sha256:625c8da7e5e1937a  template:v2  target render res: 240 (size 29)
#ifndef CONFIG_OBD_UI_RENDER_RES
#define CONFIG_OBD_UI_RENDER_RES 360   /* simulator / unit tests */
#endif
#if CONFIG_OBD_UI_RENDER_RES == 240

#ifdef __has_include
    #if __has_include("lvgl.h")
        #ifndef LV_LVGL_H_INCLUDE_SIMPLE
            #define LV_LVGL_H_INCLUDE_SIMPLE
        #endif
    #endif
#endif

#ifdef LV_LVGL_H_INCLUDE_SIMPLE
#include "lvgl.h"
#else
#include "lvgl/lvgl.h"
#endif

#ifndef UI_FONT_FONTTYPODERSIZE44
#define UI_FONT_FONTTYPODERSIZE44 1
#endif

#if UI_FONT_FONTTYPODERSIZE44

/*-----------------
 *    BITMAPS
 *----------------*/

/*Store the image of the glyphs*/
static LV_ATTRIBUTE_LARGE_CONST const uint8_t glyph_bitmap[] = {
    /* U+0020 " " */

    /* U+0021 "!" */
    0x4f, 0xff, 0xf1, 0x5f, 0xff, 0xf1, 0x4f, 0xff,
    0xf0, 0x3f, 0xff, 0xf0, 0x2f, 0xff, 0xe0, 0x1f,
    0xff, 0xd0, 0xf, 0xff, 0xc0, 0xf, 0xff, 0xb0,
    0xf, 0xff, 0xa0, 0xe, 0xff, 0x90, 0xd, 0xff,
    0x80, 0xc, 0xff, 0x70, 0xb, 0xff, 0x60, 0xa,
    0xff, 0x50, 0x2, 0x66, 0x10, 0x0, 0x0, 0x0,
    0x0, 0x0, 0x0, 0x0, 0x11, 0x0, 0x2f, 0xff,
    0xd0, 0x3f, 0xff, 0xe0, 0x3f, 0xff, 0xe0, 0x2f,
    0xff, 0xd0,

    /* U+0022 "\"" */
    0x1f, 0xff, 0xe0, 0xb, 0xff, 0xf4, 0x1f, 0xff,
    0xf0, 0xb, 0xff, 0xf5, 0xf, 0xff, 0xe0, 0xa,
    0xff, 0xf4, 0xe, 0xff, 0xc0, 0x8, 0xff, 0xf2,
    0xd, 0xff, 0xb0, 0x7, 0xff, 0xf1, 0xc, 0xff,
    0x90, 0x6, 0xff, 0xf0, 0xa, 0xff, 0x80, 0x4,
    0xff, 0xe0, 0x9, 0xff, 0x70, 0x3, 0xff, 0xd0,
    0x7, 0xff, 0x40, 0x1, 0xff, 0xb0, 0x0, 0x11,
    0x0, 0x0, 0x1, 0x0,

    /* U+0023 "#" */
    0x0, 0x0, 0xc, 0xfe, 0x0, 0x0, 0x0, 0x2f,
    0xf8, 0x0, 0x0, 0x0, 0x0, 0x0, 0xdf, 0xf0,
    0x0, 0x0, 0x2, 0xff, 0x90, 0x0, 0x0, 0x0,
    0x0, 0xd, 0xff, 0x0, 0x0, 0x0, 0x2f, 0xf9,
    0x0, 0x0, 0x0, 0x0, 0x0, 0xdf, 0xf0, 0x0,
    0x0, 0x2, 0xff, 0x90, 0x0, 0x0, 0x3f, 0xff,
    0xff, 0xff, 0xff, 0xff, 0xff, 0xff, 0xff, 0xff,
    0xff, 0x4, 0xff, 0xff, 0xff, 0xff, 0xff, 0xff,
    0xff, 0xff, 0xff, 0xff, 0xf0, 0x2c, 0xcc, 0xcf,
    0xff, 0xcc, 0xcc, 0xcc, 0xdf, 0xfe, 0xcc, 0xcb,
    0x0, 0x0, 0x0, 0xdf, 0xf0, 0x0, 0x0, 0x2,
    0xff, 0x90, 0x0, 0x0, 0x0, 0x0, 0xd, 0xff,
    0x0, 0x0, 0x0, 0x2f, 0xf9, 0x0, 0x0, 0x0,
    0x0, 0x0, 0xdf, 0xf0, 0x0, 0x0, 0x2, 0xff,
    0x90, 0x0, 0x0, 0x0, 0x0, 0xd, 0xff, 0x0,
    0x0, 0x0, 0x2f, 0xf9, 0x0, 0x0, 0x0, 0x0,
    0x0, 0xdf, 0xf0, 0x0, 0x0, 0x2, 0xff, 0x90,
    0x0, 0x0, 0x2c, 0xcc, 0xcf, 0xff, 0xcc, 0xcc,
    0xcc, 0xdf, 0xfe, 0xcc, 0xcb, 0x4, 0xff, 0xff,
    0xff, 0xff, 0xff, 0xff, 0xff, 0xff, 0xff, 0xff,
    0xf0, 0x3f, 0xff, 0xff, 0xff, 0xff, 0xff, 0xff,
    0xff, 0xff, 0xff, 0xff, 0x0, 0x0, 0x0, 0xdf,
    0xf0, 0x0, 0x0, 0x2, 0xff, 0x90, 0x0, 0x0,
    0x0, 0x0, 0xd, 0xff, 0x0, 0x0, 0x0, 0x2f,
    0xf9, 0x0, 0x0, 0x0, 0x0, 0x0, 0xdf, 0xf0,
    0x0, 0x0, 0x2, 0xff, 0x90, 0x0, 0x0, 0x0,
    0x0, 0xd, 0xff, 0x0, 0x0, 0x0, 0x2f, 0xf9,
    0x0, 0x0, 0x0, 0x0, 0x0, 0xcf, 0xe0, 0x0,
    0x0, 0x1, 0xff, 0x80, 0x0, 0x0,

    /* U+0024 "$" */
    0x0, 0x0, 0x0, 0x0, 0x3, 0xff, 0x30, 0x0,
    0x0, 0x0, 0x0, 0x0, 0x0, 0x0, 0x0, 0x4,
    0xff, 0x40, 0x0, 0x0, 0x0, 0x0, 0x0, 0x0,
    0x0, 0x0, 0x4, 0xff, 0x40, 0x0, 0x0, 0x0,
    0x0, 0x0, 0x3b, 0xef, 0xff, 0xff, 0xff, 0xff,
    0xff, 0xff, 0xff, 0x70, 0x5, 0xff, 0xff, 0xff,
    0xff, 0xff, 0xff, 0xff, 0xff, 0xff, 0x80, 0xd,
    0xff, 0xff, 0xff, 0xff, 0xff, 0xff, 0xff, 0xff,
    0xff, 0x80, 0x1f, 0xff, 0xff, 0xed, 0xde, 0xff,
    0xed, 0xdd, 0xdd, 0xdd, 0x60, 0x3f, 0xff, 0xf2,
    0x0, 0x4, 0xff, 0x40, 0x0, 0x0, 0x0, 0x0,
    0x3f, 0xff, 0xe0, 0x0, 0x4, 0xff, 0x40, 0x0,
    0x0, 0x0, 0x0, 0x1f, 0xff, 0xf3, 0x0, 0x4,
    0xff, 0x40, 0x0, 0x0, 0x0, 0x0, 0xf, 0xff,
    0xff, 0xff, 0xff, 0xff, 0xff, 0xff, 0xfd, 0xb3,
    0x0, 0x9, 0xff, 0xff, 0xff, 0xff, 0xff, 0xff,
    0xff, 0xff, 0xff, 0x40, 0x1, 0xcf, 0xff, 0xff,
    0xff, 0xff, 0xff, 0xff, 0xff, 0xff, 0xc0, 0x0,
    0x4, 0x79, 0x99, 0x9b, 0xff, 0xb9, 0x99, 0xcf,
    0xff, 0xf0, 0x0, 0x0, 0x0, 0x0, 0x4, 0xff,
    0x40, 0x0, 0xf, 0xff, 0xf2, 0x0, 0x0, 0x0,
    0x0, 0x4, 0xff, 0x40, 0x0, 0xe, 0xff, 0xf3,
    0x0, 0x0, 0x0, 0x0, 0x4, 0xff, 0x40, 0x0,
    0x2f, 0xff, 0xf3, 0x1d, 0xdd, 0xdd, 0xdd, 0xde,
    0xff, 0xed, 0xde, 0xff, 0xff, 0xf1, 0x3f, 0xff,
    0xff, 0xff, 0xff, 0xff, 0xff, 0xff, 0xff, 0xff,
    0xd0, 0x3f, 0xff, 0xff, 0xff, 0xff, 0xff, 0xff,
    0xff, 0xff, 0xff, 0x40, 0x2f, 0xff, 0xff, 0xff,
    0xff, 0xff, 0xff, 0xff, 0xfe, 0xb3, 0x0, 0x0,
    0x0, 0x0, 0x0, 0x4, 0xff, 0x40, 0x0, 0x0,
    0x0, 0x0, 0x0, 0x0, 0x0, 0x0, 0x4, 0xff,
    0x40, 0x0, 0x0, 0x0, 0x0, 0x0, 0x0, 0x0,
    0x0, 0x3, 0xee, 0x30, 0x0, 0x0, 0x0, 0x0,

    /* U+0025 "%" */
    0x0, 0x7d, 0xef, 0xff, 0xfe, 0xc7, 0x0, 0x0,
    0x0, 0x0, 0x2, 0xef, 0xb0, 0x0, 0x0, 0x0,
    0x9f, 0xff, 0xff, 0xff, 0xff, 0xf9, 0x0, 0x0,
    0x0, 0x1, 0xdf, 0xe1, 0x0, 0x0, 0x0, 0x1f,
    0xfe, 0x75, 0x55, 0x56, 0xef, 0xf1, 0x0, 0x0,
    0x0, 0xcf, 0xf3, 0x0, 0x0, 0x0, 0x3, 0xff,
    0x60, 0x0, 0x0, 0x5, 0xff, 0x30, 0x0, 0x0,
    0x9f, 0xf5, 0x0, 0x0, 0x0, 0x0, 0x4f, 0xf4,
    0x0, 0x0, 0x0, 0x4f, 0xf4, 0x0, 0x0, 0x6f,
    0xf8, 0x0, 0x0, 0x0, 0x0, 0x4, 0xff, 0x40,
    0x0, 0x0, 0x3, 0xff, 0x40, 0x0, 0x3f, 0xfb,
    0x0, 0x0, 0x0, 0x0, 0x0, 0x4f, 0xf4, 0x0,
    0x0, 0x0, 0x4f, 0xf4, 0x0, 0x1e, 0xfd, 0x0,
    0x0, 0x0, 0x0, 0x0, 0x3, 0xff, 0x60, 0x0,
    0x0, 0x5, 0xff, 0x30, 0xc, 0xfe, 0x20, 0x0,
    0x0, 0x0, 0x0, 0x0, 0x1f, 0xfe, 0x65, 0x55,
    0x56, 0xdf, 0xf1, 0xa, 0xff, 0x40, 0x13, 0x55,
    0x55, 0x42, 0x0, 0x0, 0x9f, 0xff, 0xff, 0xff,
    0xff, 0xf9, 0x7, 0xff, 0x71, 0xbf, 0xff, 0xff,
    0xff, 0xfc, 0x30, 0x0, 0x7d, 0xef, 0xff, 0xfe,
    0xd7, 0x4, 0xff, 0xa0, 0xbf, 0xff, 0xff, 0xff,
    0xff, 0xfd, 0x0, 0x0, 0x0, 0x0, 0x0, 0x0,
    0x2, 0xff, 0xc0, 0xf, 0xfc, 0x20, 0x0, 0x1,
    0xaf, 0xf3, 0x0, 0x0, 0x0, 0x0, 0x0, 0x1,
    0xdf, 0xe1, 0x2, 0xff, 0x60, 0x0, 0x0, 0x3,
    0xff, 0x50, 0x0, 0x0, 0x0, 0x0, 0x0, 0xbf,
    0xf3, 0x0, 0x3f, 0xf5, 0x0, 0x0, 0x0, 0x2f,
    0xf5, 0x0, 0x0, 0x0, 0x0, 0x0, 0x9f, 0xf5,
    0x0, 0x3, 0xff, 0x50, 0x0, 0x0, 0x2, 0xff,
    0x50, 0x0, 0x0, 0x0, 0x0, 0x6f, 0xf8, 0x0,
    0x0, 0x3f, 0xf5, 0x0, 0x0, 0x0, 0x2f, 0xf5,
    0x0, 0x0, 0x0, 0x0, 0x3f, 0xfb, 0x0, 0x0,
    0x1, 0xff, 0x70, 0x0, 0x0, 0x4, 0xff, 0x40,
    0x0, 0x0, 0x0, 0x1e, 0xfd, 0x10, 0x0, 0x0,
    0xf, 0xfe, 0x75, 0x55, 0x56, 0xdf, 0xf2, 0x0,
    0x0, 0x0, 0xc, 0xff, 0x20, 0x0, 0x0, 0x0,
    0x7f, 0xff, 0xff, 0xff, 0xff, 0xfa, 0x0, 0x0,
    0x0, 0x8, 0xfe, 0x40, 0x0, 0x0, 0x0, 0x0,
    0x6c, 0xef, 0xff, 0xfe, 0xd7, 0x0,

    /* U+0026 "&" */
    0x0, 0x0, 0x6b, 0xcc, 0xcc, 0xcc, 0xcb, 0x70,
    0x0, 0x0, 0x0, 0x0, 0x0, 0x0, 0x7f, 0xff,
    0xff, 0xff, 0xff, 0xff, 0x90, 0x0, 0x0, 0x0,
    0x0, 0x0, 0xd, 0xff, 0xff, 0xff, 0xff, 0xff,
    0xff, 0x0, 0x0, 0x0, 0x0, 0x0, 0x0, 0xff,
    0xff, 0xff, 0xff, 0xff, 0xff, 0xf1, 0x0, 0x0,
    0x0, 0x0, 0x0, 0xf, 0xff, 0xf5, 0x0, 0x2,
    0xff, 0xff, 0x10, 0x0, 0x0, 0x0, 0x0, 0x0,
    0xff, 0xff, 0x20, 0x0, 0xe, 0xff, 0xf1, 0x0,
    0x0, 0x0, 0x0, 0x0, 0xe, 0xff, 0xf5, 0x0,
    0x0, 0xff, 0xff, 0x0, 0x0, 0x0, 0x0, 0x0,
    0x0, 0xbf, 0xff, 0xe2, 0x0, 0x9f, 0xff, 0xf0,
    0x0, 0x0, 0x0, 0x0, 0x0, 0x4, 0xff, 0xff,
    0xe7, 0xef, 0xff, 0xfa, 0x0, 0x0, 0x0, 0x0,
    0x0, 0x0, 0x8, 0xff, 0xff, 0xff, 0xff, 0xfe,
    0x20, 0x0, 0x33, 0x32, 0x0, 0x0, 0x0, 0xa,
    0xff, 0xff, 0xff, 0xfb, 0x10, 0x1, 0xef, 0xff,
    0xe0, 0x0, 0x0, 0x2b, 0xff, 0xff, 0xff, 0xf8,
    0x0, 0x0, 0xcf, 0xff, 0xf3, 0x0, 0x0, 0x9f,
    0xff, 0xff, 0xff, 0xff, 0xf5, 0x0, 0xbf, 0xff,
    0xf5, 0x0, 0x0, 0xbf, 0xff, 0xff, 0xd8, 0xff,
    0xff, 0xf6, 0x8f, 0xff, 0xf7, 0x0, 0x0, 0x4f,
    0xff, 0xfe, 0x60, 0x5, 0xff, 0xff, 0xff, 0xff,
    0xfa, 0x0, 0x0, 0xa, 0xff, 0xfe, 0x10, 0x0,
    0x4, 0xff, 0xff, 0xff, 0xfc, 0x0, 0x0, 0x0,
    0xcf, 0xff, 0x90, 0x0, 0x0, 0x3, 0xff, 0xff,
    0xff, 0x10, 0x0, 0x0, 0xc, 0xff, 0xf7, 0x0,
    0x0, 0x0, 0x1d, 0xff, 0xff, 0xfa, 0x0, 0x0,
    0x0, 0xcf, 0xff, 0xa0, 0x0, 0x0, 0x2d, 0xff,
    0xff, 0xff, 0xfb, 0x0, 0x0, 0xb, 0xff, 0xff,
    0xdc, 0xcd, 0xdf, 0xff, 0xff, 0xef, 0xff, 0xfc,
    0x10, 0x0, 0x8f, 0xff, 0xff, 0xff, 0xff, 0xff,
    0xff, 0xa1, 0xcf, 0xff, 0xfd, 0x10, 0x1, 0xff,
    0xff, 0xff, 0xff, 0xff, 0xff, 0xb0, 0x1, 0xcf,
    0xff, 0xfd, 0x20, 0x3, 0xbe, 0xff, 0xff, 0xff,
    0xfc, 0x70, 0x0, 0x0, 0xaf, 0xff, 0xfb, 0x0,

    /* U+0027 "'" */
    0x1f, 0xff, 0xe0, 0x1f, 0xff, 0xf0, 0xf, 0xff,
    0xe0, 0xe, 0xff, 0xc0, 0xd, 0xff, 0xb0, 0xc,
    0xff, 0x90, 0xa, 0xff, 0x80, 0x9, 0xff, 0x70,
    0x7, 0xff, 0x40, 0x0, 0x11, 0x0,

    /* U+0028 "(" */
    0x0, 0x0, 0x5, 0xab, 0xa0, 0x0, 0x4e, 0xff,
    0xff, 0x0, 0x2f, 0xff, 0xff, 0xe0, 0xb, 0xff,
    0xd5, 0x10, 0x2, 0xff, 0xe1, 0x0, 0x0, 0x7f,
    0xf7, 0x0, 0x0, 0xb, 0xff, 0x20, 0x0, 0x0,
    0xdf, 0xe0, 0x0, 0x0, 0xf, 0xfc, 0x0, 0x0,
    0x1, 0xff, 0xb0, 0x0, 0x0, 0x1f, 0xfa, 0x0,
    0x0, 0x2, 0xff, 0xa0, 0x0, 0x0, 0x2f, 0xfa,
    0x0, 0x0, 0x2, 0xff, 0xa0, 0x0, 0x0, 0x2f,
    0xfa, 0x0, 0x0, 0x2, 0xff, 0xa0, 0x0, 0x0,
    0x2f, 0xfa, 0x0, 0x0, 0x2, 0xff, 0xa0, 0x0,
    0x0, 0x2f, 0xfa, 0x0, 0x0, 0x2, 0xff, 0xa0,
    0x0, 0x0, 0x2f, 0xfa, 0x0, 0x0, 0x2, 0xff,
    0xa0, 0x0, 0x0, 0x1f, 0xfa, 0x0, 0x0, 0x1,
    0xff, 0xb0, 0x0, 0x0, 0xf, 0xfc, 0x0, 0x0,
    0x0, 0xef, 0xe0, 0x0, 0x0, 0xc, 0xff, 0x10,
    0x0, 0x0, 0x8f, 0xf5, 0x0, 0x0, 0x4, 0xff,
    0xc0, 0x0, 0x0, 0xd, 0xff, 0xa1, 0x0, 0x0,
    0x5f, 0xff, 0xfd, 0xa0, 0x0, 0x7f, 0xff, 0xff,
    0x0, 0x0, 0x39, 0xdf, 0xe0,

    /* U+0029 ")" */
    0x8b, 0xa6, 0x10, 0x0, 0xc, 0xff, 0xff, 0x50,
    0x0, 0xbf, 0xff, 0xff, 0x40, 0x0, 0x14, 0xbf,
    0xfd, 0x0, 0x0, 0x0, 0xdf, 0xf5, 0x0, 0x0,
    0x5, 0xff, 0x90, 0x0, 0x0, 0xf, 0xfd, 0x0,
    0x0, 0x0, 0xcf, 0xf0, 0x0, 0x0, 0xa, 0xff,
    0x20, 0x0, 0x0, 0x9f, 0xf3, 0x0, 0x0, 0x8,
    0xff, 0x30, 0x0, 0x0, 0x8f, 0xf4, 0x0, 0x0,
    0x7, 0xff, 0x40, 0x0, 0x0, 0x7f, 0xf4, 0x0,
    0x0, 0x7, 0xff, 0x40, 0x0, 0x0, 0x7f, 0xf4,
    0x0, 0x0, 0x7, 0xff, 0x40, 0x0, 0x0, 0x7f,
    0xf4, 0x0, 0x0, 0x7, 0xff, 0x40, 0x0, 0x0,
    0x7f, 0xf4, 0x0, 0x0, 0x7, 0xff, 0x40, 0x0,
    0x0, 0x8f, 0xf4, 0x0, 0x0, 0x8, 0xff, 0x30,
    0x0, 0x0, 0x8f, 0xf3, 0x0, 0x0, 0xa, 0xff,
    0x20, 0x0, 0x0, 0xcf, 0xf0, 0x0, 0x0, 0xf,
    0xfe, 0x0, 0x0, 0x3, 0xff, 0xa0, 0x0, 0x0,
    0xbf, 0xf6, 0x0, 0x0, 0x8f, 0xfe, 0x0, 0x8d,
    0xff, 0xff, 0x70, 0xc, 0xff, 0xff, 0x90, 0x0,
    0xbf, 0xea, 0x40, 0x0, 0x0,

    /* U+002A "*" */
    0x0, 0x0, 0x0, 0xd, 0xfb, 0x0, 0x0, 0x0,
    0x0, 0x0, 0x0, 0x0, 0xcf, 0xb0, 0x0, 0x0,
    0x0, 0x0, 0x0, 0x0, 0xb, 0xfa, 0x0, 0x0,
    0x0, 0x0, 0x0, 0x0, 0x0, 0xaf, 0x90, 0x0,
    0x0, 0x0, 0x6, 0x40, 0x0, 0x9, 0xf8, 0x0,
    0x0, 0x47, 0x2, 0xff, 0xd7, 0x10, 0x8f, 0x70,
    0x28, 0xef, 0xf0, 0x5f, 0xff, 0xff, 0xab, 0xfa,
    0xbf, 0xff, 0xff, 0x40, 0x26, 0xae, 0xff, 0xff,
    0xff, 0xfe, 0xa5, 0x10, 0x0, 0x0, 0x3, 0x9f,
    0xff, 0x82, 0x0, 0x0, 0x0, 0x0, 0x0, 0xc,
    0xfe, 0xfc, 0x0, 0x0, 0x0, 0x0, 0x0, 0xa,
    0xfe, 0x2e, 0xf9, 0x0, 0x0, 0x0, 0x0, 0x8,
    0xff, 0x40, 0x5f, 0xf6, 0x0, 0x0, 0x0, 0x5,
    0xff, 0xa0, 0x0, 0xbf, 0xf4, 0x0, 0x0, 0x1,
    0xff, 0xe1, 0x0, 0x2, 0xff, 0xe0, 0x0, 0x0,
    0x5, 0xf6, 0x0, 0x0, 0x7, 0xe4, 0x0, 0x0,
    0x0, 0x1, 0x0, 0x0, 0x0, 0x0, 0x0, 0x0,

    /* U+002B "+" */
    0x0, 0x0, 0x0, 0x26, 0x60, 0x0, 0x0, 0x0,
    0x0, 0x0, 0x0, 0x8f, 0xf4, 0x0, 0x0, 0x0,
    0x0, 0x0, 0x0, 0x8f, 0xf4, 0x0, 0x0, 0x0,
    0x0, 0x0, 0x0, 0x8f, 0xf4, 0x0, 0x0, 0x0,
    0x0, 0x0, 0x0, 0x8f, 0xf4, 0x0, 0x0, 0x0,
    0x0, 0x0, 0x0, 0x8f, 0xf4, 0x0, 0x0, 0x0,
    0x0, 0x0, 0x0, 0x8f, 0xf4, 0x0, 0x0, 0x0,
    0xbf, 0xff, 0xff, 0xff, 0xff, 0xff, 0xff, 0xf7,
    0xcf, 0xff, 0xff, 0xff, 0xff, 0xff, 0xff, 0xf8,
    0x8c, 0xcc, 0xcc, 0xef, 0xfd, 0xcc, 0xcc, 0xc6,
    0x0, 0x0, 0x0, 0x8f, 0xf4, 0x0, 0x0, 0x0,
    0x0, 0x0, 0x0, 0x8f, 0xf4, 0x0, 0x0, 0x0,
    0x0, 0x0, 0x0, 0x8f, 0xf4, 0x0, 0x0, 0x0,
    0x0, 0x0, 0x0, 0x8f, 0xf4, 0x0, 0x0, 0x0,
    0x0, 0x0, 0x0, 0x8f, 0xf4, 0x0, 0x0, 0x0,
    0x0, 0x0, 0x0, 0x7f, 0xf3, 0x0, 0x0, 0x0,

    /* U+002C "," */
    0x1, 0x11, 0x2, 0xff, 0xfe, 0x2f, 0xff, 0xe2,
    0xff, 0xfe, 0x1f, 0xff, 0xd0, 0x2f, 0xfa, 0x5,
    0xff, 0x60, 0x7f, 0xf2, 0xa, 0xfe, 0x0, 0xbf,
    0x80,

    /* U+002D "-" */
    0x2, 0x22, 0x22, 0x22, 0x22, 0x5, 0xff, 0xff,
    0xff, 0xff, 0xf6, 0x5f, 0xff, 0xff, 0xff, 0xff,
    0x64, 0xff, 0xff, 0xff, 0xff, 0xf5,

    /* U+002E "." */
    0x0, 0x11, 0x1, 0xff, 0xfe, 0x2f, 0xff, 0xe2,
    0xff, 0xfe, 0x1f, 0xff, 0xd0,

    /* U+002F "/" */
    0x0, 0x0, 0x0, 0x0, 0x2f, 0xfb, 0x0, 0x0,
    0x0, 0x0, 0x7f, 0xf7, 0x0, 0x0, 0x0, 0x0,
    0xcf, 0xf2, 0x0, 0x0, 0x0, 0x1, 0xff, 0xd0,
    0x0, 0x0, 0x0, 0x6, 0xff, 0x80, 0x0, 0x0,
    0x0, 0xb, 0xff, 0x30, 0x0, 0x0, 0x0, 0x1f,
    0xfd, 0x0, 0x0, 0x0, 0x0, 0x6f, 0xf8, 0x0,
    0x0, 0x0, 0x0, 0xbf, 0xf3, 0x0, 0x0, 0x0,
    0x0, 0xff, 0xe0, 0x0, 0x0, 0x0, 0x5, 0xff,
    0x90, 0x0, 0x0, 0x0, 0xa, 0xff, 0x40, 0x0,
    0x0, 0x0, 0xf, 0xfe, 0x0, 0x0, 0x0, 0x0,
    0x5f, 0xf9, 0x0, 0x0, 0x0, 0x0, 0xaf, 0xf4,
    0x0, 0x0, 0x0, 0x0, 0xff, 0xf0, 0x0, 0x0,
    0x0, 0x4, 0xff, 0xa0, 0x0, 0x0, 0x0, 0x9,
    0xff, 0x50, 0x0, 0x0, 0x0, 0xe, 0xff, 0x0,
    0x0, 0x0, 0x0, 0x4f, 0xfb, 0x0, 0x0, 0x0,
    0x0, 0x9f, 0xf5, 0x0, 0x0, 0x0, 0x0, 0xef,
    0xf1, 0x0, 0x0, 0x0, 0x3, 0xff, 0xb0, 0x0,
    0x0, 0x0, 0x8, 0xff, 0x60, 0x0, 0x0, 0x0,
    0xd, 0xff, 0x10, 0x0, 0x0, 0x0, 0x3f, 0xfc,
    0x0, 0x0, 0x0, 0x0, 0x8f, 0xf7, 0x0, 0x0,
    0x0, 0x0, 0xcf, 0xf1, 0x0, 0x0, 0x0, 0x0,

    /* U+0030 "0" */
    0x0, 0x0, 0x5a, 0xde, 0xff, 0xff, 0xff, 0xff,
    0xfe, 0xb7, 0x10, 0x0, 0x0, 0x3d, 0xff, 0xff,
    0xff, 0xff, 0xff, 0xff, 0xff, 0xff, 0xf7, 0x0,
    0x1, 0xef, 0xff, 0xff, 0xff, 0xff, 0xff, 0xff,
    0xff, 0xff, 0xff, 0x60, 0x9, 0xff, 0xff, 0xff,
    0xff, 0xff, 0xff, 0xff, 0xff, 0xff, 0xff, 0xe0,
    0xe, 0xff, 0xff, 0x72, 0x10, 0x0, 0x0, 0x0,
    0x25, 0xdf, 0xff, 0xf4, 0x2f, 0xff, 0xf7, 0x0,
    0x0, 0x0, 0x0, 0x0, 0x0, 0x2f, 0xff, 0xf7,
    0x3f, 0xff, 0xf2, 0x0, 0x0, 0x0, 0x0, 0x0,
    0x0, 0xd, 0xff, 0xf8, 0x4f, 0xff, 0xf1, 0x0,
    0x0, 0x0, 0x0, 0x0, 0x0, 0xc, 0xff, 0xf9,
    0x4f, 0xff, 0xf0, 0x0, 0x0, 0x0, 0x0, 0x0,
    0x0, 0xb, 0xff, 0xf9, 0x4f, 0xff, 0xf0, 0x0,
    0x0, 0x0, 0x0, 0x0, 0x0, 0xb, 0xff, 0xf9,
    0x4f, 0xff, 0xf0, 0x0, 0x0, 0x0, 0x0, 0x0,
    0x0, 0xb, 0xff, 0xf9, 0x4f, 0xff, 0xf0, 0x0,
    0x0, 0x0, 0x0, 0x0, 0x0, 0xb, 0xff, 0xf9,
    0x4f, 0xff, 0xf1, 0x0, 0x0, 0x0, 0x0, 0x0,
    0x0, 0xc, 0xff, 0xf9, 0x3f, 0xff, 0xf2, 0x0,
    0x0, 0x0, 0x0, 0x0, 0x0, 0xd, 0xff, 0xf9,
    0x2f, 0xff, 0xf7, 0x0, 0x0, 0x0, 0x0, 0x0,
    0x0, 0x2f, 0xff, 0xf7, 0xe, 0xff, 0xff, 0x72,
    0x0, 0x0, 0x0, 0x0, 0x14, 0xdf, 0xff, 0xf4,
    0x9, 0xff, 0xff, 0xff, 0xff, 0xff, 0xff, 0xff,
    0xff, 0xff, 0xff, 0xe0, 0x2, 0xef, 0xff, 0xff,
    0xff, 0xff, 0xff, 0xff, 0xff, 0xff, 0xff, 0x60,
    0x0, 0x3e, 0xff, 0xff, 0xff, 0xff, 0xff, 0xff,
    0xff, 0xff, 0xf7, 0x0, 0x0, 0x0, 0x6a, 0xde,
    0xff, 0xff, 0xff, 0xff, 0xfe, 0xb7, 0x10, 0x0,

    /* U+0031 "1" */
    0x3f, 0xff, 0xff, 0xc2, 0x5f, 0xff, 0xff, 0xfb,
    0x5f, 0xff, 0xff, 0xfe, 0x4f, 0xff, 0xff, 0xfe,
    0x0, 0x9, 0xff, 0xfe, 0x0, 0x7, 0xff, 0xfe,
    0x0, 0x7, 0xff, 0xfe, 0x0, 0x7, 0xff, 0xfe,
    0x0, 0x7, 0xff, 0xfe, 0x0, 0x7, 0xff, 0xfe,
    0x0, 0x7, 0xff, 0xfe, 0x0, 0x7, 0xff, 0xfe,
    0x0, 0x7, 0xff, 0xfe, 0x0, 0x7, 0xff, 0xfe,
    0x0, 0x7, 0xff, 0xfe, 0x0, 0x7, 0xff, 0xfe,
    0x0, 0x7, 0xff, 0xfe, 0x0, 0x7, 0xff, 0xfe,
    0x0, 0x7, 0xff, 0xfe, 0x0, 0x6, 0xff, 0xfc,

    /* U+0032 "2" */
    0x8, 0xff, 0xff, 0xff, 0xff, 0xff, 0xff, 0xff,
    0xff, 0xda, 0x20, 0x0, 0xaf, 0xff, 0xff, 0xff,
    0xff, 0xff, 0xff, 0xff, 0xff, 0xff, 0x50, 0xa,
    0xff, 0xff, 0xff, 0xff, 0xff, 0xff, 0xff, 0xff,
    0xff, 0xfe, 0x10, 0x9f, 0xff, 0xff, 0xff, 0xff,
    0xff, 0xff, 0xff, 0xff, 0xff, 0xf4, 0x0, 0x0,
    0x0, 0x0, 0x0, 0x0, 0x0, 0x0, 0x6, 0xff,
    0xff, 0x70, 0x0, 0x0, 0x0, 0x0, 0x0, 0x0,
    0x0, 0x0, 0xe, 0xff, 0xf7, 0x0, 0x0, 0x0,
    0x0, 0x0, 0x0, 0x0, 0x0, 0x0, 0xef, 0xff,
    0x70, 0x0, 0x0, 0x0, 0x0, 0x0, 0x0, 0x0,
    0x0, 0x5f, 0xff, 0xf5, 0x0, 0x19, 0xcf, 0xff,
    0xff, 0xff, 0xff, 0xff, 0xff, 0xff, 0xff, 0x30,
    0x2e, 0xff, 0xff, 0xff, 0xff, 0xff, 0xff, 0xff,
    0xff, 0xff, 0xb0, 0xc, 0xff, 0xff, 0xff, 0xff,
    0xff, 0xff, 0xff, 0xff, 0xff, 0xd2, 0x2, 0xff,
    0xff, 0xfc, 0xcc, 0xcc, 0xcc, 0xcc, 0xcc, 0xb9,
    0x60, 0x0, 0x4f, 0xff, 0xf4, 0x0, 0x0, 0x0,
    0x0, 0x0, 0x0, 0x0, 0x0, 0x5, 0xff, 0xff,
    0x0, 0x0, 0x0, 0x0, 0x0, 0x0, 0x0, 0x0,
    0x0, 0x5f, 0xff, 0xf0, 0x0, 0x0, 0x0, 0x0,
    0x0, 0x0, 0x0, 0x0, 0x5, 0xff, 0xff, 0x10,
    0x0, 0x0, 0x0, 0x0, 0x0, 0x0, 0x0, 0x0,
    0x5f, 0xff, 0xff, 0xff, 0xff, 0xff, 0xff, 0xff,
    0xff, 0xff, 0xff, 0x65, 0xff, 0xff, 0xff, 0xff,
    0xff, 0xff, 0xff, 0xff, 0xff, 0xff, 0xf7, 0x3f,
    0xff, 0xff, 0xff, 0xff, 0xff, 0xff, 0xff, 0xff,
    0xff, 0xff, 0x70, 0x8e, 0xff, 0xff, 0xff, 0xff,
    0xff, 0xff, 0xff, 0xff, 0xff, 0xf5,

    /* U+0033 "3" */
    0x7f, 0xff, 0xff, 0xff, 0xff, 0xff, 0xff, 0xff,
    0xfd, 0xb4, 0x0, 0x8f, 0xff, 0xff, 0xff, 0xff,
    0xff, 0xff, 0xff, 0xff, 0xff, 0x80, 0x8f, 0xff,
    0xff, 0xff, 0xff, 0xff, 0xff, 0xff, 0xff, 0xff,
    0xf3, 0x7f, 0xff, 0xff, 0xff, 0xff, 0xff, 0xff,
    0xff, 0xff, 0xff, 0xf7, 0x0, 0x0, 0x0, 0x0,
    0x0, 0x0, 0x0, 0x0, 0x4f, 0xff, 0xf9, 0x0,
    0x0, 0x0, 0x0, 0x0, 0x0, 0x0, 0x0, 0xa,
    0xff, 0xf9, 0x0, 0x0, 0x0, 0x0, 0x0, 0x0,
    0x0, 0x0, 0xa, 0xff, 0xf8, 0x0, 0x0, 0x0,
    0x0, 0x0, 0x0, 0x0, 0x0, 0x3e, 0xff, 0xf5,
    0x4f, 0xff, 0xff, 0xff, 0xff, 0xff, 0xff, 0xff,
    0xff, 0xff, 0xd0, 0x5f, 0xff, 0xff, 0xff, 0xff,
    0xff, 0xff, 0xff, 0xff, 0xff, 0x20, 0x5f, 0xff,
    0xff, 0xff, 0xff, 0xff, 0xff, 0xff, 0xff, 0xff,
    0xa0, 0x3c, 0xcc, 0xcc, 0xcc, 0xcc, 0xcc, 0xcc,
    0xcc, 0xff, 0xff, 0xf5, 0x0, 0x0, 0x0, 0x0,
    0x0, 0x0, 0x0, 0x0, 0xd, 0xff, 0xf9, 0x0,
    0x0, 0x0, 0x0, 0x0, 0x0, 0x0, 0x0, 0x9,
    0xff, 0xfc, 0x0, 0x0, 0x0, 0x0, 0x0, 0x0,
    0x0, 0x0, 0xa, 0xff, 0xfc, 0x0, 0x0, 0x0,
    0x0, 0x0, 0x0, 0x0, 0x0, 0x3e, 0xff, 0xfb,
    0x7f, 0xff, 0xff, 0xff, 0xff, 0xff, 0xff, 0xff,
    0xff, 0xff, 0xf8, 0x8f, 0xff, 0xff, 0xff, 0xff,
    0xff, 0xff, 0xff, 0xff, 0xff, 0xf4, 0x8f, 0xff,
    0xff, 0xff, 0xff, 0xff, 0xff, 0xff, 0xff, 0xff,
    0xa0, 0x7f, 0xff, 0xff, 0xff, 0xff, 0xff, 0xff,
    0xff, 0xfe, 0xb5, 0x0,

    /* U+0034 "4" */
    0x0, 0x0, 0x0, 0x0, 0x0, 0x0, 0x0, 0x6d,
    0xff, 0xfe, 0x90, 0x0, 0x0, 0x0, 0x0, 0x0,
    0x0, 0x0, 0x3, 0xdf, 0xff, 0xff, 0xff, 0x40,
    0x0, 0x0, 0x0, 0x0, 0x0, 0x0, 0x8, 0xff,
    0xff, 0xff, 0xff, 0xf6, 0x0, 0x0, 0x0, 0x0,
    0x0, 0x0, 0x3d, 0xff, 0xff, 0xff, 0xff, 0xff,
    0x70, 0x0, 0x0, 0x0, 0x0, 0x0, 0x8f, 0xff,
    0xff, 0xf7, 0xe, 0xff, 0xf7, 0x0, 0x0, 0x0,
    0x0, 0x3, 0xdf, 0xff, 0xff, 0xc2, 0x0, 0xef,
    0xff, 0x70, 0x0, 0x0, 0x0, 0x8, 0xff, 0xff,
    0xff, 0x60, 0x0, 0xe, 0xff, 0xf7, 0x0, 0x0,
    0x0, 0x3d, 0xff, 0xff, 0xfb, 0x10, 0x0, 0x0,
    0xef, 0xff, 0x70, 0x0, 0x0, 0x7f, 0xff, 0xff,
    0xe6, 0x0, 0x0, 0x0, 0xe, 0xff, 0xf7, 0x0,
    0x1, 0xcf, 0xff, 0xff, 0xb1, 0x0, 0x0, 0x0,
    0x0, 0xef, 0xff, 0x70, 0x0, 0xbf, 0xff, 0xfe,
    0x50, 0x0, 0x0, 0x0, 0x0, 0xe, 0xff, 0xf7,
    0x0, 0xe, 0xff, 0xfe, 0x10, 0x0, 0x0, 0x0,
    0x0, 0x0, 0xef, 0xff, 0x70, 0x0, 0xff, 0xff,
    0xff, 0xee, 0xee, 0xee, 0xee, 0xee, 0xef, 0xff,
    0xff, 0xee, 0x5f, 0xff, 0xff, 0xff, 0xff, 0xff,
    0xff, 0xff, 0xff, 0xff, 0xff, 0xff, 0xf7, 0xdf,
    0xff, 0xff, 0xff, 0xff, 0xff, 0xff, 0xff, 0xff,
    0xff, 0xff, 0xff, 0x75, 0xdf, 0xff, 0xff, 0xff,
    0xff, 0xff, 0xff, 0xff, 0xff, 0xff, 0xff, 0xf5,
    0x0, 0x0, 0x0, 0x0, 0x0, 0x0, 0x0, 0x0,
    0xe, 0xff, 0xf7, 0x0, 0x0, 0x0, 0x0, 0x0,
    0x0, 0x0, 0x0, 0x0, 0x0, 0xef, 0xff, 0x70,
    0x0, 0x0, 0x0, 0x0, 0x0, 0x0, 0x0, 0x0,
    0x0, 0xe, 0xff, 0xf7, 0x0, 0x0, 0x0, 0x0,
    0x0, 0x0, 0x0, 0x0, 0x0, 0x0, 0xcf, 0xff,
    0x50, 0x0,

    /* U+0035 "5" */
    0x8, 0xef, 0xff, 0xff, 0xff, 0xff, 0xff, 0xff,
    0xff, 0xff, 0xfa, 0x3, 0xff, 0xff, 0xff, 0xff,
    0xff, 0xff, 0xff, 0xff, 0xff, 0xff, 0xb0, 0x5f,
    0xff, 0xff, 0xff, 0xff, 0xff, 0xff, 0xff, 0xff,
    0xff, 0xfb, 0x5, 0xff, 0xff, 0xff, 0xff, 0xff,
    0xff, 0xff, 0xff, 0xff, 0xff, 0xa0, 0x5f, 0xff,
    0xf1, 0x0, 0x0, 0x0, 0x0, 0x0, 0x0, 0x0,
    0x0, 0x5, 0xff, 0xfe, 0x0, 0x0, 0x0, 0x0,
    0x0, 0x0, 0x0, 0x0, 0x0, 0x5f, 0xff, 0xe0,
    0x0, 0x0, 0x0, 0x0, 0x0, 0x0, 0x0, 0x0,
    0x5, 0xff, 0xfe, 0x0, 0x0, 0x0, 0x0, 0x0,
    0x0, 0x0, 0x0, 0x0, 0x5f, 0xff, 0xff, 0xff,
    0xff, 0xff, 0xff, 0xff, 0xff, 0xda, 0x20, 0x5,
    0xff, 0xff, 0xff, 0xff, 0xff, 0xff, 0xff, 0xff,
    0xff, 0xff, 0x50, 0x2f, 0xff, 0xff, 0xff, 0xff,
    0xff, 0xff, 0xff, 0xff, 0xff, 0xfe, 0x0, 0x4a,
    0xcc, 0xcc, 0xcc, 0xcc, 0xcc, 0xcc, 0xcc, 0xff,
    0xff, 0xf4, 0x0, 0x0, 0x0, 0x0, 0x0, 0x0,
    0x0, 0x0, 0x1, 0xff, 0xff, 0x60, 0x0, 0x0,
    0x0, 0x0, 0x0, 0x0, 0x0, 0x0, 0xd, 0xff,
    0xf7, 0x0, 0x0, 0x0, 0x0, 0x0, 0x0, 0x0,
    0x0, 0x0, 0xdf, 0xff, 0x70, 0x0, 0x0, 0x0,
    0x0, 0x0, 0x0, 0x0, 0x0, 0x5f, 0xff, 0xf7,
    0x4f, 0xff, 0xff, 0xff, 0xff, 0xff, 0xff, 0xff,
    0xff, 0xff, 0xff, 0x45, 0xff, 0xff, 0xff, 0xff,
    0xff, 0xff, 0xff, 0xff, 0xff, 0xff, 0xe1, 0x5f,
    0xff, 0xff, 0xff, 0xff, 0xff, 0xff, 0xff, 0xff,
    0xff, 0xf5, 0x4, 0xff, 0xff, 0xff, 0xff, 0xff,
    0xff, 0xff, 0xff, 0xfd, 0xa2, 0x0,

    /* U+0036 "6" */
    0x0, 0x0, 0x5a, 0xde, 0xff, 0xff, 0xff, 0xff,
    0xff, 0xff, 0xfa, 0x0, 0x3, 0xdf, 0xff, 0xff,
    0xff, 0xff, 0xff, 0xff, 0xff, 0xff, 0xc0, 0x1,
    0xef, 0xff, 0xff, 0xff, 0xff, 0xff, 0xff, 0xff,
    0xff, 0xfc, 0x0, 0x9f, 0xff, 0xff, 0xff, 0xff,
    0xff, 0xff, 0xff, 0xff, 0xff, 0xa0, 0xe, 0xff,
    0xfe, 0x62, 0x0, 0x0, 0x0, 0x0, 0x0, 0x0,
    0x0, 0x2, 0xff, 0xff, 0x60, 0x0, 0x0, 0x0,
    0x0, 0x0, 0x0, 0x0, 0x0, 0x3f, 0xff, 0xf2,
    0x0, 0x0, 0x0, 0x0, 0x0, 0x0, 0x0, 0x0,
    0x4, 0xff, 0xff, 0x10, 0x0, 0x0, 0x0, 0x0,
    0x0, 0x0, 0x0, 0x0, 0x4f, 0xff, 0xff, 0xff,
    0xff, 0xff, 0xff, 0xff, 0xff, 0xdb, 0x30, 0x4,
    0xff, 0xff, 0xff, 0xff, 0xff, 0xff, 0xff, 0xff,
    0xff, 0xff, 0x60, 0x4f, 0xff, 0xff, 0xff, 0xff,
    0xff, 0xff, 0xff, 0xff, 0xff, 0xfe, 0x14, 0xff,
    0xff, 0xbb, 0xbb, 0xbb, 0xbb, 0xbb, 0xbb, 0xdf,
    0xff, 0xf5, 0x4f, 0xff, 0xf1, 0x0, 0x0, 0x0,
    0x0, 0x0, 0x0, 0xff, 0xff, 0x73, 0xff, 0xff,
    0x20, 0x0, 0x0, 0x0, 0x0, 0x0, 0xc, 0xff,
    0xf8, 0x2f, 0xff, 0xf5, 0x0, 0x0, 0x0, 0x0,
    0x0, 0x0, 0xdf, 0xff, 0x80, 0xef, 0xff, 0xe5,
    0x10, 0x0, 0x0, 0x0, 0x0, 0x3f, 0xff, 0xf7,
    0x9, 0xff, 0xff, 0xff, 0xff, 0xff, 0xff, 0xff,
    0xff, 0xff, 0xff, 0x50, 0x2e, 0xff, 0xff, 0xff,
    0xff, 0xff, 0xff, 0xff, 0xff, 0xff, 0xf1, 0x0,
    0x3e, 0xff, 0xff, 0xff, 0xff, 0xff, 0xff, 0xff,
    0xff, 0xf6, 0x0, 0x0, 0x6, 0xad, 0xef, 0xff,
    0xff, 0xff, 0xff, 0xfd, 0xb3, 0x0,

    /* U+0037 "7" */
    0x3f, 0xff, 0xff, 0xff, 0xff, 0xff, 0xff, 0xff,
    0xff, 0xff, 0xfe, 0x60, 0x5f, 0xff, 0xff, 0xff,
    0xff, 0xff, 0xff, 0xff, 0xff, 0xff, 0xff, 0xe0,
    0x5f, 0xff, 0xff, 0xff, 0xff, 0xff, 0xff, 0xff,
    0xff, 0xff, 0xff, 0xf0, 0x3e, 0xee, 0xee, 0xee,
    0xee, 0xee, 0xee, 0xee, 0xee, 0xff, 0xff, 0xf0,
    0x0, 0x0, 0x0, 0x0, 0x0, 0x0, 0x0, 0x0,
    0x1, 0xff, 0xff, 0xe0, 0x0, 0x0, 0x0, 0x0,
    0x0, 0x0, 0x0, 0x0, 0xc, 0xff, 0xff, 0x80,
    0x0, 0x0, 0x0, 0x0, 0x0, 0x0, 0x0, 0x0,
    0xcf, 0xff, 0xfb, 0x0, 0x0, 0x0, 0x0, 0x0,
    0x0, 0x0, 0x0, 0xb, 0xff, 0xff, 0xc0, 0x0,
    0x0, 0x0, 0x0, 0x0, 0x0, 0x0, 0x0, 0xbf,
    0xff, 0xfd, 0x10, 0x0, 0x0, 0x0, 0x0, 0x0,
    0x0, 0x0, 0xa, 0xff, 0xff, 0xd1, 0x0, 0x0,
    0x0, 0x0, 0x0, 0x0, 0x0, 0x0, 0xaf, 0xff,
    0xfe, 0x10, 0x0, 0x0, 0x0, 0x0, 0x0, 0x0,
    0x0, 0x9, 0xff, 0xff, 0xe2, 0x0, 0x0, 0x0,
    0x0, 0x0, 0x0, 0x0, 0x0, 0x9f, 0xff, 0xfe,
    0x30, 0x0, 0x0, 0x0, 0x0, 0x0, 0x0, 0x0,
    0x8, 0xff, 0xff, 0xf3, 0x0, 0x0, 0x0, 0x0,
    0x0, 0x0, 0x0, 0x0, 0x7f, 0xff, 0xff, 0x40,
    0x0, 0x0, 0x0, 0x0, 0x0, 0x0, 0x0, 0x7,
    0xff, 0xff, 0xf5, 0x0, 0x0, 0x0, 0x0, 0x0,
    0x0, 0x0, 0x0, 0x6f, 0xff, 0xff, 0x50, 0x0,
    0x0, 0x0, 0x0, 0x0, 0x0, 0x0, 0x5, 0xff,
    0xff, 0xf6, 0x0, 0x0, 0x0, 0x0, 0x0, 0x0,
    0x0, 0x0, 0x5f, 0xff, 0xff, 0x70, 0x0, 0x0,
    0x0, 0x0, 0x0, 0x0, 0x0, 0x0, 0xff, 0xff,
    0xf7, 0x0, 0x0, 0x0, 0x0, 0x0, 0x0, 0x0,

    /* U+0038 "8" */
    0x0, 0x18, 0xce, 0xff, 0xff, 0xff, 0xff, 0xff,
    0xff, 0xed, 0xa2, 0x0, 0x2, 0xff, 0xff, 0xff,
    0xff, 0xff, 0xff, 0xff, 0xff, 0xff, 0xff, 0x50,
    0xc, 0xff, 0xff, 0xff, 0xff, 0xff, 0xff, 0xff,
    0xff, 0xff, 0xff, 0xe0, 0xf, 0xff, 0xff, 0xff,
    0xff, 0xff, 0xff, 0xff, 0xff, 0xff, 0xff, 0xf3,
    0x2f, 0xff, 0xf8, 0x10, 0x0, 0x0, 0x0, 0x0,
    0x0, 0x5f, 0xff, 0xf5, 0x2f, 0xff, 0xf1, 0x0,
    0x0, 0x0, 0x0, 0x0, 0x0, 0xd, 0xff, 0xf6,
    0x1f, 0xff, 0xf1, 0x0, 0x0, 0x0, 0x0, 0x0,
    0x0, 0xd, 0xff, 0xf4, 0xd, 0xff, 0xf7, 0x10,
    0x0, 0x0, 0x0, 0x0, 0x0, 0x5f, 0xff, 0xf1,
    0x6, 0xff, 0xff, 0xff, 0xff, 0xff, 0xff, 0xff,
    0xff, 0xff, 0xff, 0x90, 0x0, 0xaf, 0xff, 0xff,
    0xff, 0xff, 0xff, 0xff, 0xff, 0xff, 0xfd, 0x0,
    0x5, 0xff, 0xff, 0xff, 0xff, 0xff, 0xff, 0xff,
    0xff, 0xff, 0xff, 0x60, 0xe, 0xff, 0xfe, 0x98,
    0x88, 0x88, 0x88, 0x88, 0x89, 0xdf, 0xff, 0xf2,
    0x1f, 0xff, 0xf3, 0x0, 0x0, 0x0, 0x0, 0x0,
    0x0, 0xe, 0xff, 0xf5, 0x4f, 0xff, 0xf1, 0x0,
    0x0, 0x0, 0x0, 0x0, 0x0, 0xd, 0xff, 0xf8,
    0x4f, 0xff, 0xf1, 0x0, 0x0, 0x0, 0x0, 0x0,
    0x0, 0xd, 0xff, 0xf8, 0x3f, 0xff, 0xf7, 0x0,
    0x0, 0x0, 0x0, 0x0, 0x0, 0x4f, 0xff, 0xf7,
    0x1f, 0xff, 0xff, 0xff, 0xff, 0xff, 0xff, 0xff,
    0xff, 0xff, 0xff, 0xf5, 0xc, 0xff, 0xff, 0xff,
    0xff, 0xff, 0xff, 0xff, 0xff, 0xff, 0xff, 0xf1,
    0x3, 0xff, 0xff, 0xff, 0xff, 0xff, 0xff, 0xff,
    0xff, 0xff, 0xff, 0x60, 0x0, 0x1a, 0xdf, 0xff,
    0xff, 0xff, 0xff, 0xff, 0xff, 0xfd, 0xb3, 0x0,

    /* U+0039 "9" */
    0x0, 0x18, 0xce, 0xff, 0xff, 0xff, 0xff, 0xff,
    0xdb, 0x61, 0x0, 0x0, 0x3f, 0xff, 0xff, 0xff,
    0xff, 0xff, 0xff, 0xff, 0xff, 0xf5, 0x0, 0xd,
    0xff, 0xff, 0xff, 0xff, 0xff, 0xff, 0xff, 0xff,
    0xff, 0xf4, 0x2, 0xff, 0xff, 0xff, 0xff, 0xff,
    0xff, 0xff, 0xff, 0xff, 0xff, 0xc0, 0x4f, 0xff,
    0xf4, 0x0, 0x0, 0x0, 0x0, 0x0, 0x3c, 0xff,
    0xff, 0x25, 0xff, 0xff, 0x0, 0x0, 0x0, 0x0,
    0x0, 0x0, 0x2f, 0xff, 0xf5, 0x5f, 0xff, 0xf0,
    0x0, 0x0, 0x0, 0x0, 0x0, 0x0, 0xff, 0xff,
    0x64, 0xff, 0xff, 0x50, 0x0, 0x0, 0x0, 0x0,
    0x0, 0xd, 0xff, 0xf7, 0x1f, 0xff, 0xff, 0xff,
    0xff, 0xff, 0xff, 0xff, 0xff, 0xff, 0xff, 0x70,
    0xbf, 0xff, 0xff, 0xff, 0xff, 0xff, 0xff, 0xff,
    0xff, 0xff, 0xf7, 0x1, 0xcf, 0xff, 0xff, 0xff,
    0xff, 0xff, 0xff, 0xff, 0xff, 0xff, 0x70, 0x0,
    0x48, 0xab, 0xbb, 0xbb, 0xbb, 0xbb, 0xbb, 0xbf,
    0xff, 0xf7, 0x0, 0x0, 0x0, 0x0, 0x0, 0x0,
    0x0, 0x0, 0x0, 0xef, 0xff, 0x70, 0x0, 0x0,
    0x0, 0x0, 0x0, 0x0, 0x0, 0x0, 0xf, 0xff,
    0xf6, 0x0, 0x0, 0x0, 0x0, 0x0, 0x0, 0x0,
    0x0, 0x4, 0xff, 0xff, 0x50, 0x0, 0x0, 0x0,
    0x0, 0x0, 0x0, 0x0, 0x15, 0xdf, 0xff, 0xf2,
    0x9, 0xff, 0xff, 0xff, 0xff, 0xff, 0xff, 0xff,
    0xff, 0xff, 0xfc, 0x0, 0xbf, 0xff, 0xff, 0xff,
    0xff, 0xff, 0xff, 0xff, 0xff, 0xff, 0x40, 0xb,
    0xff, 0xff, 0xff, 0xff, 0xff, 0xff, 0xff, 0xff,
    0xff, 0x50, 0x0, 0x9f, 0xff, 0xff, 0xff, 0xff,
    0xff, 0xff, 0xfe, 0xb7, 0x10, 0x0,

    /* U+003A ":" */
    0x1f, 0xff, 0xd2, 0xff, 0xfe, 0x2f, 0xff, 0xe1,
    0xff, 0xfe, 0x0, 0x11, 0x0, 0x0, 0x0, 0x0,
    0x0, 0x0, 0x0, 0x0, 0x0, 0x11, 0x1, 0xff,
    0xfe, 0x2f, 0xff, 0xe2, 0xff, 0xfe, 0x1f, 0xff,
    0xd0,

    /* U+003B ";" */
    0x1f, 0xff, 0xd2, 0xff, 0xfe, 0x2f, 0xff, 0xe1,
    0xff, 0xfe, 0x0, 0x11, 0x0, 0x0, 0x0, 0x0,
    0x0, 0x0, 0x0, 0x0, 0x1, 0x11, 0x2, 0xff,
    0xfe, 0x2f, 0xff, 0xe2, 0xff, 0xfe, 0x1f, 0xff,
    0xd0, 0x2f, 0xfa, 0x5, 0xff, 0x60, 0x7f, 0xf2,
    0xa, 0xfe, 0x0, 0xbf, 0x80,

    /* U+003C "<" */
    0x0, 0x0, 0x0, 0x0, 0x0, 0x0, 0x3, 0x95,
    0x0, 0x0, 0x0, 0x0, 0x0, 0x27, 0xdf, 0xf8,
    0x0, 0x0, 0x0, 0x0, 0x6b, 0xff, 0xff, 0xf7,
    0x0, 0x0, 0x4, 0xaf, 0xff, 0xff, 0xfb, 0x60,
    0x0, 0x28, 0xef, 0xff, 0xff, 0xd7, 0x10, 0x0,
    0x2c, 0xff, 0xff, 0xfe, 0x93, 0x0, 0x0, 0x0,
    0xaf, 0xff, 0xfa, 0x40, 0x0, 0x0, 0x0, 0x0,
    0xcf, 0xfa, 0x0, 0x0, 0x0, 0x0, 0x0, 0x0,
    0xcf, 0xfe, 0x82, 0x0, 0x0, 0x0, 0x0, 0x0,
    0x7f, 0xff, 0xff, 0xc6, 0x10, 0x0, 0x0, 0x0,
    0x4, 0xaf, 0xff, 0xff, 0xfa, 0x40, 0x0, 0x0,
    0x0, 0x1, 0x6c, 0xff, 0xff, 0xfe, 0x93, 0x0,
    0x0, 0x0, 0x0, 0x28, 0xef, 0xff, 0xff, 0xd3,
    0x0, 0x0, 0x0, 0x0, 0x4, 0xaf, 0xff, 0xf8,
    0x0, 0x0, 0x0, 0x0, 0x0, 0x0, 0x6b, 0xf8,
    0x0, 0x0, 0x0, 0x0, 0x0, 0x0, 0x0, 0x11,

    /* U+003D "=" */
    0x8c, 0xcc, 0xcc, 0xcc, 0xcc, 0xcc, 0xcc, 0xc5,
    0xcf, 0xff, 0xff, 0xff, 0xff, 0xff, 0xff, 0xf8,
    0xbf, 0xff, 0xff, 0xff, 0xff, 0xff, 0xff, 0xf7,
    0x0, 0x0, 0x0, 0x0, 0x0, 0x0, 0x0, 0x0,
    0x0, 0x0, 0x0, 0x0, 0x0, 0x0, 0x0, 0x0,
    0x0, 0x0, 0x0, 0x0, 0x0, 0x0, 0x0, 0x0,
    0x0, 0x0, 0x0, 0x0, 0x0, 0x0, 0x0, 0x0,
    0x8c, 0xcc, 0xcc, 0xcc, 0xcc, 0xcc, 0xcc, 0xc6,
    0xcf, 0xff, 0xff, 0xff, 0xff, 0xff, 0xff, 0xf8,
    0xbf, 0xff, 0xff, 0xff, 0xff, 0xff, 0xff, 0xf7,

    /* U+003E ">" */
    0x77, 0x10, 0x0, 0x0, 0x0, 0x0, 0x0, 0x0,
    0xcf, 0xfb, 0x50, 0x0, 0x0, 0x0, 0x0, 0x0,
    0xbf, 0xff, 0xff, 0xa4, 0x0, 0x0, 0x0, 0x0,
    0x17, 0xdf, 0xff, 0xff, 0xe8, 0x20, 0x0, 0x0,
    0x0, 0x3, 0x9e, 0xff, 0xff, 0xfc, 0x61, 0x0,
    0x0, 0x0, 0x0, 0x4a, 0xff, 0xff, 0xff, 0x91,
    0x0, 0x0, 0x0, 0x0, 0x16, 0xcf, 0xff, 0xf7,
    0x0, 0x0, 0x0, 0x0, 0x0, 0x2, 0xdf, 0xf8,
    0x0, 0x0, 0x0, 0x0, 0x0, 0x39, 0xff, 0xf8,
    0x0, 0x0, 0x0, 0x1, 0x7d, 0xff, 0xff, 0xf4,
    0x0, 0x0, 0x5, 0xbf, 0xff, 0xff, 0xf9, 0x30,
    0x0, 0x4a, 0xff, 0xff, 0xff, 0xb5, 0x0, 0x0,
    0x5e, 0xff, 0xff, 0xfd, 0x71, 0x0, 0x0, 0x0,
    0xcf, 0xff, 0xe9, 0x30, 0x0, 0x0, 0x0, 0x0,
    0xcf, 0xb5, 0x0, 0x0, 0x0, 0x0, 0x0, 0x0,
    0x21, 0x0, 0x0, 0x0, 0x0, 0x0, 0x0, 0x0,

    /* U+003F "?" */
    0x1f, 0xff, 0xff, 0xff, 0xff, 0xff, 0xff, 0xd8,
    0x0, 0x2f, 0xff, 0xff, 0xff, 0xff, 0xff, 0xff,
    0xff, 0xa0, 0x2f, 0xff, 0xff, 0xff, 0xff, 0xff,
    0xff, 0xff, 0xf1, 0x1d, 0xee, 0xee, 0xee, 0xee,
    0xee, 0xff, 0xff, 0xf4, 0x0, 0x0, 0x0, 0x0,
    0x0, 0x0, 0x2f, 0xff, 0xf5, 0x0, 0x0, 0x0,
    0x0, 0x0, 0x0, 0xf, 0xff, 0xf5, 0x0, 0x0,
    0x0, 0x0, 0x0, 0x0, 0x2f, 0xff, 0xf3, 0x0,
    0x0, 0x0, 0x0, 0x0, 0x4, 0xef, 0xff, 0xf0,
    0x0, 0x0, 0x0, 0x0, 0x3, 0xbf, 0xff, 0xff,
    0x60, 0x0, 0x0, 0x0, 0x1, 0xaf, 0xff, 0xff,
    0xd4, 0x0, 0x0, 0x0, 0x0, 0x3f, 0xff, 0xff,
    0xd5, 0x0, 0x0, 0x0, 0x0, 0x0, 0xcf, 0xff,
    0xd5, 0x0, 0x0, 0x0, 0x0, 0x0, 0x0, 0xef,
    0xf8, 0x0, 0x0, 0x0, 0x0, 0x0, 0x0, 0x0,
    0xff, 0xf1, 0x0, 0x0, 0x0, 0x0, 0x0, 0x0,
    0x0, 0xad, 0xb0, 0x0, 0x0, 0x0, 0x0, 0x0,
    0x0, 0x0, 0x0, 0x0, 0x0, 0x0, 0x0, 0x0,
    0x0, 0x0, 0x0, 0x0, 0x0, 0x0, 0x0, 0x0,
    0x0, 0x0, 0x0, 0x0, 0x11, 0x10, 0x0, 0x0,
    0x0, 0x0, 0x0, 0x0, 0x7, 0xff, 0xf8, 0x0,
    0x0, 0x0, 0x0, 0x0, 0x0, 0x8, 0xff, 0xf9,
    0x0, 0x0, 0x0, 0x0, 0x0, 0x0, 0x8, 0xff,
    0xf9, 0x0, 0x0, 0x0, 0x0, 0x0, 0x0, 0x7,
    0xff, 0xf7, 0x0, 0x0, 0x0, 0x0,

    /* U+0040 "@" */
    0x0, 0x8, 0xce, 0xff, 0xff, 0xff, 0xff, 0xff,
    0xfe, 0xb8, 0x0, 0x0, 0x1d, 0xff, 0xff, 0xff,
    0xff, 0xff, 0xff, 0xff, 0xff, 0xfe, 0x20, 0x9,
    0xff, 0xff, 0xff, 0xff, 0xff, 0xff, 0xff, 0xff,
    0xff, 0xfc, 0x0, 0xff, 0xff, 0x63, 0x22, 0x22,
    0x22, 0x22, 0x22, 0x4c, 0xff, 0xf4, 0x2f, 0xff,
    0x90, 0x0, 0x0, 0x0, 0x0, 0x0, 0x0, 0xe,
    0xff, 0x74, 0xff, 0xf6, 0x0, 0x0, 0x0, 0x0,
    0x0, 0x0, 0x0, 0xbf, 0xf9, 0x4f, 0xff, 0x50,
    0x0, 0x0, 0x0, 0x0, 0x0, 0x0, 0x9, 0xff,
    0xa4, 0xff, 0xf5, 0x0, 0x0, 0x7, 0xdf, 0xff,
    0xff, 0xff, 0xff, 0xfa, 0x4f, 0xff, 0x50, 0x0,
    0xa, 0xff, 0xff, 0xff, 0xff, 0xff, 0xff, 0xa4,
    0xff, 0xf5, 0x0, 0x3, 0xff, 0xfe, 0xbb, 0xbb,
    0xbb, 0xef, 0xfa, 0x4f, 0xff, 0x50, 0x0, 0x5f,
    0xfe, 0x10, 0x0, 0x0, 0x9, 0xff, 0xa4, 0xff,
    0xf5, 0x0, 0x7, 0xff, 0xc0, 0x0, 0x0, 0x0,
    0x9f, 0xfa, 0x4f, 0xff, 0x50, 0x0, 0x7f, 0xfb,
    0x0, 0x0, 0x0, 0x9, 0xff, 0xa4, 0xff, 0xf5,
    0x0, 0x7, 0xff, 0xd0, 0x0, 0x0, 0x0, 0xbf,
    0xf8, 0x4f, 0xff, 0x50, 0x0, 0x5f, 0xff, 0x40,
    0x0, 0x0, 0x5f, 0xff, 0x64, 0xff, 0xf5, 0x0,
    0x2, 0xff, 0xff, 0xff, 0xff, 0xff, 0xff, 0xf2,
    0x4f, 0xff, 0x50, 0x0, 0x8, 0xff, 0xff, 0xff,
    0xff, 0xff, 0xf8, 0x3, 0xff, 0xf6, 0x0, 0x0,
    0x4, 0x9b, 0xcc, 0xcc, 0xcb, 0x94, 0x0, 0x1f,
    0xff, 0x70, 0x0, 0x0, 0x0, 0x0, 0x0, 0x0,
    0x0, 0x0, 0x0, 0xff, 0xfc, 0x0, 0x0, 0x0,
    0x0, 0x0, 0x0, 0x0, 0x0, 0x0, 0xd, 0xff,
    0xf6, 0x0, 0x0, 0x0, 0x0, 0x0, 0x0, 0x0,
    0x0, 0x0, 0x5f, 0xff, 0xfc, 0x98, 0x88, 0x88,
    0x88, 0x88, 0x88, 0x88, 0x83, 0x0, 0xbf, 0xff,
    0xff, 0xff, 0xff, 0xff, 0xff, 0xff, 0xff, 0xff,
    0x80, 0x1, 0xaf, 0xff, 0xff, 0xff, 0xff, 0xff,
    0xff, 0xff, 0xff, 0xf8, 0x0, 0x0, 0x39, 0xbe,
    0xff, 0xff, 0xff, 0xff, 0xff, 0xff, 0xff, 0x70,

    /* U+0041 "A" */
    0x0, 0x0, 0x0, 0x0, 0x0, 0x8, 0xef, 0xfe,
    0x90, 0x0, 0x0, 0x0, 0x0, 0x0, 0x0, 0x0,
    0x0, 0x0, 0x0, 0x8f, 0xff, 0xff, 0xfa, 0x0,
    0x0, 0x0, 0x0, 0x0, 0x0, 0x0, 0x0, 0x0,
    0x2, 0xff, 0xff, 0xff, 0xff, 0x40, 0x0, 0x0,
    0x0, 0x0, 0x0, 0x0, 0x0, 0x0, 0xb, 0xff,
    0xff, 0xff, 0xff, 0xd0, 0x0, 0x0, 0x0, 0x0,
    0x0, 0x0, 0x0, 0x0, 0x4f, 0xff, 0xfa, 0x6f,
    0xff, 0xf6, 0x0, 0x0, 0x0, 0x0, 0x0, 0x0,
    0x0, 0x0, 0xcf, 0xff, 0xf1, 0xc, 0xff, 0xfe,
    0x0, 0x0, 0x0, 0x0, 0x0, 0x0, 0x0, 0x5,
    0xff, 0xff, 0x70, 0x3, 0xff, 0xff, 0x80, 0x0,
    0x0, 0x0, 0x0, 0x0, 0x0, 0xe, 0xff, 0xfe,
    0x0, 0x0, 0xaf, 0xff, 0xf2, 0x0, 0x0, 0x0,
    0x0, 0x0, 0x0, 0x7f, 0xff, 0xf5, 0x0, 0x0,
    0x1f, 0xff, 0xfa, 0x0, 0x0, 0x0, 0x0, 0x0,
    0x1, 0xff, 0xff, 0xc0, 0x0, 0x0, 0x7, 0xff,
    0xff, 0x30, 0x0, 0x0, 0x0, 0x0, 0x9, 0xff,
    0xff, 0x30, 0x0, 0x0, 0x0, 0xef, 0xff, 0xc0,
    0x0, 0x0, 0x0, 0x0, 0x2f, 0xff, 0xfa, 0x0,
    0x0, 0x0, 0x0, 0x5f, 0xff, 0xf5, 0x0, 0x0,
    0x0, 0x0, 0xbf, 0xff, 0xfd, 0xcc, 0xcc, 0xcc,
    0xcc, 0xcf, 0xff, 0xfd, 0x0, 0x0, 0x0, 0x3,
    0xff, 0xff, 0xff, 0xff, 0xff, 0xff, 0xff, 0xff,
    0xff, 0xff, 0x70, 0x0, 0x0, 0xc, 0xff, 0xff,
    0xff, 0xff, 0xff, 0xff, 0xff, 0xff, 0xff, 0xff,
    0xe1, 0x0, 0x0, 0x5f, 0xff, 0xff, 0xff, 0xff,
    0xff, 0xff, 0xff, 0xff, 0xff, 0xff, 0xf9, 0x0,
    0x0, 0xef, 0xff, 0xe0, 0x0, 0x0, 0x0, 0x0,
    0x0, 0x0, 0xa, 0xff, 0xff, 0x20, 0x7, 0xff,
    0xff, 0x70, 0x0, 0x0, 0x0, 0x0, 0x0, 0x0,
    0x1, 0xff, 0xff, 0xa0, 0x1f, 0xff, 0xfe, 0x0,
    0x0, 0x0, 0x0, 0x0, 0x0, 0x0, 0x0, 0x9f,
    0xff, 0xf3, 0x7f, 0xff, 0xf5, 0x0, 0x0, 0x0,
    0x0, 0x0, 0x0, 0x0, 0x0, 0x1d, 0xff, 0xfa,

    /* U+0042 "B" */
    0xd, 0xff, 0xff, 0xff, 0xff, 0xff, 0xff, 0xff,
    0xff, 0xfe, 0xc7, 0x0, 0x0, 0xff, 0xff, 0xff,
    0xff, 0xff, 0xff, 0xff, 0xff, 0xff, 0xff, 0xfe,
    0x10, 0xf, 0xff, 0xff, 0xff, 0xff, 0xff, 0xff,
    0xff, 0xff, 0xff, 0xff, 0xf9, 0x0, 0xff, 0xff,
    0xff, 0xff, 0xff, 0xff, 0xff, 0xff, 0xff, 0xff,
    0xff, 0xd0, 0xf, 0xff, 0xf7, 0x11, 0x11, 0x11,
    0x11, 0x11, 0x11, 0x3c, 0xff, 0xff, 0x0, 0xff,
    0xff, 0x50, 0x0, 0x0, 0x0, 0x0, 0x0, 0x0,
    0x5f, 0xff, 0xf0, 0xf, 0xff, 0xf5, 0x0, 0x0,
    0x0, 0x0, 0x0, 0x0, 0x4, 0xff, 0xfe, 0x0,
    0xff, 0xff, 0x50, 0x0, 0x0, 0x0, 0x0, 0x0,
    0x1, 0xaf, 0xff, 0xa0, 0xf, 0xff, 0xff, 0xff,
    0xff, 0xff, 0xff, 0xff, 0xff, 0xff, 0xff, 0xf3,
    0x0, 0xff, 0xff, 0xff, 0xff, 0xff, 0xff, 0xff,
    0xff, 0xff, 0xff, 0xf7, 0x0, 0xf, 0xff, 0xff,
    0xff, 0xff, 0xff, 0xff, 0xff, 0xff, 0xff, 0xff,
    0xf3, 0x0, 0xff, 0xff, 0xb8, 0x88, 0x88, 0x88,
    0x88, 0x88, 0x8a, 0xff, 0xff, 0xb0, 0xf, 0xff,
    0xf5, 0x0, 0x0, 0x0, 0x0, 0x0, 0x0, 0x6,
    0xff, 0xff, 0x0, 0xff, 0xff, 0x50, 0x0, 0x0,
    0x0, 0x0, 0x0, 0x0, 0x3f, 0xff, 0xf2, 0xf,
    0xff, 0xf5, 0x0, 0x0, 0x0, 0x0, 0x0, 0x0,
    0x4, 0xff, 0xff, 0x20, 0xff, 0xff, 0x71, 0x11,
    0x11, 0x11, 0x11, 0x11, 0x13, 0xcf, 0xff, 0xf1,
    0xf, 0xff, 0xff, 0xff, 0xff, 0xff, 0xff, 0xff,
    0xff, 0xff, 0xff, 0xff, 0x0, 0xff, 0xff, 0xff,
    0xff, 0xff, 0xff, 0xff, 0xff, 0xff, 0xff, 0xff,
    0xa0, 0xf, 0xff, 0xff, 0xff, 0xff, 0xff, 0xff,
    0xff, 0xff, 0xff, 0xff, 0xe1, 0x0, 0xdf, 0xff,
    0xff, 0xff, 0xff, 0xff, 0xff, 0xff, 0xff, 0xec,
    0x91, 0x0,

    /* U+0043 "C" */
    0x0, 0x0, 0x5a, 0xde, 0xff, 0xff, 0xff, 0xff,
    0xff, 0xff, 0xff, 0x60, 0x3, 0xef, 0xff, 0xff,
    0xff, 0xff, 0xff, 0xff, 0xff, 0xff, 0xf8, 0x1,
    0xef, 0xff, 0xff, 0xff, 0xff, 0xff, 0xff, 0xff,
    0xff, 0xff, 0x80, 0x9f, 0xff, 0xff, 0xff, 0xff,
    0xff, 0xff, 0xff, 0xff, 0xff, 0xf7, 0xe, 0xff,
    0xff, 0xa4, 0x32, 0x22, 0x22, 0x22, 0x22, 0x22,
    0x22, 0x2, 0xff, 0xff, 0xa0, 0x0, 0x0, 0x0,
    0x0, 0x0, 0x0, 0x0, 0x0, 0x3f, 0xff, 0xf4,
    0x0, 0x0, 0x0, 0x0, 0x0, 0x0, 0x0, 0x0,
    0x4, 0xff, 0xff, 0x20, 0x0, 0x0, 0x0, 0x0,
    0x0, 0x0, 0x0, 0x0, 0x4f, 0xff, 0xf1, 0x0,
    0x0, 0x0, 0x0, 0x0, 0x0, 0x0, 0x0, 0x4,
    0xff, 0xff, 0x10, 0x0, 0x0, 0x0, 0x0, 0x0,
    0x0, 0x0, 0x0, 0x4f, 0xff, 0xf1, 0x0, 0x0,
    0x0, 0x0, 0x0, 0x0, 0x0, 0x0, 0x4, 0xff,
    0xff, 0x10, 0x0, 0x0, 0x0, 0x0, 0x0, 0x0,
    0x0, 0x0, 0x4f, 0xff, 0xf2, 0x0, 0x0, 0x0,
    0x0, 0x0, 0x0, 0x0, 0x0, 0x3, 0xff, 0xff,
    0x40, 0x0, 0x0, 0x0, 0x0, 0x0, 0x0, 0x0,
    0x0, 0x2f, 0xff, 0xfa, 0x0, 0x0, 0x0, 0x0,
    0x0, 0x0, 0x0, 0x0, 0x0, 0xef, 0xff, 0xfa,
    0x42, 0x22, 0x22, 0x22, 0x22, 0x22, 0x22, 0x20,
    0x9, 0xff, 0xff, 0xff, 0xff, 0xff, 0xff, 0xff,
    0xff, 0xff, 0xff, 0x70, 0x2e, 0xff, 0xff, 0xff,
    0xff, 0xff, 0xff, 0xff, 0xff, 0xff, 0xf8, 0x0,
    0x3e, 0xff, 0xff, 0xff, 0xff, 0xff, 0xff, 0xff,
    0xff, 0xff, 0x80, 0x0, 0x6, 0xad, 0xff, 0xff,
    0xff, 0xff, 0xff, 0xff, 0xff, 0xf6,

    /* U+0044 "D" */
    0xd, 0xff, 0xff, 0xff, 0xff, 0xff, 0xff, 0xff,
    0xed, 0xb7, 0x10, 0x0, 0x0, 0xff, 0xff, 0xff,
    0xff, 0xff, 0xff, 0xff, 0xff, 0xff, 0xff, 0x80,
    0x0, 0xf, 0xff, 0xff, 0xff, 0xff, 0xff, 0xff,
    0xff, 0xff, 0xff, 0xff, 0x90, 0x0, 0xff, 0xff,
    0xff, 0xff, 0xff, 0xff, 0xff, 0xff, 0xff, 0xff,
    0xff, 0x40, 0xf, 0xff, 0xf7, 0x11, 0x11, 0x11,
    0x11, 0x12, 0x36, 0xdf, 0xff, 0xfb, 0x0, 0xff,
    0xff, 0x50, 0x0, 0x0, 0x0, 0x0, 0x0, 0x0,
    0xef, 0xff, 0xf0, 0xf, 0xff, 0xf5, 0x0, 0x0,
    0x0, 0x0, 0x0, 0x0, 0x6, 0xff, 0xff, 0x20,
    0xff, 0xff, 0x50, 0x0, 0x0, 0x0, 0x0, 0x0,
    0x0, 0x4f, 0xff, 0xf3, 0xf, 0xff, 0xf5, 0x0,
    0x0, 0x0, 0x0, 0x0, 0x0, 0x2, 0xff, 0xff,
    0x30, 0xff, 0xff, 0x50, 0x0, 0x0, 0x0, 0x0,
    0x0, 0x0, 0x2f, 0xff, 0xf3, 0xf, 0xff, 0xf5,
    0x0, 0x0, 0x0, 0x0, 0x0, 0x0, 0x2, 0xff,
    0xff, 0x30, 0xff, 0xff, 0x50, 0x0, 0x0, 0x0,
    0x0, 0x0, 0x0, 0x2f, 0xff, 0xf3, 0xf, 0xff,
    0xf5, 0x0, 0x0, 0x0, 0x0, 0x0, 0x0, 0x4,
    0xff, 0xff, 0x30, 0xff, 0xff, 0x50, 0x0, 0x0,
    0x0, 0x0, 0x0, 0x0, 0x6f, 0xff, 0xf2, 0xf,
    0xff, 0xf5, 0x0, 0x0, 0x0, 0x0, 0x0, 0x0,
    0xe, 0xff, 0xff, 0x0, 0xff, 0xff, 0x71, 0x11,
    0x11, 0x11, 0x11, 0x23, 0x6d, 0xff, 0xff, 0xb0,
    0xf, 0xff, 0xff, 0xff, 0xff, 0xff, 0xff, 0xff,
    0xff, 0xff, 0xff, 0xf4, 0x0, 0xff, 0xff, 0xff,
    0xff, 0xff, 0xff, 0xff, 0xff, 0xff, 0xff, 0xf9,
    0x0, 0xf, 0xff, 0xff, 0xff, 0xff, 0xff, 0xff,
    0xff, 0xff, 0xff, 0xf8, 0x0, 0x0, 0xdf, 0xff,
    0xff, 0xff, 0xff, 0xff, 0xff, 0xff, 0xeb, 0x71,
    0x0, 0x0,

    /* U+0045 "E" */
    0x0, 0x0, 0x5a, 0xde, 0xff, 0xff, 0xff, 0xff,
    0xff, 0xff, 0xff, 0x20, 0x3, 0xdf, 0xff, 0xff,
    0xff, 0xff, 0xff, 0xff, 0xff, 0xff, 0xf3, 0x1,
    0xef, 0xff, 0xff, 0xff, 0xff, 0xff, 0xff, 0xff,
    0xff, 0xff, 0x30, 0x9f, 0xff, 0xff, 0xff, 0xff,
    0xff, 0xff, 0xff, 0xff, 0xff, 0xf2, 0xe, 0xff,
    0xff, 0x83, 0x21, 0x11, 0x11, 0x11, 0x11, 0x11,
    0x11, 0x2, 0xff, 0xff, 0x80, 0x0, 0x0, 0x0,
    0x0, 0x0, 0x0, 0x0, 0x0, 0x3f, 0xff, 0xf3,
    0x0, 0x0, 0x0, 0x0, 0x0, 0x0, 0x0, 0x0,
    0x4, 0xff, 0xff, 0x20, 0x0, 0x0, 0x0, 0x0,
    0x0, 0x0, 0x0, 0x0, 0x4f, 0xff, 0xff, 0xff,
    0xff, 0xff, 0xff, 0xff, 0xff, 0xff, 0xfe, 0x4,
    0xff, 0xff, 0xff, 0xff, 0xff, 0xff, 0xff, 0xff,
    0xff, 0xff, 0xf0, 0x4f, 0xff, 0xff, 0xff, 0xff,
    0xff, 0xff, 0xff, 0xff, 0xff, 0xff, 0x4, 0xff,
    0xff, 0xed, 0xdd, 0xdd, 0xdd, 0xdd, 0xdd, 0xdd,
    0xdd, 0xc0, 0x4f, 0xff, 0xf1, 0x0, 0x0, 0x0,
    0x0, 0x0, 0x0, 0x0, 0x0, 0x3, 0xff, 0xff,
    0x30, 0x0, 0x0, 0x0, 0x0, 0x0, 0x0, 0x0,
    0x0, 0x2f, 0xff, 0xf8, 0x0, 0x0, 0x0, 0x0,
    0x0, 0x0, 0x0, 0x0, 0x0, 0xef, 0xff, 0xf8,
    0x32, 0x11, 0x11, 0x11, 0x11, 0x11, 0x11, 0x10,
    0x9, 0xff, 0xff, 0xff, 0xff, 0xff, 0xff, 0xff,
    0xff, 0xff, 0xff, 0x20, 0x2e, 0xff, 0xff, 0xff,
    0xff, 0xff, 0xff, 0xff, 0xff, 0xff, 0xf3, 0x0,
    0x3e, 0xff, 0xff, 0xff, 0xff, 0xff, 0xff, 0xff,
    0xff, 0xff, 0x30, 0x0, 0x6, 0xad, 0xef, 0xff,
    0xff, 0xff, 0xff, 0xff, 0xff, 0xf2,

    /* U+0046 "F" */
    0x0, 0x0, 0x5a, 0xde, 0xff, 0xff, 0xff, 0xff,
    0xff, 0xff, 0xff, 0x20, 0x3, 0xef, 0xff, 0xff,
    0xff, 0xff, 0xff, 0xff, 0xff, 0xff, 0xf3, 0x1,
    0xef, 0xff, 0xff, 0xff, 0xff, 0xff, 0xff, 0xff,
    0xff, 0xff, 0x30, 0x9f, 0xff, 0xff, 0xff, 0xff,
    0xff, 0xff, 0xff, 0xff, 0xff, 0xf2, 0xe, 0xff,
    0xff, 0x83, 0x21, 0x11, 0x11, 0x11, 0x11, 0x11,
    0x11, 0x2, 0xff, 0xff, 0x80, 0x0, 0x0, 0x0,
    0x0, 0x0, 0x0, 0x0, 0x0, 0x3f, 0xff, 0xf3,
    0x0, 0x0, 0x0, 0x0, 0x0, 0x0, 0x0, 0x0,
    0x4, 0xff, 0xff, 0x20, 0x0, 0x0, 0x0, 0x0,
    0x0, 0x0, 0x0, 0x0, 0x4f, 0xff, 0xff, 0xff,
    0xff, 0xff, 0xff, 0xff, 0xff, 0xff, 0xfe, 0x4,
    0xff, 0xff, 0xff, 0xff, 0xff, 0xff, 0xff, 0xff,
    0xff, 0xff, 0xf0, 0x4f, 0xff, 0xff, 0xff, 0xff,
    0xff, 0xff, 0xff, 0xff, 0xff, 0xff, 0x4, 0xff,
    0xff, 0xed, 0xdd, 0xdd, 0xdd, 0xdd, 0xdd, 0xdd,
    0xdd, 0xc0, 0x4f, 0xff, 0xf1, 0x0, 0x0, 0x0,
    0x0, 0x0, 0x0, 0x0, 0x0, 0x4, 0xff, 0xff,
    0x10, 0x0, 0x0, 0x0, 0x0, 0x0, 0x0, 0x0,
    0x0, 0x4f, 0xff, 0xf1, 0x0, 0x0, 0x0, 0x0,
    0x0, 0x0, 0x0, 0x0, 0x4, 0xff, 0xff, 0x10,
    0x0, 0x0, 0x0, 0x0, 0x0, 0x0, 0x0, 0x0,
    0x4f, 0xff, 0xf1, 0x0, 0x0, 0x0, 0x0, 0x0,
    0x0, 0x0, 0x0, 0x4, 0xff, 0xff, 0x10, 0x0,
    0x0, 0x0, 0x0, 0x0, 0x0, 0x0, 0x0, 0x4f,
    0xff, 0xf1, 0x0, 0x0, 0x0, 0x0, 0x0, 0x0,
    0x0, 0x0, 0x3, 0xff, 0xff, 0x10, 0x0, 0x0,
    0x0, 0x0, 0x0, 0x0, 0x0, 0x0,

    /* U+0047 "G" */
    0x0, 0x0, 0x5a, 0xde, 0xff, 0xff, 0xff, 0xff,
    0xff, 0xff, 0xff, 0xff, 0x10, 0x3, 0xef, 0xff,
    0xff, 0xff, 0xff, 0xff, 0xff, 0xff, 0xff, 0xff,
    0xf2, 0x1, 0xef, 0xff, 0xff, 0xff, 0xff, 0xff,
    0xff, 0xff, 0xff, 0xff, 0xff, 0x20, 0x9f, 0xff,
    0xff, 0xff, 0xff, 0xff, 0xff, 0xff, 0xff, 0xff,
    0xff, 0xf1, 0xe, 0xff, 0xff, 0xa4, 0x32, 0x22,
    0x22, 0x22, 0x22, 0x22, 0x22, 0x21, 0x2, 0xff,
    0xff, 0xa0, 0x0, 0x0, 0x0, 0x0, 0x0, 0x0,
    0x0, 0x0, 0x0, 0x3f, 0xff, 0xf4, 0x0, 0x0,
    0x0, 0x0, 0x0, 0x0, 0x0, 0x0, 0x0, 0x4,
    0xff, 0xff, 0x20, 0x0, 0x0, 0x0, 0x0, 0x0,
    0x0, 0x0, 0x0, 0x0, 0x4f, 0xff, 0xf1, 0x0,
    0x0, 0x6f, 0xff, 0xff, 0xff, 0xff, 0xff, 0xfe,
    0x4, 0xff, 0xff, 0x10, 0x0, 0x7, 0xff, 0xff,
    0xff, 0xff, 0xff, 0xff, 0xf1, 0x4f, 0xff, 0xf1,
    0x0, 0x0, 0x7f, 0xff, 0xff, 0xff, 0xff, 0xff,
    0xff, 0x14, 0xff, 0xff, 0x10, 0x0, 0x4, 0xdd,
    0xdd, 0xdd, 0xdd, 0xef, 0xff, 0xf1, 0x4f, 0xff,
    0xf2, 0x0, 0x0, 0x0, 0x0, 0x0, 0x0, 0x0,
    0xff, 0xff, 0x13, 0xff, 0xff, 0x40, 0x0, 0x0,
    0x0, 0x0, 0x0, 0x0, 0xf, 0xff, 0xf1, 0x2f,
    0xff, 0xf9, 0x0, 0x0, 0x0, 0x0, 0x0, 0x0,
    0x0, 0xff, 0xff, 0x10, 0xef, 0xff, 0xf9, 0x32,
    0x11, 0x11, 0x11, 0x11, 0x12, 0x8f, 0xff, 0xf1,
    0x9, 0xff, 0xff, 0xff, 0xff, 0xff, 0xff, 0xff,
    0xff, 0xff, 0xff, 0xff, 0x0, 0x2e, 0xff, 0xff,
    0xff, 0xff, 0xff, 0xff, 0xff, 0xff, 0xff, 0xff,
    0xd0, 0x0, 0x3e, 0xff, 0xff, 0xff, 0xff, 0xff,
    0xff, 0xff, 0xff, 0xff, 0xf7, 0x0, 0x0, 0x6,
    0xad, 0xff, 0xff, 0xff, 0xff, 0xff, 0xff, 0xff,
    0xd7, 0x0,

    /* U+0048 "H" */
    0xe, 0xff, 0xf4, 0x0, 0x0, 0x0, 0x0, 0x0,
    0x0, 0xf, 0xff, 0xf4, 0xf, 0xff, 0xf5, 0x0,
    0x0, 0x0, 0x0, 0x0, 0x0, 0x1f, 0xff, 0xf5,
    0xf, 0xff, 0xf5, 0x0, 0x0, 0x0, 0x0, 0x0,
    0x0, 0x1f, 0xff, 0xf5, 0xf, 0xff, 0xf5, 0x0,
    0x0, 0x0, 0x0, 0x0, 0x0, 0x1f, 0xff, 0xf5,
    0xf, 0xff, 0xf5, 0x0, 0x0, 0x0, 0x0, 0x0,
    0x0, 0x1f, 0xff, 0xf5, 0xf, 0xff, 0xf5, 0x0,
    0x0, 0x0, 0x0, 0x0, 0x0, 0x1f, 0xff, 0xf5,
    0xf, 0xff, 0xf5, 0x0, 0x0, 0x0, 0x0, 0x0,
    0x0, 0x1f, 0xff, 0xf5, 0xf, 0xff, 0xf5, 0x0,
    0x0, 0x0, 0x0, 0x0, 0x0, 0x1f, 0xff, 0xf5,
    0xf, 0xff, 0xff, 0xff, 0xff, 0xff, 0xff, 0xff,
    0xff, 0xff, 0xff, 0xf5, 0xf, 0xff, 0xff, 0xff,
    0xff, 0xff, 0xff, 0xff, 0xff, 0xff, 0xff, 0xf5,
    0xf, 0xff, 0xff, 0xff, 0xff, 0xff, 0xff, 0xff,
    0xff, 0xff, 0xff, 0xf5, 0xf, 0xff, 0xff, 0xff,
    0xff, 0xff, 0xff, 0xff, 0xff, 0xff, 0xff, 0xf5,
    0xf, 0xff, 0xf5, 0x0, 0x0, 0x0, 0x0, 0x0,
    0x0, 0x1f, 0xff, 0xf5, 0xf, 0xff, 0xf5, 0x0,
    0x0, 0x0, 0x0, 0x0, 0x0, 0x1f, 0xff, 0xf5,
    0xf, 0xff, 0xf5, 0x0, 0x0, 0x0, 0x0, 0x0,
    0x0, 0x1f, 0xff, 0xf5, 0xf, 0xff, 0xf5, 0x0,
    0x0, 0x0, 0x0, 0x0, 0x0, 0x1f, 0xff, 0xf5,
    0xf, 0xff, 0xf5, 0x0, 0x0, 0x0, 0x0, 0x0,
    0x0, 0x1f, 0xff, 0xf5, 0xf, 0xff, 0xf5, 0x0,
    0x0, 0x0, 0x0, 0x0, 0x0, 0x1f, 0xff, 0xf5,
    0xf, 0xff, 0xf5, 0x0, 0x0, 0x0, 0x0, 0x0,
    0x0, 0x1f, 0xff, 0xf5, 0xe, 0xff, 0xf4, 0x0,
    0x0, 0x0, 0x0, 0x0, 0x0, 0xf, 0xff, 0xf4,

    /* U+0049 "I" */
    0xe, 0xff, 0xf4, 0xf, 0xff, 0xf5, 0xf, 0xff,
    0xf5, 0xf, 0xff, 0xf5, 0xf, 0xff, 0xf5, 0xf,
    0xff, 0xf5, 0xf, 0xff, 0xf5, 0xf, 0xff, 0xf5,
    0xf, 0xff, 0xf5, 0xf, 0xff, 0xf5, 0xf, 0xff,
    0xf5, 0xf, 0xff, 0xf5, 0xf, 0xff, 0xf5, 0xf,
    0xff, 0xf5, 0xf, 0xff, 0xf5, 0xf, 0xff, 0xf5,
    0xf, 0xff, 0xf5, 0xf, 0xff, 0xf5, 0xf, 0xff,
    0xf5, 0xe, 0xff, 0xf4,

    /* U+004A "J" */
    0x0, 0x0, 0x0, 0x0, 0x0, 0x0, 0x0, 0x0,
    0x8f, 0xff, 0xb0, 0x0, 0x0, 0x0, 0x0, 0x0,
    0x0, 0x0, 0xa, 0xff, 0xfc, 0x0, 0x0, 0x0,
    0x0, 0x0, 0x0, 0x0, 0x0, 0xaf, 0xff, 0xc0,
    0x0, 0x0, 0x0, 0x0, 0x0, 0x0, 0x0, 0xa,
    0xff, 0xfc, 0x0, 0x0, 0x0, 0x0, 0x0, 0x0,
    0x0, 0x0, 0xaf, 0xff, 0xc0, 0x0, 0x0, 0x0,
    0x0, 0x0, 0x0, 0x0, 0xa, 0xff, 0xfc, 0x0,
    0x0, 0x0, 0x0, 0x0, 0x0, 0x0, 0x0, 0xaf,
    0xff, 0xc0, 0x0, 0x0, 0x0, 0x0, 0x0, 0x0,
    0x0, 0xa, 0xff, 0xfc, 0x0, 0x0, 0x0, 0x0,
    0x0, 0x0, 0x0, 0x0, 0xaf, 0xff, 0xc0, 0x0,
    0x0, 0x0, 0x0, 0x0, 0x0, 0x0, 0xa, 0xff,
    0xfc, 0x0, 0x0, 0x0, 0x0, 0x0, 0x0, 0x0,
    0x0, 0xaf, 0xff, 0xc0, 0x0, 0x0, 0x0, 0x0,
    0x0, 0x0, 0x0, 0xa, 0xff, 0xfc, 0x0, 0x0,
    0x0, 0x0, 0x0, 0x0, 0x0, 0x0, 0xbf, 0xff,
    0xc0, 0x0, 0x0, 0x0, 0x0, 0x0, 0x0, 0x0,
    0xc, 0xff, 0xfb, 0x0, 0x0, 0x0, 0x0, 0x0,
    0x0, 0x0, 0x2, 0xff, 0xff, 0xa0, 0x12, 0x22,
    0x22, 0x22, 0x22, 0x22, 0x36, 0xef, 0xff, 0xf7,
    0x4f, 0xff, 0xff, 0xff, 0xff, 0xff, 0xff, 0xff,
    0xff, 0xff, 0x15, 0xff, 0xff, 0xff, 0xff, 0xff,
    0xff, 0xff, 0xff, 0xff, 0x80, 0x5f, 0xff, 0xff,
    0xff, 0xff, 0xff, 0xff, 0xff, 0xff, 0x90, 0x3,
    0xff, 0xff, 0xff, 0xff, 0xff, 0xff, 0xfe, 0xc8,
    0x20, 0x0,

    /* U+004B "K" */
    0xe, 0xff, 0xf4, 0x0, 0x0, 0x0, 0x0, 0x0,
    0x6, 0xff, 0xff, 0x60, 0xf, 0xff, 0xf5, 0x0,
    0x0, 0x0, 0x0, 0x0, 0x3f, 0xff, 0xfc, 0x0,
    0xf, 0xff, 0xf5, 0x0, 0x0, 0x0, 0x0, 0x1,
    0xef, 0xff, 0xe1, 0x0, 0xf, 0xff, 0xf5, 0x0,
    0x0, 0x0, 0x0, 0xc, 0xff, 0xff, 0x40, 0x0,
    0xf, 0xff, 0xf5, 0x0, 0x0, 0x0, 0x0, 0x9f,
    0xff, 0xf7, 0x0, 0x0, 0xf, 0xff, 0xf5, 0x0,
    0x0, 0x0, 0x5, 0xff, 0xff, 0xa0, 0x0, 0x0,
    0xf, 0xff, 0xf5, 0x0, 0x0, 0x0, 0x2f, 0xff,
    0xfd, 0x0, 0x0, 0x0, 0xf, 0xff, 0xf5, 0x0,
    0x0, 0x4, 0xef, 0xff, 0xe2, 0x0, 0x0, 0x0,
    0xf, 0xff, 0xff, 0xff, 0xff, 0xff, 0xff, 0xff,
    0x40, 0x0, 0x0, 0x0, 0xf, 0xff, 0xff, 0xff,
    0xff, 0xff, 0xff, 0xf6, 0x0, 0x0, 0x0, 0x0,
    0xf, 0xff, 0xff, 0xff, 0xff, 0xff, 0xff, 0xfe,
    0x20, 0x0, 0x0, 0x0, 0xf, 0xff, 0xfc, 0xaa,
    0xaa, 0xbd, 0xff, 0xff, 0xe2, 0x0, 0x0, 0x0,
    0xf, 0xff, 0xf5, 0x0, 0x0, 0x0, 0x6f, 0xff,
    0xfd, 0x0, 0x0, 0x0, 0xf, 0xff, 0xf5, 0x0,
    0x0, 0x0, 0x8, 0xff, 0xff, 0xa0, 0x0, 0x0,
    0xf, 0xff, 0xf5, 0x0, 0x0, 0x0, 0x0, 0xbf,
    0xff, 0xf7, 0x0, 0x0, 0xf, 0xff, 0xf5, 0x0,
    0x0, 0x0, 0x0, 0x1d, 0xff, 0xff, 0x40, 0x0,
    0xf, 0xff, 0xf5, 0x0, 0x0, 0x0, 0x0, 0x2,
    0xff, 0xff, 0xe1, 0x0, 0xf, 0xff, 0xf5, 0x0,
    0x0, 0x0, 0x0, 0x0, 0x5f, 0xff, 0xfc, 0x0,
    0xf, 0xff, 0xf5, 0x0, 0x0, 0x0, 0x0, 0x0,
    0x8, 0xff, 0xff, 0xa0, 0xe, 0xff, 0xf4, 0x0,
    0x0, 0x0, 0x0, 0x0, 0x0, 0xbf, 0xff, 0xf3,

    /* U+004C "L" */
    0xf, 0xff, 0xf3, 0x0, 0x0, 0x0, 0x0, 0x0,
    0x0, 0x0, 0x0, 0x1f, 0xff, 0xf4, 0x0, 0x0,
    0x0, 0x0, 0x0, 0x0, 0x0, 0x0, 0x1f, 0xff,
    0xf4, 0x0, 0x0, 0x0, 0x0, 0x0, 0x0, 0x0,
    0x0, 0x1f, 0xff, 0xf4, 0x0, 0x0, 0x0, 0x0,
    0x0, 0x0, 0x0, 0x0, 0x1f, 0xff, 0xf4, 0x0,
    0x0, 0x0, 0x0, 0x0, 0x0, 0x0, 0x0, 0x1f,
    0xff, 0xf4, 0x0, 0x0, 0x0, 0x0, 0x0, 0x0,
    0x0, 0x0, 0x1f, 0xff, 0xf4, 0x0, 0x0, 0x0,
    0x0, 0x0, 0x0, 0x0, 0x0, 0x1f, 0xff, 0xf4,
    0x0, 0x0, 0x0, 0x0, 0x0, 0x0, 0x0, 0x0,
    0x1f, 0xff, 0xf4, 0x0, 0x0, 0x0, 0x0, 0x0,
    0x0, 0x0, 0x0, 0x1f, 0xff, 0xf4, 0x0, 0x0,
    0x0, 0x0, 0x0, 0x0, 0x0, 0x0, 0x1f, 0xff,
    0xf4, 0x0, 0x0, 0x0, 0x0, 0x0, 0x0, 0x0,
    0x0, 0x1f, 0xff, 0xf4, 0x0, 0x0, 0x0, 0x0,
    0x0, 0x0, 0x0, 0x0, 0x1f, 0xff, 0xf5, 0x0,
    0x0, 0x0, 0x0, 0x0, 0x0, 0x0, 0x0, 0xf,
    0xff, 0xf7, 0x0, 0x0, 0x0, 0x0, 0x0, 0x0,
    0x0, 0x0, 0xf, 0xff, 0xfc, 0x0, 0x0, 0x0,
    0x0, 0x0, 0x0, 0x0, 0x0, 0xc, 0xff, 0xff,
    0xb5, 0x32, 0x22, 0x22, 0x22, 0x22, 0x22, 0x20,
    0x6, 0xff, 0xff, 0xff, 0xff, 0xff, 0xff, 0xff,
    0xff, 0xff, 0xf7, 0x0, 0xdf, 0xff, 0xff, 0xff,
    0xff, 0xff, 0xff, 0xff, 0xff, 0xf8, 0x0, 0x2c,
    0xff, 0xff, 0xff, 0xff, 0xff, 0xff, 0xff, 0xff,
    0xf8, 0x0, 0x0, 0x5a, 0xde, 0xff, 0xff, 0xff,
    0xff, 0xff, 0xff, 0xf6,

    /* U+004D "M" */
    0x5, 0xdf, 0xff, 0xfe, 0x90, 0x0, 0x0, 0x0,
    0x0, 0x0, 0x0, 0x2, 0xcf, 0xff, 0xff, 0xb1,
    0xe, 0xff, 0xff, 0xff, 0xf8, 0x0, 0x0, 0x0,
    0x0, 0x0, 0x0, 0xc, 0xff, 0xff, 0xff, 0xf8,
    0xf, 0xff, 0xff, 0xff, 0xfe, 0x0, 0x0, 0x0,
    0x0, 0x0, 0x0, 0x4f, 0xff, 0xff, 0xff, 0xfa,
    0xf, 0xff, 0xff, 0xff, 0xff, 0x60, 0x0, 0x0,
    0x0, 0x0, 0x0, 0xbf, 0xff, 0xff, 0xff, 0xfb,
    0xf, 0xff, 0xf8, 0xdf, 0xff, 0xd0, 0x0, 0x0,
    0x0, 0x0, 0x2, 0xff, 0xff, 0x9c, 0xff, 0xfb,
    0xf, 0xff, 0xf4, 0x6f, 0xff, 0xf4, 0x0, 0x0,
    0x0, 0x0, 0x9, 0xff, 0xff, 0x1a, 0xff, 0xfb,
    0xf, 0xff, 0xf4, 0xe, 0xff, 0xfb, 0x0, 0x0,
    0x0, 0x0, 0x1f, 0xff, 0xf9, 0xa, 0xff, 0xfb,
    0xf, 0xff, 0xf4, 0x8, 0xff, 0xff, 0x20, 0x0,
    0x0, 0x0, 0x7f, 0xff, 0xf2, 0xa, 0xff, 0xfb,
    0xf, 0xff, 0xf4, 0x1, 0xff, 0xff, 0x90, 0x0,
    0x0, 0x0, 0xdf, 0xff, 0xb0, 0xa, 0xff, 0xfb,
    0xf, 0xff, 0xf4, 0x0, 0x9f, 0xff, 0xf1, 0x0,
    0x0, 0x5, 0xff, 0xff, 0x40, 0xa, 0xff, 0xfb,
    0xf, 0xff, 0xf4, 0x0, 0x2f, 0xff, 0xf7, 0x0,
    0x0, 0xc, 0xff, 0xfd, 0x0, 0xa, 0xff, 0xfb,
    0xf, 0xff, 0xf4, 0x0, 0xb, 0xff, 0xfe, 0x0,
    0x0, 0x2f, 0xff, 0xf6, 0x0, 0xa, 0xff, 0xfb,
    0xf, 0xff, 0xf4, 0x0, 0x4, 0xff, 0xff, 0x50,
    0x0, 0x9f, 0xff, 0xe0, 0x0, 0xa, 0xff, 0xfb,
    0xf, 0xff, 0xf4, 0x0, 0x0, 0xdf, 0xff, 0xc0,
    0x1, 0xff, 0xff, 0x80, 0x0, 0xa, 0xff, 0xfb,
    0xf, 0xff, 0xf4, 0x0, 0x0, 0x6f, 0xff, 0xf3,
    0x7, 0xff, 0xff, 0x10, 0x0, 0xa, 0xff, 0xfb,
    0xf, 0xff, 0xf4, 0x0, 0x0, 0xe, 0xff, 0xfa,
    0xe, 0xff, 0xfa, 0x0, 0x0, 0xa, 0xff, 0xfb,
    0xf, 0xff, 0xf4, 0x0, 0x0, 0x8, 0xff, 0xff,
    0xff, 0xff, 0xf3, 0x0, 0x0, 0xa, 0xff, 0xfb,
    0xf, 0xff, 0xf4, 0x0, 0x0, 0x1, 0xff, 0xff,
    0xff, 0xff, 0xb0, 0x0, 0x0, 0xa, 0xff, 0xfb,
    0xf, 0xff, 0xf4, 0x0, 0x0, 0x0, 0x7f, 0xff,
    0xff, 0xff, 0x30, 0x0, 0x0, 0xa, 0xff, 0xfb,
    0xe, 0xff, 0xf3, 0x0, 0x0, 0x0, 0x7, 0xef,
    0xff, 0xc4, 0x0, 0x0, 0x0, 0x8, 0xff, 0xf9,

    /* U+004E "N" */
    0x4, 0xdf, 0xff, 0xfd, 0x60, 0x0, 0x0, 0x0,
    0x0, 0x0, 0xd, 0xff, 0xf5, 0xd, 0xff, 0xff,
    0xff, 0xf5, 0x0, 0x0, 0x0, 0x0, 0x0, 0xf,
    0xff, 0xf6, 0xf, 0xff, 0xff, 0xff, 0xff, 0x20,
    0x0, 0x0, 0x0, 0x0, 0xf, 0xff, 0xf6, 0xf,
    0xff, 0xff, 0xff, 0xff, 0xd0, 0x0, 0x0, 0x0,
    0x0, 0xf, 0xff, 0xf6, 0xf, 0xff, 0xf8, 0xcf,
    0xff, 0xfa, 0x0, 0x0, 0x0, 0x0, 0xf, 0xff,
    0xf6, 0xf, 0xff, 0xf5, 0x1e, 0xff, 0xff, 0x70,
    0x0, 0x0, 0x0, 0xf, 0xff, 0xf6, 0xf, 0xff,
    0xf5, 0x4, 0xff, 0xff, 0xf3, 0x0, 0x0, 0x0,
    0xf, 0xff, 0xf6, 0xf, 0xff, 0xf5, 0x0, 0x7f,
    0xff, 0xfe, 0x10, 0x0, 0x0, 0xf, 0xff, 0xf6,
    0xf, 0xff, 0xf5, 0x0, 0xb, 0xff, 0xff, 0xb0,
    0x0, 0x0, 0xf, 0xff, 0xf6, 0xf, 0xff, 0xf5,
    0x0, 0x1, 0xdf, 0xff, 0xf8, 0x0, 0x0, 0xf,
    0xff, 0xf6, 0xf, 0xff, 0xf5, 0x0, 0x0, 0x3f,
    0xff, 0xff, 0x40, 0x0, 0xf, 0xff, 0xf6, 0xf,
    0xff, 0xf5, 0x0, 0x0, 0x6, 0xff, 0xff, 0xe2,
    0x0, 0xf, 0xff, 0xf6, 0xf, 0xff, 0xf5, 0x0,
    0x0, 0x0, 0x9f, 0xff, 0xfc, 0x0, 0xf, 0xff,
    0xf6, 0xf, 0xff, 0xf5, 0x0, 0x0, 0x0, 0xc,
    0xff, 0xff, 0x90, 0xf, 0xff, 0xf6, 0xf, 0xff,
    0xf5, 0x0, 0x0, 0x0, 0x2, 0xef, 0xff, 0xf5,
    0xf, 0xff, 0xf6, 0xf, 0xff, 0xf5, 0x0, 0x0,
    0x0, 0x0, 0x4f, 0xff, 0xff, 0x5f, 0xff, 0xf6,
    0xf, 0xff, 0xf5, 0x0, 0x0, 0x0, 0x0, 0x8,
    0xff, 0xff, 0xff, 0xff, 0xf6, 0xf, 0xff, 0xf5,
    0x0, 0x0, 0x0, 0x0, 0x0, 0xbf, 0xff, 0xff,
    0xff, 0xf5, 0xf, 0xff, 0xf5, 0x0, 0x0, 0x0,
    0x0, 0x0, 0x1e, 0xff, 0xff, 0xff, 0xf3, 0xe,
    0xff, 0xf3, 0x0, 0x0, 0x0, 0x0, 0x0, 0x2,
    0xcf, 0xff, 0xfe, 0x80,

    /* U+004F "O" */
    0x0, 0x0, 0x5a, 0xde, 0xff, 0xff, 0xff, 0xff,
    0xff, 0xfe, 0xc9, 0x30, 0x0, 0x0, 0x3d, 0xff,
    0xff, 0xff, 0xff, 0xff, 0xff, 0xff, 0xff, 0xff,
    0xfa, 0x0, 0x1, 0xef, 0xff, 0xff, 0xff, 0xff,
    0xff, 0xff, 0xff, 0xff, 0xff, 0xff, 0xa0, 0x9,
    0xff, 0xff, 0xff, 0xff, 0xff, 0xff, 0xff, 0xff,
    0xff, 0xff, 0xff, 0xf3, 0xe, 0xff, 0xff, 0x94,
    0x21, 0x11, 0x11, 0x11, 0x11, 0x35, 0xdf, 0xff,
    0xf8, 0x2f, 0xff, 0xf9, 0x0, 0x0, 0x0, 0x0,
    0x0, 0x0, 0x0, 0x1f, 0xff, 0xfb, 0x3f, 0xff,
    0xf4, 0x0, 0x0, 0x0, 0x0, 0x0, 0x0, 0x0,
    0xa, 0xff, 0xfd, 0x4f, 0xff, 0xf2, 0x0, 0x0,
    0x0, 0x0, 0x0, 0x0, 0x0, 0x9, 0xff, 0xfe,
    0x4f, 0xff, 0xf1, 0x0, 0x0, 0x0, 0x0, 0x0,
    0x0, 0x0, 0x8, 0xff, 0xfe, 0x4f, 0xff, 0xf1,
    0x0, 0x0, 0x0, 0x0, 0x0, 0x0, 0x0, 0x8,
    0xff, 0xfe, 0x4f, 0xff, 0xf1, 0x0, 0x0, 0x0,
    0x0, 0x0, 0x0, 0x0, 0x8, 0xff, 0xfe, 0x4f,
    0xff, 0xf1, 0x0, 0x0, 0x0, 0x0, 0x0, 0x0,
    0x0, 0x8, 0xff, 0xfe, 0x4f, 0xff, 0xf2, 0x0,
    0x0, 0x0, 0x0, 0x0, 0x0, 0x0, 0x9, 0xff,
    0xfe, 0x3f, 0xff, 0xf4, 0x0, 0x0, 0x0, 0x0,
    0x0, 0x0, 0x0, 0xa, 0xff, 0xfd, 0x2f, 0xff,
    0xf9, 0x0, 0x0, 0x0, 0x0, 0x0, 0x0, 0x0,
    0x1f, 0xff, 0xfb, 0xe, 0xff, 0xff, 0x93, 0x21,
    0x11, 0x11, 0x11, 0x11, 0x35, 0xdf, 0xff, 0xf8,
    0x9, 0xff, 0xff, 0xff, 0xff, 0xff, 0xff, 0xff,
    0xff, 0xff, 0xff, 0xff, 0xf3, 0x2, 0xef, 0xff,
    0xff, 0xff, 0xff, 0xff, 0xff, 0xff, 0xff, 0xff,
    0xff, 0xa0, 0x0, 0x3e, 0xff, 0xff, 0xff, 0xff,
    0xff, 0xff, 0xff, 0xff, 0xff, 0xfa, 0x0, 0x0,
    0x0, 0x6a, 0xde, 0xff, 0xff, 0xff, 0xff, 0xff,
    0xfe, 0xc9, 0x30, 0x0,

    /* U+0050 "P" */
    0xd, 0xff, 0xff, 0xff, 0xff, 0xff, 0xff, 0xff,
    0xff, 0xdb, 0x60, 0x0, 0xf, 0xff, 0xff, 0xff,
    0xff, 0xff, 0xff, 0xff, 0xff, 0xff, 0xfd, 0x20,
    0xf, 0xff, 0xff, 0xff, 0xff, 0xff, 0xff, 0xff,
    0xff, 0xff, 0xff, 0xb0, 0xf, 0xff, 0xff, 0xff,
    0xff, 0xff, 0xff, 0xff, 0xff, 0xff, 0xff, 0xf3,
    0xf, 0xff, 0xf7, 0x11, 0x11, 0x11, 0x11, 0x11,
    0x13, 0xbf, 0xff, 0xf6, 0xf, 0xff, 0xf5, 0x0,
    0x0, 0x0, 0x0, 0x0, 0x0, 0xf, 0xff, 0xf8,
    0xf, 0xff, 0xf5, 0x0, 0x0, 0x0, 0x0, 0x0,
    0x0, 0xd, 0xff, 0xf9, 0xf, 0xff, 0xf5, 0x0,
    0x0, 0x0, 0x0, 0x0, 0x0, 0xd, 0xff, 0xf9,
    0xf, 0xff, 0xf5, 0x0, 0x0, 0x0, 0x0, 0x0,
    0x0, 0xf, 0xff, 0xf8, 0xf, 0xff, 0xf5, 0x0,
    0x0, 0x0, 0x0, 0x0, 0x2, 0xaf, 0xff, 0xf6,
    0xf, 0xff, 0xff, 0xff, 0xff, 0xff, 0xff, 0xff,
    0xff, 0xff, 0xff, 0xf3, 0xf, 0xff, 0xff, 0xff,
    0xff, 0xff, 0xff, 0xff, 0xff, 0xff, 0xff, 0xb0,
    0xf, 0xff, 0xff, 0xff, 0xff, 0xff, 0xff, 0xff,
    0xff, 0xff, 0xfd, 0x20, 0xf, 0xff, 0xff, 0xff,
    0xff, 0xff, 0xff, 0xff, 0xff, 0xdb, 0x60, 0x0,
    0xf, 0xff, 0xf5, 0x0, 0x0, 0x0, 0x0, 0x0,
    0x0, 0x0, 0x0, 0x0, 0xf, 0xff, 0xf5, 0x0,
    0x0, 0x0, 0x0, 0x0, 0x0, 0x0, 0x0, 0x0,
    0xf, 0xff, 0xf5, 0x0, 0x0, 0x0, 0x0, 0x0,
    0x0, 0x0, 0x0, 0x0, 0xf, 0xff, 0xf5, 0x0,
    0x0, 0x0, 0x0, 0x0, 0x0, 0x0, 0x0, 0x0,
    0xf, 0xff, 0xf5, 0x0, 0x0, 0x0, 0x0, 0x0,
    0x0, 0x0, 0x0, 0x0, 0xe, 0xff, 0xf4, 0x0,
    0x0, 0x0, 0x0, 0x0, 0x0, 0x0, 0x0, 0x0,

    /* U+0051 "Q" */
    0x0, 0x0, 0x5a, 0xde, 0xff, 0xff, 0xff, 0xff,
    0xff, 0xfe, 0xc8, 0x30, 0x0, 0x0, 0x2d, 0xff,
    0xff, 0xff, 0xff, 0xff, 0xff, 0xff, 0xff, 0xff,
    0xf9, 0x0, 0x1, 0xef, 0xff, 0xff, 0xff, 0xff,
    0xff, 0xff, 0xff, 0xff, 0xff, 0xff, 0x90, 0x8,
    0xff, 0xff, 0xff, 0xff, 0xff, 0xff, 0xff, 0xff,
    0xff, 0xff, 0xff, 0xf2, 0xe, 0xff, 0xff, 0x94,
    0x21, 0x11, 0x11, 0x11, 0x11, 0x35, 0xdf, 0xff,
    0xf8, 0x1f, 0xff, 0xf9, 0x0, 0x0, 0x0, 0x0,
    0x0, 0x0, 0x0, 0x1f, 0xff, 0xfb, 0x3f, 0xff,
    0xf4, 0x0, 0x0, 0x0, 0x0, 0x0, 0x0, 0x0,
    0xb, 0xff, 0xfd, 0x4f, 0xff, 0xf2, 0x0, 0x0,
    0x0, 0x0, 0x0, 0x0, 0x0, 0x9, 0xff, 0xfd,
    0x4f, 0xff, 0xf2, 0x0, 0x0, 0x0, 0x0, 0x0,
    0x0, 0x0, 0x8, 0xff, 0xfe, 0x4f, 0xff, 0xf1,
    0x0, 0x0, 0x0, 0x0, 0x0, 0x0, 0x0, 0x8,
    0xff, 0xfe, 0x4f, 0xff, 0xf1, 0x0, 0x0, 0x0,
    0x0, 0x0, 0x0, 0x0, 0x8, 0xff, 0xfe, 0x4f,
    0xff, 0xf2, 0x0, 0x0, 0x0, 0x0, 0x0, 0x0,
    0x0, 0x8, 0xff, 0xfe, 0x4f, 0xff, 0xf2, 0x0,
    0x0, 0x0, 0x0, 0x0, 0x0, 0x0, 0x9, 0xff,
    0xfd, 0x3f, 0xff, 0xf4, 0x0, 0x0, 0x0, 0x0,
    0x0, 0x0, 0x0, 0xb, 0xff, 0xfc, 0x1f, 0xff,
    0xf9, 0x0, 0x0, 0x0, 0x0, 0x0, 0x0, 0x0,
    0x1f, 0xff, 0xfa, 0xe, 0xff, 0xff, 0x94, 0x21,
    0x11, 0x11, 0x11, 0x11, 0x35, 0xdf, 0xff, 0xf7,
    0x8, 0xff, 0xff, 0xff, 0xff, 0xff, 0xff, 0xff,
    0xff, 0xff, 0xff, 0xff, 0xf1, 0x1, 0xef, 0xff,
    0xff, 0xff, 0xff, 0xff, 0xff, 0xff, 0xff, 0xff,
    0xff, 0x90, 0x0, 0x3d, 0xff, 0xff, 0xff, 0xff,
    0xff, 0xff, 0xff, 0xff, 0xff, 0xf8, 0x0, 0x0,
    0x0, 0x5a, 0xde, 0xff, 0xff, 0xff, 0xff, 0xff,
    0xff, 0xc7, 0x30, 0x0, 0x0, 0x0, 0x0, 0x0,
    0x0, 0x0, 0x0, 0x7, 0xff, 0xff, 0xa0, 0x0,
    0x0, 0x0, 0x0, 0x0, 0x0, 0x0, 0x0, 0x0,
    0x0, 0xbf, 0xff, 0xf6, 0x0, 0x0, 0x0, 0x0,
    0x0, 0x0, 0x0, 0x0, 0x0, 0x0, 0x1e, 0xff,
    0xff, 0x20, 0x0, 0x0, 0x0, 0x0, 0x0, 0x0,
    0x0, 0x0, 0x0, 0x5, 0xff, 0xff, 0xd0, 0x0,
    0x0, 0x0, 0x0, 0x0, 0x0, 0x0, 0x0, 0x0,
    0x0, 0x9f, 0xff, 0xf7, 0x0, 0x0, 0x0, 0x0,
    0x0, 0x0, 0x0, 0x0, 0x0, 0x0, 0x1, 0x11,
    0x10, 0x0,

    /* U+0052 "R" */
    0xd, 0xff, 0xff, 0xff, 0xff, 0xff, 0xff, 0xff,
    0xff, 0xdb, 0x60, 0x0, 0x0, 0xff, 0xff, 0xff,
    0xff, 0xff, 0xff, 0xff, 0xff, 0xff, 0xff, 0xd2,
    0x0, 0xf, 0xff, 0xff, 0xff, 0xff, 0xff, 0xff,
    0xff, 0xff, 0xff, 0xff, 0xb0, 0x0, 0xff, 0xff,
    0xff, 0xff, 0xff, 0xff, 0xff, 0xff, 0xff, 0xff,
    0xff, 0x30, 0xf, 0xff, 0xf7, 0x11, 0x11, 0x11,
    0x11, 0x11, 0x13, 0xbf, 0xff, 0xf6, 0x0, 0xff,
    0xff, 0x50, 0x0, 0x0, 0x0, 0x0, 0x0, 0x0,
    0xff, 0xff, 0x80, 0xf, 0xff, 0xf5, 0x0, 0x0,
    0x0, 0x0, 0x0, 0x0, 0xd, 0xff, 0xf9, 0x0,
    0xff, 0xff, 0x50, 0x0, 0x0, 0x0, 0x0, 0x0,
    0x0, 0xdf, 0xff, 0x90, 0xf, 0xff, 0xf5, 0x0,
    0x0, 0x0, 0x0, 0x0, 0x0, 0xf, 0xff, 0xf7,
    0x0, 0xff, 0xff, 0x50, 0x0, 0x0, 0x0, 0x0,
    0x0, 0x19, 0xff, 0xff, 0x50, 0xf, 0xff, 0xff,
    0xff, 0xff, 0xff, 0xff, 0xff, 0xff, 0xff, 0xff,
    0xf0, 0x0, 0xff, 0xff, 0xff, 0xff, 0xff, 0xff,
    0xff, 0xff, 0xff, 0xff, 0xf7, 0x0, 0xf, 0xff,
    0xff, 0xff, 0xff, 0xff, 0xff, 0xff, 0xff, 0xff,
    0xe6, 0x0, 0x0, 0xff, 0xff, 0xed, 0xdd, 0xdd,
    0xdd, 0xde, 0xff, 0xff, 0xb0, 0x0, 0x0, 0xf,
    0xff, 0xf5, 0x0, 0x0, 0x0, 0x0, 0x1d, 0xff,
    0xff, 0x50, 0x0, 0x0, 0xff, 0xff, 0x50, 0x0,
    0x0, 0x0, 0x0, 0x2f, 0xff, 0xff, 0x30, 0x0,
    0xf, 0xff, 0xf5, 0x0, 0x0, 0x0, 0x0, 0x0,
    0x5f, 0xff, 0xfe, 0x10, 0x0, 0xff, 0xff, 0x50,
    0x0, 0x0, 0x0, 0x0, 0x0, 0x8f, 0xff, 0xfc,
    0x0, 0xf, 0xff, 0xf5, 0x0, 0x0, 0x0, 0x0,
    0x0, 0x0, 0xbf, 0xff, 0xf9, 0x0, 0xef, 0xff,
    0x40, 0x0, 0x0, 0x0, 0x0, 0x0, 0x1, 0xdf,
    0xff, 0xf3,

    /* U+0053 "S" */
    0x0, 0x2a, 0xdf, 0xff, 0xff, 0xff, 0xff, 0xff,
    0xff, 0xff, 0xf9, 0x0, 0x4f, 0xff, 0xff, 0xff,
    0xff, 0xff, 0xff, 0xff, 0xff, 0xff, 0xb0, 0xe,
    0xff, 0xff, 0xff, 0xff, 0xff, 0xff, 0xff, 0xff,
    0xff, 0xfb, 0x3, 0xff, 0xff, 0xff, 0xff, 0xff,
    0xff, 0xff, 0xff, 0xff, 0xff, 0xa0, 0x5f, 0xff,
    0xf9, 0x21, 0x11, 0x11, 0x11, 0x11, 0x11, 0x11,
    0x10, 0x6, 0xff, 0xff, 0x10, 0x0, 0x0, 0x0,
    0x0, 0x0, 0x0, 0x0, 0x0, 0x6f, 0xff, 0xf0,
    0x0, 0x0, 0x0, 0x0, 0x0, 0x0, 0x0, 0x0,
    0x4, 0xff, 0xff, 0x70, 0x0, 0x0, 0x0, 0x0,
    0x0, 0x0, 0x0, 0x0, 0x2f, 0xff, 0xff, 0xff,
    0xff, 0xff, 0xff, 0xff, 0xff, 0xda, 0x10, 0x0,
    0xbf, 0xff, 0xff, 0xff, 0xff, 0xff, 0xff, 0xff,
    0xff, 0xff, 0x40, 0x2, 0xef, 0xff, 0xff, 0xff,
    0xff, 0xff, 0xff, 0xff, 0xff, 0xfd, 0x0, 0x0,
    0x7b, 0xdd, 0xdd, 0xdd, 0xdd, 0xdd, 0xde, 0xff,
    0xff, 0xf3, 0x0, 0x0, 0x0, 0x0, 0x0, 0x0,
    0x0, 0x0, 0x4, 0xff, 0xff, 0x60, 0x0, 0x0,
    0x0, 0x0, 0x0, 0x0, 0x0, 0x0, 0xf, 0xff,
    0xf7, 0x0, 0x0, 0x0, 0x0, 0x0, 0x0, 0x0,
    0x0, 0x0, 0xff, 0xff, 0x70, 0x11, 0x11, 0x11,
    0x11, 0x11, 0x11, 0x11, 0x12, 0x8f, 0xff, 0xf6,
    0x5f, 0xff, 0xff, 0xff, 0xff, 0xff, 0xff, 0xff,
    0xff, 0xff, 0xff, 0x45, 0xff, 0xff, 0xff, 0xff,
    0xff, 0xff, 0xff, 0xff, 0xff, 0xff, 0xe1, 0x5f,
    0xff, 0xff, 0xff, 0xff, 0xff, 0xff, 0xff, 0xff,
    0xff, 0xf5, 0x4, 0xff, 0xff, 0xff, 0xff, 0xff,
    0xff, 0xff, 0xff, 0xfd, 0xa2, 0x0,

    /* U+0054 "T" */
    0x3f, 0xff, 0xff, 0xff, 0xff, 0xff, 0xff, 0xff,
    0xff, 0xff, 0xff, 0xff, 0x85, 0xff, 0xff, 0xff,
    0xff, 0xff, 0xff, 0xff, 0xff, 0xff, 0xff, 0xff,
    0xfa, 0x5f, 0xff, 0xff, 0xff, 0xff, 0xff, 0xff,
    0xff, 0xff, 0xff, 0xff, 0xff, 0xa4, 0xff, 0xff,
    0xff, 0xff, 0xff, 0xff, 0xff, 0xff, 0xff, 0xff,
    0xff, 0xf9, 0x1, 0x22, 0x22, 0x22, 0x22, 0x9f,
    0xff, 0xd2, 0x22, 0x22, 0x22, 0x22, 0x0, 0x0,
    0x0, 0x0, 0x0, 0x8, 0xff, 0xfd, 0x0, 0x0,
    0x0, 0x0, 0x0, 0x0, 0x0, 0x0, 0x0, 0x0,
    0x8f, 0xff, 0xd0, 0x0, 0x0, 0x0, 0x0, 0x0,
    0x0, 0x0, 0x0, 0x0, 0x8, 0xff, 0xfd, 0x0,
    0x0, 0x0, 0x0, 0x0, 0x0, 0x0, 0x0, 0x0,
    0x0, 0x8f, 0xff, 0xd0, 0x0, 0x0, 0x0, 0x0,
    0x0, 0x0, 0x0, 0x0, 0x0, 0x8, 0xff, 0xfd,
    0x0, 0x0, 0x0, 0x0, 0x0, 0x0, 0x0, 0x0,
    0x0, 0x0, 0x8f, 0xff, 0xd0, 0x0, 0x0, 0x0,
    0x0, 0x0, 0x0, 0x0, 0x0, 0x0, 0x8, 0xff,
    0xfd, 0x0, 0x0, 0x0, 0x0, 0x0, 0x0, 0x0,
    0x0, 0x0, 0x0, 0x8f, 0xff, 0xd0, 0x0, 0x0,
    0x0, 0x0, 0x0, 0x0, 0x0, 0x0, 0x0, 0x8,
    0xff, 0xfd, 0x0, 0x0, 0x0, 0x0, 0x0, 0x0,
    0x0, 0x0, 0x0, 0x0, 0x8f, 0xff, 0xd0, 0x0,
    0x0, 0x0, 0x0, 0x0, 0x0, 0x0, 0x0, 0x0,
    0x8, 0xff, 0xfd, 0x0, 0x0, 0x0, 0x0, 0x0,
    0x0, 0x0, 0x0, 0x0, 0x0, 0x8f, 0xff, 0xd0,
    0x0, 0x0, 0x0, 0x0, 0x0, 0x0, 0x0, 0x0,
    0x0, 0x8, 0xff, 0xfd, 0x0, 0x0, 0x0, 0x0,
    0x0, 0x0, 0x0, 0x0, 0x0, 0x0, 0x8f, 0xff,
    0xd0, 0x0, 0x0, 0x0, 0x0, 0x0, 0x0, 0x0,
    0x0, 0x0, 0x7, 0xff, 0xfc, 0x0, 0x0, 0x0,
    0x0, 0x0,

    /* U+0055 "U" */
    0xf, 0xff, 0xf3, 0x0, 0x0, 0x0, 0x0, 0x0,
    0x0, 0x0, 0xe, 0xff, 0xf5, 0x1f, 0xff, 0xf4,
    0x0, 0x0, 0x0, 0x0, 0x0, 0x0, 0x0, 0xf,
    0xff, 0xf7, 0x1f, 0xff, 0xf4, 0x0, 0x0, 0x0,
    0x0, 0x0, 0x0, 0x0, 0xf, 0xff, 0xf7, 0x1f,
    0xff, 0xf4, 0x0, 0x0, 0x0, 0x0, 0x0, 0x0,
    0x0, 0xf, 0xff, 0xf7, 0x1f, 0xff, 0xf4, 0x0,
    0x0, 0x0, 0x0, 0x0, 0x0, 0x0, 0xf, 0xff,
    0xf7, 0x1f, 0xff, 0xf4, 0x0, 0x0, 0x0, 0x0,
    0x0, 0x0, 0x0, 0xf, 0xff, 0xf7, 0x1f, 0xff,
    0xf4, 0x0, 0x0, 0x0, 0x0, 0x0, 0x0, 0x0,
    0xf, 0xff, 0xf7, 0x1f, 0xff, 0xf4, 0x0, 0x0,
    0x0, 0x0, 0x0, 0x0, 0x0, 0xf, 0xff, 0xf7,
    0x1f, 0xff, 0xf4, 0x0, 0x0, 0x0, 0x0, 0x0,
    0x0, 0x0, 0xf, 0xff, 0xf7, 0x1f, 0xff, 0xf4,
    0x0, 0x0, 0x0, 0x0, 0x0, 0x0, 0x0, 0xf,
    0xff, 0xf7, 0x1f, 0xff, 0xf4, 0x0, 0x0, 0x0,
    0x0, 0x0, 0x0, 0x0, 0xf, 0xff, 0xf7, 0x1f,
    0xff, 0xf4, 0x0, 0x0, 0x0, 0x0, 0x0, 0x0,
    0x0, 0xf, 0xff, 0xf7, 0x1f, 0xff, 0xf5, 0x0,
    0x0, 0x0, 0x0, 0x0, 0x0, 0x0, 0xf, 0xff,
    0xf7, 0xf, 0xff, 0xf7, 0x0, 0x0, 0x0, 0x0,
    0x0, 0x0, 0x0, 0x2f, 0xff, 0xf6, 0xf, 0xff,
    0xfc, 0x0, 0x0, 0x0, 0x0, 0x0, 0x0, 0x0,
    0x8f, 0xff, 0xf4, 0xc, 0xff, 0xff, 0xb5, 0x32,
    0x22, 0x22, 0x22, 0x22, 0x49, 0xff, 0xff, 0xf1,
    0x6, 0xff, 0xff, 0xff, 0xff, 0xff, 0xff, 0xff,
    0xff, 0xff, 0xff, 0xff, 0xc0, 0x0, 0xdf, 0xff,
    0xff, 0xff, 0xff, 0xff, 0xff, 0xff, 0xff, 0xff,
    0xff, 0x30, 0x0, 0x2c, 0xff, 0xff, 0xff, 0xff,
    0xff, 0xff, 0xff, 0xff, 0xff, 0xf5, 0x0, 0x0,
    0x0, 0x5a, 0xde, 0xff, 0xff, 0xff, 0xff, 0xff,
    0xfd, 0xb7, 0x10, 0x0,

    /* U+0056 "V" */
    0x7f, 0xff, 0xf5, 0x0, 0x0, 0x0, 0x0, 0x0,
    0x0, 0x0, 0x0, 0x2e, 0xff, 0xfa, 0x1e, 0xff,
    0xfe, 0x0, 0x0, 0x0, 0x0, 0x0, 0x0, 0x0,
    0x0, 0xaf, 0xff, 0xf4, 0x7, 0xff, 0xff, 0x70,
    0x0, 0x0, 0x0, 0x0, 0x0, 0x0, 0x3, 0xff,
    0xff, 0xb0, 0x0, 0xdf, 0xff, 0xf1, 0x0, 0x0,
    0x0, 0x0, 0x0, 0x0, 0xb, 0xff, 0xff, 0x20,
    0x0, 0x5f, 0xff, 0xf9, 0x0, 0x0, 0x0, 0x0,
    0x0, 0x0, 0x4f, 0xff, 0xf9, 0x0, 0x0, 0xc,
    0xff, 0xff, 0x20, 0x0, 0x0, 0x0, 0x0, 0x0,
    0xdf, 0xff, 0xf1, 0x0, 0x0, 0x3, 0xff, 0xff,
    0xb0, 0x0, 0x0, 0x0, 0x0, 0x6, 0xff, 0xff,
    0x70, 0x0, 0x0, 0x0, 0xaf, 0xff, 0xf3, 0x0,
    0x0, 0x0, 0x0, 0xe, 0xff, 0xfe, 0x0, 0x0,
    0x0, 0x0, 0x2f, 0xff, 0xfc, 0x0, 0x0, 0x0,
    0x0, 0x7f, 0xff, 0xf6, 0x0, 0x0, 0x0, 0x0,
    0x8, 0xff, 0xff, 0x50, 0x0, 0x0, 0x1, 0xff,
    0xff, 0xd0, 0x0, 0x0, 0x0, 0x0, 0x0, 0xef,
    0xff, 0xd0, 0x0, 0x0, 0x9, 0xff, 0xff, 0x40,
    0x0, 0x0, 0x0, 0x0, 0x0, 0x6f, 0xff, 0xf7,
    0x0, 0x0, 0x2f, 0xff, 0xfb, 0x0, 0x0, 0x0,
    0x0, 0x0, 0x0, 0xd, 0xff, 0xfe, 0x10, 0x0,
    0xaf, 0xff, 0xf2, 0x0, 0x0, 0x0, 0x0, 0x0,
    0x0, 0x4, 0xff, 0xff, 0x80, 0x3, 0xff, 0xff,
    0x90, 0x0, 0x0, 0x0, 0x0, 0x0, 0x0, 0x0,
    0xbf, 0xff, 0xf2, 0xc, 0xff, 0xff, 0x10, 0x0,
    0x0, 0x0, 0x0, 0x0, 0x0, 0x0, 0x3f, 0xff,
    0xfb, 0x6f, 0xff, 0xf8, 0x0, 0x0, 0x0, 0x0,
    0x0, 0x0, 0x0, 0x0, 0x9, 0xff, 0xff, 0xff,
    0xff, 0xe0, 0x0, 0x0, 0x0, 0x0, 0x0, 0x0,
    0x0, 0x0, 0x1, 0xff, 0xff, 0xff, 0xff, 0x60,
    0x0, 0x0, 0x0, 0x0, 0x0, 0x0, 0x0, 0x0,
    0x0, 0x7f, 0xff, 0xff, 0xfc, 0x0, 0x0, 0x0,
    0x0, 0x0, 0x0, 0x0, 0x0, 0x0, 0x0, 0x7,
    0xef, 0xff, 0xb1, 0x0, 0x0, 0x0, 0x0, 0x0,

    /* U+0057 "W" */
    0x5f, 0xff, 0xf1, 0x0, 0x0, 0x0, 0x0, 0x4,
    0xcf, 0xff, 0xfa, 0x10, 0x0, 0x0, 0x0, 0x0,
    0x5f, 0xff, 0xf1, 0x1f, 0xff, 0xf6, 0x0, 0x0,
    0x0, 0x0, 0xd, 0xff, 0xff, 0xff, 0x80, 0x0,
    0x0, 0x0, 0x0, 0xbf, 0xff, 0xd0, 0xc, 0xff,
    0xfb, 0x0, 0x0, 0x0, 0x0, 0x3f, 0xff, 0xff,
    0xff, 0xd0, 0x0, 0x0, 0x0, 0x0, 0xff, 0xff,
    0x80, 0x7, 0xff, 0xff, 0x10, 0x0, 0x0, 0x0,
    0x8f, 0xff, 0xff, 0xff, 0xf3, 0x0, 0x0, 0x0,
    0x5, 0xff, 0xff, 0x30, 0x2, 0xff, 0xff, 0x50,
    0x0, 0x0, 0x0, 0xdf, 0xff, 0x9d, 0xff, 0xf8,
    0x0, 0x0, 0x0, 0xa, 0xff, 0xfe, 0x0, 0x0,
    0xdf, 0xff, 0xa0, 0x0, 0x0, 0x3, 0xff, 0xff,
    0x27, 0xff, 0xfe, 0x0, 0x0, 0x0, 0xe, 0xff,
    0xf9, 0x0, 0x0, 0x8f, 0xff, 0xf0, 0x0, 0x0,
    0x8, 0xff, 0xfd, 0x2, 0xff, 0xff, 0x30, 0x0,
    0x0, 0x4f, 0xff, 0xf4, 0x0, 0x0, 0x3f, 0xff,
    0xf4, 0x0, 0x0, 0xd, 0xff, 0xf8, 0x0, 0xdf,
    0xff, 0x80, 0x0, 0x0, 0x9f, 0xff, 0xe0, 0x0,
    0x0, 0xe, 0xff, 0xf9, 0x0, 0x0, 0x2f, 0xff,
    0xf2, 0x0, 0x7f, 0xff, 0xe0, 0x0, 0x0, 0xdf,
    0xff, 0xa0, 0x0, 0x0, 0x9, 0xff, 0xfe, 0x0,
    0x0, 0x8f, 0xff, 0xd0, 0x0, 0x2f, 0xff, 0xf3,
    0x0, 0x2, 0xff, 0xff, 0x50, 0x0, 0x0, 0x4,
    0xff, 0xff, 0x30, 0x0, 0xdf, 0xff, 0x80, 0x0,
    0xd, 0xff, 0xf8, 0x0, 0x7, 0xff, 0xff, 0x0,
    0x0, 0x0, 0x0, 0xef, 0xff, 0x80, 0x2, 0xff,
    0xff, 0x30, 0x0, 0x7, 0xff, 0xfe, 0x0, 0xc,
    0xff, 0xfa, 0x0, 0x0, 0x0, 0x0, 0xaf, 0xff,
    0xd0, 0x7, 0xff, 0xfd, 0x0, 0x0, 0x2, 0xff,
    0xff, 0x30, 0x1f, 0xff, 0xf5, 0x0, 0x0, 0x0,
    0x0, 0x5f, 0xff, 0xf2, 0xd, 0xff, 0xf8, 0x0,
    0x0, 0x0, 0xdf, 0xff, 0x80, 0x6f, 0xff, 0xf1,
    0x0, 0x0, 0x0, 0x0, 0xf, 0xff, 0xf7, 0x2f,
    0xff, 0xf3, 0x0, 0x0, 0x0, 0x7f, 0xff, 0xe0,
    0xbf, 0xff, 0xb0, 0x0, 0x0, 0x0, 0x0, 0xb,
    0xff, 0xfd, 0x8f, 0xff, 0xd0, 0x0, 0x0, 0x0,
    0x2f, 0xff, 0xf6, 0xff, 0xff, 0x60, 0x0, 0x0,
    0x0, 0x0, 0x6, 0xff, 0xff, 0xff, 0xff, 0x80,
    0x0, 0x0, 0x0, 0xd, 0xff, 0xff, 0xff, 0xff,
    0x10, 0x0, 0x0, 0x0, 0x0, 0x1, 0xff, 0xff,
    0xff, 0xff, 0x30, 0x0, 0x0, 0x0, 0x8, 0xff,
    0xff, 0xff, 0xfc, 0x0, 0x0, 0x0, 0x0, 0x0,
    0x0, 0xbf, 0xff, 0xff, 0xfd, 0x0, 0x0, 0x0,
    0x0, 0x2, 0xff, 0xff, 0xff, 0xf6, 0x0, 0x0,
    0x0, 0x0, 0x0, 0x0, 0x2d, 0xff, 0xff, 0xe3,
    0x0, 0x0, 0x0, 0x0, 0x0, 0x7f, 0xff, 0xff,
    0xa0, 0x0, 0x0, 0x0,

    /* U+0058 "X" */
    0x6, 0xff, 0xff, 0xd3, 0x0, 0x0, 0x0, 0x0,
    0x0, 0x7, 0xff, 0xff, 0xc0, 0x0, 0xaf, 0xff,
    0xfe, 0x20, 0x0, 0x0, 0x0, 0x0, 0x8f, 0xff,
    0xfe, 0x20, 0x0, 0xb, 0xff, 0xff, 0xe2, 0x0,
    0x0, 0x0, 0x7, 0xff, 0xff, 0xe2, 0x0, 0x0,
    0x0, 0xbf, 0xff, 0xfe, 0x20, 0x0, 0x0, 0x7f,
    0xff, 0xfe, 0x20, 0x0, 0x0, 0x0, 0xb, 0xff,
    0xff, 0xd1, 0x0, 0x7, 0xff, 0xff, 0xe2, 0x0,
    0x0, 0x0, 0x0, 0x0, 0xcf, 0xff, 0xfd, 0x10,
    0x6f, 0xff, 0xfe, 0x20, 0x0, 0x0, 0x0, 0x0,
    0x0, 0xc, 0xff, 0xff, 0xd7, 0xff, 0xff, 0xe3,
    0x0, 0x0, 0x0, 0x0, 0x0, 0x0, 0x1, 0xdf,
    0xff, 0xff, 0xff, 0xfe, 0x30, 0x0, 0x0, 0x0,
    0x0, 0x0, 0x0, 0x0, 0x1d, 0xff, 0xff, 0xff,
    0xf3, 0x0, 0x0, 0x0, 0x0, 0x0, 0x0, 0x0,
    0x0, 0x2, 0xff, 0xff, 0xff, 0x40, 0x0, 0x0,
    0x0, 0x0, 0x0, 0x0, 0x0, 0x0, 0xb, 0xff,
    0xff, 0xff, 0xb0, 0x0, 0x0, 0x0, 0x0, 0x0,
    0x0, 0x0, 0x0, 0xbf, 0xff, 0xff, 0xff, 0xfb,
    0x0, 0x0, 0x0, 0x0, 0x0, 0x0, 0x0, 0xb,
    0xff, 0xff, 0xbe, 0xff, 0xff, 0xa0, 0x0, 0x0,
    0x0, 0x0, 0x0, 0x0, 0xaf, 0xff, 0xfc, 0x2,
    0xef, 0xff, 0xfa, 0x0, 0x0, 0x0, 0x0, 0x0,
    0xa, 0xff, 0xff, 0xc0, 0x0, 0x3f, 0xff, 0xff,
    0x90, 0x0, 0x0, 0x0, 0x0, 0xaf, 0xff, 0xfc,
    0x10, 0x0, 0x3, 0xff, 0xff, 0xf9, 0x0, 0x0,
    0x0, 0x9, 0xff, 0xff, 0xd1, 0x0, 0x0, 0x0,
    0x4f, 0xff, 0xff, 0x80, 0x0, 0x0, 0x9f, 0xff,
    0xfd, 0x10, 0x0, 0x0, 0x0, 0x4, 0xff, 0xff,
    0xf8, 0x0, 0x9, 0xff, 0xff, 0xd1, 0x0, 0x0,
    0x0, 0x0, 0x0, 0x5f, 0xff, 0xff, 0x70, 0x5f,
    0xff, 0xfc, 0x20, 0x0, 0x0, 0x0, 0x0, 0x0,
    0x5, 0xef, 0xff, 0xf3,

    /* U+0059 "Y" */
    0x8f, 0xff, 0xf7, 0x0, 0x0, 0x0, 0x0, 0x0,
    0x0, 0x0, 0x5f, 0xff, 0xf8, 0xd, 0xff, 0xff,
    0x50, 0x0, 0x0, 0x0, 0x0, 0x0, 0x2, 0xff,
    0xff, 0xd0, 0x2, 0xff, 0xff, 0xf2, 0x0, 0x0,
    0x0, 0x0, 0x0, 0xd, 0xff, 0xfe, 0x20, 0x0,
    0x5f, 0xff, 0xfd, 0x0, 0x0, 0x0, 0x0, 0x0,
    0xaf, 0xff, 0xf4, 0x0, 0x0, 0x8, 0xff, 0xff,
    0x90, 0x0, 0x0, 0x0, 0x7, 0xff, 0xff, 0x80,
    0x0, 0x0, 0x0, 0xcf, 0xff, 0xf6, 0x0, 0x0,
    0x0, 0x3f, 0xff, 0xfb, 0x0, 0x0, 0x0, 0x0,
    0x1e, 0xff, 0xff, 0x30, 0x0, 0x1, 0xef, 0xff,
    0xd1, 0x0, 0x0, 0x0, 0x0, 0x3, 0xff, 0xff,
    0xd0, 0x0, 0xb, 0xff, 0xff, 0x30, 0x0, 0x0,
    0x0, 0x0, 0x0, 0x7f, 0xff, 0xfa, 0x0, 0x8f,
    0xff, 0xf6, 0x0, 0x0, 0x0, 0x0, 0x0, 0x0,
    0xa, 0xff, 0xff, 0x74, 0xff, 0xff, 0x90, 0x0,
    0x0, 0x0, 0x0, 0x0, 0x0, 0x0, 0xdf, 0xff,
    0xff, 0xff, 0xfc, 0x0, 0x0, 0x0, 0x0, 0x0,
    0x0, 0x0, 0x0, 0x2f, 0xff, 0xff, 0xff, 0xe1,
    0x0, 0x0, 0x0, 0x0, 0x0, 0x0, 0x0, 0x0,
    0x5, 0xff, 0xff, 0xff, 0x40, 0x0, 0x0, 0x0,
    0x0, 0x0, 0x0, 0x0, 0x0, 0x0, 0x9f, 0xff,
    0xf7, 0x0, 0x0, 0x0, 0x0, 0x0, 0x0, 0x0,
    0x0, 0x0, 0x0, 0x4f, 0xff, 0xf2, 0x0, 0x0,
    0x0, 0x0, 0x0, 0x0, 0x0, 0x0, 0x0, 0x0,
    0x4f, 0xff, 0xf2, 0x0, 0x0, 0x0, 0x0, 0x0,
    0x0, 0x0, 0x0, 0x0, 0x0, 0x4f, 0xff, 0xf2,
    0x0, 0x0, 0x0, 0x0, 0x0, 0x0, 0x0, 0x0,
    0x0, 0x0, 0x4f, 0xff, 0xf2, 0x0, 0x0, 0x0,
    0x0, 0x0, 0x0, 0x0, 0x0, 0x0, 0x0, 0x4f,
    0xff, 0xf2, 0x0, 0x0, 0x0, 0x0, 0x0, 0x0,
    0x0, 0x0, 0x0, 0x0, 0x2f, 0xff, 0xf1, 0x0,
    0x0, 0x0, 0x0, 0x0,

    /* U+005A "Z" */
    0x5f, 0xff, 0xff, 0xff, 0xff, 0xff, 0xff, 0xff,
    0xff, 0xff, 0xe8, 0x6, 0xff, 0xff, 0xff, 0xff,
    0xff, 0xff, 0xff, 0xff, 0xff, 0xff, 0xf2, 0x6f,
    0xff, 0xff, 0xff, 0xff, 0xff, 0xff, 0xff, 0xff,
    0xff, 0xff, 0x45, 0xff, 0xff, 0xff, 0xff, 0xff,
    0xff, 0xff, 0xff, 0xff, 0xff, 0xf4, 0x1, 0x11,
    0x11, 0x11, 0x11, 0x11, 0x11, 0x11, 0x1d, 0xff,
    0xff, 0x40, 0x0, 0x0, 0x0, 0x0, 0x0, 0x0,
    0x0, 0x3b, 0xff, 0xff, 0xf3, 0x0, 0x0, 0x0,
    0x0, 0x0, 0x0, 0x3, 0xbf, 0xff, 0xff, 0xfd,
    0x0, 0x0, 0x0, 0x0, 0x0, 0x0, 0x3b, 0xff,
    0xff, 0xff, 0xe7, 0x0, 0x0, 0x0, 0x0, 0x0,
    0x3, 0xbf, 0xff, 0xff, 0xfe, 0x70, 0x0, 0x0,
    0x0, 0x0, 0x0, 0x3b, 0xff, 0xff, 0xff, 0xe7,
    0x0, 0x0, 0x0, 0x0, 0x0, 0x3, 0xbf, 0xff,
    0xff, 0xfe, 0x70, 0x0, 0x0, 0x0, 0x0, 0x0,
    0x2a, 0xff, 0xff, 0xff, 0xf8, 0x10, 0x0, 0x0,
    0x0, 0x0, 0x2, 0xaf, 0xff, 0xff, 0xff, 0x81,
    0x0, 0x0, 0x0, 0x0, 0x0, 0x4, 0xff, 0xff,
    0xff, 0xf8, 0x10, 0x0, 0x0, 0x0, 0x0, 0x0,
    0x0, 0x9f, 0xff, 0xff, 0x81, 0x0, 0x0, 0x0,
    0x0, 0x0, 0x0, 0x0, 0x9, 0xff, 0xff, 0x61,
    0x11, 0x11, 0x11, 0x11, 0x11, 0x11, 0x11, 0x10,
    0x9f, 0xff, 0xff, 0xff, 0xff, 0xff, 0xff, 0xff,
    0xff, 0xff, 0xff, 0x19, 0xff, 0xff, 0xff, 0xff,
    0xff, 0xff, 0xff, 0xff, 0xff, 0xff, 0xf1, 0x8f,
    0xff, 0xff, 0xff, 0xff, 0xff, 0xff, 0xff, 0xff,
    0xff, 0xff, 0x11, 0xcf, 0xff, 0xff, 0xff, 0xff,
    0xff, 0xff, 0xff, 0xff, 0xff, 0xf0,

    /* U+005B "[" */
    0x2a, 0xcc, 0xcc, 0xca, 0xcf, 0xff, 0xff, 0xff,
    0xff, 0xff, 0xff, 0xfe, 0xff, 0xd0, 0x0, 0x0,
    0xff, 0xc0, 0x0, 0x0, 0xff, 0xc0, 0x0, 0x0,
    0xff, 0xc0, 0x0, 0x0, 0xff, 0xc0, 0x0, 0x0,
    0xff, 0xc0, 0x0, 0x0, 0xff, 0xc0, 0x0, 0x0,
    0xff, 0xc0, 0x0, 0x0, 0xff, 0xc0, 0x0, 0x0,
    0xff, 0xc0, 0x0, 0x0, 0xff, 0xc0, 0x0, 0x0,
    0xff, 0xc0, 0x0, 0x0, 0xff, 0xc0, 0x0, 0x0,
    0xff, 0xc0, 0x0, 0x0, 0xff, 0xc0, 0x0, 0x0,
    0xff, 0xc0, 0x0, 0x0, 0xff, 0xc0, 0x0, 0x0,
    0xff, 0xc0, 0x0, 0x0, 0xff, 0xc0, 0x0, 0x0,
    0xff, 0xc0, 0x0, 0x0, 0xff, 0xc0, 0x0, 0x0,
    0xff, 0xc0, 0x0, 0x0, 0xff, 0xc0, 0x0, 0x0,
    0xff, 0xc0, 0x0, 0x0, 0xff, 0xc0, 0x0, 0x0,
    0xff, 0xc0, 0x0, 0x0, 0xff, 0xd0, 0x0, 0x0,
    0xff, 0xfd, 0xcc, 0xcb, 0xdf, 0xff, 0xff, 0xff,
    0x4d, 0xff, 0xff, 0xfe,

    /* U+005C "\\" */
    0xcf, 0xf1, 0x0, 0x0, 0x0, 0x0, 0x8f, 0xf6,
    0x0, 0x0, 0x0, 0x0, 0x3f, 0xfb, 0x0, 0x0,
    0x0, 0x0, 0xd, 0xff, 0x10, 0x0, 0x0, 0x0,
    0x8, 0xff, 0x60, 0x0, 0x0, 0x0, 0x3, 0xff,
    0xb0, 0x0, 0x0, 0x0, 0x0, 0xef, 0xf0, 0x0,
    0x0, 0x0, 0x0, 0x9f, 0xf5, 0x0, 0x0, 0x0,
    0x0, 0x4f, 0xfa, 0x0, 0x0, 0x0, 0x0, 0xe,
    0xff, 0x0, 0x0, 0x0, 0x0, 0x9, 0xff, 0x50,
    0x0, 0x0, 0x0, 0x4, 0xff, 0xa0, 0x0, 0x0,
    0x0, 0x0, 0xef, 0xe0, 0x0, 0x0, 0x0, 0x0,
    0xaf, 0xf4, 0x0, 0x0, 0x0, 0x0, 0x4f, 0xf9,
    0x0, 0x0, 0x0, 0x0, 0xf, 0xfe, 0x0, 0x0,
    0x0, 0x0, 0xa, 0xff, 0x30, 0x0, 0x0, 0x0,
    0x5, 0xff, 0x90, 0x0, 0x0, 0x0, 0x0, 0xff,
    0xe0, 0x0, 0x0, 0x0, 0x0, 0xbf, 0xf3, 0x0,
    0x0, 0x0, 0x0, 0x5f, 0xf8, 0x0, 0x0, 0x0,
    0x0, 0x1f, 0xfd, 0x0, 0x0, 0x0, 0x0, 0xb,
    0xff, 0x20, 0x0, 0x0, 0x0, 0x6, 0xff, 0x80,
    0x0, 0x0, 0x0, 0x1, 0xff, 0xd0, 0x0, 0x0,
    0x0, 0x0, 0xcf, 0xf2, 0x0, 0x0, 0x0, 0x0,
    0x6f, 0xf7, 0x0, 0x0, 0x0, 0x0, 0x1f, 0xfb,

    /* U+005D "]" */
    0x9c, 0xcc, 0xcc, 0xa3, 0xc, 0xff, 0xff, 0xff,
    0xe0, 0xbf, 0xff, 0xff, 0xff, 0x10, 0x0, 0x0,
    0xcf, 0xf2, 0x0, 0x0, 0xa, 0xff, 0x20, 0x0,
    0x0, 0xaf, 0xf2, 0x0, 0x0, 0xa, 0xff, 0x20,
    0x0, 0x0, 0xaf, 0xf2, 0x0, 0x0, 0xa, 0xff,
    0x20, 0x0, 0x0, 0xaf, 0xf2, 0x0, 0x0, 0xa,
    0xff, 0x20, 0x0, 0x0, 0xaf, 0xf2, 0x0, 0x0,
    0xa, 0xff, 0x20, 0x0, 0x0, 0xaf, 0xf2, 0x0,
    0x0, 0xa, 0xff, 0x20, 0x0, 0x0, 0xaf, 0xf2,
    0x0, 0x0, 0xa, 0xff, 0x20, 0x0, 0x0, 0xaf,
    0xf2, 0x0, 0x0, 0xa, 0xff, 0x20, 0x0, 0x0,
    0xaf, 0xf2, 0x0, 0x0, 0xa, 0xff, 0x20, 0x0,
    0x0, 0xaf, 0xf2, 0x0, 0x0, 0xa, 0xff, 0x20,
    0x0, 0x0, 0xaf, 0xf2, 0x0, 0x0, 0xa, 0xff,
    0x20, 0x0, 0x0, 0xaf, 0xf2, 0x0, 0x0, 0xa,
    0xff, 0x20, 0x0, 0x0, 0xaf, 0xf2, 0x0, 0x0,
    0xa, 0xff, 0x20, 0x0, 0x0, 0xbf, 0xf2, 0x9c,
    0xcc, 0xdf, 0xff, 0x1c, 0xff, 0xff, 0xff, 0xf0,
    0xbf, 0xff, 0xff, 0xe5, 0x0,

    /* U+005E "^" */
    0x0, 0x0, 0x0, 0x14, 0x41, 0x0, 0x0, 0x0,
    0x0, 0x0, 0x4, 0xff, 0xff, 0x10, 0x0, 0x0,
    0x0, 0x0, 0xd, 0xff, 0xff, 0x80, 0x0, 0x0,
    0x0, 0x0, 0x2f, 0xff, 0xff, 0xe0, 0x0, 0x0,
    0x0, 0x0, 0x8f, 0xf6, 0xaf, 0xf4, 0x0, 0x0,
    0x0, 0x0, 0xef, 0xf0, 0x4f, 0xfa, 0x0, 0x0,
    0x0, 0x4, 0xff, 0xa0, 0xe, 0xff, 0x0, 0x0,
    0x0, 0x9, 0xff, 0x40, 0x8, 0xff, 0x50, 0x0,
    0x0, 0xf, 0xfe, 0x0, 0x3, 0xff, 0xb0, 0x0,
    0x0, 0x5f, 0xf9, 0x0, 0x0, 0xdf, 0xf1, 0x0,
    0x0, 0xbf, 0xf4, 0x0, 0x0, 0x7f, 0xf6, 0x0,
    0x1, 0xff, 0xe0, 0x0, 0x0, 0x2f, 0xfc, 0x0,
    0x6, 0xff, 0x80, 0x0, 0x0, 0xc, 0xff, 0x20,
    0xc, 0xff, 0x30, 0x0, 0x0, 0x6, 0xff, 0x80,
    0x2f, 0xfd, 0x0, 0x0, 0x0, 0x1, 0xff, 0xd0,
    0x7f, 0xf7, 0x0, 0x0, 0x0, 0x0, 0xbf, 0xf3,
    0x37, 0x70, 0x0, 0x0, 0x0, 0x0, 0x27, 0x71,

    /* U+005F "_" */
    0x9c, 0xcc, 0xcc, 0xcc, 0xcc, 0xcc, 0xcc, 0xcc,
    0xcc, 0x4d, 0xff, 0xff, 0xff, 0xff, 0xff, 0xff,
    0xff, 0xff, 0xf7, 0xcf, 0xff, 0xff, 0xff, 0xff,
    0xff, 0xff, 0xff, 0xff, 0x60,

    /* U+0060 "`" */
    0x37, 0x77, 0x0, 0x0, 0x5f, 0xff, 0x80, 0x0,
    0xc, 0xff, 0xf1, 0x0, 0x3, 0xff, 0xf8, 0x0,
    0x0, 0x9f, 0xff, 0x10, 0x0, 0x1f, 0xff, 0x80,
    0x0, 0x6, 0xff, 0xe0,

    /* U+0061 "a" */
    0x4f, 0xff, 0xff, 0xff, 0xff, 0xff, 0xff, 0xfe,
    0xc7, 0x10, 0x4, 0xff, 0xff, 0xff, 0xff, 0xff,
    0xff, 0xff, 0xff, 0xfe, 0x30, 0x4f, 0xff, 0xff,
    0xff, 0xff, 0xff, 0xff, 0xff, 0xff, 0xfc, 0x2,
    0x99, 0x99, 0x99, 0x99, 0x99, 0x99, 0xab, 0xef,
    0xff, 0xf4, 0x0, 0x0, 0x0, 0x0, 0x0, 0x0,
    0x0, 0x0, 0xdf, 0xff, 0x60, 0x0, 0x0, 0x0,
    0x0, 0x0, 0x0, 0x0, 0x8, 0xff, 0xf8, 0x2,
    0xad, 0xff, 0xff, 0xff, 0xff, 0xff, 0xff, 0xff,
    0xff, 0x91, 0xff, 0xff, 0xff, 0xff, 0xff, 0xff,
    0xff, 0xff, 0xff, 0xf9, 0x8f, 0xff, 0xff, 0xff,
    0xff, 0xff, 0xff, 0xff, 0xff, 0xff, 0x9b, 0xff,
    0xfa, 0x0, 0x0, 0x0, 0x0, 0x0, 0x8, 0xff,
    0xf9, 0xcf, 0xff, 0x40, 0x0, 0x0, 0x0, 0x0,
    0x0, 0x8f, 0xff, 0x9c, 0xff, 0xf5, 0x0, 0x0,
    0x0, 0x0, 0x0, 0x8, 0xff, 0xf9, 0xbf, 0xff,
    0xd8, 0x77, 0x77, 0x77, 0x77, 0x77, 0xef, 0xff,
    0x99, 0xff, 0xff, 0xff, 0xff, 0xff, 0xff, 0xff,
    0xff, 0xff, 0xf9, 0x2f, 0xff, 0xff, 0xff, 0xff,
    0xff, 0xff, 0xff, 0xff, 0xff, 0x80, 0x3b, 0xdf,
    0xff, 0xff, 0xff, 0xff, 0xff, 0xff, 0xff, 0xd2,

    /* U+0062 "b" */
    0x2f, 0xff, 0xc0, 0x0, 0x0, 0x0, 0x0, 0x0,
    0x0, 0x0, 0x0, 0x3, 0xff, 0xfe, 0x0, 0x0,
    0x0, 0x0, 0x0, 0x0, 0x0, 0x0, 0x0, 0x3f,
    0xff, 0xe0, 0x0, 0x0, 0x0, 0x0, 0x0, 0x0,
    0x0, 0x0, 0x3, 0xff, 0xfe, 0x0, 0x0, 0x0,
    0x0, 0x0, 0x0, 0x0, 0x0, 0x0, 0x3f, 0xff,
    0xe0, 0x0, 0x0, 0x0, 0x0, 0x0, 0x0, 0x0,
    0x0, 0x3, 0xff, 0xfe, 0x0, 0x0, 0x0, 0x0,
    0x0, 0x0, 0x0, 0x0, 0x0, 0x3f, 0xff, 0xff,
    0xff, 0xff, 0xff, 0xff, 0xff, 0xfe, 0xc8, 0x10,
    0x3, 0xff, 0xff, 0xff, 0xff, 0xff, 0xff, 0xff,
    0xff, 0xff, 0xff, 0x30, 0x3f, 0xff, 0xff, 0xff,
    0xff, 0xff, 0xff, 0xff, 0xff, 0xff, 0xfd, 0x3,
    0xff, 0xff, 0x99, 0x99, 0x99, 0x99, 0x99, 0xab,
    0xff, 0xff, 0xf5, 0x3f, 0xff, 0xe0, 0x0, 0x0,
    0x0, 0x0, 0x0, 0x1, 0xef, 0xff, 0x83, 0xff,
    0xfe, 0x0, 0x0, 0x0, 0x0, 0x0, 0x0, 0x9,
    0xff, 0xfa, 0x3f, 0xff, 0xe0, 0x0, 0x0, 0x0,
    0x0, 0x0, 0x0, 0x7f, 0xff, 0xa3, 0xff, 0xfe,
    0x0, 0x0, 0x0, 0x0, 0x0, 0x0, 0x7, 0xff,
    0xfa, 0x3f, 0xff, 0xe0, 0x0, 0x0, 0x0, 0x0,
    0x0, 0x0, 0x7f, 0xff, 0xa3, 0xff, 0xfe, 0x0,
    0x0, 0x0, 0x0, 0x0, 0x0, 0x7, 0xff, 0xfa,
    0x3f, 0xff, 0xf0, 0x0, 0x0, 0x0, 0x0, 0x0,
    0x0, 0x9f, 0xff, 0xa2, 0xff, 0xff, 0x60, 0x0,
    0x0, 0x0, 0x0, 0x0, 0x1e, 0xff, 0xf8, 0xe,
    0xff, 0xff, 0xca, 0x99, 0x99, 0x99, 0x9a, 0xbf,
    0xff, 0xff, 0x50, 0x7f, 0xff, 0xff, 0xff, 0xff,
    0xff, 0xff, 0xff, 0xff, 0xff, 0xd0, 0x0, 0xcf,
    0xff, 0xff, 0xff, 0xff, 0xff, 0xff, 0xff, 0xff,
    0xf3, 0x0, 0x0, 0x5b, 0xdf, 0xff, 0xff, 0xff,
    0xff, 0xff, 0xec, 0x81, 0x0,

    /* U+0063 "c" */
    0x0, 0x39, 0xce, 0xff, 0xff, 0xff, 0xff, 0xff,
    0xff, 0xf2, 0x6, 0xff, 0xff, 0xff, 0xff, 0xff,
    0xff, 0xff, 0xff, 0xf3, 0x2f, 0xff, 0xff, 0xff,
    0xff, 0xff, 0xff, 0xff, 0xff, 0xf3, 0x8f, 0xff,
    0xfe, 0xb9, 0x99, 0x99, 0x99, 0x99, 0x99, 0x91,
    0xbf, 0xff, 0xc0, 0x0, 0x0, 0x0, 0x0, 0x0,
    0x0, 0x0, 0xdf, 0xff, 0x60, 0x0, 0x0, 0x0,
    0x0, 0x0, 0x0, 0x0, 0xdf, 0xff, 0x40, 0x0,
    0x0, 0x0, 0x0, 0x0, 0x0, 0x0, 0xdf, 0xff,
    0x40, 0x0, 0x0, 0x0, 0x0, 0x0, 0x0, 0x0,
    0xdf, 0xff, 0x40, 0x0, 0x0, 0x0, 0x0, 0x0,
    0x0, 0x0, 0xdf, 0xff, 0x40, 0x0, 0x0, 0x0,
    0x0, 0x0, 0x0, 0x0, 0xdf, 0xff, 0x60, 0x0,
    0x0, 0x0, 0x0, 0x0, 0x0, 0x0, 0xbf, 0xff,
    0xc0, 0x0, 0x0, 0x0, 0x0, 0x0, 0x0, 0x0,
    0x8f, 0xff, 0xfe, 0xb9, 0x99, 0x99, 0x99, 0x99,
    0x99, 0x91, 0x2f, 0xff, 0xff, 0xff, 0xff, 0xff,
    0xff, 0xff, 0xff, 0xf3, 0x6, 0xff, 0xff, 0xff,
    0xff, 0xff, 0xff, 0xff, 0xff, 0xf3, 0x0, 0x39,
    0xce, 0xff, 0xff, 0xff, 0xff, 0xff, 0xff, 0xf2,

    /* U+0064 "d" */
    0x0, 0x0, 0x0, 0x0, 0x0, 0x0, 0x0, 0x0,
    0x0, 0x8f, 0xff, 0x60, 0x0, 0x0, 0x0, 0x0,
    0x0, 0x0, 0x0, 0x0, 0x9, 0xff, 0xf7, 0x0,
    0x0, 0x0, 0x0, 0x0, 0x0, 0x0, 0x0, 0x0,
    0x9f, 0xff, 0x70, 0x0, 0x0, 0x0, 0x0, 0x0,
    0x0, 0x0, 0x0, 0x9, 0xff, 0xf7, 0x0, 0x0,
    0x0, 0x0, 0x0, 0x0, 0x0, 0x0, 0x0, 0x9f,
    0xff, 0x70, 0x0, 0x0, 0x0, 0x0, 0x0, 0x0,
    0x0, 0x0, 0x9, 0xff, 0xf7, 0x0, 0x6, 0xbe,
    0xff, 0xff, 0xff, 0xff, 0xff, 0xff, 0xff, 0xff,
    0x70, 0x1d, 0xff, 0xff, 0xff, 0xff, 0xff, 0xff,
    0xff, 0xff, 0xff, 0xf7, 0xa, 0xff, 0xff, 0xff,
    0xff, 0xff, 0xff, 0xff, 0xff, 0xff, 0xff, 0x71,
    0xff, 0xff, 0xfc, 0xa9, 0x99, 0x99, 0x99, 0x99,
    0x9d, 0xff, 0xf7, 0x3f, 0xff, 0xf4, 0x0, 0x0,
    0x0, 0x0, 0x0, 0x0, 0x9f, 0xff, 0x75, 0xff,
    0xfd, 0x0, 0x0, 0x0, 0x0, 0x0, 0x0, 0x9,
    0xff, 0xf7, 0x6f, 0xff, 0xb0, 0x0, 0x0, 0x0,
    0x0, 0x0, 0x0, 0x9f, 0xff, 0x76, 0xff, 0xfb,
    0x0, 0x0, 0x0, 0x0, 0x0, 0x0, 0x9, 0xff,
    0xf7, 0x6f, 0xff, 0xb0, 0x0, 0x0, 0x0, 0x0,
    0x0, 0x0, 0x9f, 0xff, 0x76, 0xff, 0xfb, 0x0,
    0x0, 0x0, 0x0, 0x0, 0x0, 0xa, 0xff, 0xf7,
    0x5f, 0xff, 0xd0, 0x0, 0x0, 0x0, 0x0, 0x0,
    0x0, 0xcf, 0xff, 0x63, 0xff, 0xff, 0x40, 0x0,
    0x0, 0x0, 0x0, 0x0, 0x3f, 0xff, 0xf4, 0x1f,
    0xff, 0xff, 0xba, 0x99, 0x99, 0x99, 0x9a, 0xbf,
    0xff, 0xff, 0x20, 0xaf, 0xff, 0xff, 0xff, 0xff,
    0xff, 0xff, 0xff, 0xff, 0xff, 0xb0, 0x1, 0xdf,
    0xff, 0xff, 0xff, 0xff, 0xff, 0xff, 0xff, 0xff,
    0xe1, 0x0, 0x0, 0x6b, 0xef, 0xff, 0xff, 0xff,
    0xff, 0xff, 0xeb, 0x70, 0x0,

    /* U+0065 "e" */
    0x0, 0x28, 0xce, 0xff, 0xff, 0xff, 0xff, 0xff,
    0xed, 0x81, 0x0, 0x5f, 0xff, 0xff, 0xff, 0xff,
    0xff, 0xff, 0xff, 0xff, 0xd0, 0x1e, 0xff, 0xff,
    0xff, 0xff, 0xff, 0xff, 0xff, 0xff, 0xff, 0x57,
    0xff, 0xff, 0xb8, 0x77, 0x77, 0x77, 0x77, 0x8e,
    0xff, 0xf7, 0xaf, 0xff, 0x80, 0x0, 0x0, 0x0,
    0x0, 0x0, 0x9f, 0xff, 0x9c, 0xff, 0xf5, 0x0,
    0x0, 0x0, 0x0, 0x0, 0x8, 0xff, 0xf9, 0xcf,
    0xff, 0xff, 0xff, 0xff, 0xff, 0xff, 0xff, 0xff,
    0xff, 0x9c, 0xff, 0xff, 0xff, 0xff, 0xff, 0xff,
    0xff, 0xff, 0xff, 0xf9, 0xcf, 0xff, 0xff, 0xff,
    0xff, 0xff, 0xff, 0xff, 0xff, 0xfd, 0x4c, 0xff,
    0xf5, 0x0, 0x0, 0x0, 0x0, 0x0, 0x0, 0x0,
    0x0, 0xcf, 0xff, 0x60, 0x0, 0x0, 0x0, 0x0,
    0x0, 0x0, 0x0, 0xa, 0xff, 0xfc, 0x0, 0x0,
    0x0, 0x0, 0x0, 0x0, 0x0, 0x0, 0x7f, 0xff,
    0xfe, 0xb9, 0x99, 0x99, 0x99, 0x99, 0x99, 0x99,
    0x1, 0xff, 0xff, 0xff, 0xff, 0xff, 0xff, 0xff,
    0xff, 0xff, 0xf1, 0x5, 0xff, 0xff, 0xff, 0xff,
    0xff, 0xff, 0xff, 0xff, 0xff, 0x10, 0x2, 0x9c,
    0xef, 0xff, 0xff, 0xff, 0xff, 0xff, 0xff, 0xf1,

    /* U+0066 "f" */
    0x0, 0x0, 0x0, 0x16, 0x89, 0x99, 0x95, 0x0,
    0x0, 0x8, 0xff, 0xff, 0xff, 0xfb, 0x0, 0x0,
    0x5f, 0xff, 0xff, 0xff, 0xfb, 0x0, 0x0, 0xdf,
    0xff, 0xff, 0xff, 0xfa, 0x0, 0x1, 0xff, 0xff,
    0x91, 0x0, 0x0, 0x0, 0x2, 0xff, 0xff, 0x0,
    0x0, 0x0, 0x0, 0x3, 0xff, 0xff, 0x0, 0x0,
    0x0, 0x6f, 0xff, 0xff, 0xff, 0xff, 0xff, 0xf7,
    0x7f, 0xff, 0xff, 0xff, 0xff, 0xff, 0xf8, 0x7f,
    0xff, 0xff, 0xff, 0xff, 0xff, 0xf8, 0x39, 0x9a,
    0xff, 0xff, 0x99, 0x99, 0x93, 0x0, 0x3, 0xff,
    0xff, 0x0, 0x0, 0x0, 0x0, 0x3, 0xff, 0xff,
    0x0, 0x0, 0x0, 0x0, 0x3, 0xff, 0xff, 0x0,
    0x0, 0x0, 0x0, 0x3, 0xff, 0xff, 0x0, 0x0,
    0x0, 0x0, 0x3, 0xff, 0xff, 0x0, 0x0, 0x0,
    0x0, 0x3, 0xff, 0xff, 0x0, 0x0, 0x0, 0x0,
    0x3, 0xff, 0xff, 0x0, 0x0, 0x0, 0x0, 0x3,
    0xff, 0xff, 0x0, 0x0, 0x0, 0x0, 0x3, 0xff,
    0xff, 0x0, 0x0, 0x0, 0x0, 0x3, 0xff, 0xff,
    0x0, 0x0, 0x0, 0x0, 0x3, 0xff, 0xff, 0x0,
    0x0, 0x0, 0x0, 0x2, 0xff, 0xfd, 0x0, 0x0,
    0x0,

    /* U+0067 "g" */
    0x0, 0x6, 0xbe, 0xff, 0xff, 0xff, 0xff, 0xff,
    0xfe, 0xb7, 0x10, 0x0, 0x1d, 0xff, 0xff, 0xff,
    0xff, 0xff, 0xff, 0xff, 0xff, 0xfe, 0x10, 0xa,
    0xff, 0xff, 0xff, 0xff, 0xff, 0xff, 0xff, 0xff,
    0xff, 0xfb, 0x1, 0xff, 0xff, 0xfb, 0x99, 0x99,
    0x99, 0x99, 0x9b, 0xff, 0xff, 0xf2, 0x3f, 0xff,
    0xf2, 0x0, 0x0, 0x0, 0x0, 0x0, 0x1, 0xff,
    0xff, 0x45, 0xff, 0xfc, 0x0, 0x0, 0x0, 0x0,
    0x0, 0x0, 0xb, 0xff, 0xf7, 0x6f, 0xff, 0xb0,
    0x0, 0x0, 0x0, 0x0, 0x0, 0x0, 0xaf, 0xff,
    0x76, 0xff, 0xfb, 0x0, 0x0, 0x0, 0x0, 0x0,
    0x0, 0x9, 0xff, 0xf7, 0x6f, 0xff, 0xb0, 0x0,
    0x0, 0x0, 0x0, 0x0, 0x0, 0x9f, 0xff, 0x75,
    0xff, 0xfc, 0x0, 0x0, 0x0, 0x0, 0x0, 0x0,
    0x9, 0xff, 0xf7, 0x3f, 0xff, 0xf2, 0x0, 0x0,
    0x0, 0x0, 0x0, 0x0, 0x9f, 0xff, 0x70, 0xff,
    0xff, 0xfa, 0x87, 0x77, 0x77, 0x77, 0x77, 0x7c,
    0xff, 0xf7, 0x8, 0xff, 0xff, 0xff, 0xff, 0xff,
    0xff, 0xff, 0xff, 0xff, 0xff, 0x70, 0xc, 0xff,
    0xff, 0xff, 0xff, 0xff, 0xff, 0xff, 0xff, 0xff,
    0xf7, 0x0, 0x5, 0xad, 0xff, 0xff, 0xff, 0xff,
    0xff, 0xff, 0xff, 0xff, 0x70, 0x0, 0x0, 0x0,
    0x0, 0x0, 0x0, 0x0, 0x0, 0xa, 0xff, 0xf7,
    0x0, 0x0, 0x0, 0x0, 0x0, 0x0, 0x0, 0x0,
    0x0, 0xbf, 0xff, 0x60, 0x0, 0x0, 0x0, 0x0,
    0x0, 0x0, 0x0, 0x0, 0x2f, 0xff, 0xf4, 0x4,
    0x99, 0x99, 0x99, 0x99, 0x99, 0x99, 0x9a, 0xbf,
    0xff, 0xff, 0x20, 0x9f, 0xff, 0xff, 0xff, 0xff,
    0xff, 0xff, 0xff, 0xff, 0xff, 0xb0, 0x9, 0xff,
    0xff, 0xff, 0xff, 0xff, 0xff, 0xff, 0xff, 0xff,
    0xe1, 0x0, 0x8f, 0xff, 0xff, 0xff, 0xff, 0xff,
    0xff, 0xff, 0xeb, 0x71, 0x0,

    /* U+0068 "h" */
    0x1f, 0xff, 0xd0, 0x0, 0x0, 0x0, 0x0, 0x0,
    0x0, 0x0, 0x0, 0x2, 0xff, 0xff, 0x0, 0x0,
    0x0, 0x0, 0x0, 0x0, 0x0, 0x0, 0x0, 0x2f,
    0xff, 0xf0, 0x0, 0x0, 0x0, 0x0, 0x0, 0x0,
    0x0, 0x0, 0x2, 0xff, 0xff, 0x0, 0x0, 0x0,
    0x0, 0x0, 0x0, 0x0, 0x0, 0x0, 0x2f, 0xff,
    0xf0, 0x0, 0x0, 0x0, 0x0, 0x0, 0x0, 0x0,
    0x0, 0x2, 0xff, 0xff, 0x0, 0x0, 0x0, 0x0,
    0x0, 0x0, 0x0, 0x0, 0x0, 0x2f, 0xff, 0xff,
    0xff, 0xff, 0xff, 0xff, 0xff, 0xfe, 0xc8, 0x20,
    0x2, 0xff, 0xff, 0xff, 0xff, 0xff, 0xff, 0xff,
    0xff, 0xff, 0xff, 0x40, 0x2f, 0xff, 0xff, 0xff,
    0xff, 0xff, 0xff, 0xff, 0xff, 0xff, 0xfe, 0x2,
    0xff, 0xff, 0xbb, 0xbb, 0xbb, 0xbb, 0xbb, 0xbc,
    0xff, 0xff, 0xf6, 0x2f, 0xff, 0xf0, 0x0, 0x0,
    0x0, 0x0, 0x0, 0x1, 0xef, 0xff, 0x82, 0xff,
    0xff, 0x0, 0x0, 0x0, 0x0, 0x0, 0x0, 0x8,
    0xff, 0xfa, 0x2f, 0xff, 0xf0, 0x0, 0x0, 0x0,
    0x0, 0x0, 0x0, 0x6f, 0xff, 0xb2, 0xff, 0xff,
    0x0, 0x0, 0x0, 0x0, 0x0, 0x0, 0x6, 0xff,
    0xfb, 0x2f, 0xff, 0xf0, 0x0, 0x0, 0x0, 0x0,
    0x0, 0x0, 0x6f, 0xff, 0xb2, 0xff, 0xff, 0x0,
    0x0, 0x0, 0x0, 0x0, 0x0, 0x6, 0xff, 0xfb,
    0x2f, 0xff, 0xf0, 0x0, 0x0, 0x0, 0x0, 0x0,
    0x0, 0x6f, 0xff, 0xb2, 0xff, 0xff, 0x0, 0x0,
    0x0, 0x0, 0x0, 0x0, 0x6, 0xff, 0xfb, 0x2f,
    0xff, 0xf0, 0x0, 0x0, 0x0, 0x0, 0x0, 0x0,
    0x6f, 0xff, 0xb2, 0xff, 0xff, 0x0, 0x0, 0x0,
    0x0, 0x0, 0x0, 0x6, 0xff, 0xfb, 0x2f, 0xff,
    0xf0, 0x0, 0x0, 0x0, 0x0, 0x0, 0x0, 0x6f,
    0xff, 0xb1, 0xff, 0xfd, 0x0, 0x0, 0x0, 0x0,
    0x0, 0x0, 0x4, 0xff, 0xf9,

    /* U+0069 "i" */
    0x1f, 0xff, 0xd2, 0xff, 0xff, 0x2f, 0xff, 0xf1,
    0xff, 0xfe, 0x0, 0x11, 0x0, 0x0, 0x0, 0x1f,
    0xff, 0xd2, 0xff, 0xff, 0x2f, 0xff, 0xf2, 0xff,
    0xff, 0x2f, 0xff, 0xf2, 0xff, 0xff, 0x2f, 0xff,
    0xf2, 0xff, 0xff, 0x2f, 0xff, 0xf2, 0xff, 0xff,
    0x2f, 0xff, 0xf2, 0xff, 0xff, 0x2f, 0xff, 0xf2,
    0xff, 0xff, 0x2f, 0xff, 0xf1, 0xff, 0xfd,

    /* U+006A "j" */
    0x0, 0x0, 0x0, 0xaf, 0xff, 0x40, 0x0, 0x0,
    0xb, 0xff, 0xf5, 0x0, 0x0, 0x0, 0xbf, 0xff,
    0x50, 0x0, 0x0, 0xa, 0xff, 0xf5, 0x0, 0x0,
    0x0, 0x1, 0x11, 0x0, 0x0, 0x0, 0x0, 0x0,
    0x0, 0x0, 0x0, 0x0, 0xaf, 0xff, 0x40, 0x0,
    0x0, 0xc, 0xff, 0xf5, 0x0, 0x0, 0x0, 0xcf,
    0xff, 0x50, 0x0, 0x0, 0xc, 0xff, 0xf5, 0x0,
    0x0, 0x0, 0xcf, 0xff, 0x50, 0x0, 0x0, 0xc,
    0xff, 0xf5, 0x0, 0x0, 0x0, 0xcf, 0xff, 0x50,
    0x0, 0x0, 0xc, 0xff, 0xf5, 0x0, 0x0, 0x0,
    0xcf, 0xff, 0x50, 0x0, 0x0, 0xc, 0xff, 0xf5,
    0x0, 0x0, 0x0, 0xcf, 0xff, 0x50, 0x0, 0x0,
    0xc, 0xff, 0xf5, 0x0, 0x0, 0x0, 0xcf, 0xff,
    0x50, 0x0, 0x0, 0xc, 0xff, 0xf5, 0x0, 0x0,
    0x0, 0xcf, 0xff, 0x50, 0x0, 0x0, 0xc, 0xff,
    0xf5, 0x0, 0x0, 0x0, 0xdf, 0xff, 0x50, 0x0,
    0x0, 0x3f, 0xff, 0xf3, 0x9, 0x9a, 0xbf, 0xff,
    0xff, 0x10, 0xff, 0xff, 0xff, 0xff, 0xa0, 0xf,
    0xff, 0xff, 0xff, 0xe1, 0x0, 0xff, 0xff, 0xec,
    0x71, 0x0,

    /* U+006B "k" */
    0x1f, 0xff, 0xd0, 0x0, 0x0, 0x0, 0x0, 0x0,
    0x0, 0x0, 0x0, 0x2f, 0xff, 0xe0, 0x0, 0x0,
    0x0, 0x0, 0x0, 0x0, 0x0, 0x0, 0x2f, 0xff,
    0xe0, 0x0, 0x0, 0x0, 0x0, 0x0, 0x0, 0x0,
    0x0, 0x2f, 0xff, 0xe0, 0x0, 0x0, 0x0, 0x0,
    0x0, 0x0, 0x0, 0x0, 0x2f, 0xff, 0xe0, 0x0,
    0x0, 0x0, 0x0, 0x0, 0x0, 0x0, 0x0, 0x2f,
    0xff, 0xe0, 0x0, 0x0, 0x0, 0x0, 0x0, 0x0,
    0x0, 0x0, 0x2f, 0xff, 0xe0, 0x0, 0x0, 0x0,
    0x0, 0x0, 0x9f, 0xff, 0xd0, 0x2f, 0xff, 0xe0,
    0x0, 0x0, 0x0, 0x0, 0x5, 0xff, 0xff, 0x40,
    0x2f, 0xff, 0xe0, 0x0, 0x0, 0x0, 0x0, 0x2f,
    0xff, 0xf8, 0x0, 0x2f, 0xff, 0xe0, 0x0, 0x0,
    0x0, 0x0, 0xcf, 0xff, 0xc0, 0x0, 0x2f, 0xff,
    0xe0, 0x0, 0x0, 0x0, 0x9, 0xff, 0xfe, 0x10,
    0x0, 0x2f, 0xff, 0xe0, 0x0, 0x0, 0x1, 0x7f,
    0xff, 0xf4, 0x0, 0x0, 0x2f, 0xff, 0xff, 0xff,
    0xff, 0xff, 0xff, 0xff, 0x60, 0x0, 0x0, 0x2f,
    0xff, 0xff, 0xff, 0xff, 0xff, 0xff, 0xf9, 0x0,
    0x0, 0x0, 0x2f, 0xff, 0xff, 0xff, 0xff, 0xff,
    0xff, 0xff, 0x50, 0x0, 0x0, 0x2f, 0xff, 0xf4,
    0x44, 0x44, 0x45, 0xbf, 0xff, 0xf5, 0x0, 0x0,
    0x2f, 0xff, 0xe0, 0x0, 0x0, 0x0, 0xb, 0xff,
    0xff, 0x20, 0x0, 0x2f, 0xff, 0xe0, 0x0, 0x0,
    0x0, 0x1, 0xef, 0xff, 0xc0, 0x0, 0x2f, 0xff,
    0xe0, 0x0, 0x0, 0x0, 0x0, 0x4f, 0xff, 0xf8,
    0x0, 0x2f, 0xff, 0xe0, 0x0, 0x0, 0x0, 0x0,
    0x9, 0xff, 0xff, 0x30, 0x2f, 0xff, 0xe0, 0x0,
    0x0, 0x0, 0x0, 0x0, 0xdf, 0xff, 0xd0, 0x1f,
    0xff, 0xd0, 0x0, 0x0, 0x0, 0x0, 0x0, 0x3f,
    0xff, 0xf7,

    /* U+006C "l" */
    0x1f, 0xff, 0xd2, 0xff, 0xff, 0x2f, 0xff, 0xf2,
    0xff, 0xff, 0x2f, 0xff, 0xf2, 0xff, 0xff, 0x2f,
    0xff, 0xf2, 0xff, 0xff, 0x2f, 0xff, 0xf2, 0xff,
    0xff, 0x2f, 0xff, 0xf2, 0xff, 0xff, 0x2f, 0xff,
    0xf2, 0xff, 0xff, 0x2f, 0xff, 0xf2, 0xff, 0xff,
    0x2f, 0xff, 0xf2, 0xff, 0xff, 0x2f, 0xff, 0xf2,
    0xff, 0xff, 0x2f, 0xff, 0xf1, 0xff, 0xfd,

    /* U+006D "m" */
    0x0, 0x5, 0xad, 0xff, 0xff, 0xff, 0xff, 0xff,
    0xff, 0xff, 0xff, 0xff, 0xdb, 0x60, 0x0, 0x0,
    0xcf, 0xff, 0xff, 0xff, 0xff, 0xff, 0xff, 0xff,
    0xff, 0xff, 0xff, 0xff, 0xfd, 0x0, 0x7, 0xff,
    0xff, 0xff, 0xff, 0xff, 0xff, 0xff, 0xff, 0xff,
    0xff, 0xff, 0xff, 0xff, 0x80, 0xe, 0xff, 0xff,
    0xec, 0xbb, 0xbb, 0xbf, 0xff, 0xfb, 0xbb, 0xbb,
    0xbd, 0xff, 0xff, 0xf0, 0xf, 0xff, 0xf8, 0x0,
    0x0, 0x0, 0xf, 0xff, 0xf1, 0x0, 0x0, 0x0,
    0x5f, 0xff, 0xf2, 0x2f, 0xff, 0xf0, 0x0, 0x0,
    0x0, 0xf, 0xff, 0xf1, 0x0, 0x0, 0x0, 0xe,
    0xff, 0xf4, 0x3f, 0xff, 0xe0, 0x0, 0x0, 0x0,
    0xf, 0xff, 0xf1, 0x0, 0x0, 0x0, 0xd, 0xff,
    0xf5, 0x3f, 0xff, 0xe0, 0x0, 0x0, 0x0, 0xf,
    0xff, 0xf1, 0x0, 0x0, 0x0, 0xc, 0xff, 0xf5,
    0x3f, 0xff, 0xe0, 0x0, 0x0, 0x0, 0xf, 0xff,
    0xf1, 0x0, 0x0, 0x0, 0xc, 0xff, 0xf5, 0x3f,
    0xff, 0xe0, 0x0, 0x0, 0x0, 0xf, 0xff, 0xf1,
    0x0, 0x0, 0x0, 0xc, 0xff, 0xf5, 0x3f, 0xff,
    0xe0, 0x0, 0x0, 0x0, 0xf, 0xff, 0xf1, 0x0,
    0x0, 0x0, 0xc, 0xff, 0xf5, 0x3f, 0xff, 0xe0,
    0x0, 0x0, 0x0, 0xf, 0xff, 0xf1, 0x0, 0x0,
    0x0, 0xc, 0xff, 0xf5, 0x3f, 0xff, 0xe0, 0x0,
    0x0, 0x0, 0xf, 0xff, 0xf1, 0x0, 0x0, 0x0,
    0xc, 0xff, 0xf5, 0x3f, 0xff, 0xe0, 0x0, 0x0,
    0x0, 0xf, 0xff, 0xf1, 0x0, 0x0, 0x0, 0xc,
    0xff, 0xf5, 0x3f, 0xff, 0xe0, 0x0, 0x0, 0x0,
    0xf, 0xff, 0xf1, 0x0, 0x0, 0x0, 0xc, 0xff,
    0xf5, 0x2f, 0xff, 0xc0, 0x0, 0x0, 0x0, 0xe,
    0xff, 0xf0, 0x0, 0x0, 0x0, 0xa, 0xff, 0xf3,

    /* U+006E "n" */
    0x0, 0x5, 0xad, 0xff, 0xff, 0xff, 0xff, 0xff,
    0xfe, 0xc9, 0x20, 0x0, 0xc, 0xff, 0xff, 0xff,
    0xff, 0xff, 0xff, 0xff, 0xff, 0xff, 0x60, 0x7,
    0xff, 0xff, 0xff, 0xff, 0xff, 0xff, 0xff, 0xff,
    0xff, 0xff, 0x10, 0xef, 0xff, 0xfe, 0xcb, 0xbb,
    0xbb, 0xbb, 0xbc, 0xef, 0xff, 0xf8, 0xf, 0xff,
    0xf8, 0x0, 0x0, 0x0, 0x0, 0x0, 0x0, 0xcf,
    0xff, 0xa2, 0xff, 0xff, 0x0, 0x0, 0x0, 0x0,
    0x0, 0x0, 0x6, 0xff, 0xfc, 0x3f, 0xff, 0xe0,
    0x0, 0x0, 0x0, 0x0, 0x0, 0x0, 0x4f, 0xff,
    0xd3, 0xff, 0xfe, 0x0, 0x0, 0x0, 0x0, 0x0,
    0x0, 0x3, 0xff, 0xfd, 0x3f, 0xff, 0xe0, 0x0,
    0x0, 0x0, 0x0, 0x0, 0x0, 0x3f, 0xff, 0xd3,
    0xff, 0xfe, 0x0, 0x0, 0x0, 0x0, 0x0, 0x0,
    0x3, 0xff, 0xfd, 0x3f, 0xff, 0xe0, 0x0, 0x0,
    0x0, 0x0, 0x0, 0x0, 0x3f, 0xff, 0xd3, 0xff,
    0xfe, 0x0, 0x0, 0x0, 0x0, 0x0, 0x0, 0x3,
    0xff, 0xfd, 0x3f, 0xff, 0xe0, 0x0, 0x0, 0x0,
    0x0, 0x0, 0x0, 0x3f, 0xff, 0xd3, 0xff, 0xfe,
    0x0, 0x0, 0x0, 0x0, 0x0, 0x0, 0x3, 0xff,
    0xfd, 0x3f, 0xff, 0xe0, 0x0, 0x0, 0x0, 0x0,
    0x0, 0x0, 0x3f, 0xff, 0xd2, 0xff, 0xfc, 0x0,
    0x0, 0x0, 0x0, 0x0, 0x0, 0x2, 0xff, 0xfc,

    /* U+006F "o" */
    0x0, 0x6, 0xbe, 0xff, 0xff, 0xff, 0xff, 0xff,
    0xfe, 0xb7, 0x10, 0x0, 0x1d, 0xff, 0xff, 0xff,
    0xff, 0xff, 0xff, 0xff, 0xff, 0xfe, 0x20, 0xa,
    0xff, 0xff, 0xff, 0xff, 0xff, 0xff, 0xff, 0xff,
    0xff, 0xfc, 0x1, 0xff, 0xff, 0xfb, 0x99, 0x99,
    0x99, 0x99, 0x9b, 0xff, 0xff, 0xf4, 0x5f, 0xff,
    0xf3, 0x0, 0x0, 0x0, 0x0, 0x0, 0x1, 0xff,
    0xff, 0x76, 0xff, 0xfd, 0x0, 0x0, 0x0, 0x0,
    0x0, 0x0, 0xa, 0xff, 0xf8, 0x6f, 0xff, 0xb0,
    0x0, 0x0, 0x0, 0x0, 0x0, 0x0, 0x9f, 0xff,
    0x96, 0xff, 0xfb, 0x0, 0x0, 0x0, 0x0, 0x0,
    0x0, 0x8, 0xff, 0xf9, 0x6f, 0xff, 0xb0, 0x0,
    0x0, 0x0, 0x0, 0x0, 0x0, 0x8f, 0xff, 0x96,
    0xff, 0xfb, 0x0, 0x0, 0x0, 0x0, 0x0, 0x0,
    0x9, 0xff, 0xf9, 0x6f, 0xff, 0xd0, 0x0, 0x0,
    0x0, 0x0, 0x0, 0x0, 0xaf, 0xff, 0x85, 0xff,
    0xff, 0x30, 0x0, 0x0, 0x0, 0x0, 0x0, 0x1e,
    0xff, 0xf7, 0x1f, 0xff, 0xff, 0xb9, 0x88, 0x88,
    0x88, 0x89, 0xaf, 0xff, 0xff, 0x40, 0xaf, 0xff,
    0xff, 0xff, 0xff, 0xff, 0xff, 0xff, 0xff, 0xff,
    0xc0, 0x1, 0xdf, 0xff, 0xff, 0xff, 0xff, 0xff,
    0xff, 0xff, 0xff, 0xe2, 0x0, 0x0, 0x6b, 0xef,
    0xff, 0xff, 0xff, 0xff, 0xff, 0xec, 0x71, 0x0,

    /* U+0070 "p" */
    0x0, 0x6, 0xbd, 0xff, 0xff, 0xff, 0xff, 0xff,
    0xfe, 0xc8, 0x10, 0x0, 0xc, 0xff, 0xff, 0xff,
    0xff, 0xff, 0xff, 0xff, 0xff, 0xff, 0x30, 0x7,
    0xff, 0xff, 0xff, 0xff, 0xff, 0xff, 0xff, 0xff,
    0xff, 0xfd, 0x0, 0xef, 0xff, 0xfc, 0xa9, 0x99,
    0x99, 0x99, 0xab, 0xff, 0xff, 0xf5, 0x1f, 0xff,
    0xf6, 0x0, 0x0, 0x0, 0x0, 0x0, 0x1, 0xef,
    0xff, 0x83, 0xff, 0xff, 0x0, 0x0, 0x0, 0x0,
    0x0, 0x0, 0x9, 0xff, 0xfa, 0x3f, 0xff, 0xe0,
    0x0, 0x0, 0x0, 0x0, 0x0, 0x0, 0x7f, 0xff,
    0xa3, 0xff, 0xfe, 0x0, 0x0, 0x0, 0x0, 0x0,
    0x0, 0x7, 0xff, 0xfa, 0x3f, 0xff, 0xe0, 0x0,
    0x0, 0x0, 0x0, 0x0, 0x0, 0x7f, 0xff, 0xa3,
    0xff, 0xfe, 0x0, 0x0, 0x0, 0x0, 0x0, 0x0,
    0x7, 0xff, 0xfa, 0x3f, 0xff, 0xe0, 0x0, 0x0,
    0x0, 0x0, 0x0, 0x0, 0x9f, 0xff, 0xa3, 0xff,
    0xfe, 0x0, 0x0, 0x0, 0x0, 0x0, 0x0, 0x1e,
    0xff, 0xf8, 0x3f, 0xff, 0xf9, 0x99, 0x99, 0x99,
    0x99, 0x9a, 0xbf, 0xff, 0xff, 0x53, 0xff, 0xff,
    0xff, 0xff, 0xff, 0xff, 0xff, 0xff, 0xff, 0xff,
    0xd0, 0x3f, 0xff, 0xff, 0xff, 0xff, 0xff, 0xff,
    0xff, 0xff, 0xff, 0xf3, 0x3, 0xff, 0xff, 0xff,
    0xff, 0xff, 0xff, 0xff, 0xff, 0xec, 0x81, 0x0,
    0x3f, 0xff, 0xe0, 0x0, 0x0, 0x0, 0x0, 0x0,
    0x0, 0x0, 0x0, 0x3, 0xff, 0xfe, 0x0, 0x0,
    0x0, 0x0, 0x0, 0x0, 0x0, 0x0, 0x0, 0x3f,
    0xff, 0xe0, 0x0, 0x0, 0x0, 0x0, 0x0, 0x0,
    0x0, 0x0, 0x3, 0xff, 0xfe, 0x0, 0x0, 0x0,
    0x0, 0x0, 0x0, 0x0, 0x0, 0x0, 0x3f, 0xff,
    0xe0, 0x0, 0x0, 0x0, 0x0, 0x0, 0x0, 0x0,
    0x0, 0x2, 0xff, 0xfc, 0x0, 0x0, 0x0, 0x0,
    0x0, 0x0, 0x0, 0x0, 0x0,

    /* U+0071 "q" */
    0x0, 0x6, 0xbe, 0xff, 0xff, 0xff, 0xff, 0xff,
    0xfe, 0xb7, 0x10, 0x0, 0x1d, 0xff, 0xff, 0xff,
    0xff, 0xff, 0xff, 0xff, 0xff, 0xfe, 0x10, 0xa,
    0xff, 0xff, 0xff, 0xff, 0xff, 0xff, 0xff, 0xff,
    0xff, 0xfb, 0x1, 0xff, 0xff, 0xfc, 0xa9, 0x99,
    0x99, 0x99, 0xab, 0xff, 0xff, 0xf2, 0x5f, 0xff,
    0xf4, 0x0, 0x0, 0x0, 0x0, 0x0, 0x3, 0xff,
    0xff, 0x46, 0xff, 0xfd, 0x0, 0x0, 0x0, 0x0,
    0x0, 0x0, 0xb, 0xff, 0xf7, 0x6f, 0xff, 0xb0,
    0x0, 0x0, 0x0, 0x0, 0x0, 0x0, 0xaf, 0xff,
    0x76, 0xff, 0xfb, 0x0, 0x0, 0x0, 0x0, 0x0,
    0x0, 0x9, 0xff, 0xf7, 0x6f, 0xff, 0xb0, 0x0,
    0x0, 0x0, 0x0, 0x0, 0x0, 0x9f, 0xff, 0x76,
    0xff, 0xfb, 0x0, 0x0, 0x0, 0x0, 0x0, 0x0,
    0x9, 0xff, 0xf7, 0x6f, 0xff, 0xd0, 0x0, 0x0,
    0x0, 0x0, 0x0, 0x0, 0x9f, 0xff, 0x75, 0xff,
    0xff, 0x40, 0x0, 0x0, 0x0, 0x0, 0x0, 0x9,
    0xff, 0xf7, 0x1f, 0xff, 0xff, 0xba, 0x99, 0x99,
    0x99, 0x99, 0x99, 0xdf, 0xff, 0x70, 0xaf, 0xff,
    0xff, 0xff, 0xff, 0xff, 0xff, 0xff, 0xff, 0xff,
    0xf7, 0x1, 0xdf, 0xff, 0xff, 0xff, 0xff, 0xff,
    0xff, 0xff, 0xff, 0xff, 0x70, 0x0, 0x6b, 0xef,
    0xff, 0xff, 0xff, 0xff, 0xff, 0xff, 0xff, 0xf7,
    0x0, 0x0, 0x0, 0x0, 0x0, 0x0, 0x0, 0x0,
    0x0, 0x9f, 0xff, 0x70, 0x0, 0x0, 0x0, 0x0,
    0x0, 0x0, 0x0, 0x0, 0x9, 0xff, 0xf7, 0x0,
    0x0, 0x0, 0x0, 0x0, 0x0, 0x0, 0x0, 0x0,
    0x9f, 0xff, 0x70, 0x0, 0x0, 0x0, 0x0, 0x0,
    0x0, 0x0, 0x0, 0x9, 0xff, 0xf7, 0x0, 0x0,
    0x0, 0x0, 0x0, 0x0, 0x0, 0x0, 0x0, 0x9f,
    0xff, 0x70, 0x0, 0x0, 0x0, 0x0, 0x0, 0x0,
    0x0, 0x0, 0x8, 0xff, 0xf6,

    /* U+0072 "r" */
    0x0, 0x5, 0xad, 0xff, 0xff, 0xff, 0xff, 0xff,
    0x30, 0xc, 0xff, 0xff, 0xff, 0xff, 0xff, 0xff,
    0xf4, 0x7, 0xff, 0xff, 0xff, 0xff, 0xff, 0xff,
    0xff, 0x40, 0xef, 0xff, 0xfc, 0xa9, 0x99, 0x99,
    0x99, 0x91, 0xf, 0xff, 0xf6, 0x0, 0x0, 0x0,
    0x0, 0x0, 0x2, 0xff, 0xff, 0x0, 0x0, 0x0,
    0x0, 0x0, 0x0, 0x3f, 0xff, 0xe0, 0x0, 0x0,
    0x0, 0x0, 0x0, 0x3, 0xff, 0xfe, 0x0, 0x0,
    0x0, 0x0, 0x0, 0x0, 0x3f, 0xff, 0xe0, 0x0,
    0x0, 0x0, 0x0, 0x0, 0x3, 0xff, 0xfe, 0x0,
    0x0, 0x0, 0x0, 0x0, 0x0, 0x3f, 0xff, 0xe0,
    0x0, 0x0, 0x0, 0x0, 0x0, 0x3, 0xff, 0xfe,
    0x0, 0x0, 0x0, 0x0, 0x0, 0x0, 0x3f, 0xff,
    0xe0, 0x0, 0x0, 0x0, 0x0, 0x0, 0x3, 0xff,
    0xfe, 0x0, 0x0, 0x0, 0x0, 0x0, 0x0, 0x3f,
    0xff, 0xe0, 0x0, 0x0, 0x0, 0x0, 0x0, 0x2,
    0xff, 0xfc, 0x0, 0x0, 0x0, 0x0, 0x0, 0x0,

    /* U+0073 "s" */
    0x0, 0x7c, 0xef, 0xff, 0xff, 0xff, 0xff, 0xff,
    0xff, 0xfa, 0x0, 0xcf, 0xff, 0xff, 0xff, 0xff,
    0xff, 0xff, 0xff, 0xff, 0xb0, 0x4f, 0xff, 0xff,
    0xff, 0xff, 0xff, 0xff, 0xff, 0xff, 0xfb, 0x7,
    0xff, 0xff, 0xa9, 0x88, 0x88, 0x88, 0x88, 0x88,
    0x88, 0x50, 0x8f, 0xff, 0x90, 0x0, 0x0, 0x0,
    0x0, 0x0, 0x0, 0x0, 0x7, 0xff, 0xfc, 0x0,
    0x0, 0x0, 0x0, 0x0, 0x0, 0x0, 0x0, 0x4f,
    0xff, 0xff, 0xff, 0xff, 0xff, 0xff, 0xff, 0xec,
    0x60, 0x0, 0xdf, 0xff, 0xff, 0xff, 0xff, 0xff,
    0xff, 0xff, 0xff, 0x90, 0x1, 0x9f, 0xff, 0xff,
    0xff, 0xff, 0xff, 0xff, 0xff, 0xff, 0x20, 0x0,
    0x1, 0x11, 0x11, 0x11, 0x11, 0x12, 0x4e, 0xff,
    0xf4, 0x0, 0x0, 0x0, 0x0, 0x0, 0x0, 0x0,
    0x0, 0xaf, 0xff, 0x60, 0x0, 0x0, 0x0, 0x0,
    0x0, 0x0, 0x0, 0xa, 0xff, 0xf6, 0x38, 0x88,
    0x88, 0x88, 0x88, 0x88, 0x88, 0x9a, 0xff, 0xff,
    0x48, 0xff, 0xff, 0xff, 0xff, 0xff, 0xff, 0xff,
    0xff, 0xff, 0xf2, 0x8f, 0xff, 0xff, 0xff, 0xff,
    0xff, 0xff, 0xff, 0xff, 0xf9, 0x7, 0xff, 0xff,
    0xff, 0xff, 0xff, 0xff, 0xff, 0xfe, 0xc6, 0x0,

    /* U+0074 "t" */
    0x0, 0x2, 0xff, 0xfd, 0x0, 0x0, 0x0, 0x0,
    0x3, 0xff, 0xfe, 0x0, 0x0, 0x0, 0x0, 0x3,
    0xff, 0xfe, 0x0, 0x0, 0x0, 0x0, 0x3, 0xff,
    0xfe, 0x0, 0x0, 0x0, 0x6f, 0xff, 0xff, 0xff,
    0xff, 0xff, 0xf7, 0x7f, 0xff, 0xff, 0xff, 0xff,
    0xff, 0xf8, 0x7f, 0xff, 0xff, 0xff, 0xff, 0xff,
    0xf8, 0x39, 0x9a, 0xff, 0xff, 0x99, 0x99, 0x93,
    0x0, 0x3, 0xff, 0xfe, 0x0, 0x0, 0x0, 0x0,
    0x3, 0xff, 0xfe, 0x0, 0x0, 0x0, 0x0, 0x3,
    0xff, 0xfe, 0x0, 0x0, 0x0, 0x0, 0x3, 0xff,
    0xfe, 0x0, 0x0, 0x0, 0x0, 0x3, 0xff, 0xfe,
    0x0, 0x0, 0x0, 0x0, 0x3, 0xff, 0xfe, 0x0,
    0x0, 0x0, 0x0, 0x3, 0xff, 0xff, 0x0, 0x0,
    0x0, 0x0, 0x1, 0xff, 0xff, 0x30, 0x0, 0x0,
    0x0, 0x0, 0xff, 0xff, 0xfa, 0x99, 0x95, 0x0,
    0x0, 0xaf, 0xff, 0xff, 0xff, 0xfb, 0x0, 0x0,
    0x1e, 0xff, 0xff, 0xff, 0xfb, 0x0, 0x0, 0x0,
    0x8d, 0xff, 0xff, 0xfa,

    /* U+0075 "u" */
    0x2f, 0xff, 0xc0, 0x0, 0x0, 0x0, 0x0, 0x0,
    0x0, 0x6f, 0xff, 0x83, 0xff, 0xfe, 0x0, 0x0,
    0x0, 0x0, 0x0, 0x0, 0x7, 0xff, 0xfa, 0x3f,
    0xff, 0xe0, 0x0, 0x0, 0x0, 0x0, 0x0, 0x0,
    0x7f, 0xff, 0xa3, 0xff, 0xfe, 0x0, 0x0, 0x0,
    0x0, 0x0, 0x0, 0x7, 0xff, 0xfa, 0x3f, 0xff,
    0xe0, 0x0, 0x0, 0x0, 0x0, 0x0, 0x0, 0x7f,
    0xff, 0xa3, 0xff, 0xfe, 0x0, 0x0, 0x0, 0x0,
    0x0, 0x0, 0x7, 0xff, 0xfa, 0x3f, 0xff, 0xe0,
    0x0, 0x0, 0x0, 0x0, 0x0, 0x0, 0x7f, 0xff,
    0xa3, 0xff, 0xfe, 0x0, 0x0, 0x0, 0x0, 0x0,
    0x0, 0x7, 0xff, 0xfa, 0x3f, 0xff, 0xe0, 0x0,
    0x0, 0x0, 0x0, 0x0, 0x0, 0x7f, 0xff, 0xa3,
    0xff, 0xfe, 0x0, 0x0, 0x0, 0x0, 0x0, 0x0,
    0x8, 0xff, 0xfa, 0x2f, 0xff, 0xf0, 0x0, 0x0,
    0x0, 0x0, 0x0, 0x0, 0xaf, 0xff, 0x90, 0xff,
    0xff, 0x70, 0x0, 0x0, 0x0, 0x0, 0x0, 0x3f,
    0xff, 0xf7, 0xe, 0xff, 0xff, 0xdb, 0xbb, 0xbb,
    0xbb, 0xbb, 0xdf, 0xff, 0xff, 0x50, 0x7f, 0xff,
    0xff, 0xff, 0xff, 0xff, 0xff, 0xff, 0xff, 0xff,
    0xd0, 0x0, 0xcf, 0xff, 0xff, 0xff, 0xff, 0xff,
    0xff, 0xff, 0xff, 0xf3, 0x0, 0x0, 0x5a, 0xdf,
    0xff, 0xff, 0xff, 0xff, 0xff, 0xec, 0x81, 0x0,

    /* U+0076 "v" */
    0x7f, 0xff, 0xd1, 0x0, 0x0, 0x0, 0x0, 0x0,
    0x0, 0x9, 0xff, 0xf9, 0x1f, 0xff, 0xf8, 0x0,
    0x0, 0x0, 0x0, 0x0, 0x0, 0x3f, 0xff, 0xf3,
    0x7, 0xff, 0xff, 0x20, 0x0, 0x0, 0x0, 0x0,
    0x0, 0xcf, 0xff, 0xa0, 0x0, 0xef, 0xff, 0xb0,
    0x0, 0x0, 0x0, 0x0, 0x6, 0xff, 0xff, 0x10,
    0x0, 0x5f, 0xff, 0xf4, 0x0, 0x0, 0x0, 0x0,
    0xe, 0xff, 0xf7, 0x0, 0x0, 0xc, 0xff, 0xfd,
    0x0, 0x0, 0x0, 0x0, 0x8f, 0xff, 0xe0, 0x0,
    0x0, 0x3, 0xff, 0xff, 0x60, 0x0, 0x0, 0x2,
    0xff, 0xff, 0x50, 0x0, 0x0, 0x0, 0x9f, 0xff,
    0xe0, 0x0, 0x0, 0xa, 0xff, 0xfc, 0x0, 0x0,
    0x0, 0x0, 0x1f, 0xff, 0xf8, 0x0, 0x0, 0x3f,
    0xff, 0xf3, 0x0, 0x0, 0x0, 0x0, 0x7, 0xff,
    0xff, 0x20, 0x0, 0xcf, 0xff, 0xa0, 0x0, 0x0,
    0x0, 0x0, 0x0, 0xdf, 0xff, 0xb0, 0x5, 0xff,
    0xff, 0x10, 0x0, 0x0, 0x0, 0x0, 0x0, 0x5f,
    0xff, 0xf4, 0xe, 0xff, 0xf8, 0x0, 0x0, 0x0,
    0x0, 0x0, 0x0, 0xc, 0xff, 0xfd, 0xaf, 0xff,
    0xe0, 0x0, 0x0, 0x0, 0x0, 0x0, 0x0, 0x3,
    0xff, 0xff, 0xff, 0xff, 0x50, 0x0, 0x0, 0x0,
    0x0, 0x0, 0x0, 0x0, 0x9f, 0xff, 0xff, 0xfc,
    0x0, 0x0, 0x0, 0x0, 0x0, 0x0, 0x0, 0x0,
    0xa, 0xef, 0xff, 0xb1, 0x0, 0x0, 0x0, 0x0,

    /* U+0077 "w" */
    0x6f, 0xff, 0xb0, 0x0, 0x0, 0x0, 0x2, 0xdf,
    0xff, 0xfc, 0x10, 0x0, 0x0, 0x0, 0xd, 0xff,
    0xf3, 0x3f, 0xff, 0xf1, 0x0, 0x0, 0x0, 0xb,
    0xff, 0xff, 0xff, 0x90, 0x0, 0x0, 0x0, 0x3f,
    0xff, 0xf0, 0xe, 0xff, 0xf7, 0x0, 0x0, 0x0,
    0x1f, 0xff, 0xff, 0xff, 0xf0, 0x0, 0x0, 0x0,
    0x9f, 0xff, 0xa0, 0x8, 0xff, 0xfc, 0x0, 0x0,
    0x0, 0x6f, 0xff, 0xbd, 0xff, 0xf4, 0x0, 0x0,
    0x0, 0xef, 0xff, 0x40, 0x3, 0xff, 0xff, 0x10,
    0x0, 0x0, 0xcf, 0xff, 0x37, 0xff, 0xfa, 0x0,
    0x0, 0x4, 0xff, 0xff, 0x0, 0x0, 0xef, 0xff,
    0x70, 0x0, 0x2, 0xff, 0xfd, 0x1, 0xff, 0xff,
    0x0, 0x0, 0x9, 0xff, 0xf9, 0x0, 0x0, 0x8f,
    0xff, 0xc0, 0x0, 0x7, 0xff, 0xf7, 0x0, 0xcf,
    0xff, 0x50, 0x0, 0xe, 0xff, 0xf4, 0x0, 0x0,
    0x3f, 0xff, 0xf1, 0x0, 0xd, 0xff, 0xf2, 0x0,
    0x6f, 0xff, 0xa0, 0x0, 0x4f, 0xff, 0xe0, 0x0,
    0x0, 0xe, 0xff, 0xf6, 0x0, 0x3f, 0xff, 0xc0,
    0x0, 0x1f, 0xff, 0xf0, 0x0, 0x9f, 0xff, 0x90,
    0x0, 0x0, 0x8, 0xff, 0xfc, 0x0, 0x8f, 0xff,
    0x60, 0x0, 0xb, 0xff, 0xf6, 0x0, 0xef, 0xff,
    0x30, 0x0, 0x0, 0x3, 0xff, 0xff, 0x10, 0xef,
    0xff, 0x10, 0x0, 0x6, 0xff, 0xfb, 0x4, 0xff,
    0xfe, 0x0, 0x0, 0x0, 0x0, 0xef, 0xff, 0x63,
    0xff, 0xfb, 0x0, 0x0, 0x0, 0xff, 0xff, 0x19,
    0xff, 0xf8, 0x0, 0x0, 0x0, 0x0, 0x8f, 0xff,
    0xdb, 0xff, 0xf5, 0x0, 0x0, 0x0, 0xaf, 0xff,
    0x9f, 0xff, 0xf3, 0x0, 0x0, 0x0, 0x0, 0x3f,
    0xff, 0xff, 0xff, 0xf0, 0x0, 0x0, 0x0, 0x5f,
    0xff, 0xff, 0xff, 0xd0, 0x0, 0x0, 0x0, 0x0,
    0xd, 0xff, 0xff, 0xff, 0xa0, 0x0, 0x0, 0x0,
    0xe, 0xff, 0xff, 0xff, 0x70, 0x0, 0x0, 0x0,
    0x0, 0x4, 0xef, 0xff, 0xfc, 0x20, 0x0, 0x0,
    0x0, 0x5, 0xef, 0xff, 0xfa, 0x0, 0x0, 0x0,

    /* U+0078 "x" */
    0xa, 0xff, 0xff, 0x80, 0x0, 0x0, 0x0, 0x0,
    0x1b, 0xff, 0xff, 0x10, 0x1d, 0xff, 0xff, 0x90,
    0x0, 0x0, 0x0, 0x1d, 0xff, 0xff, 0x50, 0x0,
    0x1c, 0xff, 0xff, 0xa0, 0x0, 0x0, 0x1d, 0xff,
    0xff, 0x40, 0x0, 0x0, 0xb, 0xff, 0xff, 0xb0,
    0x0, 0x2e, 0xff, 0xfe, 0x30, 0x0, 0x0, 0x0,
    0xa, 0xff, 0xff, 0xc1, 0x2e, 0xff, 0xfe, 0x20,
    0x0, 0x0, 0x0, 0x0, 0x9, 0xff, 0xff, 0xde,
    0xff, 0xfd, 0x20, 0x0, 0x0, 0x0, 0x0, 0x0,
    0x9, 0xff, 0xff, 0xff, 0xfd, 0x10, 0x0, 0x0,
    0x0, 0x0, 0x0, 0x0, 0x9, 0xff, 0xff, 0xfc,
    0x10, 0x0, 0x0, 0x0, 0x0, 0x0, 0x0, 0x2,
    0xef, 0xff, 0xff, 0xe3, 0x0, 0x0, 0x0, 0x0,
    0x0, 0x0, 0x3, 0xef, 0xff, 0xff, 0xff, 0xe3,
    0x0, 0x0, 0x0, 0x0, 0x0, 0x4, 0xff, 0xff,
    0xc6, 0xff, 0xff, 0xf4, 0x0, 0x0, 0x0, 0x0,
    0x5, 0xff, 0xff, 0xc0, 0x4, 0xff, 0xff, 0xf5,
    0x0, 0x0, 0x0, 0x6, 0xff, 0xff, 0xb0, 0x0,
    0x3, 0xff, 0xff, 0xf6, 0x0, 0x0, 0x7, 0xff,
    0xff, 0xa0, 0x0, 0x0, 0x3, 0xef, 0xff, 0xf6,
    0x0, 0x9, 0xff, 0xff, 0xa0, 0x0, 0x0, 0x0,
    0x2, 0xef, 0xff, 0xf7, 0x6, 0xff, 0xff, 0x80,
    0x0, 0x0, 0x0, 0x0, 0x1, 0xcf, 0xff, 0xf4,

    /* U+0079 "y" */
    0x7f, 0xff, 0xd0, 0x0, 0x0, 0x0, 0x0, 0x0,
    0x0, 0x2e, 0xff, 0xf2, 0x1f, 0xff, 0xf8, 0x0,
    0x0, 0x0, 0x0, 0x0, 0x0, 0xaf, 0xff, 0xb0,
    0x8, 0xff, 0xff, 0x10, 0x0, 0x0, 0x0, 0x0,
    0x3, 0xff, 0xff, 0x20, 0x0, 0xef, 0xff, 0xa0,
    0x0, 0x0, 0x0, 0x0, 0xc, 0xff, 0xf9, 0x0,
    0x0, 0x6f, 0xff, 0xf3, 0x0, 0x0, 0x0, 0x0,
    0x5f, 0xff, 0xe1, 0x0, 0x0, 0xd, 0xff, 0xfc,
    0x0, 0x0, 0x0, 0x0, 0xdf, 0xff, 0x60, 0x0,
    0x0, 0x4, 0xff, 0xff, 0x40, 0x0, 0x0, 0x6,
    0xff, 0xfd, 0x0, 0x0, 0x0, 0x0, 0xbf, 0xff,
    0xd0, 0x0, 0x0, 0xe, 0xff, 0xf4, 0x0, 0x0,
    0x0, 0x0, 0x3f, 0xff, 0xf6, 0x0, 0x0, 0x8f,
    0xff, 0xa0, 0x0, 0x0, 0x0, 0x0, 0x9, 0xff,
    0xfe, 0x0, 0x1, 0xff, 0xff, 0x20, 0x0, 0x0,
    0x0, 0x0, 0x1, 0xff, 0xff, 0x80, 0x9, 0xff,
    0xf8, 0x0, 0x0, 0x0, 0x0, 0x0, 0x0, 0x8f,
    0xff, 0xf1, 0x2f, 0xff, 0xe0, 0x0, 0x0, 0x0,
    0x0, 0x0, 0x0, 0xe, 0xff, 0xfb, 0xbf, 0xff,
    0x60, 0x0, 0x0, 0x0, 0x0, 0x0, 0x0, 0x6,
    0xff, 0xff, 0xff, 0xfc, 0x0, 0x0, 0x0, 0x0,
    0x0, 0x0, 0x0, 0x0, 0xcf, 0xff, 0xff, 0xf3,
    0x0, 0x0, 0x0, 0x0, 0x0, 0x0, 0x0, 0x0,
    0x2c, 0xff, 0xff, 0xa0, 0x0, 0x0, 0x0, 0x0,
    0x0, 0x0, 0x0, 0x0, 0x1, 0xef, 0xff, 0x10,
    0x0, 0x0, 0x0, 0x0, 0x0, 0x0, 0x0, 0x0,
    0x1c, 0xff, 0xf7, 0x0, 0x0, 0x0, 0x0, 0x0,
    0x0, 0x0, 0xc, 0xcd, 0xff, 0xff, 0xe0, 0x0,
    0x0, 0x0, 0x0, 0x0, 0x0, 0x0, 0x1f, 0xff,
    0xff, 0xff, 0x50, 0x0, 0x0, 0x0, 0x0, 0x0,
    0x0, 0x0, 0x1f, 0xff, 0xff, 0xfa, 0x0, 0x0,
    0x0, 0x0, 0x0, 0x0, 0x0, 0x0, 0xf, 0xff,
    0xec, 0x60, 0x0, 0x0, 0x0, 0x0, 0x0, 0x0,

    /* U+007A "z" */
    0x8f, 0xff, 0xff, 0xff, 0xff, 0xff, 0xff, 0xff,
    0xfe, 0x79, 0xff, 0xff, 0xff, 0xff, 0xff, 0xff,
    0xff, 0xff, 0xfe, 0x9f, 0xff, 0xff, 0xff, 0xff,
    0xff, 0xff, 0xff, 0xff, 0xf4, 0x99, 0x99, 0x99,
    0x99, 0x99, 0x99, 0x9b, 0xff, 0xff, 0x0, 0x0,
    0x0, 0x0, 0x0, 0x0, 0x3, 0xbf, 0xff, 0xf0,
    0x0, 0x0, 0x0, 0x0, 0x1, 0x7d, 0xff, 0xff,
    0xfc, 0x0, 0x0, 0x0, 0x0, 0x4a, 0xff, 0xff,
    0xff, 0xfa, 0x20, 0x0, 0x0, 0x28, 0xef, 0xff,
    0xff, 0xfd, 0x61, 0x0, 0x0, 0x5, 0xbf, 0xff,
    0xff, 0xff, 0x93, 0x0, 0x0, 0x0, 0x8e, 0xff,
    0xff, 0xff, 0xc6, 0x0, 0x0, 0x0, 0x0, 0x8f,
    0xff, 0xff, 0xe8, 0x20, 0x0, 0x0, 0x0, 0x0,
    0xb, 0xff, 0xfd, 0x50, 0x0, 0x0, 0x0, 0x0,
    0x0, 0x0, 0xbf, 0xff, 0xd9, 0x99, 0x99, 0x99,
    0x99, 0x99, 0x99, 0x6b, 0xff, 0xff, 0xff, 0xff,
    0xff, 0xff, 0xff, 0xff, 0xfd, 0xaf, 0xff, 0xff,
    0xff, 0xff, 0xff, 0xff, 0xff, 0xff, 0xd4, 0xef,
    0xff, 0xff, 0xff, 0xff, 0xff, 0xff, 0xff, 0xfc,

    /* U+007B "{" */
    0x0, 0x0, 0x0, 0x6a, 0xcc, 0xa0, 0x0, 0x1,
    0xdf, 0xff, 0xff, 0x0, 0x0, 0x9f, 0xff, 0xff,
    0xe0, 0x0, 0xf, 0xff, 0x50, 0x0, 0x0, 0x1,
    0xff, 0xb0, 0x0, 0x0, 0x0, 0x2f, 0xf9, 0x0,
    0x0, 0x0, 0x2, 0xff, 0x90, 0x0, 0x0, 0x0,
    0x2f, 0xf9, 0x0, 0x0, 0x0, 0x2, 0xff, 0x90,
    0x0, 0x0, 0x0, 0x2f, 0xf9, 0x0, 0x0, 0x0,
    0x2, 0xff, 0x90, 0x0, 0x0, 0x0, 0x2f, 0xf9,
    0x0, 0x0, 0x0, 0x2, 0xff, 0x90, 0x0, 0x0,
    0x0, 0x3f, 0xf9, 0x0, 0x0, 0x0, 0x7, 0xff,
    0x60, 0x0, 0x5, 0xde, 0xff, 0xe1, 0x0, 0x0,
    0x7f, 0xff, 0xf7, 0x0, 0x0, 0x6, 0xff, 0xff,
    0xd0, 0x0, 0x0, 0x0, 0x19, 0xff, 0x50, 0x0,
    0x0, 0x0, 0x3f, 0xf8, 0x0, 0x0, 0x0, 0x2,
    0xff, 0x90, 0x0, 0x0, 0x0, 0x2f, 0xf9, 0x0,
    0x0, 0x0, 0x2, 0xff, 0x90, 0x0, 0x0, 0x0,
    0x2f, 0xf9, 0x0, 0x0, 0x0, 0x2, 0xff, 0x90,
    0x0, 0x0, 0x0, 0x2f, 0xf9, 0x0, 0x0, 0x0,
    0x2, 0xff, 0x90, 0x0, 0x0, 0x0, 0x2f, 0xf9,
    0x0, 0x0, 0x0, 0x1, 0xff, 0xa0, 0x0, 0x0,
    0x0, 0xf, 0xff, 0x20, 0x0, 0x0, 0x0, 0xbf,
    0xff, 0xdc, 0xb0, 0x0, 0x2, 0xff, 0xff, 0xff,
    0x0, 0x0, 0x2, 0xad, 0xff, 0xe0,

    /* U+007C "|" */
    0x3f, 0xf7, 0x3f, 0xf8, 0x3f, 0xf8, 0x3f, 0xf8,
    0x3f, 0xf8, 0x3f, 0xf8, 0x3f, 0xf8, 0x3f, 0xf8,
    0x3f, 0xf8, 0x3f, 0xf8, 0x3f, 0xf8, 0x3f, 0xf8,
    0x3f, 0xf8, 0x3f, 0xf8, 0x3f, 0xf8, 0x3f, 0xf8,
    0x3f, 0xf8, 0x3f, 0xf8, 0x3f, 0xf8, 0x3f, 0xf8,
    0x3f, 0xf8, 0x3f, 0xf8, 0x3f, 0xf8, 0x3f, 0xf8,
    0x3f, 0xf8, 0x3f, 0xf8, 0x3f, 0xf8, 0x3f, 0xf7,

    /* U+007D "}" */
    0x9c, 0xca, 0x70, 0x0, 0x0, 0xc, 0xff, 0xff,
    0xe2, 0x0, 0x0, 0xbf, 0xff, 0xff, 0xb0, 0x0,
    0x0, 0x0, 0x4e, 0xff, 0x10, 0x0, 0x0, 0x0,
    0x9f, 0xf3, 0x0, 0x0, 0x0, 0x7, 0xff, 0x40,
    0x0, 0x0, 0x0, 0x7f, 0xf5, 0x0, 0x0, 0x0,
    0x7, 0xff, 0x50, 0x0, 0x0, 0x0, 0x7f, 0xf5,
    0x0, 0x0, 0x0, 0x7, 0xff, 0x50, 0x0, 0x0,
    0x0, 0x7f, 0xf5, 0x0, 0x0, 0x0, 0x7, 0xff,
    0x50, 0x0, 0x0, 0x0, 0x7f, 0xf5, 0x0, 0x0,
    0x0, 0x7, 0xff, 0x50, 0x0, 0x0, 0x0, 0x4f,
    0xf9, 0x0, 0x0, 0x0, 0x0, 0xdf, 0xfe, 0xd6,
    0x0, 0x0, 0x5, 0xff, 0xff, 0x90, 0x0, 0x0,
    0xcf, 0xff, 0xf8, 0x0, 0x0, 0x3f, 0xfb, 0x10,
    0x0, 0x0, 0x6, 0xff, 0x60, 0x0, 0x0, 0x0,
    0x7f, 0xf5, 0x0, 0x0, 0x0, 0x7, 0xff, 0x50,
    0x0, 0x0, 0x0, 0x7f, 0xf5, 0x0, 0x0, 0x0,
    0x7, 0xff, 0x50, 0x0, 0x0, 0x0, 0x7f, 0xf5,
    0x0, 0x0, 0x0, 0x7, 0xff, 0x50, 0x0, 0x0,
    0x0, 0x7f, 0xf5, 0x0, 0x0, 0x0, 0x7, 0xff,
    0x50, 0x0, 0x0, 0x0, 0x8f, 0xf3, 0x0, 0x0,
    0x0, 0x1d, 0xff, 0x10, 0x0, 0x9c, 0xdf, 0xff,
    0xd0, 0x0, 0xc, 0xff, 0xff, 0xf4, 0x0, 0x0,
    0xbf, 0xfd, 0xb2, 0x0, 0x0, 0x0,

    /* U+007E "~" */
    0x6, 0xcf, 0xeb, 0x71, 0x0, 0x0, 0x0, 0x11,
    0x8f, 0xff, 0xff, 0xff, 0x92, 0x0, 0x6, 0xe8,
    0xcf, 0xfd, 0xce, 0xff, 0xff, 0xec, 0xef, 0xf8,
    0xcd, 0x30, 0x0, 0x4b, 0xff, 0xff, 0xff, 0xf4,
    0x20, 0x0, 0x0, 0x0, 0x29, 0xcf, 0xeb, 0x40
};


/*---------------------
 *  GLYPH DESCRIPTION
 *--------------------*/

static const lv_font_fmt_txt_glyph_dsc_t glyph_dsc[] = {
    {.bitmap_index = 0, .adv_w = 0, .box_w = 0, .box_h = 0, .ofs_x = 0, .ofs_y = 0} /* id = 0 reserved */,
    {.bitmap_index = 0, .adv_w = 155, .box_w = 0, .box_h = 0, .ofs_x = 0, .ofs_y = 0},
    {.bitmap_index = 0, .adv_w = 123, .box_w = 6, .box_h = 22, .ofs_x = 1, .ofs_y = 0},
    {.bitmap_index = 66, .adv_w = 228, .box_w = 12, .box_h = 10, .ofs_x = 1, .ofs_y = 12},
    {.bitmap_index = 126, .adv_w = 396, .box_w = 23, .box_h = 20, .ofs_x = 1, .ofs_y = 0},
    {.bitmap_index = 356, .adv_w = 379, .box_w = 22, .box_h = 24, .ofs_x = 1, .ofs_y = -2},
    {.bitmap_index = 620, .adv_w = 529, .box_w = 31, .box_h = 20, .ofs_x = 1, .ofs_y = 0},
    {.bitmap_index = 930, .adv_w = 406, .box_w = 25, .box_h = 23, .ofs_x = 1, .ofs_y = 0},
    {.bitmap_index = 1218, .adv_w = 126, .box_w = 6, .box_h = 10, .ofs_x = 1, .ofs_y = 12},
    {.bitmap_index = 1248, .adv_w = 210, .box_w = 9, .box_h = 33, .ofs_x = 3, .ofs_y = -6},
    {.bitmap_index = 1397, .adv_w = 210, .box_w = 9, .box_h = 33, .ofs_x = 1, .ofs_y = -6},
    {.bitmap_index = 1546, .adv_w = 270, .box_w = 17, .box_h = 16, .ofs_x = 0, .ofs_y = 6},
    {.bitmap_index = 1682, .adv_w = 285, .box_w = 16, .box_h = 16, .ofs_x = 1, .ofs_y = 2},
    {.bitmap_index = 1810, .adv_w = 124, .box_w = 5, .box_h = 10, .ofs_x = 1, .ofs_y = -5},
    {.bitmap_index = 1835, .adv_w = 177, .box_w = 11, .box_h = 4, .ofs_x = 0, .ofs_y = 8},
    {.bitmap_index = 1857, .adv_w = 124, .box_w = 5, .box_h = 5, .ofs_x = 1, .ofs_y = 0},
    {.bitmap_index = 1870, .adv_w = 192, .box_w = 12, .box_h = 28, .ofs_x = 0, .ofs_y = -4},
    {.bitmap_index = 2038, .adv_w = 421, .box_w = 24, .box_h = 20, .ofs_x = 1, .ofs_y = 0},
    {.bitmap_index = 2278, .adv_w = 157, .box_w = 8, .box_h = 20, .ofs_x = 0, .ofs_y = 0},
    {.bitmap_index = 2358, .adv_w = 400, .box_w = 23, .box_h = 20, .ofs_x = 1, .ofs_y = 0},
    {.bitmap_index = 2588, .adv_w = 391, .box_w = 22, .box_h = 20, .ofs_x = 1, .ofs_y = 0},
    {.bitmap_index = 2808, .adv_w = 420, .box_w = 25, .box_h = 20, .ofs_x = 1, .ofs_y = 0},
    {.bitmap_index = 3058, .adv_w = 400, .box_w = 23, .box_h = 20, .ofs_x = 1, .ofs_y = 0},
    {.bitmap_index = 3288, .adv_w = 403, .box_w = 23, .box_h = 20, .ofs_x = 1, .ofs_y = 0},
    {.bitmap_index = 3518, .adv_w = 385, .box_w = 24, .box_h = 20, .ofs_x = 0, .ofs_y = 0},
    {.bitmap_index = 3758, .adv_w = 419, .box_w = 24, .box_h = 20, .ofs_x = 1, .ofs_y = 0},
    {.bitmap_index = 3998, .adv_w = 403, .box_w = 23, .box_h = 20, .ofs_x = 1, .ofs_y = 0},
    {.bitmap_index = 4228, .adv_w = 124, .box_w = 5, .box_h = 13, .ofs_x = 1, .ofs_y = 2},
    {.bitmap_index = 4261, .adv_w = 124, .box_w = 5, .box_h = 18, .ofs_x = 1, .ofs_y = -3},
    {.bitmap_index = 4306, .adv_w = 285, .box_w = 16, .box_h = 16, .ofs_x = 1, .ofs_y = 2},
    {.bitmap_index = 4434, .adv_w = 285, .box_w = 16, .box_h = 10, .ofs_x = 1, .ofs_y = 5},
    {.bitmap_index = 4514, .adv_w = 285, .box_w = 16, .box_h = 16, .ofs_x = 1, .ofs_y = 2},
    {.bitmap_index = 4642, .adv_w = 293, .box_w = 18, .box_h = 22, .ofs_x = 0, .ofs_y = 0},
    {.bitmap_index = 4840, .adv_w = 406, .box_w = 23, .box_h = 25, .ofs_x = 1, .ofs_y = -6},
    {.bitmap_index = 5128, .adv_w = 452, .box_w = 28, .box_h = 20, .ofs_x = 0, .ofs_y = 0},
    {.bitmap_index = 5408, .adv_w = 426, .box_w = 25, .box_h = 20, .ofs_x = 1, .ofs_y = 0},
    {.bitmap_index = 5658, .adv_w = 395, .box_w = 23, .box_h = 20, .ofs_x = 1, .ofs_y = 0},
    {.bitmap_index = 5888, .adv_w = 431, .box_w = 25, .box_h = 20, .ofs_x = 1, .ofs_y = 0},
    {.bitmap_index = 6138, .adv_w = 394, .box_w = 23, .box_h = 20, .ofs_x = 1, .ofs_y = 0},
    {.bitmap_index = 6368, .adv_w = 387, .box_w = 23, .box_h = 20, .ofs_x = 1, .ofs_y = 0},
    {.bitmap_index = 6598, .adv_w = 430, .box_w = 25, .box_h = 20, .ofs_x = 1, .ofs_y = 0},
    {.bitmap_index = 6848, .adv_w = 420, .box_w = 24, .box_h = 20, .ofs_x = 1, .ofs_y = 0},
    {.bitmap_index = 7088, .adv_w = 133, .box_w = 6, .box_h = 20, .ofs_x = 1, .ofs_y = 0},
    {.bitmap_index = 7148, .adv_w = 362, .box_w = 21, .box_h = 20, .ofs_x = 0, .ofs_y = 0},
    {.bitmap_index = 7358, .adv_w = 396, .box_w = 24, .box_h = 20, .ofs_x = 1, .ofs_y = 0},
    {.bitmap_index = 7598, .adv_w = 372, .box_w = 22, .box_h = 20, .ofs_x = 1, .ofs_y = 0},
    {.bitmap_index = 7818, .adv_w = 554, .box_w = 32, .box_h = 20, .ofs_x = 1, .ofs_y = 0},
    {.bitmap_index = 8138, .adv_w = 454, .box_w = 26, .box_h = 20, .ofs_x = 1, .ofs_y = 0},
    {.bitmap_index = 8398, .adv_w = 458, .box_w = 26, .box_h = 20, .ofs_x = 1, .ofs_y = 0},
    {.bitmap_index = 8658, .adv_w = 409, .box_w = 24, .box_h = 20, .ofs_x = 1, .ofs_y = 0},
    {.bitmap_index = 8898, .adv_w = 458, .box_w = 26, .box_h = 26, .ofs_x = 1, .ofs_y = -6},
    {.bitmap_index = 9236, .adv_w = 420, .box_w = 25, .box_h = 20, .ofs_x = 1, .ofs_y = 0},
    {.bitmap_index = 9486, .adv_w = 398, .box_w = 23, .box_h = 20, .ofs_x = 1, .ofs_y = 0},
    {.bitmap_index = 9716, .adv_w = 405, .box_w = 25, .box_h = 20, .ofs_x = 0, .ofs_y = 0},
    {.bitmap_index = 9966, .adv_w = 453, .box_w = 26, .box_h = 20, .ofs_x = 1, .ofs_y = 0},
    {.bitmap_index = 10226, .adv_w = 452, .box_w = 28, .box_h = 20, .ofs_x = 0, .ofs_y = 0},
    {.bitmap_index = 10506, .adv_w = 605, .box_w = 38, .box_h = 20, .ofs_x = 0, .ofs_y = 0},
    {.bitmap_index = 10886, .adv_w = 414, .box_w = 26, .box_h = 20, .ofs_x = 0, .ofs_y = 0},
    {.bitmap_index = 11146, .adv_w = 416, .box_w = 26, .box_h = 20, .ofs_x = 0, .ofs_y = 0},
    {.bitmap_index = 11406, .adv_w = 396, .box_w = 23, .box_h = 20, .ofs_x = 1, .ofs_y = 0},
    {.bitmap_index = 11636, .adv_w = 210, .box_w = 8, .box_h = 33, .ofs_x = 4, .ofs_y = -6},
    {.bitmap_index = 11768, .adv_w = 192, .box_w = 12, .box_h = 28, .ofs_x = 0, .ofs_y = -4},
    {.bitmap_index = 11936, .adv_w = 210, .box_w = 9, .box_h = 33, .ofs_x = 1, .ofs_y = -6},
    {.bitmap_index = 12085, .adv_w = 285, .box_w = 16, .box_h = 17, .ofs_x = 1, .ofs_y = 4},
    {.bitmap_index = 12221, .adv_w = 298, .box_w = 19, .box_h = 3, .ofs_x = 0, .ofs_y = -5},
    {.bitmap_index = 12250, .adv_w = 182, .box_w = 8, .box_h = 7, .ofs_x = 2, .ofs_y = 17},
    {.bitmap_index = 12278, .adv_w = 366, .box_w = 21, .box_h = 16, .ofs_x = 1, .ofs_y = 0},
    {.bitmap_index = 12446, .adv_w = 404, .box_w = 23, .box_h = 22, .ofs_x = 1, .ofs_y = 0},
    {.bitmap_index = 12699, .adv_w = 338, .box_w = 20, .box_h = 16, .ofs_x = 1, .ofs_y = 0},
    {.bitmap_index = 12859, .adv_w = 404, .box_w = 23, .box_h = 22, .ofs_x = 1, .ofs_y = 0},
    {.bitmap_index = 13112, .adv_w = 366, .box_w = 21, .box_h = 16, .ofs_x = 1, .ofs_y = 0},
    {.bitmap_index = 13280, .adv_w = 227, .box_w = 14, .box_h = 23, .ofs_x = 0, .ofs_y = 0},
    {.bitmap_index = 13441, .adv_w = 404, .box_w = 23, .box_h = 22, .ofs_x = 1, .ofs_y = -6},
    {.bitmap_index = 13694, .adv_w = 408, .box_w = 23, .box_h = 22, .ofs_x = 1, .ofs_y = 0},
    {.bitmap_index = 13947, .adv_w = 125, .box_w = 5, .box_h = 22, .ofs_x = 1, .ofs_y = 0},
    {.bitmap_index = 14002, .adv_w = 131, .box_w = 11, .box_h = 28, .ofs_x = -4, .ofs_y = -6},
    {.bitmap_index = 14156, .adv_w = 368, .box_w = 22, .box_h = 22, .ofs_x = 1, .ofs_y = 0},
    {.bitmap_index = 14398, .adv_w = 125, .box_w = 5, .box_h = 22, .ofs_x = 1, .ofs_y = 0},
    {.bitmap_index = 14453, .adv_w = 514, .box_w = 30, .box_h = 16, .ofs_x = 1, .ofs_y = 0},
    {.bitmap_index = 14693, .adv_w = 410, .box_w = 23, .box_h = 16, .ofs_x = 1, .ofs_y = 0},
    {.bitmap_index = 14877, .adv_w = 403, .box_w = 23, .box_h = 16, .ofs_x = 1, .ofs_y = 0},
    {.bitmap_index = 15061, .adv_w = 404, .box_w = 23, .box_h = 22, .ofs_x = 1, .ofs_y = -6},
    {.bitmap_index = 15314, .adv_w = 404, .box_w = 23, .box_h = 22, .ofs_x = 1, .ofs_y = -6},
    {.bitmap_index = 15567, .adv_w = 285, .box_w = 17, .box_h = 16, .ofs_x = 1, .ofs_y = 0},
    {.bitmap_index = 15703, .adv_w = 363, .box_w = 21, .box_h = 16, .ofs_x = 1, .ofs_y = 0},
    {.bitmap_index = 15871, .adv_w = 227, .box_w = 14, .box_h = 20, .ofs_x = 0, .ofs_y = 0},
    {.bitmap_index = 16011, .adv_w = 406, .box_w = 23, .box_h = 16, .ofs_x = 1, .ofs_y = 0},
    {.bitmap_index = 16195, .adv_w = 385, .box_w = 24, .box_h = 16, .ofs_x = 0, .ofs_y = 0},
    {.bitmap_index = 16387, .adv_w = 541, .box_w = 34, .box_h = 16, .ofs_x = 0, .ofs_y = 0},
    {.bitmap_index = 16659, .adv_w = 367, .box_w = 23, .box_h = 16, .ofs_x = 0, .ofs_y = 0},
    {.bitmap_index = 16843, .adv_w = 375, .box_w = 24, .box_h = 22, .ofs_x = 0, .ofs_y = -6},
    {.bitmap_index = 17107, .adv_w = 340, .box_w = 19, .box_h = 16, .ofs_x = 1, .ofs_y = 0},
    {.bitmap_index = 17259, .adv_w = 210, .box_w = 11, .box_h = 33, .ofs_x = 1, .ofs_y = -6},
    {.bitmap_index = 17441, .adv_w = 196, .box_w = 4, .box_h = 28, .ofs_x = 4, .ofs_y = -4},
    {.bitmap_index = 17497, .adv_w = 210, .box_w = 11, .box_h = 33, .ofs_x = 1, .ofs_y = -6},
    {.bitmap_index = 17679, .adv_w = 285, .box_w = 16, .box_h = 5, .ofs_x = 1, .ofs_y = 8}
};

/*---------------------
 *  CHARACTER MAPPING
 *--------------------*/



/*Collect the unicode lists and glyph_id offsets*/
static const lv_font_fmt_txt_cmap_t cmaps[] =
{
    {
        .range_start = 32, .range_length = 95, .glyph_id_start = 1,
        .unicode_list = NULL, .glyph_id_ofs_list = NULL, .list_length = 0, .type = LV_FONT_FMT_TXT_CMAP_FORMAT0_TINY
    }
};

/*-----------------
 *    KERNING
 *----------------*/


/*Map glyph_ids to kern left classes*/
static const uint8_t kern_left_class_mapping[] =
{
    0, 0, 0, 1, 0, 0, 0, 2,
    1, 3, 0, 0, 0, 4, 5, 4,
    6, 7, 8, 0, 9, 10, 11, 12,
    13, 14, 15, 0, 0, 0, 0, 0,
    0, 3, 16, 9, 17, 18, 0, 19,
    20, 0, 0, 21, 22, 23, 24, 0,
    18, 25, 18, 26, 27, 28, 21, 29,
    30, 22, 31, 32, 3, 0, 0, 0,
    0, 0, 33, 34, 35, 0, 36, 37,
    38, 38, 0, 39, 40, 0, 38, 38,
    34, 34, 0, 41, 42, 43, 44, 45,
    46, 40, 45, 47, 3, 0, 0, 0
};

/*Map glyph_ids to kern right classes*/
static const uint8_t kern_right_class_mapping[] =
{
    0, 0, 0, 1, 0, 0, 0, 2,
    1, 0, 0, 0, 0, 3, 4, 3,
    5, 6, 7, 0, 0, 8, 0, 9,
    10, 11, 12, 0, 0, 0, 0, 0,
    13, 0, 14, 0, 15, 0, 15, 16,
    15, 0, 0, 17, 0, 18, 19, 0,
    15, 0, 15, 0, 20, 21, 18, 22,
    23, 24, 25, 26, 0, 0, 0, 0,
    0, 0, 27, 0, 28, 28, 28, 29,
    28, 0, 0, 30, 0, 0, 31, 31,
    28, 31, 28, 31, 32, 33, 34, 35,
    36, 37, 38, 39, 0, 0, 0, 0
};

/*Kern values between classes*/
static const int8_t kern_class_values[] =
{
    0, 0, -28, 0, 0, 0, 0, -19,
    -9, 0, -9, 0, 0, -56, -9, 0,
    -46, 0, 0, 0, 0, 0, 0, 0,
    0, 0, 0, -14, 0, 0, -14, -17,
    0, 0, 0, 0, 0, 0, 0, 0,
    0, 0, 0, 0, 0, 0, 0, 0,
    0, 0, 0, 0, 0, 0, 0, 0,
    0, 0, 0, -14, -37, -23, 0, -51,
    0, 0, -9, 0, 0, 0, 0, 0,
    -17, -14, 0, 0, -14, 0, 0, 0,
    0, 0, 0, 0, 0, 0, 0, 0,
    0, 0, 0, 0, 0, 0, 0, 0,
    0, 0, 0, 0, 0, 0, 0, 0,
    0, 0, 0, 51, 0, 0, 0, 0,
    0, 0, 0, 0, 0, -28, 0, 0,
    0, 0, -9, -14, -9, 0, -28, -9,
    0, 0, 0, -9, 0, 0, -9, 0,
    0, -46, -46, -46, 0, -56, 0, 0,
    0, -32, 23, 0, 0, -52, -9, -56,
    0, 0, -56, 0, 0, 0, 0, 0,
    0, 0, 0, 0, 0, -37, 0, 0,
    0, -37, 0, 0, -19, 0, 0, 0,
    -46, -37, -19, -46, -46, 0, 0, 0,
    5, 0, 0, 0, 0, 0, -14, 0,
    -25, -14, 0, 0, -32, 0, 0, 0,
    0, 0, 0, 0, 0, 0, 0, 0,
    -70, -19, -19, -56, 0, -9, -19, 0,
    0, 0, 0, 0, 0, -19, -28, 0,
    0, -28, -28, 0, -19, 0, 0, 0,
    0, -19, 0, 0, -9, 0, 0, 0,
    -5, 0, 0, -5, 0, 0, 0, 0,
    0, 0, 0, 0, 0, 0, 0, 0,
    0, 0, 0, 0, 0, 0, 0, 0,
    0, 0, 0, 0, 0, 0, 0, 0,
    0, -9, 0, 0, 0, 0, 0, 0,
    0, 0, 0, 0, 0, 0, 0, 0,
    0, 0, 0, 0, 0, 0, 0, 0,
    0, 0, 0, 0, 0, 0, 0, 0,
    0, 0, 0, 0, 0, 0, 0, 0,
    0, 0, 0, 0, 0, 0, 0, 0,
    0, 0, 0, 0, 0, -15, 0, 0,
    0, 0, 0, 0, 0, -21, -13, -13,
    -14, 0, 0, 0, 0, 0, 0, 0,
    0, 0, 0, 0, -6, 0, 0, -33,
    0, 0, 0, 0, 0, -13, 0, 0,
    -19, 0, 0, 0, 0, 0, 0, 0,
    0, 0, 0, 0, 0, 0, 0, 0,
    0, 0, 0, 0, 0, 0, 0, 0,
    0, 0, 0, 0, 0, 0, 0, 0,
    -10, 0, 0, 0, -9, 0, 0, -9,
    0, -13, 0, 0, 0, 0, 0, 0,
    0, 0, 0, 0, 0, 0, 0, 0,
    0, 0, 0, 0, 0, 0, 0, 0,
    0, 0, 0, 0, 0, -14, 0, -14,
    0, 0, 0, -9, 0, 0, -9, 0,
    0, 0, 0, 0, 0, 0, 0, 0,
    0, 0, 0, 0, 0, 0, 0, 0,
    0, 0, 0, 0, 0, 0, 0, 0,
    0, 0, 0, 0, 0, 0, -51, 0,
    0, -5, 0, -23, -8, 0, -5, -4,
    0, 0, 0, 0, 0, 0, 0, 0,
    0, 0, 0, 0, 0, 0, 0, 0,
    0, 0, 0, 0, 0, 0, 0, 0,
    0, 0, 0, -9, 0, -9, 0, 0,
    0, 0, 0, 0, -5, 0, 0, 0,
    0, 0, 0, 0, 0, 0, 0, 0,
    0, 0, 0, 0, 0, 0, 0, 0,
    0, 0, 0, 0, 0, 0, 0, 0,
    0, 0, -9, 0, -15, 0, 0, 0,
    0, 0, 0, -9, 0, 0, 0, 0,
    0, 0, 0, 0, 0, 0, 0, 0,
    0, 0, 0, 0, 0, 0, 0, 0,
    0, 0, 0, 0, 0, 0, 0, 0,
    0, -56, -6, 0, -37, 0, 0, 0,
    0, 0, 0, 0, 0, -46, 9, -19,
    0, 0, -19, 0, 0, -60, -88, -51,
    0, -79, 0, -9, -14, -24, 19, 0,
    0, -44, -14, -55, 0, 0, -48, 0,
    0, 0, 0, -19, 0, 0, 0, 0,
    0, 0, 0, 0, 0, 0, 0, 0,
    0, 0, 0, 0, 0, 0, 0, 0,
    0, 0, 0, 0, 0, 0, 0, 0,
    0, 0, 0, 0, 0, 0, 0, -9,
    0, -9, 0, -19, 0, 0, 0, 0,
    0, 0, 0, 0, -19, 0, 0, 0,
    0, 0, 0, -9, -19, -9, -14, -23,
    0, 0, 0, 0, 0, 0, 0, 0,
    0, 0, 0, -8, 0, 0, 0, -8,
    0, 9, -32, 0, 0, 0, 0, 0,
    0, 0, 0, -31, 0, 0, -37, 0,
    0, 0, 0, 0, 0, 0, 6, 0,
    0, 0, 0, 0, 0, 0, 0, 0,
    0, 0, 0, 0, 0, 0, 0, 0,
    0, -14, 0, 0, 0, 0, 0, 0,
    0, 0, -9, 0, 0, 0, 0, 0,
    0, 0, 0, 0, -8, 0, 0, 0,
    0, 0, 0, 0, 0, 0, 0, 0,
    0, 0, 0, 0, 0, 0, -9, 0,
    -19, 0, 0, 0, 0, 0, 0, 0,
    0, -19, 0, 0, -6, 0, 0, 0,
    0, 0, 0, 0, 0, 0, 0, 0,
    0, 0, 0, 0, 0, 0, 0, 0,
    -8, 0, 0, 0, -8, 0, -46, 0,
    0, 0, 0, 0, 0, 0, 0, 0,
    0, -14, 0, 0, 0, 0, 0, 0,
    0, -5, 0, 0, 0, -8, -19, -18,
    0, 0, 0, -23, -19, -29, 0, 0,
    -29, -4, 0, 0, 0, -28, 0, 0,
    0, 0, 0, 0, 0, 0, -37, 0,
    0, 0, 0, -6, 0, 0, -88, -84,
    -38, 0, -98, 0, 0, -5, 0, 0,
    0, 0, -32, -5, -51, -19, 0, -51,
    0, 0, 0, 0, 0, 0, 0, 0,
    0, 0, 0, 0, 0, -5, 0, 0,
    0, 0, 0, 0, 0, 0, -6, -13,
    0, -14, 0, 0, 0, 0, 0, 0,
    0, 0, 0, 0, 0, 0, 0, 0,
    0, -9, -32, 5, -41, 0, 0, 0,
    0, 0, 0, 0, -5, -46, 0, 0,
    -29, 0, 0, 0, 0, 0, -8, -25,
    -13, 0, 0, 0, 0, 0, -5, 0,
    0, 0, 0, 0, 0, 0, 0, 0,
    -9, 0, 0, 0, 0, 0, 0, 0,
    0, 0, 0, -5, 0, -8, 0, 0,
    -4, 0, -5, -6, -24, -13, 0, -26,
    -9, -7, -14, 0, 0, 0, 0, 0,
    -13, 0, 0, 0, 0, 0, 0, 0,
    0, 0, -19, 0, 0, 0, 0, 0,
    0, 0, 0, -19, 0, 0, 0, 0,
    0, 0, 0, -4, -5, -13, 0, 0,
    0, 0, 0, 0, 0, 0, 0, 0,
    -6, 0, -8, -9, 0, 0, -28, -46,
    -46, -65, 0, 0, 0, 0, 0, 0,
    0, 0, -60, -9, -10, -84, 5, 0,
    0, 7, 5, 0, 0, 4, 0, 0,
    -9, 0, 0, -9, -9, 0, 0, 0,
    0, 0, 0, 0, 0, -37, -46, -37,
    -60, 0, 0, 0, 0, 0, 0, 0,
    0, -88, -19, -24, -70, 0, -6, -14,
    5, 9, 6, -5, 9, 0, -16, -43,
    0, 0, -43, -36, 0, -23, 0, 0,
    -14, 0, 0, 0, -32, -46, -19, -42,
    0, 0, 0, 0, 0, 0, 0, 0,
    -51, -9, -24, -47, 0, -14, -15, 0,
    6, 3, -7, 5, 0, -14, -29, 0,
    0, -29, -26, 0, -18, 0, 0, -9,
    0, 0, 0, -28, -56, -46, -65, 0,
    0, 0, 0, 0, 0, 0, 0, -79,
    -23, -32, -96, 0, -10, -15, 4, 9,
    5, 0, 12, 0, -32, -51, 0, 0,
    -51, -46, -14, -28, -9, 0, -14, -9,
    -14, 0, 0, 0, 0, 0, 0, 0,
    0, 0, 0, 0, 0, 0, 0, -9,
    0, 0, 0, 0, 0, 0, 0, 0,
    0, 0, 0, 0, 0, 0, 0, 0,
    0, 0, 0, 0, 0, 0, 0, 0,
    -9, 0, 0, 0, 0, 0, 0, 0,
    0, 0, 0, 0, -19, 0, 0, 0,
    0, 0, 0, 0, 0, 0, 0, 0,
    0, 0, 0, 0, 0, 0, 0, 0,
    0, 0, -14, -9, 0, -12, 0, -14,
    0, 0, 0, -19, 0, 0, 0, 0,
    0, 0, 0, -28, 0, 0, 0, 0,
    0, 0, 0, 0, 0, 0, 0, 0,
    0, 0, 0, 0, 0, 0, 0, -7,
    0, -13, -8, -9, -13, 0, 0, 0,
    0, 0, 0, 0, 0, 0, 0, 0,
    0, 0, 0, 0, 0, 0, 0, 0,
    0, 0, 0, 0, 0, 0, 0, 0,
    0, -8, 0, 0, 0, 0, 9, 0,
    0, 0, 0, 0, 0, -9, 0, 0,
    0, 0, 0, 0, 0, 0, 0, 0,
    0, -19, 0, 0, 0, 0, 0, 0,
    0, 0, 0, 0, 0, 0, 0, 0,
    0, 0, 0, 0, 0, 0, 0, -7,
    0, 0, -7, 0, 14, -14, -56, 9,
    -19, 0, 0, 0, 0, 0, 0, 0,
    14, 0, 0, 0, 0, 0, 0, 0,
    0, 0, 0, 0, 0, 0, 0, 0,
    9, 0, 0, 0, 9, 0, 0, 0,
    0, 0, 0, -14, 0, 0, 0, 0,
    0, 0, 0, 0, 0, 0, 0, -28,
    0, 0, 0, 0, 0, 0, 0, 0,
    0, 0, 0, 0, 0, 0, 0, 0,
    35, 0, 0, 0, 0, -13, 0, 0,
    -13, 0, 0, 0, 0, 0, 0, 0,
    0, 0, 0, 0, 0, 0, 0, 0,
    0, 0, 0, 0, 0, 0, 0, 0,
    0, 0, 0, 0, 0, 0, 0, 32,
    0, 0, 0, 0, 0, 0, 0, 0,
    0, 0, -6, 0, -25, 0, 0, 0,
    0, 0, 0, 0, 0, 0, 0, 0,
    0, 0, 0, 0, 0, 0, 0, 0,
    0, 0, 0, 0, -14, 0, 0, 0,
    0, 0, 0, 0, 0, 0, 0, 0,
    0, -19, 0, 0, 0, 0, 0, 0,
    0, 0, 0, 0, 0, 0, 0, 0,
    0, 0, 0, 0, 0, 0, 0, 0,
    0, 0, 0, 0, 9, 0, 0, 0,
    9, 0, 0, 0, 0, 0, 0, -10,
    0, -9, -8, -14, 0, 0, 0, 0,
    0, 0, 0, -9, 0, 0, 0, 0,
    0, 0, 0, 0, 0, 0, 0, 0,
    0, 0, 0, 0, 0, 0, 0, 0,
    0, -6, 0, 0, -6, 0, 0, 0,
    0, 0, 0, 0, 0, 0, 0, 0,
    0, 0, 0, 0, 0, 0, 0, 0,
    0, 0, 0, 0, 0, 0, 0, 0,
    0, 0, 9, 0, 0, 0, 9, 0,
    0, 0, 0, 0, 0, 0, 0, -9,
    0, 0, 0, 0, 0, 0, 0, 0,
    0, 0, 0, 0, 0, 0, 0, 0,
    0, 0, 0, 0, 0, 0, 0, 0,
    0, 0, 0, 0, 0, 0, 0, 0,
    0, 0, 0, 0, 0, -32, -56, -14,
    -42, 0, 0, 0, 0, 0, 0, 0,
    0, 0, 0, 0, 0, 0, 0, 0,
    0, 0, 0, 0, 0, 0, 0, -16,
    0, 0, -20, 0, 0, 0, 0, 0,
    0, 0, 0, 0, -23, 0, 0, -23,
    0, 0, 0, 0, 0, 0, 0, 0,
    0, 0, 0, 0, 0, 0, 0, 0,
    0, 0, 0, 0, 0, -5, -8, 0,
    0, -8, 0, 0, 0, 0, 0, 0,
    0, 0, 0, 0, 0, 0, 0, 0,
    0, 0, 0, 0, 0, 0, -9, 0,
    0, 0, 0, 0, 0, 0, 0, 0,
    0, 0, 0, 0, 0, 0, 0, 0,
    0, 0, 0, 0, 0, 0, 0, 0,
    0
};


/*Collect the kern class' data in one place*/
static const lv_font_fmt_txt_kern_classes_t kern_classes =
{
    .class_pair_values   = kern_class_values,
    .left_class_mapping  = kern_left_class_mapping,
    .right_class_mapping = kern_right_class_mapping,
    .left_class_cnt      = 47,
    .right_class_cnt     = 39,
};

/*--------------------
 *  ALL CUSTOM DATA
 *--------------------*/

#if LVGL_VERSION_MAJOR == 8
/*Store all the custom data of the font*/
static  lv_font_fmt_txt_glyph_cache_t cache;
#endif

#if LVGL_VERSION_MAJOR >= 8
static const lv_font_fmt_txt_dsc_t font_dsc = {
#else
static lv_font_fmt_txt_dsc_t font_dsc = {
#endif
    .glyph_bitmap = glyph_bitmap,
    .glyph_dsc = glyph_dsc,
    .cmaps = cmaps,
    .kern_dsc = &kern_classes,
    .kern_scale = 16,
    .cmap_num = 1,
    .bpp = 4,
    .kern_classes = 1,
    .bitmap_format = 0,
#if LVGL_VERSION_MAJOR == 8
    .cache = &cache
#endif
};



/*-----------------
 *  PUBLIC FONT
 *----------------*/

/*Initialize a public general font descriptor*/
#if LVGL_VERSION_MAJOR >= 8
const lv_font_t ui_font_FontTypoderSize44 = {
#else
lv_font_t ui_font_FontTypoderSize44 = {
#endif
    .get_glyph_dsc = lv_font_get_glyph_dsc_fmt_txt,    /*Function pointer to get glyph's data*/
    .get_glyph_bitmap = lv_font_get_bitmap_fmt_txt,    /*Function pointer to get glyph's bitmap*/
    .line_height = 33,          /*The maximum line height required by the font*/
    .base_line = 6,             /*Baseline measured from the bottom of the line*/
#if !(LVGL_VERSION_MAJOR == 6 && LVGL_VERSION_MINOR == 0)
    .subpx = LV_FONT_SUBPX_NONE,
#endif
#if LV_VERSION_CHECK(7, 4, 0) || LVGL_VERSION_MAJOR >= 8
    .underline_position = -2,
    .underline_thickness = 3,
#endif
    .dsc = &font_dsc,          /*The custom font data. Will be accessed by `get_glyph_bitmap/dsc` */
#if LV_VERSION_CHECK(8, 2, 0) || LVGL_VERSION_MAJOR >= 9
    .fallback = NULL,
#endif
    .user_data = NULL,
};



#endif /*#if UI_FONT_FONTTYPODERSIZE44*/


#endif /* CONFIG_OBD_UI_RENDER_RES == 240 */
