// Auto-generated by gen_fonts.py — do not edit (source: fonts/Conthrax-SemiBold.otf)
// master px:80  sha256:625c8da7e5e1937a  template:v2  target render res: 240 (size 27)
#ifndef CONFIG_OBD_UI_RENDER_RES
#define CONFIG_OBD_UI_RENDER_RES 360   /* simulator / unit tests */
#endif
#if CONFIG_OBD_UI_RENDER_RES == 240

#ifdef __has_include
    #if __has_include("lvgl.h")
        #ifndef LV_LVGL_H_INCLUDE_SIMPLE
            #define LV_LVGL_H_INCLUDE_SIMPLE
        #endif
    #endif
#endif

#ifdef LV_LVGL_H_INCLUDE_SIMPLE
#include "lvgl.h"
#else
#include "lvgl/lvgl.h"
#endif

#ifndef UI_FONT_FONTTYPODERSIZE40
#define UI_FONT_FONTTYPODERSIZE40 1
#endif

#if UI_FONT_FONTTYPODERSIZE40

/*-----------------
 *    BITMAPS
 *----------------*/

/*Store the image of the glyphs*/
static LV_ATTRIBUTE_LARGE_CONST const uint8_t glyph_bitmap[] = {
    /* U+0020 " " */

    /* U+0021 "!" */
    0x6f, 0xff, 0x97, 0xff, 0xfa, 0x6f, 0xff, 0x95,
    0xff, 0xf8, 0x4f, 0xff, 0x73, 0xff, 0xf6, 0x2f,
    0xff, 0x51, 0xff, 0xf4, 0xf, 0xff, 0x30, 0xff,
    0xf2, 0xe, 0xff, 0x10, 0xdf, 0xf0, 0xc, 0xff,
    0x0, 0x58, 0x60, 0x0, 0x0, 0x0, 0x0, 0x0,
    0x3d, 0xdd, 0x55, 0xff, 0xf8, 0x5f, 0xff, 0x84,
    0xff, 0xf6,

    /* U+0022 "\"" */
    0x3f, 0xff, 0x80, 0x4f, 0xff, 0x73, 0xff, 0xf8,
    0x4, 0xff, 0xf7, 0x2f, 0xff, 0x70, 0x3f, 0xff,
    0x60, 0xff, 0xf5, 0x1, 0xff, 0xf5, 0xf, 0xff,
    0x40, 0xf, 0xff, 0x30, 0xef, 0xf3, 0x0, 0xff,
    0xf2, 0xc, 0xff, 0x10, 0xd, 0xff, 0x0, 0xbf,
    0xf0, 0x0, 0xcf, 0xf0, 0x4, 0x86, 0x0, 0x4,
    0x86, 0x0,

    /* U+0023 "#" */
    0x0, 0x0, 0x2f, 0xf3, 0x0, 0x0, 0x2, 0xff,
    0x30, 0x0, 0x0, 0x0, 0x3, 0xff, 0x50, 0x0,
    0x0, 0x4f, 0xf4, 0x0, 0x0, 0x0, 0x0, 0x3f,
    0xf5, 0x0, 0x0, 0x4, 0xff, 0x40, 0x0, 0x0,
    0x0, 0x3, 0xff, 0x50, 0x0, 0x0, 0x4f, 0xf4,
    0x0, 0x0, 0x4f, 0xff, 0xff, 0xff, 0xff, 0xff,
    0xff, 0xff, 0xff, 0xff, 0x55, 0xff, 0xff, 0xff,
    0xff, 0xff, 0xff, 0xff, 0xff, 0xff, 0xf6, 0x19,
    0x99, 0xbf, 0xfb, 0x99, 0x99, 0x9b, 0xff, 0xb9,
    0x99, 0x20, 0x0, 0x3, 0xff, 0x50, 0x0, 0x0,
    0x4f, 0xf4, 0x0, 0x0, 0x0, 0x0, 0x3f, 0xf5,
    0x0, 0x0, 0x4, 0xff, 0x40, 0x0, 0x0, 0x0,
    0x3, 0xff, 0x50, 0x0, 0x0, 0x4f, 0xf4, 0x0,
    0x0, 0x0, 0x0, 0x3f, 0xf5, 0x0, 0x0, 0x4,
    0xff, 0x40, 0x0, 0x0, 0x0, 0x3, 0xff, 0x50,
    0x0, 0x0, 0x4f, 0xf4, 0x0, 0x0, 0x4f, 0xff,
    0xff, 0xff, 0xff, 0xff, 0xff, 0xff, 0xff, 0xff,
    0x55, 0xff, 0xff, 0xff, 0xff, 0xff, 0xff, 0xff,
    0xff, 0xff, 0xf6, 0x19, 0x99, 0xbf, 0xfc, 0x99,
    0x99, 0x9b, 0xff, 0xb9, 0x99, 0x20, 0x0, 0x3,
    0xff, 0x50, 0x0, 0x0, 0x4f, 0xf4, 0x0, 0x0,
    0x0, 0x0, 0x3f, 0xf5, 0x0, 0x0, 0x4, 0xff,
    0x40, 0x0, 0x0, 0x0, 0x3, 0xff, 0x50, 0x0,
    0x0, 0x4f, 0xf4, 0x0, 0x0, 0x0, 0x0, 0x2f,
    0xf3, 0x0, 0x0, 0x2, 0xff, 0x30, 0x0, 0x0,

    /* U+0024 "$" */
    0x0, 0x0, 0x0, 0x0, 0xe, 0xf4, 0x0, 0x0,
    0x0, 0x0, 0x0, 0x0, 0x0, 0x0, 0xf, 0xf5,
    0x0, 0x0, 0x0, 0x0, 0x0, 0x17, 0x9a, 0xaa,
    0xaf, 0xfc, 0xaa, 0xaa, 0xaa, 0x90, 0x4, 0xff,
    0xff, 0xff, 0xff, 0xff, 0xff, 0xff, 0xff, 0xf0,
    0xe, 0xff, 0xff, 0xff, 0xff, 0xff, 0xff, 0xff,
    0xff, 0xf0, 0x2f, 0xff, 0xff, 0xff, 0xff, 0xff,
    0xff, 0xff, 0xff, 0xf0, 0x4f, 0xff, 0xc1, 0x0,
    0xf, 0xf5, 0x0, 0x0, 0x0, 0x0, 0x5f, 0xff,
    0x80, 0x0, 0xf, 0xf5, 0x0, 0x0, 0x0, 0x0,
    0x3f, 0xff, 0xb1, 0x0, 0xf, 0xf5, 0x0, 0x0,
    0x0, 0x0, 0x1f, 0xff, 0xff, 0xff, 0xff, 0xff,
    0xff, 0xff, 0xd9, 0x0, 0xa, 0xff, 0xff, 0xff,
    0xff, 0xff, 0xff, 0xff, 0xff, 0xc0, 0x1, 0xbf,
    0xff, 0xff, 0xff, 0xff, 0xff, 0xff, 0xff, 0xf5,
    0x0, 0x2, 0x56, 0x66, 0x6f, 0xf9, 0x66, 0x6b,
    0xff, 0xf8, 0x0, 0x0, 0x0, 0x0, 0xf, 0xf5,
    0x0, 0x3, 0xff, 0xfa, 0x0, 0x0, 0x0, 0x0,
    0xf, 0xf5, 0x0, 0x2, 0xff, 0xfa, 0x0, 0x0,
    0x0, 0x0, 0xf, 0xf5, 0x0, 0x7, 0xff, 0xfa,
    0x4f, 0xff, 0xff, 0xff, 0xff, 0xff, 0xff, 0xff,
    0xff, 0xf8, 0x5f, 0xff, 0xff, 0xff, 0xff, 0xff,
    0xff, 0xff, 0xff, 0xf3, 0x5f, 0xff, 0xff, 0xff,
    0xff, 0xff, 0xff, 0xff, 0xff, 0x80, 0x2a, 0xaa,
    0xaa, 0xaa, 0xaf, 0xfc, 0xaa, 0xa9, 0x73, 0x0,
    0x0, 0x0, 0x0, 0x0, 0xf, 0xf5, 0x0, 0x0,
    0x0, 0x0, 0x0, 0x0, 0x0, 0x0, 0xf, 0xf5,
    0x0, 0x0, 0x0, 0x0, 0x0, 0x0, 0x0, 0x0,
    0x5, 0x61, 0x0, 0x0, 0x0, 0x0,

    /* U+0025 "%" */
    0x1, 0x9d, 0xff, 0xff, 0xfd, 0x91, 0x0, 0x0,
    0x0, 0x0, 0xaf, 0xe0, 0x0, 0x0, 0x0, 0xdf,
    0xff, 0xff, 0xff, 0xff, 0xb0, 0x0, 0x0, 0x0,
    0x8f, 0xf3, 0x0, 0x0, 0x0, 0x3f, 0xf9, 0x32,
    0x22, 0x3a, 0xff, 0x20, 0x0, 0x0, 0x5f, 0xf6,
    0x0, 0x0, 0x0, 0x5, 0xff, 0x0, 0x0, 0x0,
    0x1f, 0xf4, 0x0, 0x0, 0x2f, 0xf9, 0x0, 0x0,
    0x0, 0x0, 0x6f, 0xf0, 0x0, 0x0, 0x1, 0xff,
    0x40, 0x0, 0x1d, 0xfc, 0x0, 0x0, 0x0, 0x0,
    0x6, 0xff, 0x0, 0x0, 0x0, 0xf, 0xf4, 0x0,
    0xb, 0xfe, 0x10, 0x0, 0x0, 0x0, 0x0, 0x6f,
    0xf0, 0x0, 0x0, 0x1, 0xff, 0x40, 0x8, 0xff,
    0x30, 0x0, 0x0, 0x0, 0x0, 0x4, 0xff, 0x60,
    0x0, 0x0, 0x7f, 0xf2, 0x5, 0xff, 0x60, 0x0,
    0x0, 0x0, 0x0, 0x0, 0xe, 0xff, 0xff, 0xff,
    0xff, 0xfd, 0x2, 0xff, 0x90, 0x0, 0x22, 0x22,
    0x20, 0x0, 0x0, 0x3c, 0xff, 0xff, 0xff, 0xfb,
    0x21, 0xdf, 0xc0, 0x4d, 0xff, 0xff, 0xff, 0xfb,
    0x20, 0x0, 0x0, 0x22, 0x22, 0x20, 0x0, 0xbf,
    0xe1, 0x1f, 0xff, 0xff, 0xff, 0xff, 0xfc, 0x0,
    0x0, 0x0, 0x0, 0x0, 0x0, 0x8f, 0xf3, 0x5,
    0xff, 0x50, 0x0, 0x0, 0x9f, 0xf1, 0x0, 0x0,
    0x0, 0x0, 0x0, 0x5f, 0xf6, 0x0, 0x7f, 0xe0,
    0x0, 0x0, 0x3, 0xff, 0x30, 0x0, 0x0, 0x0,
    0x0, 0x2f, 0xf9, 0x0, 0x7, 0xfd, 0x0, 0x0,
    0x0, 0x2f, 0xf3, 0x0, 0x0, 0x0, 0x0, 0x1d,
    0xfc, 0x0, 0x0, 0x7f, 0xe0, 0x0, 0x0, 0x2,
    0xff, 0x30, 0x0, 0x0, 0x0, 0xb, 0xfe, 0x10,
    0x0, 0x7, 0xfe, 0x0, 0x0, 0x0, 0x3f, 0xf2,
    0x0, 0x0, 0x0, 0x8, 0xff, 0x30, 0x0, 0x0,
    0x5f, 0xf8, 0x32, 0x23, 0x3b, 0xff, 0x0, 0x0,
    0x0, 0x5, 0xff, 0x60, 0x0, 0x0, 0x0, 0xef,
    0xff, 0xff, 0xff, 0xff, 0xa0, 0x0, 0x0, 0x1,
    0xff, 0x80, 0x0, 0x0, 0x0, 0x2, 0xae, 0xff,
    0xff, 0xfd, 0x80, 0x0,

    /* U+0026 "&" */
    0x0, 0x3, 0xdf, 0xff, 0xff, 0xff, 0xea, 0x10,
    0x0, 0x0, 0x0, 0x0, 0x0, 0xef, 0xff, 0xff,
    0xff, 0xff, 0xfa, 0x0, 0x0, 0x0, 0x0, 0x0,
    0x3f, 0xff, 0xff, 0xff, 0xff, 0xff, 0xe0, 0x0,
    0x0, 0x0, 0x0, 0x4, 0xff, 0xfe, 0x98, 0x89,
    0xff, 0xfe, 0x0, 0x0, 0x0, 0x0, 0x0, 0x4f,
    0xff, 0x90, 0x0, 0xc, 0xff, 0xe0, 0x0, 0x0,
    0x0, 0x0, 0x3, 0xff, 0xfa, 0x0, 0x0, 0xdf,
    0xfe, 0x0, 0x0, 0x0, 0x0, 0x0, 0xf, 0xff,
    0xf5, 0x0, 0x6f, 0xff, 0xc0, 0x0, 0x0, 0x0,
    0x0, 0x0, 0x8f, 0xff, 0xf8, 0xcf, 0xff, 0xf8,
    0x0, 0x0, 0x0, 0x0, 0x0, 0x0, 0xbf, 0xff,
    0xff, 0xff, 0xfc, 0x0, 0x4, 0x66, 0x61, 0x0,
    0x0, 0x3, 0xff, 0xff, 0xff, 0xf8, 0x0, 0x8,
    0xff, 0xff, 0x20, 0x0, 0x1a, 0xff, 0xff, 0xff,
    0xfa, 0x0, 0x5, 0xff, 0xff, 0x50, 0x0, 0x5f,
    0xff, 0xff, 0xff, 0xff, 0xfa, 0x3, 0xff, 0xff,
    0x80, 0x0, 0x2f, 0xff, 0xff, 0xa2, 0x9f, 0xff,
    0xfb, 0xef, 0xff, 0xa0, 0x0, 0x9, 0xff, 0xfe,
    0x30, 0x0, 0x8f, 0xff, 0xff, 0xff, 0xc0, 0x0,
    0x0, 0xcf, 0xff, 0x40, 0x0, 0x0, 0x7f, 0xff,
    0xff, 0xe1, 0x0, 0x0, 0xe, 0xff, 0xf1, 0x0,
    0x0, 0x0, 0xbf, 0xff, 0xfd, 0x10, 0x0, 0x0,
    0xef, 0xff, 0x30, 0x0, 0x0, 0x8f, 0xff, 0xff,
    0xfe, 0x20, 0x0, 0xd, 0xff, 0xfd, 0x99, 0x9a,
    0xdf, 0xff, 0xff, 0xff, 0xfe, 0x30, 0x0, 0xbf,
    0xff, 0xff, 0xff, 0xff, 0xff, 0xfb, 0x4f, 0xff,
    0xff, 0x30, 0x4, 0xff, 0xff, 0xff, 0xff, 0xff,
    0xfc, 0x0, 0x3f, 0xff, 0xff, 0x40, 0x5, 0xcf,
    0xff, 0xff, 0xff, 0xd8, 0x0, 0x0, 0x3d, 0xff,
    0xff, 0x0,

    /* U+0027 "'" */
    0x3f, 0xff, 0x83, 0xff, 0xf8, 0x2f, 0xff, 0x70,
    0xff, 0xf5, 0xf, 0xff, 0x40, 0xef, 0xf3, 0xc,
    0xff, 0x10, 0xbf, 0xf0, 0x4, 0x86, 0x0,

    /* U+0028 "(" */
    0x0, 0x0, 0x16, 0x89, 0x0, 0x0, 0x8f, 0xff,
    0xf1, 0x0, 0x8f, 0xff, 0xff, 0x10, 0x2f, 0xff,
    0x62, 0x0, 0x8, 0xff, 0x50, 0x0, 0x0, 0xdf,
    0xe0, 0x0, 0x0, 0xf, 0xf9, 0x0, 0x0, 0x3,
    0xff, 0x60, 0x0, 0x0, 0x4f, 0xf4, 0x0, 0x0,
    0x5, 0xff, 0x30, 0x0, 0x0, 0x6f, 0xf3, 0x0,
    0x0, 0x6, 0xff, 0x20, 0x0, 0x0, 0x6f, 0xf2,
    0x0, 0x0, 0x6, 0xff, 0x20, 0x0, 0x0, 0x6f,
    0xf2, 0x0, 0x0, 0x6, 0xff, 0x20, 0x0, 0x0,
    0x6f, 0xf2, 0x0, 0x0, 0x6, 0xff, 0x20, 0x0,
    0x0, 0x6f, 0xf2, 0x0, 0x0, 0x6, 0xff, 0x20,
    0x0, 0x0, 0x6f, 0xf3, 0x0, 0x0, 0x5, 0xff,
    0x30, 0x0, 0x0, 0x5f, 0xf4, 0x0, 0x0, 0x3,
    0xff, 0x50, 0x0, 0x0, 0x1f, 0xf8, 0x0, 0x0,
    0x0, 0xff, 0xb0, 0x0, 0x0, 0xa, 0xff, 0x20,
    0x0, 0x0, 0x5f, 0xfc, 0x10, 0x0, 0x0, 0xcf,
    0xff, 0xb9, 0x0, 0x1, 0xef, 0xff, 0xf1, 0x0,
    0x0, 0x7d, 0xff, 0x10,

    /* U+0029 ")" */
    0x78, 0x72, 0x0, 0x0, 0xef, 0xff, 0xa1, 0x0,
    0xdf, 0xff, 0xfb, 0x0, 0x1, 0x5e, 0xff, 0x50,
    0x0, 0x2, 0xff, 0xc0, 0x0, 0x0, 0xaf, 0xf1,
    0x0, 0x0, 0x5f, 0xf4, 0x0, 0x0, 0x2f, 0xf6,
    0x0, 0x0, 0x1f, 0xf8, 0x0, 0x0, 0xf, 0xf9,
    0x0, 0x0, 0xf, 0xf9, 0x0, 0x0, 0xf, 0xfa,
    0x0, 0x0, 0xf, 0xfa, 0x0, 0x0, 0xf, 0xfa,
    0x0, 0x0, 0xf, 0xfa, 0x0, 0x0, 0xf, 0xfa,
    0x0, 0x0, 0xf, 0xfa, 0x0, 0x0, 0xf, 0xfa,
    0x0, 0x0, 0xf, 0xfa, 0x0, 0x0, 0xf, 0xfa,
    0x0, 0x0, 0xf, 0xfa, 0x0, 0x0, 0xf, 0xf9,
    0x0, 0x0, 0xf, 0xf8, 0x0, 0x0, 0x2f, 0xf7,
    0x0, 0x0, 0x4f, 0xf5, 0x0, 0x0, 0x8f, 0xf2,
    0x0, 0x0, 0xef, 0xe0, 0x0, 0x9, 0xff, 0x80,
    0x7a, 0xef, 0xfe, 0x10, 0xef, 0xff, 0xf4, 0x0,
    0xdf, 0xd9, 0x20, 0x0,

    /* U+002A "*" */
    0x0, 0x0, 0x0, 0x4f, 0xf0, 0x0, 0x0, 0x0,
    0x0, 0x0, 0x0, 0x4f, 0xf0, 0x0, 0x0, 0x0,
    0x0, 0x0, 0x0, 0x3f, 0xf0, 0x0, 0x0, 0x0,
    0x0, 0x0, 0x0, 0x2f, 0xe0, 0x0, 0x0, 0x0,
    0xb, 0x71, 0x0, 0x1f, 0xd0, 0x0, 0x39, 0xa0,
    0x4f, 0xff, 0xa4, 0xf, 0xc0, 0x6c, 0xff, 0xf0,
    0x3b, 0xff, 0xff, 0xef, 0xff, 0xff, 0xfe, 0xa1,
    0x0, 0x4, 0x8c, 0xff, 0xff, 0xb6, 0x20, 0x0,
    0x0, 0x0, 0x1, 0xef, 0xfb, 0x0, 0x0, 0x0,
    0x0, 0x0, 0xc, 0xfa, 0xdf, 0x80, 0x0, 0x0,
    0x0, 0x0, 0x9f, 0xe1, 0x3f, 0xf5, 0x0, 0x0,
    0x0, 0x6, 0xff, 0x50, 0x9, 0xff, 0x30, 0x0,
    0x0, 0x3f, 0xfb, 0x0, 0x0, 0xef, 0xe0, 0x0,
    0x0, 0xa, 0xf1, 0x0, 0x0, 0x5f, 0x60, 0x0,
    0x0, 0x0, 0x10, 0x0, 0x0, 0x1, 0x0, 0x0,

    /* U+002B "+" */
    0x0, 0x0, 0x0, 0x56, 0x20, 0x0, 0x0, 0x0,
    0x0, 0x0, 0xf, 0xf8, 0x0, 0x0, 0x0, 0x0,
    0x0, 0x0, 0xff, 0x80, 0x0, 0x0, 0x0, 0x0,
    0x0, 0xf, 0xf8, 0x0, 0x0, 0x0, 0x0, 0x0,
    0x0, 0xff, 0x80, 0x0, 0x0, 0x0, 0x0, 0x0,
    0xf, 0xf8, 0x0, 0x0, 0x0, 0x69, 0x99, 0x9a,
    0xff, 0xd9, 0x99, 0x99, 0x2d, 0xff, 0xff, 0xff,
    0xff, 0xff, 0xff, 0xf6, 0xbf, 0xff, 0xff, 0xff,
    0xff, 0xff, 0xff, 0x40, 0x0, 0x0, 0xf, 0xf8,
    0x0, 0x0, 0x0, 0x0, 0x0, 0x0, 0xff, 0x80,
    0x0, 0x0, 0x0, 0x0, 0x0, 0xf, 0xf8, 0x0,
    0x0, 0x0, 0x0, 0x0, 0x0, 0xff, 0x80, 0x0,
    0x0, 0x0, 0x0, 0x0, 0xf, 0xf8, 0x0, 0x0,
    0x0, 0x0, 0x0, 0x0, 0xef, 0x70, 0x0, 0x0,
    0x0,

    /* U+002C "," */
    0x2d, 0xdd, 0x54, 0xff, 0xf8, 0x4f, 0xff, 0x83,
    0xff, 0xf7, 0x5, 0xff, 0x40, 0x8f, 0xf0, 0xb,
    0xfb, 0x0, 0xef, 0x70, 0x6, 0x71, 0x0,

    /* U+002D "-" */
    0x4f, 0xff, 0xff, 0xff, 0xf8, 0x6f, 0xff, 0xff,
    0xff, 0xfa, 0x4f, 0xff, 0xff, 0xff, 0xf9,

    /* U+002E "." */
    0x2d, 0xdd, 0x54, 0xff, 0xf8, 0x4f, 0xff, 0x83,
    0xff, 0xf7,

    /* U+002F "/" */
    0x0, 0x0, 0x0, 0x0, 0x47, 0x70, 0x0, 0x0,
    0x0, 0x0, 0xef, 0xd0, 0x0, 0x0, 0x0, 0x3,
    0xff, 0x80, 0x0, 0x0, 0x0, 0x8, 0xff, 0x30,
    0x0, 0x0, 0x0, 0xd, 0xfd, 0x0, 0x0, 0x0,
    0x0, 0x2f, 0xf8, 0x0, 0x0, 0x0, 0x0, 0x8f,
    0xf3, 0x0, 0x0, 0x0, 0x0, 0xdf, 0xe0, 0x0,
    0x0, 0x0, 0x2, 0xff, 0x90, 0x0, 0x0, 0x0,
    0x7, 0xff, 0x40, 0x0, 0x0, 0x0, 0xc, 0xff,
    0x0, 0x0, 0x0, 0x0, 0x1f, 0xfa, 0x0, 0x0,
    0x0, 0x0, 0x6f, 0xf5, 0x0, 0x0, 0x0, 0x0,
    0xbf, 0xf0, 0x0, 0x0, 0x0, 0x0, 0xff, 0xb0,
    0x0, 0x0, 0x0, 0x5, 0xff, 0x60, 0x0, 0x0,
    0x0, 0xa, 0xff, 0x10, 0x0, 0x0, 0x0, 0xf,
    0xfc, 0x0, 0x0, 0x0, 0x0, 0x4f, 0xf7, 0x0,
    0x0, 0x0, 0x0, 0x9f, 0xf2, 0x0, 0x0, 0x0,
    0x0, 0xef, 0xc0, 0x0, 0x0, 0x0, 0x4, 0xff,
    0x70, 0x0, 0x0, 0x0, 0x9, 0xff, 0x20, 0x0,
    0x0, 0x0, 0xe, 0xfd, 0x0, 0x0, 0x0, 0x0,
    0x3f, 0xf8, 0x0, 0x0, 0x0, 0x0, 0x8f, 0xf3,
    0x0, 0x0, 0x0, 0x0, 0xcf, 0xd0, 0x0, 0x0,
    0x0, 0x0,

    /* U+0030 "0" */
    0x0, 0x2, 0x8c, 0xef, 0xff, 0xff, 0xff, 0xff,
    0xda, 0x50, 0x0, 0x0, 0x7f, 0xff, 0xff, 0xff,
    0xff, 0xff, 0xff, 0xff, 0xfd, 0x20, 0x5, 0xff,
    0xff, 0xff, 0xff, 0xff, 0xff, 0xff, 0xff, 0xff,
    0xd0, 0xd, 0xff, 0xff, 0xfd, 0xcc, 0xcc, 0xcc,
    0xce, 0xff, 0xff, 0xf5, 0x2f, 0xff, 0xf8, 0x0,
    0x0, 0x0, 0x0, 0x0, 0x3d, 0xff, 0xfa, 0x4f,
    0xff, 0xe0, 0x0, 0x0, 0x0, 0x0, 0x0, 0x6,
    0xff, 0xfd, 0x5f, 0xff, 0xb0, 0x0, 0x0, 0x0,
    0x0, 0x0, 0x3, 0xff, 0xfe, 0x6f, 0xff, 0xa0,
    0x0, 0x0, 0x0, 0x0, 0x0, 0x2, 0xff, 0xfe,
    0x6f, 0xff, 0xa0, 0x0, 0x0, 0x0, 0x0, 0x0,
    0x1, 0xff, 0xfe, 0x6f, 0xff, 0xa0, 0x0, 0x0,
    0x0, 0x0, 0x0, 0x1, 0xff, 0xfe, 0x6f, 0xff,
    0xa0, 0x0, 0x0, 0x0, 0x0, 0x0, 0x1, 0xff,
    0xfe, 0x6f, 0xff, 0xa0, 0x0, 0x0, 0x0, 0x0,
    0x0, 0x2, 0xff, 0xfe, 0x5f, 0xff, 0xb0, 0x0,
    0x0, 0x0, 0x0, 0x0, 0x3, 0xff, 0xfe, 0x4f,
    0xff, 0xe0, 0x0, 0x0, 0x0, 0x0, 0x0, 0x6,
    0xff, 0xfd, 0x2f, 0xff, 0xf8, 0x0, 0x0, 0x0,
    0x0, 0x0, 0x2d, 0xff, 0xfa, 0xd, 0xff, 0xff,
    0xfd, 0xcc, 0xcc, 0xcc, 0xce, 0xff, 0xff, 0xf5,
    0x5, 0xff, 0xff, 0xff, 0xff, 0xff, 0xff, 0xff,
    0xff, 0xff, 0xd0, 0x0, 0x7f, 0xff, 0xff, 0xff,
    0xff, 0xff, 0xff, 0xff, 0xfd, 0x20, 0x0, 0x2,
    0x8c, 0xef, 0xff, 0xff, 0xff, 0xff, 0xda, 0x50,
    0x0,

    /* U+0031 "1" */
    0x4f, 0xff, 0xfe, 0x80, 0x5f, 0xff, 0xff, 0xf3,
    0x5f, 0xff, 0xff, 0xf5, 0x3c, 0xcf, 0xff, 0xf5,
    0x0, 0xb, 0xff, 0xf5, 0x0, 0xb, 0xff, 0xf5,
    0x0, 0xb, 0xff, 0xf5, 0x0, 0xb, 0xff, 0xf5,
    0x0, 0xb, 0xff, 0xf5, 0x0, 0xb, 0xff, 0xf5,
    0x0, 0xb, 0xff, 0xf5, 0x0, 0xb, 0xff, 0xf5,
    0x0, 0xb, 0xff, 0xf5, 0x0, 0xb, 0xff, 0xf5,
    0x0, 0xb, 0xff, 0xf5, 0x0, 0xb, 0xff, 0xf5,
    0x0, 0xb, 0xff, 0xf5, 0x0, 0xb, 0xff, 0xf5,
    0x0, 0x9, 0xff, 0xf4,

    /* U+0032 "2" */
    0xb, 0xff, 0xff, 0xff, 0xff, 0xff, 0xff, 0xff,
    0xfc, 0x70, 0x0, 0xcf, 0xff, 0xff, 0xff, 0xff,
    0xff, 0xff, 0xff, 0xff, 0xd0, 0xc, 0xff, 0xff,
    0xff, 0xff, 0xff, 0xff, 0xff, 0xff, 0xff, 0x70,
    0x8c, 0xcc, 0xcc, 0xcc, 0xcc, 0xcc, 0xcc, 0xdf,
    0xff, 0xfb, 0x0, 0x0, 0x0, 0x0, 0x0, 0x0,
    0x0, 0x0, 0x7f, 0xff, 0xd0, 0x0, 0x0, 0x0,
    0x0, 0x0, 0x0, 0x0, 0x3, 0xff, 0xfd, 0x0,
    0x0, 0x0, 0x0, 0x0, 0x0, 0x0, 0x0, 0x5f,
    0xff, 0xd0, 0x0, 0x36, 0x88, 0x88, 0x88, 0x88,
    0x88, 0x9e, 0xff, 0xfa, 0x1, 0xbf, 0xff, 0xff,
    0xff, 0xff, 0xff, 0xff, 0xff, 0xff, 0x60, 0xbf,
    0xff, 0xff, 0xff, 0xff, 0xff, 0xff, 0xff, 0xff,
    0xb0, 0x2f, 0xff, 0xff, 0xff, 0xff, 0xff, 0xff,
    0xff, 0xfc, 0x70, 0x5, 0xff, 0xfe, 0x20, 0x0,
    0x0, 0x0, 0x0, 0x0, 0x0, 0x0, 0x7f, 0xff,
    0x90, 0x0, 0x0, 0x0, 0x0, 0x0, 0x0, 0x0,
    0x7, 0xff, 0xf8, 0x0, 0x0, 0x0, 0x0, 0x0,
    0x0, 0x0, 0x0, 0x7f, 0xff, 0x90, 0x0, 0x0,
    0x0, 0x0, 0x0, 0x0, 0x0, 0x7, 0xff, 0xff,
    0xcc, 0xcc, 0xcc, 0xcc, 0xcc, 0xcc, 0xcc, 0xc8,
    0x7f, 0xff, 0xff, 0xff, 0xff, 0xff, 0xff, 0xff,
    0xff, 0xff, 0xd5, 0xff, 0xff, 0xff, 0xff, 0xff,
    0xff, 0xff, 0xff, 0xff, 0xfd, 0xa, 0xff, 0xff,
    0xff, 0xff, 0xff, 0xff, 0xff, 0xff, 0xff, 0xc0,

    /* U+0033 "3" */
    0x9f, 0xff, 0xff, 0xff, 0xff, 0xff, 0xff, 0xfe,
    0xd9, 0x20, 0xa, 0xff, 0xff, 0xff, 0xff, 0xff,
    0xff, 0xff, 0xff, 0xff, 0x20, 0xaf, 0xff, 0xff,
    0xff, 0xff, 0xff, 0xff, 0xff, 0xff, 0xfb, 0x6,
    0xcc, 0xcc, 0xcc, 0xcc, 0xcc, 0xcc, 0xcd, 0xff,
    0xff, 0xe0, 0x0, 0x0, 0x0, 0x0, 0x0, 0x0,
    0x0, 0x4, 0xff, 0xff, 0x0, 0x0, 0x0, 0x0,
    0x0, 0x0, 0x0, 0x0, 0xe, 0xff, 0xf0, 0x0,
    0x0, 0x0, 0x0, 0x0, 0x0, 0x0, 0x0, 0xff,
    0xfe, 0x2, 0x88, 0x88, 0x88, 0x88, 0x88, 0x88,
    0x89, 0xdf, 0xff, 0xa0, 0x7f, 0xff, 0xff, 0xff,
    0xff, 0xff, 0xff, 0xff, 0xff, 0xd1, 0x7, 0xff,
    0xff, 0xff, 0xff, 0xff, 0xff, 0xff, 0xff, 0xfc,
    0x0, 0x6f, 0xff, 0xff, 0xff, 0xff, 0xff, 0xff,
    0xff, 0xff, 0xfa, 0x0, 0x0, 0x0, 0x0, 0x0,
    0x0, 0x0, 0x0, 0x5f, 0xff, 0xf0, 0x0, 0x0,
    0x0, 0x0, 0x0, 0x0, 0x0, 0x0, 0xef, 0xff,
    0x20, 0x0, 0x0, 0x0, 0x0, 0x0, 0x0, 0x0,
    0xe, 0xff, 0xf2, 0x0, 0x0, 0x0, 0x0, 0x0,
    0x0, 0x0, 0x3, 0xff, 0xff, 0x26, 0xcc, 0xcc,
    0xcc, 0xcc, 0xcc, 0xcc, 0xcc, 0xff, 0xff, 0xf0,
    0xaf, 0xff, 0xff, 0xff, 0xff, 0xff, 0xff, 0xff,
    0xff, 0xfc, 0xa, 0xff, 0xff, 0xff, 0xff, 0xff,
    0xff, 0xff, 0xff, 0xff, 0x30, 0x9f, 0xff, 0xff,
    0xff, 0xff, 0xff, 0xff, 0xff, 0xda, 0x20, 0x0,

    /* U+0034 "4" */
    0x0, 0x0, 0x0, 0x0, 0x0, 0x0, 0x0, 0x7d,
    0xff, 0xfd, 0x30, 0x0, 0x0, 0x0, 0x0, 0x0,
    0x0, 0x0, 0x3d, 0xff, 0xff, 0xff, 0xb0, 0x0,
    0x0, 0x0, 0x0, 0x0, 0x0, 0x7, 0xff, 0xff,
    0xff, 0xff, 0xd0, 0x0, 0x0, 0x0, 0x0, 0x0,
    0x1, 0xcf, 0xff, 0xff, 0xcf, 0xff, 0xe0, 0x0,
    0x0, 0x0, 0x0, 0x0, 0x5e, 0xff, 0xff, 0xd2,
    0x2f, 0xff, 0xe0, 0x0, 0x0, 0x0, 0x0, 0xa,
    0xff, 0xff, 0xf9, 0x0, 0x2f, 0xff, 0xe0, 0x0,
    0x0, 0x0, 0x3, 0xef, 0xff, 0xfe, 0x40, 0x0,
    0x2f, 0xff, 0xe0, 0x0, 0x0, 0x0, 0x8f, 0xff,
    0xff, 0xb1, 0x0, 0x0, 0x2f, 0xff, 0xe0, 0x0,
    0x0, 0x2c, 0xff, 0xff, 0xf6, 0x0, 0x0, 0x0,
    0x2f, 0xff, 0xe0, 0x0, 0x4, 0xff, 0xff, 0xfd,
    0x20, 0x0, 0x0, 0x0, 0x2f, 0xff, 0xe0, 0x0,
    0xd, 0xff, 0xff, 0x90, 0x0, 0x0, 0x0, 0x0,
    0x2f, 0xff, 0xe0, 0x0, 0xf, 0xff, 0xf8, 0x0,
    0x0, 0x0, 0x0, 0x0, 0x2f, 0xff, 0xe0, 0x0,
    0xf, 0xff, 0xff, 0xff, 0xff, 0xff, 0xff, 0xff,
    0xff, 0xff, 0xff, 0xf9, 0xf, 0xff, 0xff, 0xff,
    0xff, 0xff, 0xff, 0xff, 0xff, 0xff, 0xff, 0xfb,
    0xd, 0xff, 0xff, 0xff, 0xff, 0xff, 0xff, 0xff,
    0xff, 0xff, 0xff, 0xfb, 0x3, 0x9a, 0xaa, 0xaa,
    0xaa, 0xaa, 0xaa, 0xaa, 0xbf, 0xff, 0xfa, 0xa6,
    0x0, 0x0, 0x0, 0x0, 0x0, 0x0, 0x0, 0x0,
    0x2f, 0xff, 0xe0, 0x0, 0x0, 0x0, 0x0, 0x0,
    0x0, 0x0, 0x0, 0x0, 0x2f, 0xff, 0xe0, 0x0,
    0x0, 0x0, 0x0, 0x0, 0x0, 0x0, 0x0, 0x0,
    0x1f, 0xff, 0xd0, 0x0,

    /* U+0035 "5" */
    0xa, 0xff, 0xff, 0xff, 0xff, 0xff, 0xff, 0xff,
    0xff, 0xff, 0x15, 0xff, 0xff, 0xff, 0xff, 0xff,
    0xff, 0xff, 0xff, 0xff, 0xf2, 0x7f, 0xff, 0xff,
    0xff, 0xff, 0xff, 0xff, 0xff, 0xff, 0xff, 0x27,
    0xff, 0xff, 0xcc, 0xcc, 0xcc, 0xcc, 0xcc, 0xcc,
    0xcc, 0xc1, 0x7f, 0xff, 0x80, 0x0, 0x0, 0x0,
    0x0, 0x0, 0x0, 0x0, 0x7, 0xff, 0xf7, 0x0,
    0x0, 0x0, 0x0, 0x0, 0x0, 0x0, 0x0, 0x7f,
    0xff, 0x70, 0x0, 0x0, 0x0, 0x0, 0x0, 0x0,
    0x0, 0x7, 0xff, 0xfd, 0x88, 0x88, 0x88, 0x88,
    0x88, 0x87, 0x51, 0x0, 0x7f, 0xff, 0xff, 0xff,
    0xff, 0xff, 0xff, 0xff, 0xff, 0xe5, 0x5, 0xff,
    0xff, 0xff, 0xff, 0xff, 0xff, 0xff, 0xff, 0xff,
    0xf2, 0xa, 0xff, 0xff, 0xff, 0xff, 0xff, 0xff,
    0xff, 0xff, 0xff, 0x90, 0x0, 0x0, 0x0, 0x0,
    0x0, 0x0, 0x0, 0x9, 0xff, 0xfc, 0x0, 0x0,
    0x0, 0x0, 0x0, 0x0, 0x0, 0x0, 0x2f, 0xff,
    0xd0, 0x0, 0x0, 0x0, 0x0, 0x0, 0x0, 0x0,
    0x2, 0xff, 0xfd, 0x0, 0x0, 0x0, 0x0, 0x0,
    0x0, 0x0, 0x0, 0x6f, 0xff, 0xd4, 0xcc, 0xcc,
    0xcc, 0xcc, 0xcc, 0xcc, 0xcc, 0xdf, 0xff, 0xfb,
    0x7f, 0xff, 0xff, 0xff, 0xff, 0xff, 0xff, 0xff,
    0xff, 0xff, 0x77, 0xff, 0xff, 0xff, 0xff, 0xff,
    0xff, 0xff, 0xff, 0xff, 0xc0, 0x6f, 0xff, 0xff,
    0xff, 0xff, 0xff, 0xff, 0xff, 0xfc, 0x70, 0x0,

    /* U+0036 "6" */
    0x0, 0x2, 0x8c, 0xef, 0xff, 0xff, 0xff, 0xff,
    0xff, 0xff, 0x10, 0x7, 0xff, 0xff, 0xff, 0xff,
    0xff, 0xff, 0xff, 0xff, 0xf2, 0x5, 0xff, 0xff,
    0xff, 0xff, 0xff, 0xff, 0xff, 0xff, 0xff, 0x20,
    0xdf, 0xff, 0xff, 0xdc, 0xcc, 0xcc, 0xcc, 0xcc,
    0xcc, 0xc1, 0x2f, 0xff, 0xf7, 0x0, 0x0, 0x0,
    0x0, 0x0, 0x0, 0x0, 0x4, 0xff, 0xfd, 0x0,
    0x0, 0x0, 0x0, 0x0, 0x0, 0x0, 0x0, 0x5f,
    0xff, 0xb0, 0x0, 0x0, 0x0, 0x0, 0x0, 0x0,
    0x0, 0x6, 0xff, 0xfc, 0x77, 0x77, 0x77, 0x77,
    0x77, 0x76, 0x41, 0x0, 0x6f, 0xff, 0xff, 0xff,
    0xff, 0xff, 0xff, 0xff, 0xff, 0xe6, 0x6, 0xff,
    0xff, 0xff, 0xff, 0xff, 0xff, 0xff, 0xff, 0xff,
    0xf3, 0x6f, 0xff, 0xff, 0xff, 0xff, 0xff, 0xff,
    0xff, 0xff, 0xff, 0xa6, 0xff, 0xfa, 0x0, 0x0,
    0x0, 0x0, 0x0, 0x7, 0xff, 0xfc, 0x5f, 0xff,
    0xb0, 0x0, 0x0, 0x0, 0x0, 0x0, 0x2f, 0xff,
    0xe4, 0xff, 0xfd, 0x0, 0x0, 0x0, 0x0, 0x0,
    0x2, 0xff, 0xfe, 0x2f, 0xff, 0xf6, 0x0, 0x0,
    0x0, 0x0, 0x0, 0x5f, 0xff, 0xe0, 0xdf, 0xff,
    0xfe, 0xcb, 0xbb, 0xbb, 0xbb, 0xbf, 0xff, 0xfc,
    0x5, 0xff, 0xff, 0xff, 0xff, 0xff, 0xff, 0xff,
    0xff, 0xff, 0x80, 0x7, 0xff, 0xff, 0xff, 0xff,
    0xff, 0xff, 0xff, 0xff, 0xe0, 0x0, 0x2, 0x8c,
    0xef, 0xff, 0xff, 0xff, 0xff, 0xec, 0x80, 0x0,

    /* U+0037 "7" */
    0x4f, 0xff, 0xff, 0xff, 0xff, 0xff, 0xff, 0xff,
    0xff, 0xff, 0xb0, 0x5f, 0xff, 0xff, 0xff, 0xff,
    0xff, 0xff, 0xff, 0xff, 0xff, 0xf5, 0x5f, 0xff,
    0xff, 0xff, 0xff, 0xff, 0xff, 0xff, 0xff, 0xff,
    0xf6, 0x2a, 0xaa, 0xaa, 0xaa, 0xaa, 0xaa, 0xaa,
    0xaa, 0xcf, 0xff, 0xf6, 0x0, 0x0, 0x0, 0x0,
    0x0, 0x0, 0x0, 0x0, 0x7f, 0xff, 0xf4, 0x0,
    0x0, 0x0, 0x0, 0x0, 0x0, 0x0, 0x5, 0xff,
    0xff, 0xc0, 0x0, 0x0, 0x0, 0x0, 0x0, 0x0,
    0x0, 0x4f, 0xff, 0xfd, 0x10, 0x0, 0x0, 0x0,
    0x0, 0x0, 0x0, 0x3, 0xff, 0xff, 0xe2, 0x0,
    0x0, 0x0, 0x0, 0x0, 0x0, 0x0, 0x3f, 0xff,
    0xff, 0x20, 0x0, 0x0, 0x0, 0x0, 0x0, 0x0,
    0x2, 0xef, 0xff, 0xf3, 0x0, 0x0, 0x0, 0x0,
    0x0, 0x0, 0x0, 0x1e, 0xff, 0xff, 0x40, 0x0,
    0x0, 0x0, 0x0, 0x0, 0x0, 0x1, 0xdf, 0xff,
    0xf5, 0x0, 0x0, 0x0, 0x0, 0x0, 0x0, 0x0,
    0x1d, 0xff, 0xff, 0x60, 0x0, 0x0, 0x0, 0x0,
    0x0, 0x0, 0x0, 0xcf, 0xff, 0xf8, 0x0, 0x0,
    0x0, 0x0, 0x0, 0x0, 0x0, 0xb, 0xff, 0xff,
    0x90, 0x0, 0x0, 0x0, 0x0, 0x0, 0x0, 0x0,
    0xbf, 0xff, 0xfa, 0x0, 0x0, 0x0, 0x0, 0x0,
    0x0, 0x0, 0xa, 0xff, 0xff, 0xb0, 0x0, 0x0,
    0x0, 0x0, 0x0, 0x0, 0x0, 0x9f, 0xff, 0xfc,
    0x0, 0x0, 0x0, 0x0, 0x0, 0x0, 0x0, 0x4,
    0xff, 0xff, 0xc1, 0x0, 0x0, 0x0, 0x0, 0x0,
    0x0,

    /* U+0038 "8" */
    0x0, 0x3a, 0xdf, 0xff, 0xff, 0xff, 0xff, 0xff,
    0xfe, 0xc6, 0x0, 0x5, 0xff, 0xff, 0xff, 0xff,
    0xff, 0xff, 0xff, 0xff, 0xff, 0xc0, 0xe, 0xff,
    0xff, 0xff, 0xff, 0xff, 0xff, 0xff, 0xff, 0xff,
    0xf5, 0x2f, 0xff, 0xfe, 0xcb, 0xbb, 0xbb, 0xbb,
    0xbc, 0xdf, 0xff, 0xf8, 0x4f, 0xff, 0xe0, 0x0,
    0x0, 0x0, 0x0, 0x0, 0x8, 0xff, 0xfa, 0x4f,
    0xff, 0xa0, 0x0, 0x0, 0x0, 0x0, 0x0, 0x4,
    0xff, 0xfb, 0x2f, 0xff, 0xa0, 0x0, 0x0, 0x0,
    0x0, 0x0, 0x4, 0xff, 0xf8, 0xe, 0xff, 0xf7,
    0x54, 0x44, 0x44, 0x44, 0x45, 0x6d, 0xff, 0xf4,
    0x4, 0xff, 0xff, 0xff, 0xff, 0xff, 0xff, 0xff,
    0xff, 0xff, 0xa0, 0x1, 0xdf, 0xff, 0xff, 0xff,
    0xff, 0xff, 0xff, 0xff, 0xff, 0x50, 0xc, 0xff,
    0xff, 0xff, 0xff, 0xff, 0xff, 0xff, 0xff, 0xff,
    0xf3, 0x2f, 0xff, 0xe3, 0x0, 0x0, 0x0, 0x0,
    0x0, 0x19, 0xff, 0xf9, 0x5f, 0xff, 0xa0, 0x0,
    0x0, 0x0, 0x0, 0x0, 0x3, 0xff, 0xfc, 0x6f,
    0xff, 0xa0, 0x0, 0x0, 0x0, 0x0, 0x0, 0x3,
    0xff, 0xfd, 0x5f, 0xff, 0xd0, 0x0, 0x0, 0x0,
    0x0, 0x0, 0x7, 0xff, 0xfc, 0x3f, 0xff, 0xfe,
    0xbb, 0xbb, 0xbb, 0xbb, 0xbb, 0xcf, 0xff, 0xfa,
    0x1f, 0xff, 0xff, 0xff, 0xff, 0xff, 0xff, 0xff,
    0xff, 0xff, 0xf7, 0x7, 0xff, 0xff, 0xff, 0xff,
    0xff, 0xff, 0xff, 0xff, 0xff, 0xd0, 0x0, 0x4b,
    0xef, 0xff, 0xff, 0xff, 0xff, 0xff, 0xff, 0xc8,
    0x0,

    /* U+0039 "9" */
    0x0, 0x3a, 0xdf, 0xff, 0xff, 0xff, 0xff, 0xed,
    0xa5, 0x0, 0x0, 0x6f, 0xff, 0xff, 0xff, 0xff,
    0xff, 0xff, 0xff, 0xfc, 0x10, 0x1e, 0xff, 0xff,
    0xff, 0xff, 0xff, 0xff, 0xff, 0xff, 0xfc, 0x4,
    0xff, 0xff, 0xcb, 0xbb, 0xbb, 0xbb, 0xbd, 0xff,
    0xff, 0xf4, 0x6f, 0xff, 0xb0, 0x0, 0x0, 0x0,
    0x0, 0x2, 0xdf, 0xff, 0x97, 0xff, 0xf8, 0x0,
    0x0, 0x0, 0x0, 0x0, 0x6, 0xff, 0xfc, 0x7f,
    0xff, 0x90, 0x0, 0x0, 0x0, 0x0, 0x0, 0x4f,
    0xff, 0xd5, 0xff, 0xfd, 0x10, 0x0, 0x0, 0x0,
    0x0, 0x3, 0xff, 0xfd, 0x3f, 0xff, 0xff, 0xff,
    0xff, 0xff, 0xff, 0xff, 0xff, 0xff, 0xd0, 0xbf,
    0xff, 0xff, 0xff, 0xff, 0xff, 0xff, 0xff, 0xff,
    0xfd, 0x1, 0xbf, 0xff, 0xff, 0xff, 0xff, 0xff,
    0xff, 0xff, 0xff, 0xd0, 0x0, 0x25, 0x77, 0x77,
    0x77, 0x77, 0x77, 0x79, 0xff, 0xfd, 0x0, 0x0,
    0x0, 0x0, 0x0, 0x0, 0x0, 0x0, 0x3f, 0xff,
    0xd0, 0x0, 0x0, 0x0, 0x0, 0x0, 0x0, 0x0,
    0x6, 0xff, 0xfc, 0x0, 0x0, 0x0, 0x0, 0x0,
    0x0, 0x0, 0x2, 0xdf, 0xff, 0x90, 0x9c, 0xcc,
    0xcc, 0xcc, 0xcc, 0xcc, 0xcd, 0xff, 0xff, 0xf4,
    0xd, 0xff, 0xff, 0xff, 0xff, 0xff, 0xff, 0xff,
    0xff, 0xfc, 0x0, 0xdf, 0xff, 0xff, 0xff, 0xff,
    0xff, 0xff, 0xff, 0xfc, 0x10, 0xc, 0xff, 0xff,
    0xff, 0xff, 0xff, 0xff, 0xfd, 0xa5, 0x0, 0x0,

    /* U+003A ":" */
    0x3f, 0xff, 0x74, 0xff, 0xf8, 0x4f, 0xff, 0x82,
    0xcc, 0xc5, 0x0, 0x0, 0x0, 0x0, 0x0, 0x0,
    0x0, 0x0, 0x0, 0x0, 0x2d, 0xdd, 0x54, 0xff,
    0xf8, 0x4f, 0xff, 0x83, 0xff, 0xf7,

    /* U+003B ";" */
    0x3f, 0xff, 0x74, 0xff, 0xf8, 0x4f, 0xff, 0x82,
    0xcc, 0xc5, 0x0, 0x0, 0x0, 0x0, 0x0, 0x0,
    0x0, 0x0, 0x0, 0x0, 0x2d, 0xdd, 0x54, 0xff,
    0xf8, 0x4f, 0xff, 0x83, 0xff, 0xf7, 0x5, 0xff,
    0x40, 0x8f, 0xf0, 0xb, 0xfb, 0x0, 0xef, 0x70,
    0x6, 0x71, 0x0,

    /* U+003C "<" */
    0x0, 0x0, 0x0, 0x0, 0x0, 0x0, 0x28, 0x30,
    0x0, 0x0, 0x0, 0x0, 0x16, 0xcf, 0xf6, 0x0,
    0x0, 0x0, 0x4, 0xaf, 0xff, 0xff, 0x50, 0x0,
    0x2, 0x8e, 0xff, 0xff, 0xfa, 0x40, 0x1, 0x6c,
    0xff, 0xff, 0xfb, 0x50, 0x0, 0x5, 0xff, 0xff,
    0xfd, 0x71, 0x0, 0x0, 0x0, 0xcf, 0xfe, 0x93,
    0x0, 0x0, 0x0, 0x0, 0xd, 0xff, 0x40, 0x0,
    0x0, 0x0, 0x0, 0x0, 0xcf, 0xff, 0xc6, 0x10,
    0x0, 0x0, 0x0, 0x3, 0xdf, 0xff, 0xff, 0xa4,
    0x0, 0x0, 0x0, 0x0, 0x39, 0xff, 0xff, 0xfe,
    0x82, 0x0, 0x0, 0x0, 0x0, 0x5b, 0xff, 0xff,
    0xfd, 0x70, 0x0, 0x0, 0x0, 0x1, 0x7d, 0xff,
    0xff, 0x60, 0x0, 0x0, 0x0, 0x0, 0x3, 0x9e,
    0xf6, 0x0, 0x0, 0x0, 0x0, 0x0, 0x0, 0x4,
    0x10,

    /* U+003D "=" */
    0xbf, 0xff, 0xff, 0xff, 0xff, 0xff, 0xff, 0x4d,
    0xff, 0xff, 0xff, 0xff, 0xff, 0xff, 0xf6, 0x69,
    0x99, 0x99, 0x99, 0x99, 0x99, 0x99, 0x20, 0x0,
    0x0, 0x0, 0x0, 0x0, 0x0, 0x0, 0x0, 0x0,
    0x0, 0x0, 0x0, 0x0, 0x0, 0x0, 0x0, 0x0,
    0x0, 0x0, 0x0, 0x0, 0x0, 0x69, 0x99, 0x99,
    0x99, 0x99, 0x99, 0x99, 0x2d, 0xff, 0xff, 0xff,
    0xff, 0xff, 0xff, 0xf6, 0xbf, 0xff, 0xff, 0xff,
    0xff, 0xff, 0xff, 0x40,

    /* U+003E ">" */
    0x75, 0x0, 0x0, 0x0, 0x0, 0x0, 0x0, 0xd,
    0xfe, 0x93, 0x0, 0x0, 0x0, 0x0, 0x0, 0xcf,
    0xff, 0xfd, 0x71, 0x0, 0x0, 0x0, 0x1, 0x7d,
    0xff, 0xff, 0xfb, 0x50, 0x0, 0x0, 0x0, 0x2,
    0x8e, 0xff, 0xff, 0xf9, 0x30, 0x0, 0x0, 0x0,
    0x4, 0xaf, 0xff, 0xff, 0xc1, 0x0, 0x0, 0x0,
    0x0, 0x16, 0xcf, 0xff, 0x50, 0x0, 0x0, 0x0,
    0x0, 0x0, 0xbf, 0xf6, 0x0, 0x0, 0x0, 0x0,
    0x28, 0xef, 0xff, 0x50, 0x0, 0x0, 0x17, 0xcf,
    0xff, 0xff, 0xa0, 0x0, 0x5, 0xbf, 0xff, 0xff,
    0xd7, 0x10, 0x2, 0x9f, 0xff, 0xff, 0xe9, 0x30,
    0x0, 0x0, 0xdf, 0xff, 0xfb, 0x50, 0x0, 0x0,
    0x0, 0xd, 0xfc, 0x71, 0x0, 0x0, 0x0, 0x0,
    0x0, 0x52, 0x0, 0x0, 0x0, 0x0, 0x0, 0x0,
    0x0,

    /* U+003F "?" */
    0x2f, 0xff, 0xff, 0xff, 0xff, 0xff, 0xfd, 0x80,
    0x3, 0xff, 0xff, 0xff, 0xff, 0xff, 0xff, 0xff,
    0x90, 0x3f, 0xff, 0xff, 0xff, 0xff, 0xff, 0xff,
    0xff, 0x1, 0xaa, 0xaa, 0xaa, 0xaa, 0xaa, 0xcf,
    0xff, 0xf1, 0x0, 0x0, 0x0, 0x0, 0x0, 0x0,
    0xef, 0xff, 0x20, 0x0, 0x0, 0x0, 0x0, 0x0,
    0xe, 0xff, 0xf1, 0x0, 0x0, 0x0, 0x0, 0x0,
    0x7, 0xff, 0xfe, 0x0, 0x0, 0x0, 0x0, 0x0,
    0x4d, 0xff, 0xff, 0x60, 0x0, 0x0, 0x0, 0x3,
    0xcf, 0xff, 0xfe, 0x50, 0x0, 0x0, 0x0, 0x9,
    0xff, 0xff, 0xd6, 0x0, 0x0, 0x0, 0x0, 0x3,
    0xff, 0xfd, 0x50, 0x0, 0x0, 0x0, 0x0, 0x0,
    0x5f, 0xfb, 0x0, 0x0, 0x0, 0x0, 0x0, 0x0,
    0x5, 0xff, 0x60, 0x0, 0x0, 0x0, 0x0, 0x0,
    0x0, 0x16, 0x61, 0x0, 0x0, 0x0, 0x0, 0x0,
    0x0, 0x0, 0x0, 0x0, 0x0, 0x0, 0x0, 0x0,
    0x0, 0x0, 0x0, 0x0, 0x0, 0x0, 0x0, 0x0,
    0x0, 0x0, 0xa, 0xdd, 0xa0, 0x0, 0x0, 0x0,
    0x0, 0x0, 0x0, 0xef, 0xfe, 0x0, 0x0, 0x0,
    0x0, 0x0, 0x0, 0xe, 0xff, 0xe0, 0x0, 0x0,
    0x0, 0x0, 0x0, 0x0, 0xdf, 0xfd, 0x0, 0x0,
    0x0, 0x0,

    /* U+0040 "@" */
    0x0, 0x2a, 0xdf, 0xff, 0xff, 0xff, 0xff, 0xff,
    0xdb, 0x50, 0x0, 0x4, 0xff, 0xff, 0xff, 0xff,
    0xff, 0xff, 0xff, 0xff, 0xfb, 0x0, 0xd, 0xff,
    0xff, 0xff, 0xff, 0xff, 0xff, 0xff, 0xff, 0xff,
    0x60, 0x3f, 0xff, 0xa0, 0x0, 0x0, 0x0, 0x0,
    0x0, 0x2b, 0xff, 0xc0, 0x5f, 0xff, 0x10, 0x0,
    0x0, 0x0, 0x0, 0x0, 0x2, 0xff, 0xe0, 0x6f,
    0xff, 0x0, 0x0, 0x0, 0x0, 0x0, 0x0, 0x0,
    0xff, 0xf0, 0x6f, 0xff, 0x0, 0x0, 0x6, 0xcf,
    0xff, 0xff, 0xff, 0xff, 0xf0, 0x6f, 0xff, 0x0,
    0x0, 0x7f, 0xff, 0xff, 0xff, 0xff, 0xff, 0xf0,
    0x6f, 0xff, 0x0, 0x0, 0xef, 0xfe, 0x98, 0x88,
    0x88, 0xff, 0xf0, 0x6f, 0xff, 0x0, 0x0, 0xff,
    0xf1, 0x0, 0x0, 0x0, 0xff, 0xf0, 0x6f, 0xff,
    0x0, 0x1, 0xff, 0xd0, 0x0, 0x0, 0x0, 0xff,
    0xf0, 0x6f, 0xff, 0x0, 0x1, 0xff, 0xd0, 0x0,
    0x0, 0x0, 0xff, 0xf0, 0x6f, 0xff, 0x0, 0x1,
    0xff, 0xf1, 0x0, 0x0, 0x5, 0xff, 0xe0, 0x6f,
    0xff, 0x0, 0x0, 0xef, 0xfd, 0xa9, 0x9a, 0xbf,
    0xff, 0xb0, 0x6f, 0xff, 0x0, 0x0, 0x7f, 0xff,
    0xff, 0xff, 0xff, 0xff, 0x30, 0x6f, 0xff, 0x0,
    0x0, 0x6, 0xcf, 0xff, 0xff, 0xfe, 0xb3, 0x0,
    0x5f, 0xff, 0x10, 0x0, 0x0, 0x0, 0x0, 0x0,
    0x0, 0x0, 0x0, 0x2f, 0xff, 0x30, 0x0, 0x0,
    0x0, 0x0, 0x0, 0x0, 0x0, 0x0, 0xf, 0xff,
    0xb0, 0x0, 0x0, 0x0, 0x0, 0x0, 0x0, 0x0,
    0x0, 0xa, 0xff, 0xfc, 0x75, 0x44, 0x44, 0x44,
    0x44, 0x44, 0x44, 0x30, 0x1, 0xff, 0xff, 0xff,
    0xff, 0xff, 0xff, 0xff, 0xff, 0xff, 0xe0, 0x0,
    0x4e, 0xff, 0xff, 0xff, 0xff, 0xff, 0xff, 0xff,
    0xff, 0xe0, 0x0, 0x0, 0x7b, 0xdf, 0xff, 0xff,
    0xff, 0xff, 0xff, 0xff, 0xd0,

    /* U+0041 "A" */
    0x0, 0x0, 0x0, 0x0, 0x0, 0x6e, 0xff, 0xe8,
    0x0, 0x0, 0x0, 0x0, 0x0, 0x0, 0x0, 0x0,
    0x0, 0x4, 0xff, 0xff, 0xff, 0x80, 0x0, 0x0,
    0x0, 0x0, 0x0, 0x0, 0x0, 0x0, 0xd, 0xff,
    0xff, 0xff, 0xf2, 0x0, 0x0, 0x0, 0x0, 0x0,
    0x0, 0x0, 0x0, 0x7f, 0xff, 0xff, 0xff, 0xfa,
    0x0, 0x0, 0x0, 0x0, 0x0, 0x0, 0x0, 0x0,
    0xef, 0xff, 0x83, 0xff, 0xff, 0x30, 0x0, 0x0,
    0x0, 0x0, 0x0, 0x0, 0x8, 0xff, 0xff, 0x10,
    0xbf, 0xff, 0xc0, 0x0, 0x0, 0x0, 0x0, 0x0,
    0x0, 0x1f, 0xff, 0xf7, 0x0, 0x2f, 0xff, 0xf4,
    0x0, 0x0, 0x0, 0x0, 0x0, 0x0, 0x9f, 0xff,
    0xe0, 0x0, 0xa, 0xff, 0xfd, 0x0, 0x0, 0x0,
    0x0, 0x0, 0x2, 0xff, 0xff, 0x70, 0x0, 0x2,
    0xff, 0xff, 0x60, 0x0, 0x0, 0x0, 0x0, 0xb,
    0xff, 0xfe, 0x0, 0x0, 0x0, 0x9f, 0xff, 0xe0,
    0x0, 0x0, 0x0, 0x0, 0x3f, 0xff, 0xf6, 0x0,
    0x0, 0x0, 0x1f, 0xff, 0xf7, 0x0, 0x0, 0x0,
    0x0, 0xcf, 0xff, 0xd0, 0x0, 0x0, 0x0, 0x8,
    0xff, 0xff, 0x10, 0x0, 0x0, 0x5, 0xff, 0xff,
    0xff, 0xff, 0xff, 0xff, 0xff, 0xff, 0xff, 0x90,
    0x0, 0x0, 0xd, 0xff, 0xff, 0xff, 0xff, 0xff,
    0xff, 0xff, 0xff, 0xff, 0xf2, 0x0, 0x0, 0x6f,
    0xff, 0xff, 0xff, 0xff, 0xff, 0xff, 0xff, 0xff,
    0xff, 0xfa, 0x0, 0x0, 0xef, 0xff, 0xd8, 0x88,
    0x88, 0x88, 0x88, 0x88, 0x8a, 0xff, 0xff, 0x30,
    0x7, 0xff, 0xff, 0x30, 0x0, 0x0, 0x0, 0x0,
    0x0, 0x0, 0xcf, 0xff, 0xc0, 0x1f, 0xff, 0xfa,
    0x0, 0x0, 0x0, 0x0, 0x0, 0x0, 0x0, 0x3f,
    0xff, 0xf5, 0x7f, 0xff, 0xe1, 0x0, 0x0, 0x0,
    0x0, 0x0, 0x0, 0x0, 0x9, 0xff, 0xfc,

    /* U+0042 "B" */
    0x1e, 0xff, 0xff, 0xff, 0xff, 0xff, 0xff, 0xff,
    0xff, 0xda, 0x30, 0x2, 0xff, 0xff, 0xff, 0xff,
    0xff, 0xff, 0xff, 0xff, 0xff, 0xff, 0x50, 0x2f,
    0xff, 0xff, 0xff, 0xff, 0xff, 0xff, 0xff, 0xff,
    0xff, 0xfe, 0x2, 0xff, 0xff, 0xdd, 0xdd, 0xdd,
    0xdd, 0xdd, 0xdd, 0xff, 0xff, 0xf2, 0x2f, 0xff,
    0xe0, 0x0, 0x0, 0x0, 0x0, 0x0, 0x2, 0xff,
    0xff, 0x42, 0xff, 0xfe, 0x0, 0x0, 0x0, 0x0,
    0x0, 0x0, 0xb, 0xff, 0xf4, 0x2f, 0xff, 0xe0,
    0x0, 0x0, 0x0, 0x0, 0x0, 0x0, 0xbf, 0xff,
    0x12, 0xff, 0xfe, 0x44, 0x44, 0x44, 0x44, 0x44,
    0x45, 0x8f, 0xff, 0xe0, 0x2f, 0xff, 0xff, 0xff,
    0xff, 0xff, 0xff, 0xff, 0xff, 0xff, 0xf3, 0x2,
    0xff, 0xff, 0xff, 0xff, 0xff, 0xff, 0xff, 0xff,
    0xff, 0xfd, 0x10, 0x2f, 0xff, 0xff, 0xff, 0xff,
    0xff, 0xff, 0xff, 0xff, 0xff, 0xfc, 0x2, 0xff,
    0xfe, 0x0, 0x0, 0x0, 0x0, 0x0, 0x0, 0x3e,
    0xff, 0xf2, 0x2f, 0xff, 0xe0, 0x0, 0x0, 0x0,
    0x0, 0x0, 0x0, 0xbf, 0xff, 0x52, 0xff, 0xfe,
    0x0, 0x0, 0x0, 0x0, 0x0, 0x0, 0xb, 0xff,
    0xf6, 0x2f, 0xff, 0xe0, 0x0, 0x0, 0x0, 0x0,
    0x0, 0x1, 0xef, 0xff, 0x52, 0xff, 0xff, 0xdd,
    0xdd, 0xdd, 0xdd, 0xdd, 0xdd, 0xff, 0xff, 0xf3,
    0x2f, 0xff, 0xff, 0xff, 0xff, 0xff, 0xff, 0xff,
    0xff, 0xff, 0xff, 0x12, 0xff, 0xff, 0xff, 0xff,
    0xff, 0xff, 0xff, 0xff, 0xff, 0xff, 0x70, 0x1e,
    0xff, 0xff, 0xff, 0xff, 0xff, 0xff, 0xff, 0xff,
    0xeb, 0x40, 0x0,

    /* U+0043 "C" */
    0x0, 0x2, 0x8c, 0xef, 0xff, 0xff, 0xff, 0xff,
    0xff, 0xff, 0xc0, 0x7, 0xff, 0xff, 0xff, 0xff,
    0xff, 0xff, 0xff, 0xff, 0xfe, 0x5, 0xff, 0xff,
    0xff, 0xff, 0xff, 0xff, 0xff, 0xff, 0xff, 0xe0,
    0xdf, 0xff, 0xff, 0xfe, 0xee, 0xee, 0xee, 0xee,
    0xee, 0xeb, 0x2f, 0xff, 0xfb, 0x20, 0x0, 0x0,
    0x0, 0x0, 0x0, 0x0, 0x4, 0xff, 0xff, 0x10,
    0x0, 0x0, 0x0, 0x0, 0x0, 0x0, 0x0, 0x5f,
    0xff, 0xc0, 0x0, 0x0, 0x0, 0x0, 0x0, 0x0,
    0x0, 0x6, 0xff, 0xfb, 0x0, 0x0, 0x0, 0x0,
    0x0, 0x0, 0x0, 0x0, 0x6f, 0xff, 0xb0, 0x0,
    0x0, 0x0, 0x0, 0x0, 0x0, 0x0, 0x6, 0xff,
    0xfb, 0x0, 0x0, 0x0, 0x0, 0x0, 0x0, 0x0,
    0x0, 0x6f, 0xff, 0xb0, 0x0, 0x0, 0x0, 0x0,
    0x0, 0x0, 0x0, 0x6, 0xff, 0xfb, 0x0, 0x0,
    0x0, 0x0, 0x0, 0x0, 0x0, 0x0, 0x5f, 0xff,
    0xc0, 0x0, 0x0, 0x0, 0x0, 0x0, 0x0, 0x0,
    0x4, 0xff, 0xff, 0x10, 0x0, 0x0, 0x0, 0x0,
    0x0, 0x0, 0x0, 0x2f, 0xff, 0xfb, 0x10, 0x0,
    0x0, 0x0, 0x0, 0x0, 0x0, 0x0, 0xdf, 0xff,
    0xff, 0xfe, 0xdd, 0xdd, 0xdd, 0xdd, 0xdd, 0xdb,
    0x5, 0xff, 0xff, 0xff, 0xff, 0xff, 0xff, 0xff,
    0xff, 0xff, 0xe0, 0x7, 0xff, 0xff, 0xff, 0xff,
    0xff, 0xff, 0xff, 0xff, 0xfe, 0x0, 0x2, 0x8c,
    0xef, 0xff, 0xff, 0xff, 0xff, 0xff, 0xff, 0xc0,

    /* U+0044 "D" */
    0x1e, 0xff, 0xff, 0xff, 0xff, 0xff, 0xff, 0xfe,
    0xda, 0x50, 0x0, 0x2, 0xff, 0xff, 0xff, 0xff,
    0xff, 0xff, 0xff, 0xff, 0xff, 0xd3, 0x0, 0x2f,
    0xff, 0xff, 0xff, 0xff, 0xff, 0xff, 0xff, 0xff,
    0xff, 0xe2, 0x2, 0xff, 0xff, 0xed, 0xdd, 0xdd,
    0xdd, 0xde, 0xff, 0xff, 0xff, 0xa0, 0x2f, 0xff,
    0xe0, 0x0, 0x0, 0x0, 0x0, 0x0, 0x4c, 0xff,
    0xff, 0x12, 0xff, 0xfe, 0x0, 0x0, 0x0, 0x0,
    0x0, 0x0, 0x2f, 0xff, 0xf4, 0x2f, 0xff, 0xe0,
    0x0, 0x0, 0x0, 0x0, 0x0, 0x0, 0xcf, 0xff,
    0x62, 0xff, 0xfe, 0x0, 0x0, 0x0, 0x0, 0x0,
    0x0, 0xa, 0xff, 0xf7, 0x2f, 0xff, 0xe0, 0x0,
    0x0, 0x0, 0x0, 0x0, 0x0, 0x9f, 0xff, 0x72,
    0xff, 0xfe, 0x0, 0x0, 0x0, 0x0, 0x0, 0x0,
    0x9, 0xff, 0xf7, 0x2f, 0xff, 0xe0, 0x0, 0x0,
    0x0, 0x0, 0x0, 0x0, 0x9f, 0xff, 0x72, 0xff,
    0xfe, 0x0, 0x0, 0x0, 0x0, 0x0, 0x0, 0xa,
    0xff, 0xf7, 0x2f, 0xff, 0xe0, 0x0, 0x0, 0x0,
    0x0, 0x0, 0x0, 0xcf, 0xff, 0x62, 0xff, 0xfe,
    0x0, 0x0, 0x0, 0x0, 0x0, 0x0, 0x2f, 0xff,
    0xf4, 0x2f, 0xff, 0xe0, 0x0, 0x0, 0x0, 0x0,
    0x0, 0x3c, 0xff, 0xff, 0x12, 0xff, 0xff, 0xdd,
    0xdd, 0xdd, 0xdd, 0xde, 0xff, 0xff, 0xff, 0xa0,
    0x2f, 0xff, 0xff, 0xff, 0xff, 0xff, 0xff, 0xff,
    0xff, 0xff, 0xf2, 0x2, 0xff, 0xff, 0xff, 0xff,
    0xff, 0xff, 0xff, 0xff, 0xff, 0xd3, 0x0, 0x1e,
    0xff, 0xff, 0xff, 0xff, 0xff, 0xff, 0xfe, 0xda,
    0x50, 0x0, 0x0,

    /* U+0045 "E" */
    0x0, 0x2, 0x8c, 0xef, 0xff, 0xff, 0xff, 0xff,
    0xff, 0xff, 0x80, 0x7, 0xff, 0xff, 0xff, 0xff,
    0xff, 0xff, 0xff, 0xff, 0xf9, 0x5, 0xff, 0xff,
    0xff, 0xff, 0xff, 0xff, 0xff, 0xff, 0xff, 0x90,
    0xdf, 0xff, 0xff, 0xed, 0xdd, 0xdd, 0xdd, 0xdd,
    0xdd, 0xd7, 0x2f, 0xff, 0xf9, 0x10, 0x0, 0x0,
    0x0, 0x0, 0x0, 0x0, 0x4, 0xff, 0xfe, 0x0,
    0x0, 0x0, 0x0, 0x0, 0x0, 0x0, 0x0, 0x5f,
    0xff, 0xb0, 0x0, 0x0, 0x0, 0x0, 0x0, 0x0,
    0x0, 0x6, 0xff, 0xfe, 0x99, 0x99, 0x99, 0x99,
    0x99, 0x99, 0x99, 0x93, 0x6f, 0xff, 0xff, 0xff,
    0xff, 0xff, 0xff, 0xff, 0xff, 0xff, 0x76, 0xff,
    0xff, 0xff, 0xff, 0xff, 0xff, 0xff, 0xff, 0xff,
    0xf7, 0x6f, 0xff, 0xff, 0xff, 0xff, 0xff, 0xff,
    0xff, 0xff, 0xff, 0x66, 0xff, 0xfb, 0x0, 0x0,
    0x0, 0x0, 0x0, 0x0, 0x0, 0x0, 0x5f, 0xff,
    0xc0, 0x0, 0x0, 0x0, 0x0, 0x0, 0x0, 0x0,
    0x4, 0xff, 0xfe, 0x0, 0x0, 0x0, 0x0, 0x0,
    0x0, 0x0, 0x0, 0x2f, 0xff, 0xfa, 0x10, 0x0,
    0x0, 0x0, 0x0, 0x0, 0x0, 0x0, 0xdf, 0xff,
    0xff, 0xed, 0xdd, 0xdd, 0xdd, 0xdd, 0xdd, 0xd6,
    0x5, 0xff, 0xff, 0xff, 0xff, 0xff, 0xff, 0xff,
    0xff, 0xff, 0x90, 0x7, 0xff, 0xff, 0xff, 0xff,
    0xff, 0xff, 0xff, 0xff, 0xf9, 0x0, 0x2, 0x8c,
    0xef, 0xff, 0xff, 0xff, 0xff, 0xff, 0xff, 0x80,

    /* U+0046 "F" */
    0x0, 0x2, 0x8c, 0xef, 0xff, 0xff, 0xff, 0xff,
    0xff, 0xff, 0x80, 0x7, 0xff, 0xff, 0xff, 0xff,
    0xff, 0xff, 0xff, 0xff, 0xf9, 0x5, 0xff, 0xff,
    0xff, 0xff, 0xff, 0xff, 0xff, 0xff, 0xff, 0x90,
    0xdf, 0xff, 0xff, 0xfd, 0xdd, 0xdd, 0xdd, 0xdd,
    0xdd, 0xd7, 0x2f, 0xff, 0xfa, 0x10, 0x0, 0x0,
    0x0, 0x0, 0x0, 0x0, 0x4, 0xff, 0xff, 0x10,
    0x0, 0x0, 0x0, 0x0, 0x0, 0x0, 0x0, 0x5f,
    0xff, 0xc0, 0x0, 0x0, 0x0, 0x0, 0x0, 0x0,
    0x0, 0x6, 0xff, 0xfb, 0x0, 0x0, 0x0, 0x0,
    0x0, 0x0, 0x0, 0x0, 0x6f, 0xff, 0xff, 0xff,
    0xff, 0xff, 0xff, 0xff, 0xff, 0xff, 0x66, 0xff,
    0xff, 0xff, 0xff, 0xff, 0xff, 0xff, 0xff, 0xff,
    0xf7, 0x6f, 0xff, 0xff, 0xff, 0xff, 0xff, 0xff,
    0xff, 0xff, 0xff, 0x76, 0xff, 0xfe, 0xaa, 0xaa,
    0xaa, 0xaa, 0xaa, 0xaa, 0xaa, 0xa3, 0x6f, 0xff,
    0xb0, 0x0, 0x0, 0x0, 0x0, 0x0, 0x0, 0x0,
    0x6, 0xff, 0xfb, 0x0, 0x0, 0x0, 0x0, 0x0,
    0x0, 0x0, 0x0, 0x6f, 0xff, 0xb0, 0x0, 0x0,
    0x0, 0x0, 0x0, 0x0, 0x0, 0x6, 0xff, 0xfb,
    0x0, 0x0, 0x0, 0x0, 0x0, 0x0, 0x0, 0x0,
    0x6f, 0xff, 0xb0, 0x0, 0x0, 0x0, 0x0, 0x0,
    0x0, 0x0, 0x6, 0xff, 0xfb, 0x0, 0x0, 0x0,
    0x0, 0x0, 0x0, 0x0, 0x0, 0x5f, 0xff, 0x90,
    0x0, 0x0, 0x0, 0x0, 0x0, 0x0, 0x0, 0x0,

    /* U+0047 "G" */
    0x0, 0x2, 0x8c, 0xef, 0xff, 0xff, 0xff, 0xff,
    0xff, 0xff, 0xff, 0x50, 0x7, 0xff, 0xff, 0xff,
    0xff, 0xff, 0xff, 0xff, 0xff, 0xff, 0xf6, 0x5,
    0xff, 0xff, 0xff, 0xff, 0xff, 0xff, 0xff, 0xff,
    0xff, 0xff, 0x60, 0xdf, 0xff, 0xff, 0xfe, 0xee,
    0xee, 0xee, 0xee, 0xee, 0xee, 0xe4, 0x2f, 0xff,
    0xfb, 0x20, 0x0, 0x0, 0x0, 0x0, 0x0, 0x0,
    0x0, 0x4, 0xff, 0xff, 0x10, 0x0, 0x0, 0x0,
    0x0, 0x0, 0x0, 0x0, 0x0, 0x5f, 0xff, 0xc0,
    0x0, 0x0, 0x0, 0x0, 0x0, 0x0, 0x0, 0x0,
    0x6, 0xff, 0xfb, 0x0, 0x0, 0x19, 0x99, 0x99,
    0x99, 0x99, 0x99, 0x91, 0x6f, 0xff, 0xb0, 0x0,
    0x4, 0xff, 0xff, 0xff, 0xff, 0xff, 0xff, 0x56,
    0xff, 0xfb, 0x0, 0x0, 0x4f, 0xff, 0xff, 0xff,
    0xff, 0xff, 0xf5, 0x6f, 0xff, 0xb0, 0x0, 0x3,
    0xff, 0xff, 0xff, 0xff, 0xff, 0xff, 0x56, 0xff,
    0xfb, 0x0, 0x0, 0x0, 0x0, 0x0, 0x0, 0x8,
    0xff, 0xf5, 0x5f, 0xff, 0xc0, 0x0, 0x0, 0x0,
    0x0, 0x0, 0x0, 0x7f, 0xff, 0x54, 0xff, 0xff,
    0x0, 0x0, 0x0, 0x0, 0x0, 0x0, 0x7, 0xff,
    0xf5, 0x2f, 0xff, 0xfa, 0x10, 0x0, 0x0, 0x0,
    0x0, 0x0, 0xaf, 0xff, 0x50, 0xdf, 0xff, 0xff,
    0xed, 0xdd, 0xdd, 0xdd, 0xdd, 0xef, 0xff, 0xf4,
    0x5, 0xff, 0xff, 0xff, 0xff, 0xff, 0xff, 0xff,
    0xff, 0xff, 0xff, 0x20, 0x7, 0xff, 0xff, 0xff,
    0xff, 0xff, 0xff, 0xff, 0xff, 0xff, 0xc0, 0x0,
    0x2, 0x8c, 0xef, 0xff, 0xff, 0xff, 0xff, 0xff,
    0xfe, 0xb1, 0x0,

    /* U+0048 "H" */
    0x2f, 0xff, 0xd0, 0x0, 0x0, 0x0, 0x0, 0x0,
    0x5, 0xff, 0xf9, 0x2f, 0xff, 0xe0, 0x0, 0x0,
    0x0, 0x0, 0x0, 0x7, 0xff, 0xfa, 0x2f, 0xff,
    0xe0, 0x0, 0x0, 0x0, 0x0, 0x0, 0x7, 0xff,
    0xfa, 0x2f, 0xff, 0xe0, 0x0, 0x0, 0x0, 0x0,
    0x0, 0x7, 0xff, 0xfa, 0x2f, 0xff, 0xe0, 0x0,
    0x0, 0x0, 0x0, 0x0, 0x7, 0xff, 0xfa, 0x2f,
    0xff, 0xe0, 0x0, 0x0, 0x0, 0x0, 0x0, 0x7,
    0xff, 0xfa, 0x2f, 0xff, 0xe0, 0x0, 0x0, 0x0,
    0x0, 0x0, 0x7, 0xff, 0xfa, 0x2f, 0xff, 0xfb,
    0xbb, 0xbb, 0xbb, 0xbb, 0xbb, 0xbd, 0xff, 0xfa,
    0x2f, 0xff, 0xff, 0xff, 0xff, 0xff, 0xff, 0xff,
    0xff, 0xff, 0xfa, 0x2f, 0xff, 0xff, 0xff, 0xff,
    0xff, 0xff, 0xff, 0xff, 0xff, 0xfa, 0x2f, 0xff,
    0xff, 0xff, 0xff, 0xff, 0xff, 0xff, 0xff, 0xff,
    0xfa, 0x2f, 0xff, 0xe0, 0x0, 0x0, 0x0, 0x0,
    0x0, 0x7, 0xff, 0xfa, 0x2f, 0xff, 0xe0, 0x0,
    0x0, 0x0, 0x0, 0x0, 0x7, 0xff, 0xfa, 0x2f,
    0xff, 0xe0, 0x0, 0x0, 0x0, 0x0, 0x0, 0x7,
    0xff, 0xfa, 0x2f, 0xff, 0xe0, 0x0, 0x0, 0x0,
    0x0, 0x0, 0x7, 0xff, 0xfa, 0x2f, 0xff, 0xe0,
    0x0, 0x0, 0x0, 0x0, 0x0, 0x7, 0xff, 0xfa,
    0x2f, 0xff, 0xe0, 0x0, 0x0, 0x0, 0x0, 0x0,
    0x7, 0xff, 0xfa, 0x2f, 0xff, 0xe0, 0x0, 0x0,
    0x0, 0x0, 0x0, 0x7, 0xff, 0xfa, 0x2f, 0xff,
    0xd0, 0x0, 0x0, 0x0, 0x0, 0x0, 0x5, 0xff,
    0xf9,

    /* U+0049 "I" */
    0x2f, 0xff, 0xd2, 0xff, 0xfe, 0x2f, 0xff, 0xe2,
    0xff, 0xfe, 0x2f, 0xff, 0xe2, 0xff, 0xfe, 0x2f,
    0xff, 0xe2, 0xff, 0xfe, 0x2f, 0xff, 0xe2, 0xff,
    0xfe, 0x2f, 0xff, 0xe2, 0xff, 0xfe, 0x2f, 0xff,
    0xe2, 0xff, 0xfe, 0x2f, 0xff, 0xe2, 0xff, 0xfe,
    0x2f, 0xff, 0xe2, 0xff, 0xfe, 0x2f, 0xff, 0xd0,

    /* U+004A "J" */
    0x0, 0x0, 0x0, 0x0, 0x0, 0x0, 0x0, 0xa,
    0xff, 0xf4, 0x0, 0x0, 0x0, 0x0, 0x0, 0x0,
    0x0, 0xc, 0xff, 0xf5, 0x0, 0x0, 0x0, 0x0,
    0x0, 0x0, 0x0, 0xc, 0xff, 0xf5, 0x0, 0x0,
    0x0, 0x0, 0x0, 0x0, 0x0, 0xc, 0xff, 0xf5,
    0x0, 0x0, 0x0, 0x0, 0x0, 0x0, 0x0, 0xc,
    0xff, 0xf5, 0x0, 0x0, 0x0, 0x0, 0x0, 0x0,
    0x0, 0xc, 0xff, 0xf5, 0x0, 0x0, 0x0, 0x0,
    0x0, 0x0, 0x0, 0xc, 0xff, 0xf5, 0x0, 0x0,
    0x0, 0x0, 0x0, 0x0, 0x0, 0xc, 0xff, 0xf5,
    0x0, 0x0, 0x0, 0x0, 0x0, 0x0, 0x0, 0xc,
    0xff, 0xf5, 0x0, 0x0, 0x0, 0x0, 0x0, 0x0,
    0x0, 0xc, 0xff, 0xf5, 0x0, 0x0, 0x0, 0x0,
    0x0, 0x0, 0x0, 0xc, 0xff, 0xf5, 0x0, 0x0,
    0x0, 0x0, 0x0, 0x0, 0x0, 0xc, 0xff, 0xf5,
    0x0, 0x0, 0x0, 0x0, 0x0, 0x0, 0x0, 0xd,
    0xff, 0xf5, 0x0, 0x0, 0x0, 0x0, 0x0, 0x0,
    0x0, 0x1f, 0xff, 0xf4, 0x0, 0x0, 0x0, 0x0,
    0x0, 0x0, 0x2, 0xbf, 0xff, 0xf1, 0x3d, 0xdd,
    0xdd, 0xdd, 0xdd, 0xde, 0xff, 0xff, 0xff, 0xc0,
    0x5f, 0xff, 0xff, 0xff, 0xff, 0xff, 0xff, 0xff,
    0xff, 0x40, 0x5f, 0xff, 0xff, 0xff, 0xff, 0xff,
    0xff, 0xff, 0xf6, 0x0, 0x4f, 0xff, 0xff, 0xff,
    0xff, 0xff, 0xfe, 0xc8, 0x20, 0x0,

    /* U+004B "K" */
    0x2f, 0xff, 0xd0, 0x0, 0x0, 0x0, 0x0, 0x0,
    0xbf, 0xff, 0xc0, 0x2f, 0xff, 0xe0, 0x0, 0x0,
    0x0, 0x0, 0x8, 0xff, 0xff, 0x30, 0x2f, 0xff,
    0xe0, 0x0, 0x0, 0x0, 0x0, 0x4f, 0xff, 0xf6,
    0x0, 0x2f, 0xff, 0xe0, 0x0, 0x0, 0x0, 0x1,
    0xef, 0xff, 0x90, 0x0, 0x2f, 0xff, 0xe0, 0x0,
    0x0, 0x0, 0xc, 0xff, 0xfc, 0x0, 0x0, 0x2f,
    0xff, 0xe0, 0x0, 0x0, 0x0, 0x9f, 0xff, 0xe2,
    0x0, 0x0, 0x2f, 0xff, 0xe0, 0x0, 0x0, 0x6,
    0xff, 0xff, 0x40, 0x0, 0x0, 0x2f, 0xff, 0xf6,
    0x66, 0x77, 0xaf, 0xff, 0xf8, 0x0, 0x0, 0x0,
    0x2f, 0xff, 0xff, 0xff, 0xff, 0xff, 0xff, 0xa0,
    0x0, 0x0, 0x0, 0x2f, 0xff, 0xff, 0xff, 0xff,
    0xff, 0xff, 0x60, 0x0, 0x0, 0x0, 0x2f, 0xff,
    0xff, 0xff, 0xff, 0xff, 0xff, 0xf7, 0x0, 0x0,
    0x0, 0x2f, 0xff, 0xe0, 0x0, 0x0, 0x2b, 0xff,
    0xff, 0x40, 0x0, 0x0, 0x2f, 0xff, 0xe0, 0x0,
    0x0, 0x0, 0xbf, 0xff, 0xe2, 0x0, 0x0, 0x2f,
    0xff, 0xe0, 0x0, 0x0, 0x0, 0x1d, 0xff, 0xfd,
    0x0, 0x0, 0x2f, 0xff, 0xe0, 0x0, 0x0, 0x0,
    0x3, 0xff, 0xff, 0xa0, 0x0, 0x2f, 0xff, 0xe0,
    0x0, 0x0, 0x0, 0x0, 0x6f, 0xff, 0xf6, 0x0,
    0x2f, 0xff, 0xe0, 0x0, 0x0, 0x0, 0x0, 0xa,
    0xff, 0xff, 0x30, 0x2f, 0xff, 0xe0, 0x0, 0x0,
    0x0, 0x0, 0x0, 0xdf, 0xff, 0xe1, 0x2f, 0xff,
    0xd0, 0x0, 0x0, 0x0, 0x0, 0x0, 0x2e, 0xff,
    0xf8,

    /* U+004C "L" */
    0x2f, 0xff, 0xc0, 0x0, 0x0, 0x0, 0x0, 0x0,
    0x0, 0x0, 0x3f, 0xff, 0xd0, 0x0, 0x0, 0x0,
    0x0, 0x0, 0x0, 0x0, 0x3f, 0xff, 0xd0, 0x0,
    0x0, 0x0, 0x0, 0x0, 0x0, 0x0, 0x3f, 0xff,
    0xd0, 0x0, 0x0, 0x0, 0x0, 0x0, 0x0, 0x0,
    0x3f, 0xff, 0xd0, 0x0, 0x0, 0x0, 0x0, 0x0,
    0x0, 0x0, 0x3f, 0xff, 0xd0, 0x0, 0x0, 0x0,
    0x0, 0x0, 0x0, 0x0, 0x3f, 0xff, 0xd0, 0x0,
    0x0, 0x0, 0x0, 0x0, 0x0, 0x0, 0x3f, 0xff,
    0xd0, 0x0, 0x0, 0x0, 0x0, 0x0, 0x0, 0x0,
    0x3f, 0xff, 0xd0, 0x0, 0x0, 0x0, 0x0, 0x0,
    0x0, 0x0, 0x3f, 0xff, 0xd0, 0x0, 0x0, 0x0,
    0x0, 0x0, 0x0, 0x0, 0x3f, 0xff, 0xd0, 0x0,
    0x0, 0x0, 0x0, 0x0, 0x0, 0x0, 0x3f, 0xff,
    0xe0, 0x0, 0x0, 0x0, 0x0, 0x0, 0x0, 0x0,
    0x3f, 0xff, 0xf0, 0x0, 0x0, 0x0, 0x0, 0x0,
    0x0, 0x0, 0x2f, 0xff, 0xf2, 0x0, 0x0, 0x0,
    0x0, 0x0, 0x0, 0x0, 0xf, 0xff, 0xfc, 0x20,
    0x0, 0x0, 0x0, 0x0, 0x0, 0x0, 0xb, 0xff,
    0xff, 0xff, 0xed, 0xdd, 0xdd, 0xdd, 0xdd, 0xdc,
    0x3, 0xff, 0xff, 0xff, 0xff, 0xff, 0xff, 0xff,
    0xff, 0xff, 0x0, 0x5f, 0xff, 0xff, 0xff, 0xff,
    0xff, 0xff, 0xff, 0xff, 0x0, 0x1, 0x7b, 0xef,
    0xff, 0xff, 0xff, 0xff, 0xff, 0xfe,

    /* U+004D "M" */
    0x7, 0xef, 0xff, 0xfc, 0x20, 0x0, 0x0, 0x0,
    0x0, 0x0, 0x0, 0xaf, 0xff, 0xff, 0xa0, 0x1f,
    0xff, 0xff, 0xff, 0xc0, 0x0, 0x0, 0x0, 0x0,
    0x0, 0x8, 0xff, 0xff, 0xff, 0xf4, 0x2f, 0xff,
    0xff, 0xff, 0xf4, 0x0, 0x0, 0x0, 0x0, 0x0,
    0xe, 0xff, 0xff, 0xff, 0xf6, 0x2f, 0xff, 0xff,
    0xff, 0xfb, 0x0, 0x0, 0x0, 0x0, 0x0, 0x6f,
    0xff, 0xff, 0xff, 0xf7, 0x2f, 0xff, 0xd3, 0xff,
    0xff, 0x20, 0x0, 0x0, 0x0, 0x0, 0xcf, 0xff,
    0x89, 0xff, 0xf7, 0x2f, 0xff, 0xd0, 0xcf, 0xff,
    0x80, 0x0, 0x0, 0x0, 0x3, 0xff, 0xff, 0x19,
    0xff, 0xf7, 0x2f, 0xff, 0xd0, 0x5f, 0xff, 0xf0,
    0x0, 0x0, 0x0, 0xa, 0xff, 0xf9, 0x9, 0xff,
    0xf7, 0x2f, 0xff, 0xd0, 0xe, 0xff, 0xf6, 0x0,
    0x0, 0x0, 0x1f, 0xff, 0xf2, 0x9, 0xff, 0xf7,
    0x2f, 0xff, 0xd0, 0x7, 0xff, 0xfd, 0x0, 0x0,
    0x0, 0x8f, 0xff, 0xc0, 0x9, 0xff, 0xf7, 0x2f,
    0xff, 0xd0, 0x1, 0xff, 0xff, 0x40, 0x0, 0x0,
    0xef, 0xff, 0x50, 0x9, 0xff, 0xf7, 0x2f, 0xff,
    0xd0, 0x0, 0x9f, 0xff, 0xb0, 0x0, 0x5, 0xff,
    0xfe, 0x0, 0x9, 0xff, 0xf7, 0x2f, 0xff, 0xd0,
    0x0, 0x2f, 0xff, 0xf2, 0x0, 0xc, 0xff, 0xf7,
    0x0, 0x9, 0xff, 0xf7, 0x2f, 0xff, 0xd0, 0x0,
    0xb, 0xff, 0xf8, 0x0, 0x3f, 0xff, 0xf1, 0x0,
    0x9, 0xff, 0xf7, 0x2f, 0xff, 0xd0, 0x0, 0x4,
    0xff, 0xfe, 0x0, 0x9f, 0xff, 0x90, 0x0, 0x9,
    0xff, 0xf7, 0x2f, 0xff, 0xd0, 0x0, 0x0, 0xdf,
    0xff, 0x61, 0xff, 0xff, 0x20, 0x0, 0x9, 0xff,
    0xf7, 0x2f, 0xff, 0xd0, 0x0, 0x0, 0x6f, 0xff,
    0xed, 0xff, 0xfb, 0x0, 0x0, 0x9, 0xff, 0xf7,
    0x2f, 0xff, 0xd0, 0x0, 0x0, 0xe, 0xff, 0xff,
    0xff, 0xf4, 0x0, 0x0, 0x9, 0xff, 0xf7, 0x2f,
    0xff, 0xd0, 0x0, 0x0, 0x7, 0xff, 0xff, 0xff,
    0xc0, 0x0, 0x0, 0x9, 0xff, 0xf7, 0x2f, 0xff,
    0xb0, 0x0, 0x0, 0x0, 0x7e, 0xff, 0xea, 0x10,
    0x0, 0x0, 0x8, 0xff, 0xf5,

    /* U+004E "N" */
    0x6, 0xef, 0xff, 0xea, 0x0, 0x0, 0x0, 0x0,
    0x0, 0x6, 0xff, 0xf8, 0xf, 0xff, 0xff, 0xff,
    0xb0, 0x0, 0x0, 0x0, 0x0, 0x7, 0xff, 0xf9,
    0x2f, 0xff, 0xff, 0xff, 0xf7, 0x0, 0x0, 0x0,
    0x0, 0x7, 0xff, 0xf9, 0x2f, 0xff, 0xff, 0xff,
    0xff, 0x30, 0x0, 0x0, 0x0, 0x7, 0xff, 0xf9,
    0x2f, 0xff, 0xe2, 0xef, 0xff, 0xe1, 0x0, 0x0,
    0x0, 0x7, 0xff, 0xf9, 0x2f, 0xff, 0xe0, 0x5f,
    0xff, 0xfb, 0x0, 0x0, 0x0, 0x7, 0xff, 0xf9,
    0x2f, 0xff, 0xe0, 0x8, 0xff, 0xff, 0x70, 0x0,
    0x0, 0x7, 0xff, 0xf9, 0x2f, 0xff, 0xe0, 0x0,
    0xcf, 0xff, 0xf3, 0x0, 0x0, 0x7, 0xff, 0xf9,
    0x2f, 0xff, 0xe0, 0x0, 0x1e, 0xff, 0xfe, 0x10,
    0x0, 0x7, 0xff, 0xf9, 0x2f, 0xff, 0xe0, 0x0,
    0x4, 0xff, 0xff, 0xb0, 0x0, 0x7, 0xff, 0xf9,
    0x2f, 0xff, 0xe0, 0x0, 0x0, 0x8f, 0xff, 0xf7,
    0x0, 0x7, 0xff, 0xf9, 0x2f, 0xff, 0xe0, 0x0,
    0x0, 0xc, 0xff, 0xff, 0x30, 0x7, 0xff, 0xf9,
    0x2f, 0xff, 0xe0, 0x0, 0x0, 0x1, 0xef, 0xff,
    0xe1, 0x7, 0xff, 0xf9, 0x2f, 0xff, 0xe0, 0x0,
    0x0, 0x0, 0x4f, 0xff, 0xfb, 0x7, 0xff, 0xf9,
    0x2f, 0xff, 0xe0, 0x0, 0x0, 0x0, 0x8, 0xff,
    0xff, 0x78, 0xff, 0xf9, 0x2f, 0xff, 0xe0, 0x0,
    0x0, 0x0, 0x0, 0xcf, 0xff, 0xff, 0xff, 0xf9,
    0x2f, 0xff, 0xe0, 0x0, 0x0, 0x0, 0x0, 0x1e,
    0xff, 0xff, 0xff, 0xf8, 0x2f, 0xff, 0xe0, 0x0,
    0x0, 0x0, 0x0, 0x4, 0xff, 0xff, 0xff, 0xf6,
    0x2f, 0xff, 0xc0, 0x0, 0x0, 0x0, 0x0, 0x0,
    0x6d, 0xff, 0xff, 0xb0,

    /* U+004F "O" */
    0x0, 0x2, 0x8c, 0xef, 0xff, 0xff, 0xff, 0xff,
    0xff, 0xdb, 0x60, 0x0, 0x0, 0x7, 0xff, 0xff,
    0xff, 0xff, 0xff, 0xff, 0xff, 0xff, 0xff, 0xe3,
    0x0, 0x5, 0xff, 0xff, 0xff, 0xff, 0xff, 0xff,
    0xff, 0xff, 0xff, 0xff, 0xe1, 0x0, 0xdf, 0xff,
    0xff, 0xed, 0xdd, 0xdd, 0xdd, 0xde, 0xff, 0xff,
    0xff, 0x70, 0x2f, 0xff, 0xfa, 0x10, 0x0, 0x0,
    0x0, 0x0, 0x0, 0x4e, 0xff, 0xfb, 0x4, 0xff,
    0xff, 0x0, 0x0, 0x0, 0x0, 0x0, 0x0, 0x0,
    0x6f, 0xff, 0xe0, 0x5f, 0xff, 0xc0, 0x0, 0x0,
    0x0, 0x0, 0x0, 0x0, 0x3, 0xff, 0xff, 0x6,
    0xff, 0xfb, 0x0, 0x0, 0x0, 0x0, 0x0, 0x0,
    0x0, 0x1f, 0xff, 0xf0, 0x6f, 0xff, 0xb0, 0x0,
    0x0, 0x0, 0x0, 0x0, 0x0, 0x1, 0xff, 0xff,
    0x6, 0xff, 0xfb, 0x0, 0x0, 0x0, 0x0, 0x0,
    0x0, 0x0, 0x1f, 0xff, 0xf0, 0x6f, 0xff, 0xb0,
    0x0, 0x0, 0x0, 0x0, 0x0, 0x0, 0x1, 0xff,
    0xff, 0x6, 0xff, 0xfb, 0x0, 0x0, 0x0, 0x0,
    0x0, 0x0, 0x0, 0x1f, 0xff, 0xf0, 0x5f, 0xff,
    0xc0, 0x0, 0x0, 0x0, 0x0, 0x0, 0x0, 0x3,
    0xff, 0xff, 0x4, 0xff, 0xff, 0x0, 0x0, 0x0,
    0x0, 0x0, 0x0, 0x0, 0x6f, 0xff, 0xe0, 0x2f,
    0xff, 0xfa, 0x10, 0x0, 0x0, 0x0, 0x0, 0x0,
    0x3e, 0xff, 0xfc, 0x0, 0xdf, 0xff, 0xff, 0xed,
    0xdd, 0xdd, 0xdd, 0xdd, 0xff, 0xff, 0xff, 0x70,
    0x5, 0xff, 0xff, 0xff, 0xff, 0xff, 0xff, 0xff,
    0xff, 0xff, 0xff, 0xe1, 0x0, 0x7, 0xff, 0xff,
    0xff, 0xff, 0xff, 0xff, 0xff, 0xff, 0xff, 0xe3,
    0x0, 0x0, 0x2, 0x8c, 0xef, 0xff, 0xff, 0xff,
    0xff, 0xff, 0xeb, 0x60, 0x0, 0x0,

    /* U+0050 "P" */
    0x1e, 0xff, 0xff, 0xff, 0xff, 0xff, 0xff, 0xff,
    0xfc, 0xa3, 0x0, 0x2f, 0xff, 0xff, 0xff, 0xff,
    0xff, 0xff, 0xff, 0xff, 0xff, 0x80, 0x2f, 0xff,
    0xff, 0xff, 0xff, 0xff, 0xff, 0xff, 0xff, 0xff,
    0xf3, 0x2f, 0xff, 0xfd, 0xdd, 0xdd, 0xdd, 0xdd,
    0xdd, 0xff, 0xff, 0xf9, 0x2f, 0xff, 0xe0, 0x0,
    0x0, 0x0, 0x0, 0x0, 0x1b, 0xff, 0xfc, 0x2f,
    0xff, 0xe0, 0x0, 0x0, 0x0, 0x0, 0x0, 0x5,
    0xff, 0xfe, 0x2f, 0xff, 0xe0, 0x0, 0x0, 0x0,
    0x0, 0x0, 0x3, 0xff, 0xfe, 0x2f, 0xff, 0xe0,
    0x0, 0x0, 0x0, 0x0, 0x0, 0x4, 0xff, 0xfd,
    0x2f, 0xff, 0xe0, 0x0, 0x0, 0x0, 0x0, 0x0,
    0xb, 0xff, 0xfb, 0x2f, 0xff, 0xfc, 0xcc, 0xcc,
    0xcc, 0xcc, 0xcc, 0xef, 0xff, 0xf9, 0x2f, 0xff,
    0xff, 0xff, 0xff, 0xff, 0xff, 0xff, 0xff, 0xff,
    0xf2, 0x2f, 0xff, 0xff, 0xff, 0xff, 0xff, 0xff,
    0xff, 0xff, 0xff, 0x70, 0x2f, 0xff, 0xff, 0xff,
    0xff, 0xff, 0xff, 0xff, 0xfc, 0xa3, 0x0, 0x2f,
    0xff, 0xe0, 0x0, 0x0, 0x0, 0x0, 0x0, 0x0,
    0x0, 0x0, 0x2f, 0xff, 0xe0, 0x0, 0x0, 0x0,
    0x0, 0x0, 0x0, 0x0, 0x0, 0x2f, 0xff, 0xe0,
    0x0, 0x0, 0x0, 0x0, 0x0, 0x0, 0x0, 0x0,
    0x2f, 0xff, 0xe0, 0x0, 0x0, 0x0, 0x0, 0x0,
    0x0, 0x0, 0x0, 0x2f, 0xff, 0xe0, 0x0, 0x0,
    0x0, 0x0, 0x0, 0x0, 0x0, 0x0, 0x2f, 0xff,
    0xd0, 0x0, 0x0, 0x0, 0x0, 0x0, 0x0, 0x0,
    0x0,

    /* U+0051 "Q" */
    0x0, 0x2, 0x8c, 0xef, 0xff, 0xff, 0xff, 0xff,
    0xff, 0xdb, 0x60, 0x0, 0x0, 0x6, 0xff, 0xff,
    0xff, 0xff, 0xff, 0xff, 0xff, 0xff, 0xff, 0xd2,
    0x0, 0x4, 0xff, 0xff, 0xff, 0xff, 0xff, 0xff,
    0xff, 0xff, 0xff, 0xff, 0xd0, 0x0, 0xcf, 0xff,
    0xff, 0xfd, 0xdd, 0xdd, 0xdd, 0xde, 0xff, 0xff,
    0xff, 0x60, 0x1f, 0xff, 0xfa, 0x10, 0x0, 0x0,
    0x0, 0x0, 0x0, 0x4e, 0xff, 0xfb, 0x4, 0xff,
    0xff, 0x10, 0x0, 0x0, 0x0, 0x0, 0x0, 0x0,
    0x6f, 0xff, 0xe0, 0x5f, 0xff, 0xc0, 0x0, 0x0,
    0x0, 0x0, 0x0, 0x0, 0x3, 0xff, 0xff, 0x6,
    0xff, 0xfb, 0x0, 0x0, 0x0, 0x0, 0x0, 0x0,
    0x0, 0x2f, 0xff, 0xf0, 0x6f, 0xff, 0xb0, 0x0,
    0x0, 0x0, 0x0, 0x0, 0x0, 0x1, 0xff, 0xff,
    0x6, 0xff, 0xfb, 0x0, 0x0, 0x0, 0x0, 0x0,
    0x0, 0x0, 0x1f, 0xff, 0xf0, 0x6f, 0xff, 0xb0,
    0x0, 0x0, 0x0, 0x0, 0x0, 0x0, 0x1, 0xff,
    0xff, 0x6, 0xff, 0xfb, 0x0, 0x0, 0x0, 0x0,
    0x0, 0x0, 0x0, 0x2f, 0xff, 0xf0, 0x5f, 0xff,
    0xc0, 0x0, 0x0, 0x0, 0x0, 0x0, 0x0, 0x3,
    0xff, 0xff, 0x4, 0xff, 0xff, 0x10, 0x0, 0x0,
    0x0, 0x0, 0x0, 0x0, 0x6f, 0xff, 0xd0, 0x1f,
    0xff, 0xfa, 0x10, 0x0, 0x0, 0x0, 0x0, 0x0,
    0x4e, 0xff, 0xfb, 0x0, 0xcf, 0xff, 0xff, 0xed,
    0xdd, 0xdd, 0xdd, 0xdd, 0xff, 0xff, 0xff, 0x50,
    0x5, 0xff, 0xff, 0xff, 0xff, 0xff, 0xff, 0xff,
    0xff, 0xff, 0xff, 0xd0, 0x0, 0x7, 0xff, 0xff,
    0xff, 0xff, 0xff, 0xff, 0xff, 0xff, 0xff, 0xc1,
    0x0, 0x0, 0x2, 0x8c, 0xef, 0xff, 0xff, 0xff,
    0xff, 0xff, 0xfa, 0x50, 0x0, 0x0, 0x0, 0x0,
    0x0, 0x0, 0x0, 0x0, 0x9, 0xff, 0xff, 0x20,
    0x0, 0x0, 0x0, 0x0, 0x0, 0x0, 0x0, 0x0,
    0x0, 0xd, 0xff, 0xfd, 0x0, 0x0, 0x0, 0x0,
    0x0, 0x0, 0x0, 0x0, 0x0, 0x0, 0x3f, 0xff,
    0xf9, 0x0, 0x0, 0x0, 0x0, 0x0, 0x0, 0x0,
    0x0, 0x0, 0x0, 0x8f, 0xff, 0xf4, 0x0, 0x0,
    0x0, 0x0, 0x0, 0x0, 0x0, 0x0, 0x0, 0x0,
    0xcf, 0xff, 0xc0, 0x0,

    /* U+0052 "R" */
    0x1e, 0xff, 0xff, 0xff, 0xff, 0xff, 0xff, 0xff,
    0xfd, 0xa3, 0x0, 0x2, 0xff, 0xff, 0xff, 0xff,
    0xff, 0xff, 0xff, 0xff, 0xff, 0xf8, 0x0, 0x2f,
    0xff, 0xff, 0xff, 0xff, 0xff, 0xff, 0xff, 0xff,
    0xff, 0xf3, 0x2, 0xff, 0xff, 0xdd, 0xdd, 0xdd,
    0xdd, 0xdd, 0xdf, 0xff, 0xff, 0x90, 0x2f, 0xff,
    0xe0, 0x0, 0x0, 0x0, 0x0, 0x0, 0x1b, 0xff,
    0xfb, 0x2, 0xff, 0xfe, 0x0, 0x0, 0x0, 0x0,
    0x0, 0x0, 0x5f, 0xff, 0xd0, 0x2f, 0xff, 0xe0,
    0x0, 0x0, 0x0, 0x0, 0x0, 0x3, 0xff, 0xfe,
    0x2, 0xff, 0xfe, 0x0, 0x0, 0x0, 0x0, 0x0,
    0x0, 0x4f, 0xff, 0xd0, 0x2f, 0xff, 0xe0, 0x0,
    0x0, 0x0, 0x0, 0x0, 0x9, 0xff, 0xfb, 0x2,
    0xff, 0xff, 0x99, 0x99, 0x99, 0x99, 0x99, 0x9c,
    0xff, 0xff, 0x70, 0x2f, 0xff, 0xff, 0xff, 0xff,
    0xff, 0xff, 0xff, 0xff, 0xff, 0xf1, 0x2, 0xff,
    0xff, 0xff, 0xff, 0xff, 0xff, 0xff, 0xff, 0xff,
    0xe3, 0x0, 0x2f, 0xff, 0xff, 0xff, 0xff, 0xff,
    0xff, 0xff, 0xff, 0x60, 0x0, 0x2, 0xff, 0xfe,
    0x0, 0x0, 0x0, 0x0, 0x2f, 0xff, 0xfb, 0x0,
    0x0, 0x2f, 0xff, 0xe0, 0x0, 0x0, 0x0, 0x0,
    0x6f, 0xff, 0xf8, 0x0, 0x2, 0xff, 0xfe, 0x0,
    0x0, 0x0, 0x0, 0x0, 0xaf, 0xff, 0xf4, 0x0,
    0x2f, 0xff, 0xe0, 0x0, 0x0, 0x0, 0x0, 0x0,
    0xdf, 0xff, 0xf2, 0x2, 0xff, 0xfe, 0x0, 0x0,
    0x0, 0x0, 0x0, 0x2, 0xff, 0xff, 0xd0, 0x2f,
    0xff, 0xd0, 0x0, 0x0, 0x0, 0x0, 0x0, 0x5,
    0xff, 0xff, 0x60,

    /* U+0053 "S" */
    0x0, 0x5b, 0xef, 0xff, 0xff, 0xff, 0xff, 0xff,
    0xff, 0xff, 0x10, 0x8f, 0xff, 0xff, 0xff, 0xff,
    0xff, 0xff, 0xff, 0xff, 0xf2, 0x2f, 0xff, 0xff,
    0xff, 0xff, 0xff, 0xff, 0xff, 0xff, 0xff, 0x26,
    0xff, 0xff, 0xfd, 0xdd, 0xdd, 0xdd, 0xdd, 0xdd,
    0xdd, 0xd1, 0x8f, 0xff, 0xd0, 0x0, 0x0, 0x0,
    0x0, 0x0, 0x0, 0x0, 0x8, 0xff, 0xf9, 0x0,
    0x0, 0x0, 0x0, 0x0, 0x0, 0x0, 0x0, 0x7f,
    0xff, 0xb0, 0x0, 0x0, 0x0, 0x0, 0x0, 0x0,
    0x0, 0x5, 0xff, 0xff, 0xca, 0x99, 0x99, 0x99,
    0x99, 0x98, 0x61, 0x0, 0x1f, 0xff, 0xff, 0xff,
    0xff, 0xff, 0xff, 0xff, 0xff, 0xf5, 0x0, 0x7f,
    0xff, 0xff, 0xff, 0xff, 0xff, 0xff, 0xff, 0xff,
    0xf2, 0x0, 0x4b, 0xef, 0xff, 0xff, 0xff, 0xff,
    0xff, 0xff, 0xff, 0x90, 0x0, 0x0, 0x0, 0x0,
    0x0, 0x0, 0x0, 0x1a, 0xff, 0xfb, 0x0, 0x0,
    0x0, 0x0, 0x0, 0x0, 0x0, 0x0, 0x4f, 0xff,
    0xd0, 0x0, 0x0, 0x0, 0x0, 0x0, 0x0, 0x0,
    0x4, 0xff, 0xfd, 0x0, 0x0, 0x0, 0x0, 0x0,
    0x0, 0x0, 0x0, 0x9f, 0xff, 0xd5, 0xdd, 0xdd,
    0xdd, 0xdd, 0xdd, 0xdd, 0xdd, 0xef, 0xff, 0xfa,
    0x7f, 0xff, 0xff, 0xff, 0xff, 0xff, 0xff, 0xff,
    0xff, 0xff, 0x67, 0xff, 0xff, 0xff, 0xff, 0xff,
    0xff, 0xff, 0xff, 0xff, 0xc0, 0x6f, 0xff, 0xff,
    0xff, 0xff, 0xff, 0xff, 0xff, 0xec, 0x70, 0x0,

    /* U+0054 "T" */
    0x4f, 0xff, 0xff, 0xff, 0xff, 0xff, 0xff, 0xff,
    0xff, 0xff, 0xff, 0xd5, 0xff, 0xff, 0xff, 0xff,
    0xff, 0xff, 0xff, 0xff, 0xff, 0xff, 0xff, 0x5f,
    0xff, 0xff, 0xff, 0xff, 0xff, 0xff, 0xff, 0xff,
    0xff, 0xff, 0xf3, 0xee, 0xee, 0xee, 0xee, 0xef,
    0xff, 0xfe, 0xee, 0xee, 0xee, 0xec, 0x0, 0x0,
    0x0, 0x0, 0x4, 0xff, 0xfd, 0x0, 0x0, 0x0,
    0x0, 0x0, 0x0, 0x0, 0x0, 0x0, 0x4f, 0xff,
    0xd0, 0x0, 0x0, 0x0, 0x0, 0x0, 0x0, 0x0,
    0x0, 0x4, 0xff, 0xfd, 0x0, 0x0, 0x0, 0x0,
    0x0, 0x0, 0x0, 0x0, 0x0, 0x4f, 0xff, 0xd0,
    0x0, 0x0, 0x0, 0x0, 0x0, 0x0, 0x0, 0x0,
    0x4, 0xff, 0xfd, 0x0, 0x0, 0x0, 0x0, 0x0,
    0x0, 0x0, 0x0, 0x0, 0x4f, 0xff, 0xd0, 0x0,
    0x0, 0x0, 0x0, 0x0, 0x0, 0x0, 0x0, 0x4,
    0xff, 0xfd, 0x0, 0x0, 0x0, 0x0, 0x0, 0x0,
    0x0, 0x0, 0x0, 0x4f, 0xff, 0xd0, 0x0, 0x0,
    0x0, 0x0, 0x0, 0x0, 0x0, 0x0, 0x4, 0xff,
    0xfd, 0x0, 0x0, 0x0, 0x0, 0x0, 0x0, 0x0,
    0x0, 0x0, 0x4f, 0xff, 0xd0, 0x0, 0x0, 0x0,
    0x0, 0x0, 0x0, 0x0, 0x0, 0x4, 0xff, 0xfd,
    0x0, 0x0, 0x0, 0x0, 0x0, 0x0, 0x0, 0x0,
    0x0, 0x4f, 0xff, 0xd0, 0x0, 0x0, 0x0, 0x0,
    0x0, 0x0, 0x0, 0x0, 0x4, 0xff, 0xfd, 0x0,
    0x0, 0x0, 0x0, 0x0, 0x0, 0x0, 0x0, 0x0,
    0x4f, 0xff, 0xd0, 0x0, 0x0, 0x0, 0x0, 0x0,
    0x0, 0x0, 0x0, 0x3, 0xff, 0xfb, 0x0, 0x0,
    0x0, 0x0, 0x0,

    /* U+0055 "U" */
    0x2f, 0xff, 0xc0, 0x0, 0x0, 0x0, 0x0, 0x0,
    0x0, 0x6, 0xff, 0xf8, 0x3f, 0xff, 0xd0, 0x0,
    0x0, 0x0, 0x0, 0x0, 0x0, 0x7, 0xff, 0xf9,
    0x3f, 0xff, 0xd0, 0x0, 0x0, 0x0, 0x0, 0x0,
    0x0, 0x7, 0xff, 0xf9, 0x3f, 0xff, 0xd0, 0x0,
    0x0, 0x0, 0x0, 0x0, 0x0, 0x7, 0xff, 0xf9,
    0x3f, 0xff, 0xd0, 0x0, 0x0, 0x0, 0x0, 0x0,
    0x0, 0x7, 0xff, 0xf9, 0x3f, 0xff, 0xd0, 0x0,
    0x0, 0x0, 0x0, 0x0, 0x0, 0x7, 0xff, 0xf9,
    0x3f, 0xff, 0xd0, 0x0, 0x0, 0x0, 0x0, 0x0,
    0x0, 0x7, 0xff, 0xf9, 0x3f, 0xff, 0xd0, 0x0,
    0x0, 0x0, 0x0, 0x0, 0x0, 0x7, 0xff, 0xf9,
    0x3f, 0xff, 0xd0, 0x0, 0x0, 0x0, 0x0, 0x0,
    0x0, 0x7, 0xff, 0xf9, 0x3f, 0xff, 0xd0, 0x0,
    0x0, 0x0, 0x0, 0x0, 0x0, 0x7, 0xff, 0xf9,
    0x3f, 0xff, 0xd0, 0x0, 0x0, 0x0, 0x0, 0x0,
    0x0, 0x7, 0xff, 0xf9, 0x3f, 0xff, 0xe0, 0x0,
    0x0, 0x0, 0x0, 0x0, 0x0, 0x8, 0xff, 0xf9,
    0x3f, 0xff, 0xf0, 0x0, 0x0, 0x0, 0x0, 0x0,
    0x0, 0x9, 0xff, 0xf9, 0x2f, 0xff, 0xf2, 0x0,
    0x0, 0x0, 0x0, 0x0, 0x0, 0xd, 0xff, 0xf8,
    0xf, 0xff, 0xfc, 0x20, 0x0, 0x0, 0x0, 0x0,
    0x1, 0x8f, 0xff, 0xf5, 0xb, 0xff, 0xff, 0xff,
    0xed, 0xdd, 0xdd, 0xde, 0xef, 0xff, 0xff, 0xf1,
    0x3, 0xff, 0xff, 0xff, 0xff, 0xff, 0xff, 0xff,
    0xff, 0xff, 0xff, 0x90, 0x0, 0x5f, 0xff, 0xff,
    0xff, 0xff, 0xff, 0xff, 0xff, 0xff, 0xfa, 0x0,
    0x0, 0x1, 0x7b, 0xef, 0xff, 0xff, 0xff, 0xff,
    0xfe, 0xd9, 0x40, 0x0,

    /* U+0056 "V" */
    0x7f, 0xff, 0xd1, 0x0, 0x0, 0x0, 0x0, 0x0,
    0x0, 0x0, 0x9, 0xff, 0xfc, 0x1f, 0xff, 0xf8,
    0x0, 0x0, 0x0, 0x0, 0x0, 0x0, 0x0, 0x3f,
    0xff, 0xf5, 0x7, 0xff, 0xff, 0x10, 0x0, 0x0,
    0x0, 0x0, 0x0, 0x0, 0xcf, 0xff, 0xc0, 0x0,
    0xef, 0xff, 0xa0, 0x0, 0x0, 0x0, 0x0, 0x0,
    0x4, 0xff, 0xff, 0x40, 0x0, 0x6f, 0xff, 0xf2,
    0x0, 0x0, 0x0, 0x0, 0x0, 0xd, 0xff, 0xfb,
    0x0, 0x0, 0xd, 0xff, 0xfb, 0x0, 0x0, 0x0,
    0x0, 0x0, 0x5f, 0xff, 0xf3, 0x0, 0x0, 0x4,
    0xff, 0xff, 0x30, 0x0, 0x0, 0x0, 0x0, 0xdf,
    0xff, 0xa0, 0x0, 0x0, 0x0, 0xcf, 0xff, 0xc0,
    0x0, 0x0, 0x0, 0x7, 0xff, 0xff, 0x10, 0x0,
    0x0, 0x0, 0x3f, 0xff, 0xf5, 0x0, 0x0, 0x0,
    0xe, 0xff, 0xf8, 0x0, 0x0, 0x0, 0x0, 0xa,
    0xff, 0xfd, 0x0, 0x0, 0x0, 0x8f, 0xff, 0xf1,
    0x0, 0x0, 0x0, 0x0, 0x2, 0xff, 0xff, 0x60,
    0x0, 0x1, 0xff, 0xff, 0x70, 0x0, 0x0, 0x0,
    0x0, 0x0, 0x8f, 0xff, 0xe0, 0x0, 0x9, 0xff,
    0xfe, 0x0, 0x0, 0x0, 0x0, 0x0, 0x0, 0x1f,
    0xff, 0xf7, 0x0, 0x2f, 0xff, 0xf6, 0x0, 0x0,
    0x0, 0x0, 0x0, 0x0, 0x7, 0xff, 0xff, 0x10,
    0xaf, 0xff, 0xd0, 0x0, 0x0, 0x0, 0x0, 0x0,
    0x0, 0x0, 0xef, 0xff, 0x83, 0xff, 0xff, 0x40,
    0x0, 0x0, 0x0, 0x0, 0x0, 0x0, 0x0, 0x5f,
    0xff, 0xff, 0xff, 0xfc, 0x0, 0x0, 0x0, 0x0,
    0x0, 0x0, 0x0, 0x0, 0xc, 0xff, 0xff, 0xff,
    0xf3, 0x0, 0x0, 0x0, 0x0, 0x0, 0x0, 0x0,
    0x0, 0x3, 0xff, 0xff, 0xff, 0x90, 0x0, 0x0,
    0x0, 0x0, 0x0, 0x0, 0x0, 0x0, 0x0, 0x5d,
    0xff, 0xf9, 0x0, 0x0, 0x0, 0x0, 0x0,

    /* U+0057 "W" */
    0x6f, 0xff, 0xb0, 0x0, 0x0, 0x0, 0x0, 0x5d,
    0xff, 0xfd, 0x50, 0x0, 0x0, 0x0, 0x0, 0x9f,
    0xff, 0x82, 0xff, 0xff, 0x10, 0x0, 0x0, 0x0,
    0xe, 0xff, 0xff, 0xff, 0x0, 0x0, 0x0, 0x0,
    0xf, 0xff, 0xf4, 0xd, 0xff, 0xf5, 0x0, 0x0,
    0x0, 0x4, 0xff, 0xff, 0xff, 0xf5, 0x0, 0x0,
    0x0, 0x4, 0xff, 0xff, 0x0, 0x8f, 0xff, 0xa0,
    0x0, 0x0, 0x0, 0x9f, 0xff, 0xff, 0xff, 0xa0,
    0x0, 0x0, 0x0, 0x9f, 0xff, 0xa0, 0x3, 0xff,
    0xff, 0x0, 0x0, 0x0, 0xe, 0xff, 0xf3, 0xff,
    0xff, 0x0, 0x0, 0x0, 0xd, 0xff, 0xf5, 0x0,
    0xe, 0xff, 0xf4, 0x0, 0x0, 0x3, 0xff, 0xfd,
    0xb, 0xff, 0xf4, 0x0, 0x0, 0x2, 0xff, 0xff,
    0x10, 0x0, 0x9f, 0xff, 0x90, 0x0, 0x0, 0x8f,
    0xff, 0x70, 0x6f, 0xff, 0xa0, 0x0, 0x0, 0x7f,
    0xff, 0xb0, 0x0, 0x4, 0xff, 0xfe, 0x0, 0x0,
    0xd, 0xff, 0xf2, 0x1, 0xff, 0xff, 0x0, 0x0,
    0xc, 0xff, 0xf6, 0x0, 0x0, 0xf, 0xff, 0xf3,
    0x0, 0x2, 0xff, 0xfd, 0x0, 0xc, 0xff, 0xf4,
    0x0, 0x1, 0xff, 0xff, 0x10, 0x0, 0x0, 0xaf,
    0xff, 0x80, 0x0, 0x8f, 0xff, 0x80, 0x0, 0x6f,
    0xff, 0x90, 0x0, 0x5f, 0xff, 0xc0, 0x0, 0x0,
    0x5, 0xff, 0xfd, 0x0, 0xd, 0xff, 0xf3, 0x0,
    0x1, 0xff, 0xfe, 0x0, 0xa, 0xff, 0xf7, 0x0,
    0x0, 0x0, 0x1f, 0xff, 0xf2, 0x2, 0xff, 0xfe,
    0x0, 0x0, 0xc, 0xff, 0xf4, 0x0, 0xff, 0xff,
    0x20, 0x0, 0x0, 0x0, 0xcf, 0xff, 0x60, 0x7f,
    0xff, 0x80, 0x0, 0x0, 0x7f, 0xff, 0x90, 0x4f,
    0xff, 0xd0, 0x0, 0x0, 0x0, 0x7, 0xff, 0xfb,
    0xc, 0xff, 0xf3, 0x0, 0x0, 0x2, 0xff, 0xfe,
    0x9, 0xff, 0xf8, 0x0, 0x0, 0x0, 0x0, 0x2f,
    0xff, 0xf2, 0xff, 0xfe, 0x0, 0x0, 0x0, 0xc,
    0xff, 0xf4, 0xdf, 0xff, 0x30, 0x0, 0x0, 0x0,
    0x0, 0xdf, 0xff, 0xff, 0xff, 0x90, 0x0, 0x0,
    0x0, 0x7f, 0xff, 0xff, 0xff, 0xe0, 0x0, 0x0,
    0x0, 0x0, 0x8, 0xff, 0xff, 0xff, 0xf4, 0x0,
    0x0, 0x0, 0x2, 0xff, 0xff, 0xff, 0xf9, 0x0,
    0x0, 0x0, 0x0, 0x0, 0x2f, 0xff, 0xff, 0xfe,
    0x0, 0x0, 0x0, 0x0, 0xc, 0xff, 0xff, 0xff,
    0x40, 0x0, 0x0, 0x0, 0x0, 0x0, 0x8f, 0xff,
    0xfe, 0x50, 0x0, 0x0, 0x0, 0x0, 0x3e, 0xff,
    0xff, 0x90, 0x0, 0x0, 0x0,

    /* U+0058 "X" */
    0x7, 0xff, 0xff, 0x90, 0x0, 0x0, 0x0, 0x0,
    0x1, 0xbf, 0xff, 0xf1, 0x0, 0xbf, 0xff, 0xf9,
    0x0, 0x0, 0x0, 0x0, 0xc, 0xff, 0xff, 0x50,
    0x0, 0xc, 0xff, 0xff, 0x80, 0x0, 0x0, 0x0,
    0xcf, 0xff, 0xf5, 0x0, 0x0, 0x1, 0xdf, 0xff,
    0xf7, 0x0, 0x0, 0xb, 0xff, 0xff, 0x60, 0x0,
    0x0, 0x0, 0x1d, 0xff, 0xff, 0x70, 0x0, 0xbf,
    0xff, 0xf6, 0x0, 0x0, 0x0, 0x0, 0x1, 0xdf,
    0xff, 0xf6, 0xa, 0xff, 0xff, 0x70, 0x0, 0x0,
    0x0, 0x0, 0x0, 0x2e, 0xff, 0xff, 0xcf, 0xff,
    0xf7, 0x0, 0x0, 0x0, 0x0, 0x0, 0x0, 0x2,
    0xef, 0xff, 0xff, 0xff, 0x80, 0x0, 0x0, 0x0,
    0x0, 0x0, 0x0, 0x0, 0x3f, 0xff, 0xff, 0xf8,
    0x0, 0x0, 0x0, 0x0, 0x0, 0x0, 0x0, 0x0,
    0x1d, 0xff, 0xff, 0xf3, 0x0, 0x0, 0x0, 0x0,
    0x0, 0x0, 0x0, 0x1, 0xdf, 0xff, 0xff, 0xfe,
    0x20, 0x0, 0x0, 0x0, 0x0, 0x0, 0x0, 0x1c,
    0xff, 0xff, 0xff, 0xff, 0xe2, 0x0, 0x0, 0x0,
    0x0, 0x0, 0x0, 0xcf, 0xff, 0xf4, 0x5f, 0xff,
    0xfe, 0x10, 0x0, 0x0, 0x0, 0x0, 0xc, 0xff,
    0xff, 0x50, 0x6, 0xff, 0xff, 0xd1, 0x0, 0x0,
    0x0, 0x0, 0xbf, 0xff, 0xf6, 0x0, 0x0, 0x7f,
    0xff, 0xfd, 0x10, 0x0, 0x0, 0xa, 0xff, 0xff,
    0x70, 0x0, 0x0, 0x8, 0xff, 0xff, 0xc0, 0x0,
    0x0, 0xaf, 0xff, 0xf8, 0x0, 0x0, 0x0, 0x0,
    0x9f, 0xff, 0xfb, 0x0, 0x9, 0xff, 0xff, 0x90,
    0x0, 0x0, 0x0, 0x0, 0xa, 0xff, 0xff, 0xb0,
    0x5f, 0xff, 0xf8, 0x0, 0x0, 0x0, 0x0, 0x0,
    0x0, 0x9f, 0xff, 0xf6,

    /* U+0059 "Y" */
    0x8f, 0xff, 0xe3, 0x0, 0x0, 0x0, 0x0, 0x0,
    0x0, 0xb, 0xff, 0xfb, 0xd, 0xff, 0xfe, 0x10,
    0x0, 0x0, 0x0, 0x0, 0x0, 0x9f, 0xff, 0xf2,
    0x2, 0xff, 0xff, 0xb0, 0x0, 0x0, 0x0, 0x0,
    0x5, 0xff, 0xff, 0x50, 0x0, 0x6f, 0xff, 0xf7,
    0x0, 0x0, 0x0, 0x0, 0x2f, 0xff, 0xf8, 0x0,
    0x0, 0x9, 0xff, 0xff, 0x30, 0x0, 0x0, 0x0,
    0xcf, 0xff, 0xc0, 0x0, 0x0, 0x0, 0xdf, 0xff,
    0xe1, 0x0, 0x0, 0x9, 0xff, 0xfe, 0x10, 0x0,
    0x0, 0x0, 0x2f, 0xff, 0xfb, 0x0, 0x0, 0x5f,
    0xff, 0xf4, 0x0, 0x0, 0x0, 0x0, 0x5, 0xff,
    0xff, 0x70, 0x2, 0xff, 0xff, 0x70, 0x0, 0x0,
    0x0, 0x0, 0x0, 0x9f, 0xff, 0xf3, 0xd, 0xff,
    0xfb, 0x0, 0x0, 0x0, 0x0, 0x0, 0x0, 0xc,
    0xff, 0xfe, 0xaf, 0xff, 0xe1, 0x0, 0x0, 0x0,
    0x0, 0x0, 0x0, 0x2, 0xef, 0xff, 0xff, 0xff,
    0x30, 0x0, 0x0, 0x0, 0x0, 0x0, 0x0, 0x0,
    0x4f, 0xff, 0xff, 0xf6, 0x0, 0x0, 0x0, 0x0,
    0x0, 0x0, 0x0, 0x0, 0x8, 0xff, 0xff, 0xa0,
    0x0, 0x0, 0x0, 0x0, 0x0, 0x0, 0x0, 0x0,
    0x0, 0xff, 0xff, 0x20, 0x0, 0x0, 0x0, 0x0,
    0x0, 0x0, 0x0, 0x0, 0x0, 0xff, 0xff, 0x10,
    0x0, 0x0, 0x0, 0x0, 0x0, 0x0, 0x0, 0x0,
    0x0, 0xff, 0xff, 0x10, 0x0, 0x0, 0x0, 0x0,
    0x0, 0x0, 0x0, 0x0, 0x0, 0xff, 0xff, 0x10,
    0x0, 0x0, 0x0, 0x0, 0x0, 0x0, 0x0, 0x0,
    0x0, 0xff, 0xff, 0x10, 0x0, 0x0, 0x0, 0x0,
    0x0, 0x0, 0x0, 0x0, 0x0, 0xef, 0xff, 0x10,
    0x0, 0x0, 0x0, 0x0,

    /* U+005A "Z" */
    0x6f, 0xff, 0xff, 0xff, 0xff, 0xff, 0xff, 0xff,
    0xff, 0xfc, 0x28, 0xff, 0xff, 0xff, 0xff, 0xff,
    0xff, 0xff, 0xff, 0xff, 0xf9, 0x8f, 0xff, 0xff,
    0xff, 0xff, 0xff, 0xff, 0xff, 0xff, 0xff, 0xa5,
    0xdd, 0xdd, 0xdd, 0xdd, 0xdd, 0xdd, 0xdd, 0xef,
    0xff, 0xfa, 0x0, 0x0, 0x0, 0x0, 0x0, 0x0,
    0x0, 0x2, 0xff, 0xff, 0xa0, 0x0, 0x0, 0x0,
    0x0, 0x0, 0x0, 0x29, 0xff, 0xff, 0xf9, 0x0,
    0x0, 0x0, 0x0, 0x0, 0x1, 0x9f, 0xff, 0xff,
    0xfd, 0x20, 0x0, 0x0, 0x0, 0x0, 0x18, 0xff,
    0xff, 0xff, 0xe6, 0x0, 0x0, 0x0, 0x0, 0x1,
    0x8f, 0xff, 0xff, 0xfe, 0x60, 0x0, 0x0, 0x0,
    0x0, 0x7, 0xff, 0xff, 0xff, 0xe7, 0x0, 0x0,
    0x0, 0x0, 0x0, 0x7e, 0xff, 0xff, 0xfe, 0x70,
    0x0, 0x0, 0x0, 0x0, 0x6, 0xef, 0xff, 0xff,
    0xf7, 0x0, 0x0, 0x0, 0x0, 0x0, 0x3e, 0xff,
    0xff, 0xff, 0x81, 0x0, 0x0, 0x0, 0x0, 0x0,
    0xa, 0xff, 0xff, 0xf8, 0x10, 0x0, 0x0, 0x0,
    0x0, 0x0, 0x0, 0xbf, 0xff, 0xe1, 0x0, 0x0,
    0x0, 0x0, 0x0, 0x0, 0x0, 0xb, 0xff, 0xff,
    0xdd, 0xdd, 0xdd, 0xdd, 0xdd, 0xdd, 0xdd, 0xd5,
    0xbf, 0xff, 0xff, 0xff, 0xff, 0xff, 0xff, 0xff,
    0xff, 0xff, 0x89, 0xff, 0xff, 0xff, 0xff, 0xff,
    0xff, 0xff, 0xff, 0xff, 0xf8, 0x2d, 0xff, 0xff,
    0xff, 0xff, 0xff, 0xff, 0xff, 0xff, 0xff, 0x60,

    /* U+005B "[" */
    0x3, 0x89, 0x99, 0x99, 0x1, 0xff, 0xff, 0xff,
    0xf1, 0x3f, 0xff, 0xff, 0xff, 0x14, 0xff, 0x60,
    0x0, 0x0, 0x4f, 0xf4, 0x0, 0x0, 0x4, 0xff,
    0x40, 0x0, 0x0, 0x4f, 0xf4, 0x0, 0x0, 0x4,
    0xff, 0x40, 0x0, 0x0, 0x4f, 0xf4, 0x0, 0x0,
    0x4, 0xff, 0x40, 0x0, 0x0, 0x4f, 0xf4, 0x0,
    0x0, 0x4, 0xff, 0x40, 0x0, 0x0, 0x4f, 0xf4,
    0x0, 0x0, 0x4, 0xff, 0x40, 0x0, 0x0, 0x4f,
    0xf4, 0x0, 0x0, 0x4, 0xff, 0x40, 0x0, 0x0,
    0x4f, 0xf4, 0x0, 0x0, 0x4, 0xff, 0x40, 0x0,
    0x0, 0x4f, 0xf4, 0x0, 0x0, 0x4, 0xff, 0x40,
    0x0, 0x0, 0x4f, 0xf4, 0x0, 0x0, 0x4, 0xff,
    0x40, 0x0, 0x0, 0x4f, 0xf4, 0x0, 0x0, 0x4,
    0xff, 0x40, 0x0, 0x0, 0x4f, 0xf4, 0x0, 0x0,
    0x4, 0xff, 0x40, 0x0, 0x0, 0x4f, 0xf4, 0x0,
    0x0, 0x4, 0xff, 0x50, 0x0, 0x0, 0x4f, 0xfd,
    0x99, 0x99, 0x2, 0xff, 0xff, 0xff, 0xf1, 0x8,
    0xff, 0xff, 0xff, 0x10,

    /* U+005C "\\" */
    0x67, 0x50, 0x0, 0x0, 0x0, 0x0, 0xaf, 0xf0,
    0x0, 0x0, 0x0, 0x0, 0x5f, 0xf5, 0x0, 0x0,
    0x0, 0x0, 0x1f, 0xfa, 0x0, 0x0, 0x0, 0x0,
    0xb, 0xff, 0x0, 0x0, 0x0, 0x0, 0x6, 0xff,
    0x40, 0x0, 0x0, 0x0, 0x1, 0xff, 0x90, 0x0,
    0x0, 0x0, 0x0, 0xcf, 0xe0, 0x0, 0x0, 0x0,
    0x0, 0x7f, 0xf4, 0x0, 0x0, 0x0, 0x0, 0x2f,
    0xf9, 0x0, 0x0, 0x0, 0x0, 0xd, 0xfe, 0x0,
    0x0, 0x0, 0x0, 0x8, 0xff, 0x30, 0x0, 0x0,
    0x0, 0x3, 0xff, 0x80, 0x0, 0x0, 0x0, 0x0,
    0xdf, 0xd0, 0x0, 0x0, 0x0, 0x0, 0x8f, 0xf2,
    0x0, 0x0, 0x0, 0x0, 0x3f, 0xf7, 0x0, 0x0,
    0x0, 0x0, 0xe, 0xfc, 0x0, 0x0, 0x0, 0x0,
    0x9, 0xff, 0x10, 0x0, 0x0, 0x0, 0x4, 0xff,
    0x70, 0x0, 0x0, 0x0, 0x0, 0xff, 0xc0, 0x0,
    0x0, 0x0, 0x0, 0xaf, 0xf1, 0x0, 0x0, 0x0,
    0x0, 0x5f, 0xf6, 0x0, 0x0, 0x0, 0x0, 0xf,
    0xfb, 0x0, 0x0, 0x0, 0x0, 0xb, 0xff, 0x0,
    0x0, 0x0, 0x0, 0x6, 0xff, 0x50, 0x0, 0x0,
    0x0, 0x1, 0xff, 0xa0, 0x0, 0x0, 0x0, 0x0,
    0xbf, 0xe0,

    /* U+005D "]" */
    0x79, 0x99, 0x99, 0x50, 0xef, 0xff, 0xff, 0xf3,
    0xdf, 0xff, 0xff, 0xf7, 0x0, 0x0, 0x3f, 0xf7,
    0x0, 0x0, 0x1f, 0xf7, 0x0, 0x0, 0x1f, 0xf7,
    0x0, 0x0, 0x1f, 0xf7, 0x0, 0x0, 0x1f, 0xf7,
    0x0, 0x0, 0x1f, 0xf7, 0x0, 0x0, 0x1f, 0xf7,
    0x0, 0x0, 0x1f, 0xf7, 0x0, 0x0, 0x1f, 0xf7,
    0x0, 0x0, 0x1f, 0xf7, 0x0, 0x0, 0x1f, 0xf7,
    0x0, 0x0, 0x1f, 0xf7, 0x0, 0x0, 0x1f, 0xf7,
    0x0, 0x0, 0x1f, 0xf7, 0x0, 0x0, 0x1f, 0xf7,
    0x0, 0x0, 0x1f, 0xf7, 0x0, 0x0, 0x1f, 0xf7,
    0x0, 0x0, 0x1f, 0xf7, 0x0, 0x0, 0x1f, 0xf7,
    0x0, 0x0, 0x1f, 0xf7, 0x0, 0x0, 0x1f, 0xf7,
    0x0, 0x0, 0x1f, 0xf7, 0x0, 0x0, 0x1f, 0xf7,
    0x0, 0x0, 0x1f, 0xf7, 0x0, 0x0, 0x1f, 0xf7,
    0x79, 0x99, 0xbf, 0xf7, 0xef, 0xff, 0xff, 0xf5,
    0xdf, 0xff, 0xff, 0xb0,

    /* U+005E "^" */
    0x0, 0x0, 0x0, 0x0, 0x0, 0x0, 0x0, 0x0,
    0x0, 0x0, 0x9f, 0xfe, 0x30, 0x0, 0x0, 0x0,
    0x0, 0x3f, 0xff, 0xfb, 0x0, 0x0, 0x0, 0x0,
    0x9, 0xff, 0xff, 0xf1, 0x0, 0x0, 0x0, 0x0,
    0xef, 0xc4, 0xff, 0x70, 0x0, 0x0, 0x0, 0x4f,
    0xf6, 0xe, 0xfd, 0x0, 0x0, 0x0, 0xa, 0xff,
    0x10, 0x8f, 0xf2, 0x0, 0x0, 0x0, 0xff, 0xb0,
    0x2, 0xff, 0x80, 0x0, 0x0, 0x6f, 0xf5, 0x0,
    0xd, 0xfe, 0x0, 0x0, 0xb, 0xff, 0x0, 0x0,
    0x7f, 0xf4, 0x0, 0x1, 0xff, 0xa0, 0x0, 0x1,
    0xff, 0xa0, 0x0, 0x7f, 0xf4, 0x0, 0x0, 0xb,
    0xff, 0x0, 0xd, 0xfe, 0x0, 0x0, 0x0, 0x6f,
    0xf5, 0x3, 0xff, 0x90, 0x0, 0x0, 0x0, 0xff,
    0xb0, 0x8f, 0xf3, 0x0, 0x0, 0x0, 0xa, 0xff,
    0x14, 0x76, 0x0, 0x0, 0x0, 0x0, 0x17, 0x70,

    /* U+005F "_" */
    0x69, 0x99, 0x99, 0x99, 0x99, 0x99, 0x99, 0x99,
    0x90, 0xdf, 0xff, 0xff, 0xff, 0xff, 0xff, 0xff,
    0xff, 0xf3, 0xbf, 0xff, 0xff, 0xff, 0xff, 0xff,
    0xff, 0xff, 0xf1,

    /* U+0060 "`" */
    0x57, 0x74, 0x0, 0x8, 0xff, 0xf1, 0x0, 0x1e,
    0xff, 0x80, 0x0, 0x7f, 0xff, 0x10, 0x0, 0xef,
    0xf8, 0x0, 0x6, 0xff, 0xe0, 0x0, 0xc, 0xff,
    0x50,

    /* U+0061 "a" */
    0x5f, 0xff, 0xff, 0xff, 0xff, 0xff, 0xff, 0xeb,
    0x50, 0x0, 0x6f, 0xff, 0xff, 0xff, 0xff, 0xff,
    0xff, 0xff, 0xfc, 0x0, 0x6f, 0xff, 0xff, 0xff,
    0xff, 0xff, 0xff, 0xff, 0xff, 0x70, 0x6, 0x66,
    0x66, 0x66, 0x66, 0x66, 0x68, 0xdf, 0xff, 0xd0,
    0x0, 0x0, 0x0, 0x0, 0x0, 0x0, 0x0, 0xe,
    0xff, 0xf0, 0x0, 0x0, 0x0, 0x0, 0x0, 0x0,
    0x0, 0xc, 0xff, 0xf1, 0x4, 0xce, 0xff, 0xff,
    0xff, 0xff, 0xff, 0xff, 0xff, 0xf1, 0x4f, 0xff,
    0xff, 0xff, 0xff, 0xff, 0xff, 0xff, 0xff, 0xf1,
    0xbf, 0xff, 0xfd, 0xcc, 0xcc, 0xcc, 0xcc, 0xcf,
    0xff, 0xf1, 0xdf, 0xff, 0x10, 0x0, 0x0, 0x0,
    0x0, 0xb, 0xff, 0xf1, 0xef, 0xfe, 0x0, 0x0,
    0x0, 0x0, 0x0, 0xb, 0xff, 0xf1, 0xdf, 0xff,
    0x74, 0x33, 0x33, 0x33, 0x33, 0x4e, 0xff, 0xf1,
    0xbf, 0xff, 0xff, 0xff, 0xff, 0xff, 0xff, 0xff,
    0xff, 0xf1, 0x5f, 0xff, 0xff, 0xff, 0xff, 0xff,
    0xff, 0xff, 0xff, 0xf0, 0x5, 0xce, 0xff, 0xff,
    0xff, 0xff, 0xff, 0xff, 0xff, 0x90,

    /* U+0062 "b" */
    0x4f, 0xff, 0x60, 0x0, 0x0, 0x0, 0x0, 0x0,
    0x0, 0x0, 0x0, 0x5f, 0xff, 0x70, 0x0, 0x0,
    0x0, 0x0, 0x0, 0x0, 0x0, 0x0, 0x5f, 0xff,
    0x70, 0x0, 0x0, 0x0, 0x0, 0x0, 0x0, 0x0,
    0x0, 0x5f, 0xff, 0x70, 0x0, 0x0, 0x0, 0x0,
    0x0, 0x0, 0x0, 0x0, 0x5f, 0xff, 0x70, 0x0,
    0x0, 0x0, 0x0, 0x0, 0x0, 0x0, 0x0, 0x5f,
    0xff, 0xff, 0xff, 0xff, 0xff, 0xff, 0xff, 0xeb,
    0x40, 0x0, 0x5f, 0xff, 0xff, 0xff, 0xff, 0xff,
    0xff, 0xff, 0xff, 0xfb, 0x0, 0x5f, 0xff, 0xff,
    0xff, 0xff, 0xff, 0xff, 0xff, 0xff, 0xff, 0x60,
    0x5f, 0xff, 0xa6, 0x66, 0x66, 0x66, 0x66, 0x68,
    0xef, 0xff, 0xc0, 0x5f, 0xff, 0x70, 0x0, 0x0,
    0x0, 0x0, 0x0, 0x2f, 0xff, 0xe0, 0x5f, 0xff,
    0x70, 0x0, 0x0, 0x0, 0x0, 0x0, 0xd, 0xff,
    0xf0, 0x5f, 0xff, 0x70, 0x0, 0x0, 0x0, 0x0,
    0x0, 0xc, 0xff, 0xf0, 0x5f, 0xff, 0x70, 0x0,
    0x0, 0x0, 0x0, 0x0, 0xc, 0xff, 0xf0, 0x5f,
    0xff, 0x70, 0x0, 0x0, 0x0, 0x0, 0x0, 0xc,
    0xff, 0xf0, 0x5f, 0xff, 0x80, 0x0, 0x0, 0x0,
    0x0, 0x0, 0xd, 0xff, 0xf0, 0x3f, 0xff, 0xc0,
    0x0, 0x0, 0x0, 0x0, 0x0, 0x2f, 0xff, 0xe0,
    0x1f, 0xff, 0xfc, 0x76, 0x66, 0x66, 0x66, 0x68,
    0xef, 0xff, 0xc0, 0xc, 0xff, 0xff, 0xff, 0xff,
    0xff, 0xff, 0xff, 0xff, 0xff, 0x60, 0x2, 0xef,
    0xff, 0xff, 0xff, 0xff, 0xff, 0xff, 0xff, 0xfb,
    0x0, 0x0, 0x7, 0xce, 0xff, 0xff, 0xff, 0xff,
    0xff, 0xeb, 0x40, 0x0,

    /* U+0063 "c" */
    0x0, 0x3a, 0xdf, 0xff, 0xff, 0xff, 0xff, 0xff,
    0xfb, 0xa, 0xff, 0xff, 0xff, 0xff, 0xff, 0xff,
    0xff, 0xfc, 0x5f, 0xff, 0xff, 0xff, 0xff, 0xff,
    0xff, 0xff, 0xfc, 0xbf, 0xff, 0xe8, 0x66, 0x66,
    0x66, 0x66, 0x66, 0x63, 0xdf, 0xff, 0x30, 0x0,
    0x0, 0x0, 0x0, 0x0, 0x0, 0xef, 0xff, 0x0,
    0x0, 0x0, 0x0, 0x0, 0x0, 0x0, 0xff, 0xfe,
    0x0, 0x0, 0x0, 0x0, 0x0, 0x0, 0x0, 0xff,
    0xfe, 0x0, 0x0, 0x0, 0x0, 0x0, 0x0, 0x0,
    0xff, 0xfe, 0x0, 0x0, 0x0, 0x0, 0x0, 0x0,
    0x0, 0xef, 0xff, 0x0, 0x0, 0x0, 0x0, 0x0,
    0x0, 0x0, 0xdf, 0xff, 0x30, 0x0, 0x0, 0x0,
    0x0, 0x0, 0x0, 0xbf, 0xff, 0xe8, 0x66, 0x66,
    0x66, 0x66, 0x66, 0x63, 0x5f, 0xff, 0xff, 0xff,
    0xff, 0xff, 0xff, 0xff, 0xfc, 0xa, 0xff, 0xff,
    0xff, 0xff, 0xff, 0xff, 0xff, 0xfc, 0x0, 0x4a,
    0xef, 0xff, 0xff, 0xff, 0xff, 0xff, 0xfb,

    /* U+0064 "d" */
    0x0, 0x0, 0x0, 0x0, 0x0, 0x0, 0x0, 0x0,
    0xe, 0xff, 0xc0, 0x0, 0x0, 0x0, 0x0, 0x0,
    0x0, 0x0, 0x0, 0xff, 0xfd, 0x0, 0x0, 0x0,
    0x0, 0x0, 0x0, 0x0, 0x0, 0xf, 0xff, 0xd0,
    0x0, 0x0, 0x0, 0x0, 0x0, 0x0, 0x0, 0x0,
    0xff, 0xfd, 0x0, 0x0, 0x0, 0x0, 0x0, 0x0,
    0x0, 0x0, 0xf, 0xff, 0xd0, 0x1, 0x8c, 0xef,
    0xff, 0xff, 0xff, 0xff, 0xff, 0xff, 0xfd, 0x4,
    0xff, 0xff, 0xff, 0xff, 0xff, 0xff, 0xff, 0xff,
    0xff, 0xd0, 0xdf, 0xff, 0xff, 0xff, 0xff, 0xff,
    0xff, 0xff, 0xff, 0xfd, 0x4f, 0xff, 0xfa, 0x76,
    0x66, 0x66, 0x66, 0x66, 0x6f, 0xff, 0xd6, 0xff,
    0xfa, 0x0, 0x0, 0x0, 0x0, 0x0, 0x0, 0xff,
    0xfd, 0x7f, 0xff, 0x60, 0x0, 0x0, 0x0, 0x0,
    0x0, 0xf, 0xff, 0xd8, 0xff, 0xf5, 0x0, 0x0,
    0x0, 0x0, 0x0, 0x0, 0xff, 0xfd, 0x8f, 0xff,
    0x40, 0x0, 0x0, 0x0, 0x0, 0x0, 0xf, 0xff,
    0xd8, 0xff, 0xf5, 0x0, 0x0, 0x0, 0x0, 0x0,
    0x0, 0xff, 0xfd, 0x7f, 0xff, 0x60, 0x0, 0x0,
    0x0, 0x0, 0x0, 0xf, 0xff, 0xd6, 0xff, 0xfa,
    0x0, 0x0, 0x0, 0x0, 0x0, 0x4, 0xff, 0xfc,
    0x4f, 0xff, 0xfa, 0x76, 0x66, 0x66, 0x66, 0x68,
    0xff, 0xff, 0x90, 0xdf, 0xff, 0xff, 0xff, 0xff,
    0xff, 0xff, 0xff, 0xff, 0xf4, 0x4, 0xff, 0xff,
    0xff, 0xff, 0xff, 0xff, 0xff, 0xff, 0xf9, 0x0,
    0x1, 0x8d, 0xff, 0xff, 0xff, 0xff, 0xff, 0xfd,
    0xa3, 0x0,

    /* U+0065 "e" */
    0x0, 0x3a, 0xdf, 0xff, 0xff, 0xff, 0xff, 0xfe,
    0xc5, 0x0, 0x9, 0xff, 0xff, 0xff, 0xff, 0xff,
    0xff, 0xff, 0xff, 0x60, 0x4f, 0xff, 0xff, 0xff,
    0xff, 0xff, 0xff, 0xff, 0xff, 0xe0, 0xaf, 0xff,
    0xc6, 0x43, 0x33, 0x33, 0x34, 0x5f, 0xff, 0xf0,
    0xcf, 0xff, 0x10, 0x0, 0x0, 0x0, 0x0, 0xb,
    0xff, 0xf1, 0xdf, 0xff, 0x0, 0x0, 0x0, 0x0,
    0x0, 0xb, 0xff, 0xf1, 0xef, 0xff, 0xff, 0xff,
    0xff, 0xff, 0xff, 0xff, 0xff, 0xf1, 0xef, 0xff,
    0xff, 0xff, 0xff, 0xff, 0xff, 0xff, 0xff, 0xf0,
    0xef, 0xff, 0xcc, 0xcc, 0xcc, 0xcc, 0xcc, 0xcc,
    0xcc, 0x70, 0xdf, 0xff, 0x0, 0x0, 0x0, 0x0,
    0x0, 0x0, 0x0, 0x0, 0xcf, 0xff, 0x20, 0x0,
    0x0, 0x0, 0x0, 0x0, 0x0, 0x0, 0xaf, 0xff,
    0xe8, 0x66, 0x66, 0x66, 0x66, 0x66, 0x66, 0x20,
    0x4f, 0xff, 0xff, 0xff, 0xff, 0xff, 0xff, 0xff,
    0xff, 0xa0, 0x9, 0xff, 0xff, 0xff, 0xff, 0xff,
    0xff, 0xff, 0xff, 0xa0, 0x0, 0x3a, 0xdf, 0xff,
    0xff, 0xff, 0xff, 0xff, 0xff, 0x80,

    /* U+0066 "f" */
    0x0, 0x0, 0x3, 0xbe, 0xff, 0xff, 0xa0, 0x0,
    0x6, 0xff, 0xff, 0xff, 0xfc, 0x0, 0x0, 0xef,
    0xff, 0xff, 0xff, 0xc0, 0x0, 0x4f, 0xff, 0xf8,
    0x65, 0x52, 0x0, 0x5, 0xff, 0xf8, 0x0, 0x0,
    0x0, 0x0, 0x7f, 0xff, 0x60, 0x0, 0x0, 0x6f,
    0xff, 0xff, 0xff, 0xff, 0xff, 0x78, 0xff, 0xff,
    0xff, 0xff, 0xff, 0xf9, 0x8f, 0xff, 0xff, 0xff,
    0xff, 0xff, 0x91, 0x55, 0xaf, 0xff, 0x95, 0x55,
    0x51, 0x0, 0x7, 0xff, 0xf6, 0x0, 0x0, 0x0,
    0x0, 0x7f, 0xff, 0x60, 0x0, 0x0, 0x0, 0x7,
    0xff, 0xf6, 0x0, 0x0, 0x0, 0x0, 0x7f, 0xff,
    0x60, 0x0, 0x0, 0x0, 0x7, 0xff, 0xf6, 0x0,
    0x0, 0x0, 0x0, 0x7f, 0xff, 0x60, 0x0, 0x0,
    0x0, 0x7, 0xff, 0xf6, 0x0, 0x0, 0x0, 0x0,
    0x7f, 0xff, 0x60, 0x0, 0x0, 0x0, 0x7, 0xff,
    0xf6, 0x0, 0x0, 0x0, 0x0, 0x7f, 0xff, 0x60,
    0x0, 0x0, 0x0, 0x6, 0xff, 0xf4, 0x0, 0x0,
    0x0,

    /* U+0067 "g" */
    0x0, 0x18, 0xce, 0xff, 0xff, 0xff, 0xff, 0xff,
    0xda, 0x30, 0x0, 0x3f, 0xff, 0xff, 0xff, 0xff,
    0xff, 0xff, 0xff, 0xff, 0x80, 0xd, 0xff, 0xff,
    0xff, 0xff, 0xff, 0xff, 0xff, 0xff, 0xff, 0x34,
    0xff, 0xff, 0x96, 0x55, 0x55, 0x55, 0x56, 0x8e,
    0xff, 0xf9, 0x6f, 0xff, 0x80, 0x0, 0x0, 0x0,
    0x0, 0x0, 0x3f, 0xff, 0xb7, 0xff, 0xf5, 0x0,
    0x0, 0x0, 0x0, 0x0, 0x0, 0xff, 0xfd, 0x8f,
    0xff, 0x40, 0x0, 0x0, 0x0, 0x0, 0x0, 0xf,
    0xff, 0xd8, 0xff, 0xf4, 0x0, 0x0, 0x0, 0x0,
    0x0, 0x0, 0xff, 0xfd, 0x7f, 0xff, 0x50, 0x0,
    0x0, 0x0, 0x0, 0x0, 0xf, 0xff, 0xd6, 0xff,
    0xf7, 0x0, 0x0, 0x0, 0x0, 0x0, 0x0, 0xff,
    0xfd, 0x3f, 0xff, 0xe4, 0x10, 0x0, 0x0, 0x0,
    0x0, 0xf, 0xff, 0xd0, 0xef, 0xff, 0xff, 0xff,
    0xff, 0xff, 0xff, 0xff, 0xff, 0xfd, 0x4, 0xff,
    0xff, 0xff, 0xff, 0xff, 0xff, 0xff, 0xff, 0xff,
    0xd0, 0x3, 0xbf, 0xff, 0xff, 0xff, 0xff, 0xff,
    0xff, 0xff, 0xfd, 0x0, 0x0, 0x13, 0x44, 0x44,
    0x44, 0x44, 0x44, 0x4f, 0xff, 0xd0, 0x0, 0x0,
    0x0, 0x0, 0x0, 0x0, 0x0, 0x0, 0xff, 0xfd,
    0x0, 0x0, 0x0, 0x0, 0x0, 0x0, 0x0, 0x0,
    0x4f, 0xff, 0xb0, 0x25, 0x55, 0x55, 0x55, 0x55,
    0x55, 0x56, 0x8e, 0xff, 0xf9, 0xc, 0xff, 0xff,
    0xff, 0xff, 0xff, 0xff, 0xff, 0xff, 0xff, 0x40,
    0xcf, 0xff, 0xff, 0xff, 0xff, 0xff, 0xff, 0xff,
    0xff, 0x90, 0xa, 0xff, 0xff, 0xff, 0xff, 0xff,
    0xff, 0xff, 0xda, 0x30, 0x0,

    /* U+0068 "h" */
    0x3f, 0xff, 0x70, 0x0, 0x0, 0x0, 0x0, 0x0,
    0x0, 0x0, 0x0, 0x4f, 0xff, 0x80, 0x0, 0x0,
    0x0, 0x0, 0x0, 0x0, 0x0, 0x0, 0x4f, 0xff,
    0x80, 0x0, 0x0, 0x0, 0x0, 0x0, 0x0, 0x0,
    0x0, 0x4f, 0xff, 0x80, 0x0, 0x0, 0x0, 0x0,
    0x0, 0x0, 0x0, 0x0, 0x4f, 0xff, 0x80, 0x0,
    0x0, 0x0, 0x0, 0x0, 0x0, 0x0, 0x0, 0x4f,
    0xff, 0xff, 0xff, 0xff, 0xff, 0xff, 0xff, 0xeb,
    0x40, 0x0, 0x4f, 0xff, 0xff, 0xff, 0xff, 0xff,
    0xff, 0xff, 0xff, 0xfc, 0x0, 0x4f, 0xff, 0xff,
    0xff, 0xff, 0xff, 0xff, 0xff, 0xff, 0xff, 0x70,
    0x4f, 0xff, 0xc7, 0x77, 0x77, 0x77, 0x77, 0x79,
    0xef, 0xff, 0xd0, 0x4f, 0xff, 0x80, 0x0, 0x0,
    0x0, 0x0, 0x0, 0x1f, 0xff, 0xf0, 0x4f, 0xff,
    0x80, 0x0, 0x0, 0x0, 0x0, 0x0, 0xd, 0xff,
    0xf1, 0x4f, 0xff, 0x80, 0x0, 0x0, 0x0, 0x0,
    0x0, 0xc, 0xff, 0xf1, 0x4f, 0xff, 0x80, 0x0,
    0x0, 0x0, 0x0, 0x0, 0xb, 0xff, 0xf1, 0x4f,
    0xff, 0x80, 0x0, 0x0, 0x0, 0x0, 0x0, 0xb,
    0xff, 0xf1, 0x4f, 0xff, 0x80, 0x0, 0x0, 0x0,
    0x0, 0x0, 0xb, 0xff, 0xf1, 0x4f, 0xff, 0x80,
    0x0, 0x0, 0x0, 0x0, 0x0, 0xb, 0xff, 0xf1,
    0x4f, 0xff, 0x80, 0x0, 0x0, 0x0, 0x0, 0x0,
    0xb, 0xff, 0xf1, 0x4f, 0xff, 0x80, 0x0, 0x0,
    0x0, 0x0, 0x0, 0xb, 0xff, 0xf1, 0x4f, 0xff,
    0x80, 0x0, 0x0, 0x0, 0x0, 0x0, 0xb, 0xff,
    0xf1, 0x3f, 0xff, 0x70, 0x0, 0x0, 0x0, 0x0,
    0x0, 0xa, 0xff, 0xf0,

    /* U+0069 "i" */
    0x3f, 0xff, 0x74, 0xff, 0xf8, 0x4f, 0xff, 0x82,
    0xcd, 0xd5, 0x0, 0x0, 0x3, 0xff, 0xf7, 0x4f,
    0xff, 0x84, 0xff, 0xf8, 0x4f, 0xff, 0x84, 0xff,
    0xf8, 0x4f, 0xff, 0x84, 0xff, 0xf8, 0x4f, 0xff,
    0x84, 0xff, 0xf8, 0x4f, 0xff, 0x84, 0xff, 0xf8,
    0x4f, 0xff, 0x84, 0xff, 0xf8, 0x4f, 0xff, 0x83,
    0xff, 0xf7,

    /* U+006A "j" */
    0x0, 0x0, 0xc, 0xff, 0xd0, 0x0, 0x0, 0xef,
    0xfe, 0x0, 0x0, 0xe, 0xff, 0xe0, 0x0, 0x0,
    0xad, 0xda, 0x0, 0x0, 0x0, 0x0, 0x0, 0x0,
    0x0, 0xdf, 0xfd, 0x0, 0x0, 0xe, 0xff, 0xe0,
    0x0, 0x0, 0xef, 0xfe, 0x0, 0x0, 0xe, 0xff,
    0xe0, 0x0, 0x0, 0xef, 0xfe, 0x0, 0x0, 0xe,
    0xff, 0xe0, 0x0, 0x0, 0xef, 0xfe, 0x0, 0x0,
    0xe, 0xff, 0xe0, 0x0, 0x0, 0xef, 0xfe, 0x0,
    0x0, 0xe, 0xff, 0xe0, 0x0, 0x0, 0xef, 0xfe,
    0x0, 0x0, 0xe, 0xff, 0xe0, 0x0, 0x0, 0xef,
    0xfe, 0x0, 0x0, 0xe, 0xff, 0xe0, 0x0, 0x0,
    0xef, 0xfe, 0x0, 0x0, 0xf, 0xff, 0xe0, 0x0,
    0x3, 0xff, 0xfd, 0x35, 0x67, 0xef, 0xff, 0xbd,
    0xff, 0xff, 0xff, 0xf5, 0xdf, 0xff, 0xff, 0xfb,
    0xb, 0xff, 0xfe, 0xb4, 0x0,

    /* U+006B "k" */
    0x3f, 0xff, 0x70, 0x0, 0x0, 0x0, 0x0, 0x0,
    0x0, 0x0, 0x4, 0xff, 0xf8, 0x0, 0x0, 0x0,
    0x0, 0x0, 0x0, 0x0, 0x0, 0x4f, 0xff, 0x80,
    0x0, 0x0, 0x0, 0x0, 0x0, 0x0, 0x0, 0x4,
    0xff, 0xf8, 0x0, 0x0, 0x0, 0x0, 0x0, 0x0,
    0x0, 0x0, 0x4f, 0xff, 0x80, 0x0, 0x0, 0x0,
    0x0, 0x0, 0x0, 0x0, 0x4, 0xff, 0xf8, 0x0,
    0x0, 0x0, 0x0, 0x0, 0xcf, 0xff, 0x50, 0x4f,
    0xff, 0x80, 0x0, 0x0, 0x0, 0x0, 0x8f, 0xff,
    0xc0, 0x4, 0xff, 0xf8, 0x0, 0x0, 0x0, 0x0,
    0x3f, 0xff, 0xf2, 0x0, 0x4f, 0xff, 0x80, 0x0,
    0x0, 0x0, 0xd, 0xff, 0xf5, 0x0, 0x4, 0xff,
    0xf8, 0x0, 0x0, 0x0, 0x9, 0xff, 0xfa, 0x0,
    0x0, 0x4f, 0xff, 0x91, 0x11, 0x11, 0x28, 0xff,
    0xfd, 0x0, 0x0, 0x4, 0xff, 0xff, 0xff, 0xff,
    0xff, 0xff, 0xfe, 0x20, 0x0, 0x0, 0x4f, 0xff,
    0xff, 0xff, 0xff, 0xff, 0xff, 0x70, 0x0, 0x0,
    0x4, 0xff, 0xff, 0xff, 0xff, 0xff, 0xff, 0xff,
    0x60, 0x0, 0x0, 0x4f, 0xff, 0x80, 0x0, 0x0,
    0x6, 0xff, 0xff, 0x50, 0x0, 0x4, 0xff, 0xf8,
    0x0, 0x0, 0x0, 0x6, 0xff, 0xff, 0x20, 0x0,
    0x4f, 0xff, 0x80, 0x0, 0x0, 0x0, 0xa, 0xff,
    0xfd, 0x0, 0x4, 0xff, 0xf8, 0x0, 0x0, 0x0,
    0x0, 0xd, 0xff, 0xf9, 0x0, 0x4f, 0xff, 0x80,
    0x0, 0x0, 0x0, 0x0, 0x3f, 0xff, 0xf5, 0x3,
    0xff, 0xf7, 0x0, 0x0, 0x0, 0x0, 0x0, 0x7f,
    0xff, 0xe0,

    /* U+006C "l" */
    0x3f, 0xff, 0x74, 0xff, 0xf8, 0x4f, 0xff, 0x84,
    0xff, 0xf8, 0x4f, 0xff, 0x84, 0xff, 0xf8, 0x4f,
    0xff, 0x84, 0xff, 0xf8, 0x4f, 0xff, 0x84, 0xff,
    0xf8, 0x4f, 0xff, 0x84, 0xff, 0xf8, 0x4f, 0xff,
    0x84, 0xff, 0xf8, 0x4f, 0xff, 0x84, 0xff, 0xf8,
    0x4f, 0xff, 0x84, 0xff, 0xf8, 0x4f, 0xff, 0x83,
    0xff, 0xf7,

    /* U+006D "m" */
    0x0, 0x6, 0xce, 0xff, 0xff, 0xff, 0xff, 0xff,
    0xff, 0xff, 0xff, 0xec, 0x60, 0x0, 0x2, 0xef,
    0xff, 0xff, 0xff, 0xff, 0xff, 0xff, 0xff, 0xff,
    0xff, 0xff, 0xfd, 0x10, 0xb, 0xff, 0xff, 0xff,
    0xff, 0xff, 0xff, 0xff, 0xff, 0xff, 0xff, 0xff,
    0xff, 0x90, 0x1f, 0xff, 0xfd, 0x87, 0x77, 0x77,
    0xff, 0xfe, 0x77, 0x77, 0x78, 0xdf, 0xff, 0xf0,
    0x3f, 0xff, 0xd0, 0x0, 0x0, 0x0, 0xff, 0xfd,
    0x0, 0x0, 0x0, 0xe, 0xff, 0xf1, 0x5f, 0xff,
    0x90, 0x0, 0x0, 0x0, 0xff, 0xfd, 0x0, 0x0,
    0x0, 0xa, 0xff, 0xf3, 0x5f, 0xff, 0x70, 0x0,
    0x0, 0x0, 0xff, 0xfd, 0x0, 0x0, 0x0, 0x9,
    0xff, 0xf3, 0x5f, 0xff, 0x70, 0x0, 0x0, 0x0,
    0xff, 0xfd, 0x0, 0x0, 0x0, 0x9, 0xff, 0xf3,
    0x5f, 0xff, 0x70, 0x0, 0x0, 0x0, 0xff, 0xfd,
    0x0, 0x0, 0x0, 0x9, 0xff, 0xf3, 0x5f, 0xff,
    0x70, 0x0, 0x0, 0x0, 0xff, 0xfd, 0x0, 0x0,
    0x0, 0x9, 0xff, 0xf3, 0x5f, 0xff, 0x70, 0x0,
    0x0, 0x0, 0xff, 0xfd, 0x0, 0x0, 0x0, 0x9,
    0xff, 0xf3, 0x5f, 0xff, 0x70, 0x0, 0x0, 0x0,
    0xff, 0xfd, 0x0, 0x0, 0x0, 0x9, 0xff, 0xf3,
    0x5f, 0xff, 0x70, 0x0, 0x0, 0x0, 0xff, 0xfd,
    0x0, 0x0, 0x0, 0x9, 0xff, 0xf3, 0x5f, 0xff,
    0x70, 0x0, 0x0, 0x0, 0xff, 0xfd, 0x0, 0x0,
    0x0, 0x9, 0xff, 0xf3, 0x4f, 0xff, 0x60, 0x0,
    0x0, 0x0, 0xef, 0xfc, 0x0, 0x0, 0x0, 0x8,
    0xff, 0xf2,

    /* U+006E "n" */
    0x0, 0x6, 0xce, 0xff, 0xff, 0xff, 0xff, 0xff,
    0xeb, 0x50, 0x0, 0x2, 0xef, 0xff, 0xff, 0xff,
    0xff, 0xff, 0xff, 0xff, 0xfd, 0x0, 0xb, 0xff,
    0xff, 0xff, 0xff, 0xff, 0xff, 0xff, 0xff, 0xff,
    0x90, 0x1f, 0xff, 0xfd, 0x87, 0x77, 0x77, 0x77,
    0x78, 0xdf, 0xff, 0xf0, 0x3f, 0xff, 0xd0, 0x0,
    0x0, 0x0, 0x0, 0x0, 0xe, 0xff, 0xf1, 0x5f,
    0xff, 0x90, 0x0, 0x0, 0x0, 0x0, 0x0, 0xb,
    0xff, 0xf3, 0x5f, 0xff, 0x70, 0x0, 0x0, 0x0,
    0x0, 0x0, 0x9, 0xff, 0xf3, 0x5f, 0xff, 0x70,
    0x0, 0x0, 0x0, 0x0, 0x0, 0x9, 0xff, 0xf3,
    0x5f, 0xff, 0x70, 0x0, 0x0, 0x0, 0x0, 0x0,
    0x9, 0xff, 0xf3, 0x5f, 0xff, 0x70, 0x0, 0x0,
    0x0, 0x0, 0x0, 0x9, 0xff, 0xf3, 0x5f, 0xff,
    0x70, 0x0, 0x0, 0x0, 0x0, 0x0, 0x9, 0xff,
    0xf3, 0x5f, 0xff, 0x70, 0x0, 0x0, 0x0, 0x0,
    0x0, 0x9, 0xff, 0xf3, 0x5f, 0xff, 0x70, 0x0,
    0x0, 0x0, 0x0, 0x0, 0x9, 0xff, 0xf3, 0x5f,
    0xff, 0x70, 0x0, 0x0, 0x0, 0x0, 0x0, 0x9,
    0xff, 0xf3, 0x4f, 0xff, 0x60, 0x0, 0x0, 0x0,
    0x0, 0x0, 0x8, 0xff, 0xf2,

    /* U+006F "o" */
    0x0, 0x18, 0xce, 0xff, 0xff, 0xff, 0xff, 0xff,
    0xda, 0x30, 0x0, 0x4f, 0xff, 0xff, 0xff, 0xff,
    0xff, 0xff, 0xff, 0xff, 0xa0, 0xd, 0xff, 0xff,
    0xff, 0xff, 0xff, 0xff, 0xff, 0xff, 0xff, 0x54,
    0xff, 0xff, 0xa6, 0x55, 0x55, 0x55, 0x56, 0x8e,
    0xff, 0xfa, 0x6f, 0xff, 0x90, 0x0, 0x0, 0x0,
    0x0, 0x0, 0x3f, 0xff, 0xd7, 0xff, 0xf5, 0x0,
    0x0, 0x0, 0x0, 0x0, 0x0, 0xff, 0xfe, 0x8f,
    0xff, 0x50, 0x0, 0x0, 0x0, 0x0, 0x0, 0xe,
    0xff, 0xf8, 0xff, 0xf4, 0x0, 0x0, 0x0, 0x0,
    0x0, 0x0, 0xef, 0xff, 0x8f, 0xff, 0x50, 0x0,
    0x0, 0x0, 0x0, 0x0, 0xe, 0xff, 0xf7, 0xff,
    0xf5, 0x0, 0x0, 0x0, 0x0, 0x0, 0x0, 0xff,
    0xfe, 0x6f, 0xff, 0x90, 0x0, 0x0, 0x0, 0x0,
    0x0, 0x2f, 0xff, 0xd4, 0xff, 0xff, 0x96, 0x55,
    0x55, 0x55, 0x55, 0x7e, 0xff, 0xfa, 0xd, 0xff,
    0xff, 0xff, 0xff, 0xff, 0xff, 0xff, 0xff, 0xff,
    0x50, 0x4f, 0xff, 0xff, 0xff, 0xff, 0xff, 0xff,
    0xff, 0xff, 0xa0, 0x0, 0x18, 0xcf, 0xff, 0xff,
    0xff, 0xff, 0xff, 0xea, 0x30, 0x0,

    /* U+0070 "p" */
    0x0, 0x7, 0xce, 0xff, 0xff, 0xff, 0xff, 0xff,
    0xeb, 0x40, 0x0, 0x2, 0xef, 0xff, 0xff, 0xff,
    0xff, 0xff, 0xff, 0xff, 0xfb, 0x0, 0xb, 0xff,
    0xff, 0xff, 0xff, 0xff, 0xff, 0xff, 0xff, 0xff,
    0x60, 0x1f, 0xff, 0xfc, 0x76, 0x66, 0x66, 0x66,
    0x68, 0xef, 0xff, 0xc0, 0x3f, 0xff, 0xc0, 0x0,
    0x0, 0x0, 0x0, 0x0, 0x2f, 0xff, 0xe0, 0x5f,
    0xff, 0x80, 0x0, 0x0, 0x0, 0x0, 0x0, 0xd,
    0xff, 0xf0, 0x5f, 0xff, 0x70, 0x0, 0x0, 0x0,
    0x0, 0x0, 0xc, 0xff, 0xf0, 0x5f, 0xff, 0x70,
    0x0, 0x0, 0x0, 0x0, 0x0, 0xc, 0xff, 0xf0,
    0x5f, 0xff, 0x70, 0x0, 0x0, 0x0, 0x0, 0x0,
    0xc, 0xff, 0xf0, 0x5f, 0xff, 0x70, 0x0, 0x0,
    0x0, 0x0, 0x0, 0xd, 0xff, 0xf0, 0x5f, 0xff,
    0x70, 0x0, 0x0, 0x0, 0x0, 0x0, 0x2f, 0xff,
    0xe0, 0x5f, 0xff, 0xa6, 0x66, 0x66, 0x66, 0x66,
    0x68, 0xef, 0xff, 0xc0, 0x5f, 0xff, 0xff, 0xff,
    0xff, 0xff, 0xff, 0xff, 0xff, 0xff, 0x60, 0x5f,
    0xff, 0xff, 0xff, 0xff, 0xff, 0xff, 0xff, 0xff,
    0xfb, 0x0, 0x5f, 0xff, 0xff, 0xff, 0xff, 0xff,
    0xff, 0xff, 0xeb, 0x40, 0x0, 0x5f, 0xff, 0x70,
    0x0, 0x0, 0x0, 0x0, 0x0, 0x0, 0x0, 0x0,
    0x5f, 0xff, 0x70, 0x0, 0x0, 0x0, 0x0, 0x0,
    0x0, 0x0, 0x0, 0x5f, 0xff, 0x70, 0x0, 0x0,
    0x0, 0x0, 0x0, 0x0, 0x0, 0x0, 0x5f, 0xff,
    0x70, 0x0, 0x0, 0x0, 0x0, 0x0, 0x0, 0x0,
    0x0, 0x5f, 0xff, 0x70, 0x0, 0x0, 0x0, 0x0,
    0x0, 0x0, 0x0, 0x0, 0x4f, 0xff, 0x60, 0x0,
    0x0, 0x0, 0x0, 0x0, 0x0, 0x0, 0x0,

    /* U+0071 "q" */
    0x0, 0x18, 0xce, 0xff, 0xff, 0xff, 0xff, 0xff,
    0xda, 0x30, 0x0, 0x4f, 0xff, 0xff, 0xff, 0xff,
    0xff, 0xff, 0xff, 0xff, 0x80, 0xd, 0xff, 0xff,
    0xff, 0xff, 0xff, 0xff, 0xff, 0xff, 0xff, 0x44,
    0xff, 0xff, 0xb7, 0x66, 0x66, 0x66, 0x66, 0x9f,
    0xff, 0xf9, 0x6f, 0xff, 0xa0, 0x0, 0x0, 0x0,
    0x0, 0x0, 0x4f, 0xff, 0xb7, 0xff, 0xf6, 0x0,
    0x0, 0x0, 0x0, 0x0, 0x0, 0xff, 0xfd, 0x8f,
    0xff, 0x50, 0x0, 0x0, 0x0, 0x0, 0x0, 0xf,
    0xff, 0xd8, 0xff, 0xf4, 0x0, 0x0, 0x0, 0x0,
    0x0, 0x0, 0xff, 0xfd, 0x8f, 0xff, 0x50, 0x0,
    0x0, 0x0, 0x0, 0x0, 0xf, 0xff, 0xd7, 0xff,
    0xf6, 0x0, 0x0, 0x0, 0x0, 0x0, 0x0, 0xff,
    0xfd, 0x6f, 0xff, 0xa0, 0x0, 0x0, 0x0, 0x0,
    0x0, 0xf, 0xff, 0xd4, 0xff, 0xff, 0xa7, 0x66,
    0x66, 0x66, 0x66, 0x66, 0xff, 0xfd, 0xd, 0xff,
    0xff, 0xff, 0xff, 0xff, 0xff, 0xff, 0xff, 0xff,
    0xd0, 0x4f, 0xff, 0xff, 0xff, 0xff, 0xff, 0xff,
    0xff, 0xff, 0xfd, 0x0, 0x18, 0xcf, 0xff, 0xff,
    0xff, 0xff, 0xff, 0xff, 0xff, 0xd0, 0x0, 0x0,
    0x0, 0x0, 0x0, 0x0, 0x0, 0x0, 0xff, 0xfd,
    0x0, 0x0, 0x0, 0x0, 0x0, 0x0, 0x0, 0x0,
    0xf, 0xff, 0xd0, 0x0, 0x0, 0x0, 0x0, 0x0,
    0x0, 0x0, 0x0, 0xff, 0xfd, 0x0, 0x0, 0x0,
    0x0, 0x0, 0x0, 0x0, 0x0, 0xf, 0xff, 0xd0,
    0x0, 0x0, 0x0, 0x0, 0x0, 0x0, 0x0, 0x0,
    0xff, 0xfd, 0x0, 0x0, 0x0, 0x0, 0x0, 0x0,
    0x0, 0x0, 0xe, 0xff, 0xc0,

    /* U+0072 "r" */
    0x0, 0x6, 0xce, 0xff, 0xff, 0xff, 0xff, 0xe0,
    0x2, 0xef, 0xff, 0xff, 0xff, 0xff, 0xff, 0xf1,
    0xb, 0xff, 0xff, 0xff, 0xff, 0xff, 0xff, 0xf1,
    0x1f, 0xff, 0xfc, 0x76, 0x66, 0x66, 0x66, 0x50,
    0x3f, 0xff, 0xc0, 0x0, 0x0, 0x0, 0x0, 0x0,
    0x5f, 0xff, 0x80, 0x0, 0x0, 0x0, 0x0, 0x0,
    0x5f, 0xff, 0x70, 0x0, 0x0, 0x0, 0x0, 0x0,
    0x5f, 0xff, 0x70, 0x0, 0x0, 0x0, 0x0, 0x0,
    0x5f, 0xff, 0x70, 0x0, 0x0, 0x0, 0x0, 0x0,
    0x5f, 0xff, 0x70, 0x0, 0x0, 0x0, 0x0, 0x0,
    0x5f, 0xff, 0x70, 0x0, 0x0, 0x0, 0x0, 0x0,
    0x5f, 0xff, 0x70, 0x0, 0x0, 0x0, 0x0, 0x0,
    0x5f, 0xff, 0x70, 0x0, 0x0, 0x0, 0x0, 0x0,
    0x5f, 0xff, 0x70, 0x0, 0x0, 0x0, 0x0, 0x0,
    0x4f, 0xff, 0x60, 0x0, 0x0, 0x0, 0x0, 0x0,

    /* U+0073 "s" */
    0x1, 0x9d, 0xff, 0xff, 0xff, 0xff, 0xff, 0xff,
    0xff, 0x30, 0xef, 0xff, 0xff, 0xff, 0xff, 0xff,
    0xff, 0xff, 0xf4, 0x6f, 0xff, 0xff, 0xff, 0xff,
    0xff, 0xff, 0xff, 0xff, 0x49, 0xff, 0xfb, 0x55,
    0x55, 0x55, 0x55, 0x55, 0x55, 0x50, 0x9f, 0xff,
    0x20, 0x0, 0x0, 0x0, 0x0, 0x0, 0x0, 0x8,
    0xff, 0xf7, 0x0, 0x0, 0x0, 0x0, 0x0, 0x0,
    0x0, 0x6f, 0xff, 0xff, 0xff, 0xff, 0xff, 0xff,
    0xfe, 0xb4, 0x0, 0xdf, 0xff, 0xff, 0xff, 0xff,
    0xff, 0xff, 0xff, 0xf4, 0x1, 0x8c, 0xee, 0xee,
    0xee, 0xee, 0xee, 0xff, 0xff, 0xb0, 0x0, 0x0,
    0x0, 0x0, 0x0, 0x0, 0x1, 0xff, 0xfe, 0x0,
    0x0, 0x0, 0x0, 0x0, 0x0, 0x0, 0xd, 0xff,
    0xe1, 0x55, 0x55, 0x55, 0x55, 0x55, 0x55, 0x57,
    0xff, 0xfe, 0x9f, 0xff, 0xff, 0xff, 0xff, 0xff,
    0xff, 0xff, 0xff, 0xb9, 0xff, 0xff, 0xff, 0xff,
    0xff, 0xff, 0xff, 0xff, 0xf4, 0x8f, 0xff, 0xff,
    0xff, 0xff, 0xff, 0xff, 0xfe, 0xb4, 0x0,

    /* U+0074 "t" */
    0x0, 0x6, 0xff, 0xf4, 0x0, 0x0, 0x0, 0x0,
    0x7f, 0xff, 0x50, 0x0, 0x0, 0x0, 0x7, 0xff,
    0xf5, 0x0, 0x0, 0x0, 0x0, 0x7f, 0xff, 0x50,
    0x0, 0x0, 0x6f, 0xff, 0xff, 0xff, 0xff, 0xff,
    0x78, 0xff, 0xff, 0xff, 0xff, 0xff, 0xf9, 0x8f,
    0xff, 0xff, 0xff, 0xff, 0xff, 0x91, 0x55, 0xaf,
    0xff, 0x95, 0x55, 0x51, 0x0, 0x7, 0xff, 0xf5,
    0x0, 0x0, 0x0, 0x0, 0x7f, 0xff, 0x50, 0x0,
    0x0, 0x0, 0x7, 0xff, 0xf5, 0x0, 0x0, 0x0,
    0x0, 0x7f, 0xff, 0x50, 0x0, 0x0, 0x0, 0x7,
    0xff, 0xf5, 0x0, 0x0, 0x0, 0x0, 0x7f, 0xff,
    0x60, 0x0, 0x0, 0x0, 0x6, 0xff, 0xf8, 0x0,
    0x0, 0x0, 0x0, 0x4f, 0xff, 0xf8, 0x65, 0x52,
    0x0, 0x1, 0xff, 0xff, 0xff, 0xff, 0xc0, 0x0,
    0x7, 0xff, 0xff, 0xff, 0xfc, 0x0, 0x0, 0x3,
    0xbe, 0xff, 0xff, 0xa0,

    /* U+0075 "u" */
    0x4f, 0xff, 0x60, 0x0, 0x0, 0x0, 0x0, 0x0,
    0xb, 0xff, 0xe5, 0xff, 0xf7, 0x0, 0x0, 0x0,
    0x0, 0x0, 0x0, 0xdf, 0xff, 0x5f, 0xff, 0x70,
    0x0, 0x0, 0x0, 0x0, 0x0, 0xd, 0xff, 0xf5,
    0xff, 0xf7, 0x0, 0x0, 0x0, 0x0, 0x0, 0x0,
    0xdf, 0xff, 0x5f, 0xff, 0x70, 0x0, 0x0, 0x0,
    0x0, 0x0, 0xd, 0xff, 0xf5, 0xff, 0xf7, 0x0,
    0x0, 0x0, 0x0, 0x0, 0x0, 0xdf, 0xff, 0x5f,
    0xff, 0x70, 0x0, 0x0, 0x0, 0x0, 0x0, 0xd,
    0xff, 0xf5, 0xff, 0xf7, 0x0, 0x0, 0x0, 0x0,
    0x0, 0x0, 0xdf, 0xff, 0x5f, 0xff, 0x70, 0x0,
    0x0, 0x0, 0x0, 0x0, 0xd, 0xff, 0xf5, 0xff,
    0xf8, 0x0, 0x0, 0x0, 0x0, 0x0, 0x0, 0xef,
    0xff, 0x3f, 0xff, 0xd0, 0x0, 0x0, 0x0, 0x0,
    0x0, 0x3f, 0xff, 0xd1, 0xff, 0xff, 0xc8, 0x77,
    0x77, 0x77, 0x77, 0x9f, 0xff, 0xfb, 0xb, 0xff,
    0xff, 0xff, 0xff, 0xff, 0xff, 0xff, 0xff, 0xff,
    0x60, 0x2e, 0xff, 0xff, 0xff, 0xff, 0xff, 0xff,
    0xff, 0xff, 0xb0, 0x0, 0x7, 0xce, 0xff, 0xff,
    0xff, 0xff, 0xff, 0xeb, 0x40, 0x0,

    /* U+0076 "v" */
    0x7f, 0xff, 0x90, 0x0, 0x0, 0x0, 0x0, 0x0,
    0x1, 0xdf, 0xfe, 0x1, 0xff, 0xff, 0x30, 0x0,
    0x0, 0x0, 0x0, 0x0, 0x9f, 0xff, 0x80, 0x8,
    0xff, 0xfc, 0x0, 0x0, 0x0, 0x0, 0x0, 0x2f,
    0xff, 0xe0, 0x0, 0xe, 0xff, 0xf5, 0x0, 0x0,
    0x0, 0x0, 0xb, 0xff, 0xf6, 0x0, 0x0, 0x5f,
    0xff, 0xe0, 0x0, 0x0, 0x0, 0x4, 0xff, 0xfd,
    0x0, 0x0, 0x0, 0xcf, 0xff, 0x70, 0x0, 0x0,
    0x0, 0xdf, 0xff, 0x40, 0x0, 0x0, 0x3, 0xff,
    0xff, 0x10, 0x0, 0x0, 0x6f, 0xff, 0xb0, 0x0,
    0x0, 0x0, 0xa, 0xff, 0xf9, 0x0, 0x0, 0x1e,
    0xff, 0xf2, 0x0, 0x0, 0x0, 0x0, 0x2f, 0xff,
    0xf3, 0x0, 0x8, 0xff, 0xf9, 0x0, 0x0, 0x0,
    0x0, 0x0, 0x8f, 0xff, 0xc0, 0x2, 0xff, 0xff,
    0x10, 0x0, 0x0, 0x0, 0x0, 0x0, 0xef, 0xff,
    0x50, 0xaf, 0xff, 0x70, 0x0, 0x0, 0x0, 0x0,
    0x0, 0x6, 0xff, 0xfd, 0x5f, 0xff, 0xd0, 0x0,
    0x0, 0x0, 0x0, 0x0, 0x0, 0xc, 0xff, 0xff,
    0xff, 0xf5, 0x0, 0x0, 0x0, 0x0, 0x0, 0x0,
    0x0, 0x3f, 0xff, 0xff, 0xfb, 0x0, 0x0, 0x0,
    0x0, 0x0, 0x0, 0x0, 0x0, 0x6d, 0xff, 0xfb,
    0x10, 0x0, 0x0, 0x0, 0x0,

    /* U+0077 "w" */
    0x7f, 0xff, 0x60, 0x0, 0x0, 0x0, 0x2d, 0xff,
    0xff, 0x90, 0x0, 0x0, 0x0, 0xd, 0xff, 0xe0,
    0x3f, 0xff, 0xc0, 0x0, 0x0, 0x0, 0xaf, 0xff,
    0xff, 0xf3, 0x0, 0x0, 0x0, 0x3f, 0xff, 0xb0,
    0xe, 0xff, 0xf2, 0x0, 0x0, 0x0, 0xff, 0xff,
    0xff, 0xf9, 0x0, 0x0, 0x0, 0x9f, 0xff, 0x50,
    0x9, 0xff, 0xf7, 0x0, 0x0, 0x5, 0xff, 0xf7,
    0xef, 0xfe, 0x0, 0x0, 0x0, 0xef, 0xff, 0x0,
    0x4, 0xff, 0xfc, 0x0, 0x0, 0xb, 0xff, 0xf0,
    0x9f, 0xff, 0x40, 0x0, 0x4, 0xff, 0xfa, 0x0,
    0x0, 0xef, 0xff, 0x10, 0x0, 0x1f, 0xff, 0xa0,
    0x3f, 0xff, 0x90, 0x0, 0x9, 0xff, 0xf5, 0x0,
    0x0, 0x9f, 0xff, 0x60, 0x0, 0x6f, 0xff, 0x40,
    0xe, 0xff, 0xe0, 0x0, 0xe, 0xff, 0xf0, 0x0,
    0x0, 0x4f, 0xff, 0xc0, 0x0, 0xcf, 0xfe, 0x0,
    0x8, 0xff, 0xf4, 0x0, 0x4f, 0xff, 0xa0, 0x0,
    0x0, 0xe, 0xff, 0xf1, 0x1, 0xff, 0xf9, 0x0,
    0x3, 0xff, 0xf9, 0x0, 0x9f, 0xff, 0x40, 0x0,
    0x0, 0x9, 0xff, 0xf6, 0x7, 0xff, 0xf3, 0x0,
    0x0, 0xdf, 0xfe, 0x0, 0xef, 0xfe, 0x0, 0x0,
    0x0, 0x4, 0xff, 0xfb, 0xc, 0xff, 0xd0, 0x0,
    0x0, 0x8f, 0xff, 0x44, 0xff, 0xf9, 0x0, 0x0,
    0x0, 0x0, 0xef, 0xff, 0x5f, 0xff, 0x80, 0x0,
    0x0, 0x2f, 0xff, 0xba, 0xff, 0xf4, 0x0, 0x0,
    0x0, 0x0, 0x9f, 0xff, 0xff, 0xff, 0x20, 0x0,
    0x0, 0xc, 0xff, 0xff, 0xff, 0xe0, 0x0, 0x0,
    0x0, 0x0, 0x3f, 0xff, 0xff, 0xfc, 0x0, 0x0,
    0x0, 0x7, 0xff, 0xff, 0xff, 0x90, 0x0, 0x0,
    0x0, 0x0, 0x9, 0xef, 0xff, 0xd4, 0x0, 0x0,
    0x0, 0x0, 0xbf, 0xff, 0xfb, 0x10, 0x0, 0x0,

    /* U+0078 "x" */
    0xc, 0xff, 0xfd, 0x30, 0x0, 0x0, 0x0, 0x2,
    0xdf, 0xff, 0x80, 0x1, 0xdf, 0xff, 0xf4, 0x0,
    0x0, 0x0, 0x3e, 0xff, 0xfb, 0x0, 0x0, 0x1c,
    0xff, 0xff, 0x40, 0x0, 0x3, 0xff, 0xff, 0xa0,
    0x0, 0x0, 0x1, 0xcf, 0xff, 0xf5, 0x0, 0x4f,
    0xff, 0xf9, 0x0, 0x0, 0x0, 0x0, 0xb, 0xff,
    0xff, 0x64, 0xff, 0xff, 0x80, 0x0, 0x0, 0x0,
    0x0, 0x0, 0xbf, 0xff, 0xff, 0xff, 0xf7, 0x0,
    0x0, 0x0, 0x0, 0x0, 0x0, 0xa, 0xff, 0xff,
    0xff, 0x60, 0x0, 0x0, 0x0, 0x0, 0x0, 0x0,
    0x3, 0xff, 0xff, 0xfb, 0x0, 0x0, 0x0, 0x0,
    0x0, 0x0, 0x0, 0x3f, 0xff, 0xff, 0xff, 0xa0,
    0x0, 0x0, 0x0, 0x0, 0x0, 0x4, 0xff, 0xff,
    0xbf, 0xff, 0xfa, 0x0, 0x0, 0x0, 0x0, 0x0,
    0x5f, 0xff, 0xf7, 0x6, 0xff, 0xff, 0xb0, 0x0,
    0x0, 0x0, 0x6, 0xff, 0xff, 0x60, 0x0, 0x6f,
    0xff, 0xfc, 0x0, 0x0, 0x0, 0x7f, 0xff, 0xf5,
    0x0, 0x0, 0x5, 0xff, 0xff, 0xc1, 0x0, 0x9,
    0xff, 0xff, 0x50, 0x0, 0x0, 0x0, 0x4f, 0xff,
    0xfd, 0x10, 0x6f, 0xff, 0xe4, 0x0, 0x0, 0x0,
    0x0, 0x3, 0xdf, 0xff, 0xb0,

    /* U+0079 "y" */
    0x7f, 0xff, 0x80, 0x0, 0x0, 0x0, 0x0, 0x0,
    0x6, 0xff, 0xf8, 0x2f, 0xff, 0xf3, 0x0, 0x0,
    0x0, 0x0, 0x0, 0xe, 0xff, 0xf2, 0x8, 0xff,
    0xfb, 0x0, 0x0, 0x0, 0x0, 0x0, 0x8f, 0xff,
    0x80, 0x1, 0xef, 0xff, 0x40, 0x0, 0x0, 0x0,
    0x1, 0xff, 0xfe, 0x10, 0x0, 0x7f, 0xff, 0xd0,
    0x0, 0x0, 0x0, 0x9, 0xff, 0xf6, 0x0, 0x0,
    0xd, 0xff, 0xf6, 0x0, 0x0, 0x0, 0x2f, 0xff,
    0xd0, 0x0, 0x0, 0x5, 0xff, 0xfe, 0x0, 0x0,
    0x0, 0xbf, 0xff, 0x40, 0x0, 0x0, 0x0, 0xcf,
    0xff, 0x80, 0x0, 0x4, 0xff, 0xfb, 0x0, 0x0,
    0x0, 0x0, 0x3f, 0xff, 0xf1, 0x0, 0xc, 0xff,
    0xf3, 0x0, 0x0, 0x0, 0x0, 0xa, 0xff, 0xf9,
    0x0, 0x5f, 0xff, 0x90, 0x0, 0x0, 0x0, 0x0,
    0x2, 0xff, 0xff, 0x20, 0xdf, 0xff, 0x10, 0x0,
    0x0, 0x0, 0x0, 0x0, 0x8f, 0xff, 0xb7, 0xff,
    0xf7, 0x0, 0x0, 0x0, 0x0, 0x0, 0x0, 0x1e,
    0xff, 0xff, 0xff, 0xe0, 0x0, 0x0, 0x0, 0x0,
    0x0, 0x0, 0x7, 0xff, 0xff, 0xff, 0x50, 0x0,
    0x0, 0x0, 0x0, 0x0, 0x0, 0x0, 0x9f, 0xff,
    0xfc, 0x0, 0x0, 0x0, 0x0, 0x0, 0x0, 0x0,
    0x0, 0xb, 0xff, 0xf3, 0x0, 0x0, 0x0, 0x0,
    0x0, 0x0, 0x0, 0x0, 0x5f, 0xff, 0xa0, 0x0,
    0x0, 0x0, 0x0, 0x0, 0x0, 0x29, 0x9a, 0xff,
    0xff, 0x20, 0x0, 0x0, 0x0, 0x0, 0x0, 0x0,
    0x6f, 0xff, 0xff, 0xf8, 0x0, 0x0, 0x0, 0x0,
    0x0, 0x0, 0x0, 0x6f, 0xff, 0xff, 0xd0, 0x0,
    0x0, 0x0, 0x0, 0x0, 0x0, 0x0, 0x5f, 0xff,
    0xd9, 0x10, 0x0, 0x0, 0x0, 0x0, 0x0,

    /* U+007A "z" */
    0x8f, 0xff, 0xff, 0xff, 0xff, 0xff, 0xff, 0xff,
    0xd2, 0xaf, 0xff, 0xff, 0xff, 0xff, 0xff, 0xff,
    0xff, 0xf8, 0xaf, 0xff, 0xff, 0xff, 0xff, 0xff,
    0xff, 0xff, 0xf9, 0x25, 0x55, 0x55, 0x55, 0x55,
    0x55, 0x5a, 0xff, 0xf9, 0x0, 0x0, 0x0, 0x0,
    0x0, 0x2, 0x8e, 0xff, 0xf8, 0x0, 0x0, 0x0,
    0x0, 0x5, 0xcf, 0xff, 0xff, 0xf3, 0x0, 0x0,
    0x0, 0x29, 0xef, 0xff, 0xff, 0xe8, 0x10, 0x0,
    0x0, 0x6c, 0xff, 0xff, 0xff, 0xb4, 0x0, 0x0,
    0x3, 0x9f, 0xff, 0xff, 0xfd, 0x71, 0x0, 0x0,
    0x0, 0x6f, 0xff, 0xff, 0xfa, 0x40, 0x0, 0x0,
    0x0, 0x0, 0xcf, 0xff, 0xd7, 0x10, 0x0, 0x0,
    0x0, 0x0, 0x0, 0xcf, 0xff, 0x85, 0x55, 0x55,
    0x55, 0x55, 0x55, 0x50, 0xcf, 0xff, 0xff, 0xff,
    0xff, 0xff, 0xff, 0xff, 0xf7, 0xbf, 0xff, 0xff,
    0xff, 0xff, 0xff, 0xff, 0xff, 0xf7, 0x5e, 0xff,
    0xff, 0xff, 0xff, 0xff, 0xff, 0xff, 0xf5,

    /* U+007B "{" */
    0x0, 0x0, 0x1, 0x68, 0x99, 0x0, 0x0, 0x5,
    0xff, 0xff, 0xf1, 0x0, 0x0, 0xef, 0xff, 0xff,
    0x10, 0x0, 0x4f, 0xfa, 0x10, 0x0, 0x0, 0x6,
    0xff, 0x20, 0x0, 0x0, 0x0, 0x8f, 0xf1, 0x0,
    0x0, 0x0, 0x8, 0xff, 0x10, 0x0, 0x0, 0x0,
    0x8f, 0xf1, 0x0, 0x0, 0x0, 0x8, 0xff, 0x10,
    0x0, 0x0, 0x0, 0x8f, 0xf1, 0x0, 0x0, 0x0,
    0x8, 0xff, 0x10, 0x0, 0x0, 0x0, 0x8f, 0xf1,
    0x0, 0x0, 0x0, 0x8, 0xff, 0x10, 0x0, 0x0,
    0x0, 0xbf, 0xe0, 0x0, 0x0, 0x4a, 0xcf, 0xfa,
    0x0, 0x0, 0x8, 0xff, 0xff, 0x10, 0x0, 0x0,
    0x7f, 0xff, 0xf6, 0x0, 0x0, 0x0, 0x2, 0xdf,
    0xd0, 0x0, 0x0, 0x0, 0x8, 0xff, 0x0, 0x0,
    0x0, 0x0, 0x8f, 0xf1, 0x0, 0x0, 0x0, 0x8,
    0xff, 0x10, 0x0, 0x0, 0x0, 0x8f, 0xf1, 0x0,
    0x0, 0x0, 0x8, 0xff, 0x10, 0x0, 0x0, 0x0,
    0x8f, 0xf1, 0x0, 0x0, 0x0, 0x8, 0xff, 0x10,
    0x0, 0x0, 0x0, 0x8f, 0xf1, 0x0, 0x0, 0x0,
    0x7, 0xff, 0x10, 0x0, 0x0, 0x0, 0x5f, 0xf5,
    0x0, 0x0, 0x0, 0x2, 0xff, 0xfb, 0x99, 0x0,
    0x0, 0x9, 0xff, 0xff, 0xf1, 0x0, 0x0, 0x6,
    0xce, 0xff, 0x10,

    /* U+007C "|" */
    0x3, 0x20, 0x8f, 0xf0, 0x9f, 0xf0, 0x9f, 0xf0,
    0x9f, 0xf0, 0x9f, 0xf0, 0x9f, 0xf0, 0x9f, 0xf0,
    0x9f, 0xf0, 0x9f, 0xf0, 0x9f, 0xf0, 0x9f, 0xf0,
    0x9f, 0xf0, 0x9f, 0xf0, 0x9f, 0xf0, 0x9f, 0xf0,
    0x9f, 0xf0, 0x9f, 0xf0, 0x9f, 0xf0, 0x9f, 0xf0,
    0x9f, 0xf0, 0x9f, 0xf0, 0x9f, 0xf0, 0x9f, 0xf0,
    0x9f, 0xf0, 0x9f, 0xf0, 0x7f, 0xe0,

    /* U+007D "}" */
    0x79, 0x97, 0x20, 0x0, 0x0, 0xef, 0xff, 0xf7,
    0x0, 0x0, 0xdf, 0xff, 0xff, 0x20, 0x0, 0x0,
    0x7, 0xff, 0x80, 0x0, 0x0, 0x0, 0xef, 0xa0,
    0x0, 0x0, 0x0, 0xdf, 0xb0, 0x0, 0x0, 0x0,
    0xdf, 0xb0, 0x0, 0x0, 0x0, 0xdf, 0xb0, 0x0,
    0x0, 0x0, 0xdf, 0xb0, 0x0, 0x0, 0x0, 0xdf,
    0xb0, 0x0, 0x0, 0x0, 0xdf, 0xb0, 0x0, 0x0,
    0x0, 0xdf, 0xb0, 0x0, 0x0, 0x0, 0xdf, 0xc0,
    0x0, 0x0, 0x0, 0xbf, 0xe0, 0x0, 0x0, 0x0,
    0x6f, 0xfd, 0xa6, 0x0, 0x0, 0xc, 0xff, 0xfc,
    0x0, 0x0, 0x3f, 0xff, 0xfa, 0x0, 0x0, 0x9f,
    0xf3, 0x0, 0x0, 0x0, 0xcf, 0xc0, 0x0, 0x0,
    0x0, 0xdf, 0xb0, 0x0, 0x0, 0x0, 0xdf, 0xb0,
    0x0, 0x0, 0x0, 0xdf, 0xb0, 0x0, 0x0, 0x0,
    0xdf, 0xb0, 0x0, 0x0, 0x0, 0xdf, 0xb0, 0x0,
    0x0, 0x0, 0xdf, 0xb0, 0x0, 0x0, 0x0, 0xdf,
    0xb0, 0x0, 0x0, 0x0, 0xef, 0xb0, 0x0, 0x0,
    0x2, 0xff, 0x90, 0x0, 0x79, 0xae, 0xff, 0x50,
    0x0, 0xef, 0xff, 0xfd, 0x0, 0x0, 0xdf, 0xfd,
    0x80, 0x0, 0x0,

    /* U+007E "~" */
    0x1, 0x68, 0x64, 0x0, 0x0, 0x0, 0x0, 0x6,
    0xff, 0xff, 0xfe, 0x71, 0x0, 0x2, 0xb5, 0xdf,
    0xff, 0xff, 0xff, 0xfb, 0x9b, 0xff, 0x6d, 0xe5,
    0x11, 0x4b, 0xff, 0xff, 0xff, 0xf3, 0x40, 0x0,
    0x0, 0x2, 0x8c, 0xfe, 0xb5, 0x0
};


/*---------------------
 *  GLYPH DESCRIPTION
 *--------------------*/

static const lv_font_fmt_txt_glyph_dsc_t glyph_dsc[] = {
    {.bitmap_index = 0, .adv_w = 0, .box_w = 0, .box_h = 0, .ofs_x = 0, .ofs_y = 0} /* id = 0 reserved */,
    {.bitmap_index = 0, .adv_w = 145, .box_w = 0, .box_h = 0, .ofs_x = 0, .ofs_y = 0},
    {.bitmap_index = 0, .adv_w = 115, .box_w = 5, .box_h = 20, .ofs_x = 1, .ofs_y = 0},
    {.bitmap_index = 50, .adv_w = 212, .box_w = 11, .box_h = 9, .ofs_x = 1, .ofs_y = 11},
    {.bitmap_index = 100, .adv_w = 368, .box_w = 21, .box_h = 19, .ofs_x = 1, .ofs_y = 0},
    {.bitmap_index = 300, .adv_w = 353, .box_w = 20, .box_h = 23, .ofs_x = 1, .ofs_y = -3},
    {.bitmap_index = 530, .adv_w = 493, .box_w = 29, .box_h = 19, .ofs_x = 1, .ofs_y = 0},
    {.bitmap_index = 806, .adv_w = 378, .box_w = 23, .box_h = 21, .ofs_x = 1, .ofs_y = 0},
    {.bitmap_index = 1048, .adv_w = 117, .box_w = 5, .box_h = 9, .ofs_x = 1, .ofs_y = 11},
    {.bitmap_index = 1071, .adv_w = 196, .box_w = 9, .box_h = 31, .ofs_x = 3, .ofs_y = -6},
    {.bitmap_index = 1211, .adv_w = 196, .box_w = 8, .box_h = 31, .ofs_x = 1, .ofs_y = -6},
    {.bitmap_index = 1335, .adv_w = 251, .box_w = 16, .box_h = 15, .ofs_x = 0, .ofs_y = 5},
    {.bitmap_index = 1455, .adv_w = 265, .box_w = 15, .box_h = 15, .ofs_x = 1, .ofs_y = 2},
    {.bitmap_index = 1568, .adv_w = 116, .box_w = 5, .box_h = 9, .ofs_x = 1, .ofs_y = -5},
    {.bitmap_index = 1591, .adv_w = 165, .box_w = 10, .box_h = 3, .ofs_x = 0, .ofs_y = 8},
    {.bitmap_index = 1606, .adv_w = 116, .box_w = 5, .box_h = 4, .ofs_x = 1, .ofs_y = 0},
    {.bitmap_index = 1616, .adv_w = 179, .box_w = 12, .box_h = 27, .ofs_x = 0, .ofs_y = -4},
    {.bitmap_index = 1778, .adv_w = 392, .box_w = 22, .box_h = 19, .ofs_x = 1, .ofs_y = 0},
    {.bitmap_index = 1987, .adv_w = 146, .box_w = 8, .box_h = 19, .ofs_x = 0, .ofs_y = 0},
    {.bitmap_index = 2063, .adv_w = 373, .box_w = 21, .box_h = 19, .ofs_x = 1, .ofs_y = 0},
    {.bitmap_index = 2263, .adv_w = 364, .box_w = 21, .box_h = 19, .ofs_x = 1, .ofs_y = 0},
    {.bitmap_index = 2463, .adv_w = 391, .box_w = 24, .box_h = 19, .ofs_x = 0, .ofs_y = 0},
    {.bitmap_index = 2691, .adv_w = 373, .box_w = 21, .box_h = 19, .ofs_x = 1, .ofs_y = 0},
    {.bitmap_index = 2891, .adv_w = 375, .box_w = 21, .box_h = 19, .ofs_x = 1, .ofs_y = 0},
    {.bitmap_index = 3091, .adv_w = 358, .box_w = 22, .box_h = 19, .ofs_x = 0, .ofs_y = 0},
    {.bitmap_index = 3300, .adv_w = 391, .box_w = 22, .box_h = 19, .ofs_x = 1, .ofs_y = 0},
    {.bitmap_index = 3509, .adv_w = 375, .box_w = 21, .box_h = 19, .ofs_x = 1, .ofs_y = 0},
    {.bitmap_index = 3709, .adv_w = 116, .box_w = 5, .box_h = 12, .ofs_x = 1, .ofs_y = 2},
    {.bitmap_index = 3739, .adv_w = 116, .box_w = 5, .box_h = 17, .ofs_x = 1, .ofs_y = -3},
    {.bitmap_index = 3782, .adv_w = 265, .box_w = 15, .box_h = 15, .ofs_x = 1, .ofs_y = 2},
    {.bitmap_index = 3895, .adv_w = 265, .box_w = 15, .box_h = 9, .ofs_x = 1, .ofs_y = 5},
    {.bitmap_index = 3963, .adv_w = 265, .box_w = 15, .box_h = 15, .ofs_x = 1, .ofs_y = 2},
    {.bitmap_index = 4076, .adv_w = 273, .box_w = 17, .box_h = 20, .ofs_x = 0, .ofs_y = 0},
    {.bitmap_index = 4246, .adv_w = 378, .box_w = 22, .box_h = 23, .ofs_x = 1, .ofs_y = -6},
    {.bitmap_index = 4499, .adv_w = 421, .box_w = 26, .box_h = 19, .ofs_x = 0, .ofs_y = 0},
    {.bitmap_index = 4746, .adv_w = 397, .box_w = 23, .box_h = 19, .ofs_x = 1, .ofs_y = 0},
    {.bitmap_index = 4965, .adv_w = 368, .box_w = 21, .box_h = 19, .ofs_x = 1, .ofs_y = 0},
    {.bitmap_index = 5165, .adv_w = 401, .box_w = 23, .box_h = 19, .ofs_x = 1, .ofs_y = 0},
    {.bitmap_index = 5384, .adv_w = 367, .box_w = 21, .box_h = 19, .ofs_x = 1, .ofs_y = 0},
    {.bitmap_index = 5584, .adv_w = 360, .box_w = 21, .box_h = 19, .ofs_x = 1, .ofs_y = 0},
    {.bitmap_index = 5784, .adv_w = 400, .box_w = 23, .box_h = 19, .ofs_x = 1, .ofs_y = 0},
    {.bitmap_index = 6003, .adv_w = 391, .box_w = 22, .box_h = 19, .ofs_x = 1, .ofs_y = 0},
    {.bitmap_index = 6212, .adv_w = 124, .box_w = 5, .box_h = 19, .ofs_x = 1, .ofs_y = 0},
    {.bitmap_index = 6260, .adv_w = 337, .box_w = 20, .box_h = 19, .ofs_x = 0, .ofs_y = 0},
    {.bitmap_index = 6450, .adv_w = 369, .box_w = 22, .box_h = 19, .ofs_x = 1, .ofs_y = 0},
    {.bitmap_index = 6659, .adv_w = 346, .box_w = 20, .box_h = 19, .ofs_x = 1, .ofs_y = 0},
    {.bitmap_index = 6849, .adv_w = 516, .box_w = 30, .box_h = 19, .ofs_x = 1, .ofs_y = 0},
    {.bitmap_index = 7134, .adv_w = 422, .box_w = 24, .box_h = 19, .ofs_x = 1, .ofs_y = 0},
    {.bitmap_index = 7362, .adv_w = 426, .box_w = 25, .box_h = 19, .ofs_x = 1, .ofs_y = 0},
    {.bitmap_index = 7600, .adv_w = 381, .box_w = 22, .box_h = 19, .ofs_x = 1, .ofs_y = 0},
    {.bitmap_index = 7809, .adv_w = 426, .box_w = 25, .box_h = 24, .ofs_x = 1, .ofs_y = -5},
    {.bitmap_index = 8109, .adv_w = 391, .box_w = 23, .box_h = 19, .ofs_x = 1, .ofs_y = 0},
    {.bitmap_index = 8328, .adv_w = 370, .box_w = 21, .box_h = 19, .ofs_x = 1, .ofs_y = 0},
    {.bitmap_index = 8528, .adv_w = 377, .box_w = 23, .box_h = 19, .ofs_x = 0, .ofs_y = 0},
    {.bitmap_index = 8747, .adv_w = 422, .box_w = 24, .box_h = 19, .ofs_x = 1, .ofs_y = 0},
    {.bitmap_index = 8975, .adv_w = 421, .box_w = 26, .box_h = 19, .ofs_x = 0, .ofs_y = 0},
    {.bitmap_index = 9222, .adv_w = 563, .box_w = 35, .box_h = 19, .ofs_x = 0, .ofs_y = 0},
    {.bitmap_index = 9555, .adv_w = 385, .box_w = 24, .box_h = 19, .ofs_x = 0, .ofs_y = 0},
    {.bitmap_index = 9783, .adv_w = 388, .box_w = 24, .box_h = 19, .ofs_x = 0, .ofs_y = 0},
    {.bitmap_index = 10011, .adv_w = 369, .box_w = 21, .box_h = 19, .ofs_x = 1, .ofs_y = 0},
    {.bitmap_index = 10211, .adv_w = 196, .box_w = 9, .box_h = 31, .ofs_x = 3, .ofs_y = -6},
    {.bitmap_index = 10351, .adv_w = 179, .box_w = 12, .box_h = 27, .ofs_x = 0, .ofs_y = -4},
    {.bitmap_index = 10513, .adv_w = 196, .box_w = 8, .box_h = 31, .ofs_x = 1, .ofs_y = -6},
    {.bitmap_index = 10637, .adv_w = 265, .box_w = 15, .box_h = 16, .ofs_x = 1, .ofs_y = 4},
    {.bitmap_index = 10757, .adv_w = 277, .box_w = 18, .box_h = 3, .ofs_x = 0, .ofs_y = -5},
    {.bitmap_index = 10784, .adv_w = 170, .box_w = 7, .box_h = 7, .ofs_x = 2, .ofs_y = 16},
    {.bitmap_index = 10809, .adv_w = 341, .box_w = 20, .box_h = 15, .ofs_x = 1, .ofs_y = 0},
    {.bitmap_index = 10959, .adv_w = 376, .box_w = 22, .box_h = 20, .ofs_x = 1, .ofs_y = 0},
    {.bitmap_index = 11179, .adv_w = 315, .box_w = 18, .box_h = 15, .ofs_x = 1, .ofs_y = 0},
    {.bitmap_index = 11314, .adv_w = 376, .box_w = 21, .box_h = 20, .ofs_x = 1, .ofs_y = 0},
    {.bitmap_index = 11524, .adv_w = 341, .box_w = 20, .box_h = 15, .ofs_x = 1, .ofs_y = 0},
    {.bitmap_index = 11674, .adv_w = 212, .box_w = 13, .box_h = 21, .ofs_x = 0, .ofs_y = 0},
    {.bitmap_index = 11811, .adv_w = 376, .box_w = 21, .box_h = 21, .ofs_x = 1, .ofs_y = -6},
    {.bitmap_index = 12032, .adv_w = 380, .box_w = 22, .box_h = 20, .ofs_x = 1, .ofs_y = 0},
    {.bitmap_index = 12252, .adv_w = 117, .box_w = 5, .box_h = 20, .ofs_x = 1, .ofs_y = 0},
    {.bitmap_index = 12302, .adv_w = 122, .box_w = 9, .box_h = 26, .ofs_x = -3, .ofs_y = -6},
    {.bitmap_index = 12419, .adv_w = 343, .box_w = 21, .box_h = 20, .ofs_x = 1, .ofs_y = 0},
    {.bitmap_index = 12629, .adv_w = 117, .box_w = 5, .box_h = 20, .ofs_x = 1, .ofs_y = 0},
    {.bitmap_index = 12679, .adv_w = 478, .box_w = 28, .box_h = 15, .ofs_x = 1, .ofs_y = 0},
    {.bitmap_index = 12889, .adv_w = 382, .box_w = 22, .box_h = 15, .ofs_x = 1, .ofs_y = 0},
    {.bitmap_index = 13054, .adv_w = 375, .box_w = 21, .box_h = 15, .ofs_x = 1, .ofs_y = 0},
    {.bitmap_index = 13212, .adv_w = 376, .box_w = 22, .box_h = 21, .ofs_x = 1, .ofs_y = -6},
    {.bitmap_index = 13443, .adv_w = 376, .box_w = 21, .box_h = 21, .ofs_x = 1, .ofs_y = -6},
    {.bitmap_index = 13664, .adv_w = 265, .box_w = 16, .box_h = 15, .ofs_x = 1, .ofs_y = 0},
    {.bitmap_index = 13784, .adv_w = 338, .box_w = 19, .box_h = 15, .ofs_x = 1, .ofs_y = 0},
    {.bitmap_index = 13927, .adv_w = 212, .box_w = 13, .box_h = 19, .ofs_x = 0, .ofs_y = 0},
    {.bitmap_index = 14051, .adv_w = 378, .box_w = 21, .box_h = 15, .ofs_x = 1, .ofs_y = 0},
    {.bitmap_index = 14209, .adv_w = 359, .box_w = 23, .box_h = 15, .ofs_x = 0, .ofs_y = 0},
    {.bitmap_index = 14382, .adv_w = 503, .box_w = 32, .box_h = 15, .ofs_x = 0, .ofs_y = 0},
    {.bitmap_index = 14622, .adv_w = 342, .box_w = 22, .box_h = 15, .ofs_x = 0, .ofs_y = 0},
    {.bitmap_index = 14787, .adv_w = 349, .box_w = 22, .box_h = 21, .ofs_x = 0, .ofs_y = -6},
    {.bitmap_index = 15018, .adv_w = 317, .box_w = 18, .box_h = 15, .ofs_x = 1, .ofs_y = 0},
    {.bitmap_index = 15153, .adv_w = 196, .box_w = 11, .box_h = 31, .ofs_x = 1, .ofs_y = -6},
    {.bitmap_index = 15324, .adv_w = 183, .box_w = 4, .box_h = 27, .ofs_x = 4, .ofs_y = -4},
    {.bitmap_index = 15378, .adv_w = 196, .box_w = 10, .box_h = 31, .ofs_x = 1, .ofs_y = -6},
    {.bitmap_index = 15533, .adv_w = 265, .box_w = 15, .box_h = 5, .ofs_x = 1, .ofs_y = 8}
};

/*---------------------
 *  CHARACTER MAPPING
 *--------------------*/



/*Collect the unicode lists and glyph_id offsets*/
static const lv_font_fmt_txt_cmap_t cmaps[] =
{
    {
        .range_start = 32, .range_length = 95, .glyph_id_start = 1,
        .unicode_list = NULL, .glyph_id_ofs_list = NULL, .list_length = 0, .type = LV_FONT_FMT_TXT_CMAP_FORMAT0_TINY
    }
};

/*-----------------
 *    KERNING
 *----------------*/


/*Map glyph_ids to kern left classes*/
static const uint8_t kern_left_class_mapping[] =
{
    0, 0, 0, 1, 0, 0, 0, 2,
    1, 3, 0, 0, 0, 4, 5, 4,
    6, 7, 8, 0, 9, 10, 11, 12,
    13, 14, 15, 0, 0, 0, 0, 0,
    0, 3, 16, 9, 17, 18, 0, 19,
    20, 0, 0, 21, 22, 23, 24, 0,
    18, 25, 18, 26, 27, 28, 21, 29,
    30, 22, 31, 32, 3, 0, 0, 0,
    0, 0, 33, 34, 35, 0, 36, 37,
    38, 38, 0, 39, 40, 0, 38, 38,
    34, 34, 0, 41, 42, 43, 44, 45,
    46, 40, 45, 47, 3, 0, 0, 0
};

/*Map glyph_ids to kern right classes*/
static const uint8_t kern_right_class_mapping[] =
{
    0, 0, 0, 1, 0, 0, 0, 2,
    1, 0, 0, 0, 0, 3, 4, 3,
    5, 6, 7, 0, 0, 8, 0, 9,
    10, 11, 12, 0, 0, 0, 0, 0,
    13, 0, 14, 0, 15, 0, 15, 16,
    15, 0, 0, 17, 0, 18, 19, 0,
    15, 0, 15, 0, 20, 21, 18, 22,
    23, 24, 25, 26, 0, 0, 0, 0,
    0, 0, 27, 0, 28, 28, 28, 29,
    28, 0, 0, 30, 0, 0, 31, 31,
    28, 31, 28, 31, 32, 33, 34, 35,
    36, 37, 38, 39, 0, 0, 0, 0
};

/*Kern values between classes*/
static const int8_t kern_class_values[] =
{
    0, 0, -26, 0, 0, 0, 0, -17,
    -9, 0, -9, 0, 0, -52, -9, 0,
    -43, 0, 0, 0, 0, 0, 0, 0,
    0, 0, 0, -13, 0, 0, -13, -16,
    0, 0, 0, 0, 0, 0, 0, 0,
    0, 0, 0, 0, 0, 0, 0, 0,
    0, 0, 0, 0, 0, 0, 0, 0,
    0, 0, 0, -13, -35, -22, 0, -48,
    0, 0, -9, 0, 0, 0, 0, 0,
    -16, -13, 0, 0, -13, 0, 0, 0,
    0, 0, 0, 0, 0, 0, 0, 0,
    0, 0, 0, 0, 0, 0, 0, 0,
    0, 0, 0, 0, 0, 0, 0, 0,
    0, 0, 0, 48, 0, 0, 0, 0,
    0, 0, 0, 0, 0, -26, 0, 0,
    0, 0, -9, -13, -9, 0, -26, -9,
    0, 0, 0, -9, 0, 0, -9, 0,
    0, -43, -43, -43, 0, -52, 0, 0,
    0, -30, 22, 0, 0, -48, -9, -52,
    0, 0, -52, 0, 0, 0, 0, 0,
    0, 0, 0, 0, 0, -35, 0, 0,
    0, -35, 0, 0, -17, 0, 0, 0,
    -43, -35, -17, -43, -43, 0, 0, 0,
    4, 0, 0, 0, 0, 0, -13, 0,
    -23, -13, 0, 0, -30, 0, 0, 0,
    0, 0, 0, 0, 0, 0, 0, 0,
    -65, -17, -17, -52, 0, -9, -17, 0,
    0, 0, 0, 0, 0, -17, -26, 0,
    0, -26, -26, 0, -17, 0, 0, 0,
    0, -17, 0, 0, -9, 0, 0, 0,
    -4, 0, 0, -4, 0, 0, 0, 0,
    0, 0, 0, 0, 0, 0, 0, 0,
    0, 0, 0, 0, 0, 0, 0, 0,
    0, 0, 0, 0, 0, 0, 0, 0,
    0, -9, 0, 0, 0, 0, 0, 0,
    0, 0, 0, 0, 0, 0, 0, 0,
    0, 0, 0, 0, 0, 0, 0, 0,
    0, 0, 0, 0, 0, 0, 0, 0,
    0, 0, 0, 0, 0, 0, 0, 0,
    0, 0, 0, 0, 0, 0, 0, 0,
    0, 0, 0, 0, 0, -14, 0, 0,
    0, 0, 0, 0, 0, -19, -13, -12,
    -13, 0, 0, 0, 0, 0, 0, 0,
    0, 0, 0, 0, -6, 0, 0, -31,
    0, 0, 0, 0, 0, -12, 0, 0,
    -17, 0, 0, 0, 0, 0, 0, 0,
    0, 0, 0, 0, 0, 0, 0, 0,
    0, 0, 0, 0, 0, 0, 0, 0,
    0, 0, 0, 0, 0, 0, 0, 0,
    -10, 0, 0, 0, -8, 0, 0, -9,
    0, -13, 0, 0, 0, 0, 0, 0,
    0, 0, 0, 0, 0, 0, 0, 0,
    0, 0, 0, 0, 0, 0, 0, 0,
    0, 0, 0, 0, 0, -13, 0, -13,
    0, 0, 0, -8, 0, 0, -9, 0,
    0, 0, 0, 0, 0, 0, 0, 0,
    0, 0, 0, 0, 0, 0, 0, 0,
    0, 0, 0, 0, 0, 0, 0, 0,
    0, 0, 0, 0, 0, 0, -48, 0,
    0, -4, 0, -22, -7, 0, -4, -3,
    0, 0, 0, 0, 0, 0, 0, 0,
    0, 0, 0, 0, 0, 0, 0, 0,
    0, 0, 0, 0, 0, 0, 0, 0,
    0, 0, 0, -9, 0, -9, 0, 0,
    0, 0, 0, 0, -4, 0, 0, 0,
    0, 0, 0, 0, 0, 0, 0, 0,
    0, 0, 0, 0, 0, 0, 0, 0,
    0, 0, 0, 0, 0, 0, 0, 0,
    0, 0, -9, 0, -14, 0, 0, 0,
    0, 0, 0, -9, 0, 0, 0, 0,
    0, 0, 0, 0, 0, 0, 0, 0,
    0, 0, 0, 0, 0, 0, 0, 0,
    0, 0, 0, 0, 0, 0, 0, 0,
    0, -52, -5, 0, -35, 0, 0, 0,
    0, 0, 0, 0, 0, -43, 9, -17,
    0, 0, -17, 0, 0, -56, -82, -48,
    0, -73, 0, -8, -13, -22, 17, 0,
    0, -41, -13, -51, 0, 0, -44, 0,
    0, 0, 0, -17, 0, 0, 0, 0,
    0, 0, 0, 0, 0, 0, 0, 0,
    0, 0, 0, 0, 0, 0, 0, 0,
    0, 0, 0, 0, 0, 0, 0, 0,
    0, 0, 0, 0, 0, 0, 0, -9,
    0, -9, 0, -17, 0, 0, 0, 0,
    0, 0, 0, 0, -17, 0, 0, 0,
    0, 0, 0, -9, -17, -9, -13, -22,
    0, 0, 0, 0, 0, 0, 0, 0,
    0, 0, 0, -8, 0, 0, 0, -8,
    0, 9, -30, 0, 0, 0, 0, 0,
    0, 0, 0, -29, 0, 0, -35, 0,
    0, 0, 0, 0, 0, 0, 6, 0,
    0, 0, 0, 0, 0, 0, 0, 0,
    0, 0, 0, 0, 0, 0, 0, 0,
    0, -13, 0, 0, 0, 0, 0, 0,
    0, 0, -9, 0, 0, 0, 0, 0,
    0, 0, 0, 0, -8, 0, 0, 0,
    0, 0, 0, 0, 0, 0, 0, 0,
    0, 0, 0, 0, 0, 0, -9, 0,
    -17, 0, 0, 0, 0, 0, 0, 0,
    0, -17, 0, 0, -6, 0, 0, 0,
    0, 0, 0, 0, 0, 0, 0, 0,
    0, 0, 0, 0, 0, 0, 0, 0,
    -8, 0, 0, 0, -8, 0, -43, 0,
    0, 0, 0, 0, 0, 0, 0, 0,
    0, -13, 0, 0, 0, 0, 0, 0,
    0, -5, 0, 0, 0, -8, -17, -17,
    0, 0, 0, -22, -17, -27, 0, 0,
    -27, -3, 0, 0, 0, -26, 0, 0,
    0, 0, 0, 0, 0, 0, -35, 0,
    0, 0, 0, -6, 0, 0, -82, -78,
    -35, 0, -91, 0, 0, -4, 0, 0,
    0, 0, -30, -4, -48, -18, 0, -48,
    0, 0, 0, 0, 0, 0, 0, 0,
    0, 0, 0, 0, 0, -4, 0, 0,
    0, 0, 0, 0, 0, 0, -6, -12,
    0, -13, 0, 0, 0, 0, 0, 0,
    0, 0, 0, 0, 0, 0, 0, 0,
    0, -8, -30, 5, -38, 0, 0, 0,
    0, 0, 0, 0, -4, -43, 0, 0,
    -27, 0, 0, 0, 0, 0, -8, -23,
    -12, 0, 0, 0, 0, 0, -4, 0,
    0, 0, 0, 0, 0, 0, 0, 0,
    -9, 0, 0, 0, 0, 0, 0, 0,
    0, 0, 0, -4, 0, -8, 0, 0,
    -3, 0, -5, -5, -22, -12, 0, -24,
    -8, -6, -13, 0, 0, 0, 0, 0,
    -12, 0, 0, 0, 0, 0, 0, 0,
    0, 0, -17, 0, 0, 0, 0, 0,
    0, 0, 0, -17, 0, 0, 0, 0,
    0, 0, 0, -4, -4, -12, 0, 0,
    0, 0, 0, 0, 0, 0, 0, 0,
    -5, 0, -8, -8, 0, 0, -26, -43,
    -43, -60, 0, 0, 0, 0, 0, 0,
    0, 0, -56, -9, -9, -78, 4, 0,
    0, 6, 4, 0, 0, 3, 0, 0,
    -9, 0, 0, -9, -9, 0, 0, 0,
    0, 0, 0, 0, 0, -35, -43, -35,
    -56, 0, 0, 0, 0, 0, 0, 0,
    0, -82, -17, -22, -65, 0, -6, -13,
    4, 9, 5, -5, 9, 0, -15, -40,
    0, 0, -40, -34, 0, -22, 0, 0,
    -13, 0, 0, 0, -30, -43, -17, -39,
    0, 0, 0, 0, 0, 0, 0, 0,
    -48, -9, -22, -44, 0, -13, -14, 0,
    5, 3, -6, 4, 0, -13, -27, 0,
    0, -27, -25, 0, -16, 0, 0, -9,
    0, 0, 0, -26, -52, -43, -60, 0,
    0, 0, 0, 0, 0, 0, 0, -73,
    -22, -29, -89, 0, -10, -14, 4, 9,
    4, 0, 11, 0, -30, -48, 0, 0,
    -48, -43, -13, -26, -9, 0, -13, -9,
    -13, 0, 0, 0, 0, 0, 0, 0,
    0, 0, 0, 0, 0, 0, 0, -8,
    0, 0, 0, 0, 0, 0, 0, 0,
    0, 0, 0, 0, 0, 0, 0, 0,
    0, 0, 0, 0, 0, 0, 0, 0,
    -9, 0, 0, 0, 0, 0, 0, 0,
    0, 0, 0, 0, -17, 0, 0, 0,
    0, 0, 0, 0, 0, 0, 0, 0,
    0, 0, 0, 0, 0, 0, 0, 0,
    0, 0, -13, -8, 0, -11, 0, -13,
    0, 0, 0, -17, 0, 0, 0, 0,
    0, 0, 0, -26, 0, 0, 0, 0,
    0, 0, 0, 0, 0, 0, 0, 0,
    0, 0, 0, 0, 0, 0, 0, -6,
    0, -12, -8, -9, -12, 0, 0, 0,
    0, 0, 0, 0, 0, 0, 0, 0,
    0, 0, 0, 0, 0, 0, 0, 0,
    0, 0, 0, 0, 0, 0, 0, 0,
    0, -8, 0, 0, 0, 0, 9, 0,
    0, 0, 0, 0, 0, -9, 0, 0,
    0, 0, 0, 0, 0, 0, 0, 0,
    0, -17, 0, 0, 0, 0, 0, 0,
    0, 0, 0, 0, 0, 0, 0, 0,
    0, 0, 0, 0, 0, 0, 0, -6,
    0, 0, -6, 0, 13, -13, -52, 9,
    -17, 0, 0, 0, 0, 0, 0, 0,
    13, 0, 0, 0, 0, 0, 0, 0,
    0, 0, 0, 0, 0, 0, 0, 0,
    9, 0, 0, 0, 9, 0, 0, 0,
    0, 0, 0, -13, 0, 0, 0, 0,
    0, 0, 0, 0, 0, 0, 0, -26,
    0, 0, 0, 0, 0, 0, 0, 0,
    0, 0, 0, 0, 0, 0, 0, 0,
    33, 0, 0, 0, 0, -12, 0, 0,
    -12, 0, 0, 0, 0, 0, 0, 0,
    0, 0, 0, 0, 0, 0, 0, 0,
    0, 0, 0, 0, 0, 0, 0, 0,
    0, 0, 0, 0, 0, 0, 0, 30,
    0, 0, 0, 0, 0, 0, 0, 0,
    0, 0, -5, 0, -23, 0, 0, 0,
    0, 0, 0, 0, 0, 0, 0, 0,
    0, 0, 0, 0, 0, 0, 0, 0,
    0, 0, 0, 0, -13, 0, 0, 0,
    0, 0, 0, 0, 0, 0, 0, 0,
    0, -17, 0, 0, 0, 0, 0, 0,
    0, 0, 0, 0, 0, 0, 0, 0,
    0, 0, 0, 0, 0, 0, 0, 0,
    0, 0, 0, 0, 9, 0, 0, 0,
    9, 0, 0, 0, 0, 0, 0, -10,
    0, -9, -7, -13, 0, 0, 0, 0,
    0, 0, 0, -9, 0, 0, 0, 0,
    0, 0, 0, 0, 0, 0, 0, 0,
    0, 0, 0, 0, 0, 0, 0, 0,
    0, -5, 0, 0, -5, 0, 0, 0,
    0, 0, 0, 0, 0, 0, 0, 0,
    0, 0, 0, 0, 0, 0, 0, 0,
    0, 0, 0, 0, 0, 0, 0, 0,
    0, 0, 9, 0, 0, 0, 9, 0,
    0, 0, 0, 0, 0, 0, 0, -9,
    0, 0, 0, 0, 0, 0, 0, 0,
    0, 0, 0, 0, 0, 0, 0, 0,
    0, 0, 0, 0, 0, 0, 0, 0,
    0, 0, 0, 0, 0, 0, 0, 0,
    0, 0, 0, 0, 0, -30, -52, -13,
    -39, 0, 0, 0, 0, 0, 0, 0,
    0, 0, 0, 0, 0, 0, 0, 0,
    0, 0, 0, 0, 0, 0, 0, -15,
    0, 0, -19, 0, 0, 0, 0, 0,
    0, 0, 0, 0, -21, 0, 0, -22,
    0, 0, 0, 0, 0, 0, 0, 0,
    0, 0, 0, 0, 0, 0, 0, 0,
    0, 0, 0, 0, 0, -4, -7, 0,
    0, -7, 0, 0, 0, 0, 0, 0,
    0, 0, 0, 0, 0, 0, 0, 0,
    0, 0, 0, 0, 0, 0, -9, 0,
    0, 0, 0, 0, 0, 0, 0, 0,
    0, 0, 0, 0, 0, 0, 0, 0,
    0, 0, 0, 0, 0, 0, 0, 0,
    0
};


/*Collect the kern class' data in one place*/
static const lv_font_fmt_txt_kern_classes_t kern_classes =
{
    .class_pair_values   = kern_class_values,
    .left_class_mapping  = kern_left_class_mapping,
    .right_class_mapping = kern_right_class_mapping,
    .left_class_cnt      = 47,
    .right_class_cnt     = 39,
};

/*--------------------
 *  ALL CUSTOM DATA
 *--------------------*/

#if LVGL_VERSION_MAJOR == 8
/*Store all the custom data of the font*/
static  lv_font_fmt_txt_glyph_cache_t cache;
#endif

#if LVGL_VERSION_MAJOR >= 8
static const lv_font_fmt_txt_dsc_t font_dsc = {
#else
static lv_font_fmt_txt_dsc_t font_dsc = {
#endif
    .glyph_bitmap = glyph_bitmap,
    .glyph_dsc = glyph_dsc,
    .cmaps = cmaps,
    .kern_dsc = &kern_classes,
    .kern_scale = 16,
    .cmap_num = 1,
    .bpp = 4,
    .kern_classes = 1,
    .bitmap_format = 0,
#if LVGL_VERSION_MAJOR == 8
    .cache = &cache
#endif
};



/*-----------------
 *  PUBLIC FONT
 *----------------*/

/*Initialize a public general font descriptor*/
#if LVGL_VERSION_MAJOR >= 8
const lv_font_t ui_font_FontTypoderSize40 = {
#else
lv_font_t ui_font_FontTypoderSize40 = {
#endif
    .get_glyph_dsc = lv_font_get_glyph_dsc_fmt_txt,    /*Function pointer to get glyph's data*/
    .get_glyph_bitmap = lv_font_get_bitmap_fmt_txt,    /*Function pointer to get glyph's bitmap*/
    .line_height = 31,          /*The maximum line height required by the font*/
    .base_line = 6,             /*Baseline measured from the bottom of the line*/
#if !(LVGL_VERSION_MAJOR == 6 && LVGL_VERSION_MINOR == 0)
    .subpx = LV_FONT_SUBPX_NONE,
#endif
#if LV_VERSION_CHECK(7, 4, 0) || LVGL_VERSION_MAJOR >= 8
    .underline_position = -2,
    .underline_thickness = 2,
#endif
    .dsc = &font_dsc,          /*The custom font data. Will be accessed by `get_glyph_bitmap/dsc` */
#if LV_VERSION_CHECK(8, 2, 0) || LVGL_VERSION_MAJOR >= 9
    .fallback = NULL,
#endif
    .user_data = NULL,
};



#endif /*#if UI_FONT_FONTTYPODERSIZE40*/


#endif /* CONFIG_OBD_UI_RENDER_RES == 240 */
